text	gloss	category
nó có được ưa chuộng trong thế hệ trẻ không	NÓ GIỚI TRẺ ƯA CHUỘNG ĐƯỢC KHÔNG	Mối quan hệ
tôi sẽ giải thích sau đi thôi	TÔI GIẢI THÍCH SAU ĐI THÔI	Cuộc sống thường nhật
tôi có một danh sách những gì chúng ta cần phải thực hiện	TÔI DANH SÁCH CÓ CHÚNG TA THỰC HIỆN PHẢI	Công việc
anh đang nói quyển sách này giá bao nhiêu	ANH NÓI QUYỂN SÁCH NÀY GIÁ BAO NHIÊU	Cuộc sống học đường
đôi mắt em bé long lanh như hai giọt sương buổi sớm	EM BÉ ĐÔI MẮT LONG LANH ĐẸP GIỌT SƯƠNG GIỌT NƯỚC BUỔI SỚM GIỐNG	Thái độ và Cảm xúc
bộ đồ này trông đẹp tôi có thể mặc thử không	BỘ NÀY ĐẸP TÔI THỬ CÓ THỂ KHÔNG	Cuộc sống thường nhật
thức uống này có giảm giá cuối tuần này không	NƯỚC ÉP GIẢM GIÁ CUỐI TUẦN NÀY CÓ KHÔNG	Cuộc sống thường nhật
chúng ta có thể thử cho nó vào trong bát	CHÚNG TA THỬ BÁT NÓ CHO VÀO CÓ THỂ	Cuộc sống thường nhật
tấm bản đồ việt nam có hình dạng chữ s đặc trưng	TẤM BẢN ĐỒ VIỆT NAM HÌNH DẠNG CHỮ S ĐẶC TRƯNG ĐẶC ĐIỂM CÓ	Văn hóa và Giáo dục
tôi xin lỗi tôi không thể để bạn đi qua	TÔI XIN LỖI BẠN ĐI QUA KHÔNG THỂ	Du lịch
tôi là một du khách đến từ việt nam	TÔI DU KHÁCH VIỆT NAM ĐẾN	Cuộc sống thường nhật
tôi sẽ bắt chuyến tàu lúc 11 giờ	TÔI TÀU LÊN GIỜ 11	Mối quan hệ
bạn sẽ rất đẹp vào ngày cưới của bạn	NGÀY CƯỚI BẠN RẤT ĐẸP	Mối quan hệ
chúng tôi đang đạt được kết quả của một ngày	CHÚNG TÔI KẾT QUẢ ĐẠT ĐƯỢC CỦA MỘT NGÀY	Du lịch
những cánh đồng lúa chín vàng trải dài đến tận chân trời	NHỮNG CÁNH ĐỒNG LÚA CHÍN VÀNG TRẢI DÀI ĐẾN CHÂN TRỜI	Du lịch
em luôn giữ cho góc học tập của mình thật gọn gàng	EM GÓC HỌC TẬP GỌN GÀNG GIỮ	Cuộc sống học đường
chúng ta có 6 người	CHÚNG TA 6 NGƯỜI CÓ	Cuộc sống thường nhật
chúng có cùng hình dạng	CHÚNG HÌNH GIỐNG NHAU	Cuộc sống thường nhật
anh ta đáp lại câu hỏi của tôi một cách lạnh lùng	ANH TA TÔI TRẢ LỜI CÂU HỎI LẠNH LÙNG	Thái độ và Cảm xúc
bạn nghĩ gì về công việc hiện tại của mình	CÔNG VIỆC HIỆN TẠI CỦA BẠN BẠN NGHĨ GÌ	Công việc
mặt trời vẫn còn chiếu sáng	MẶT TRỜI SÁNG VẪN	Cuộc sống thường nhật
nhưng cơ hội này thực sự quý giá	NHƯNG CƠ HỘI NÀY QUÝ GIÁ THỰC SỰ	Thái độ và Cảm xúc
anh ấy thường mặc quần đùi và áo phông khi ở nhà	ANH ẤY QUẦN ĐÙI ÁO PHÔNG Ở NHÀ MẶC THƯỜNG	Cuộc sống thường nhật
anh nhận được khoản thù lao xứng đáng sau khi hoàn thành công việc	ANH SAU KHI LÀM XONG THÙ LAO XỨNG ĐÁNG NHẬN ĐƯỢC	Công việc
sau đó mua một chai nước ngọt	SAU ĐÓ CHAI NƯỚC NGỌT MỘT MUA	Mối quan hệ
ok làm thế nào về chúng ta có được một con mèo hoặc một chồn sương	ĐƯỢC MÈO HOẶC CHỒN SƯƠNG NUÔI NHÉ	Cuộc sống thường nhật
hôm nay là một ngày trọng đại vì rất nhiều trẻ em sẽ đến trường lần đầu tiên	HÔM NAY QUAN TRỌNG VÌ TRẺ EM NHIỀU ĐI HỌC NGÀY ĐẦU TIÊN	Cuộc sống học đường
tôi nghĩ thịt cừu là ngon nhất	TÔI NGHĨ THỊT CỪU NGON NHẤT	Mối quan hệ
trông có vẻ đã sẵn sàng để ăn	TRÔNG ĂN SẴN SÀNG RỒI	Cuộc sống thường nhật
cà rốt	CÀ RỐT	Cuộc sống thường nhật
bạn thích làm việc với loại người nào	BẠN LOẠI NGƯỜI LÀM VIỆC CÙNG THÍCH GÌ	Công việc
cuộc sống ở nông thôn thật yên bình và trong lành	NÔNG THÔN CUỘC SỐNG YÊN BÌNH TRONG LÀNH	Cuộc sống thường nhật
tôi đang có một thời gian tuyệt vời tôi thích nó	TÔI THỜI GIAN TUYỆT CÓ TÔI THÍCH	Mối quan hệ
bạn có xe máy không	BẠN XE MÁY CÓ KHÔNG	Cuộc sống thường nhật
cây xanh sử dụng ánh sáng mặt trời để thực hiện quang hợp	CÂY XANH MẶT TRỜI ÁNH SÁNG SỬ DỤNG ĐỂ THỰC HIỆN QUANG HỢP	Văn hóa và Giáo dục
xin đừng nói với tôi bạn đã mua nó	BẠN MUA RỒI NÓI TÔI ĐỪNG	Mối quan hệ
tôi vẫn chưa chắc chắn	TÔI CHẮC CHƯA NỮA VẪN	Công việc
chúng ta vẫn cần tìm một tủ quần áo và tủ nhiều ngăn	TỦ QUẦN ÁO TỦ NGĂN NHIỀU CHÚNG TA TÌM VẪN	Cuộc sống thường nhật
một mét thì bằng mười đềximét các em nhé	MỘT MÉT 10 DM BẰNG	Cuộc sống học đường
bạn đã nhận được cuộc phỏng vấn nào chưa	BẠN PHỎNG VẤN NÀO NHẬN CHƯA	Công việc
anh có từ điển anhtrung không	ANH TỪ ĐIỂN ANH TRUNG CÓ KHÔNG	Cuộc sống học đường
tác giả là ai vậy	TÁC GIẢ AI	Mối quan hệ
chắc chắn rồi tôi thực sự ghét bị kẹt xe	CHẮC CHẮN TÔI KẸT XE GHÉT	Mối quan hệ
chiếc xe đạp đâu rồi	XE ĐẠP Ở ĐÂU	Du lịch
wow đó là một gia đình rất lớn tất cả mọi người sống cùng nhau	ĐÓ MỘT GIA ĐÌNH RẤT LỚN TẤT CẢ MỌI NGƯỜI SỐNG CÙNG NHAU À	Mối quan hệ
trước tiên chúng ta cần lấy tấm bìa cứng màu đen	ĐẦU TIÊN CHÚNG TA TẤM BÌA CỨNG MÀU ĐEN LẤY	Cuộc sống thường nhật
đây tôi muốn một chỗ ngồi cạnh cửa sổ	TÔI CHỖ NGỒI CẠNH CỬA SỔ MUỐN	Du lịch
tuyệt bạn vui lòng cho tôi biết cách lấy nó thế nào	BẠN CHO TÔI BIẾT NÓ LẤY THẾ NÀO	Sức khỏe
thật sao tôi chưa từng nghe về nó	THẬT TÔI NGHE CHƯA	Mối quan hệ
bạn có nhận ra là bạn đã vượt đèn đỏ không	BẠN ĐÈN ĐỎ VỪA VƯỢT LÀ BIẾT CÓ KHÔNG	Cuộc sống thường nhật
tôi chỉ muốn đến thăm gia đình một ngày nào đó	TÔI GIA ĐÌNH ĐẾN THĂM MỘT NGÀY MUỐN	Mối quan hệ
các bạn học sinh đang nô đùa vui vẻ trước cổng trường	CỔNG TRƯỜNG CÁC BẠN HỌC SINH NÔ ĐÙA VUI VẺ	Cuộc sống thường nhật
bạn cảm thấy thế nào rồi	BẠN CẢM THẤY THẾ NÀO	Mối quan hệ
tôi thích đi du lịch mạo hiểm	TÔI DU LỊCH MẠO HIỂM THÍCH	Du lịch
người thợ mộc dùng búa đóng chiếc đinh vào tấm gỗ	NGƯỜI THỢ MỘC TẤM GỖ BÚA CHIẾC ĐINH ĐÓNG	Công việc
anh ấy cảm thấy bị bỏ rơi khi bạn bè đi chơi	ANH ẤY CẢM THẤY BỊ BỎ RƠI KHI BẠN BÈ ĐI CHƠI	Mối quan hệ
bà tôi năm nay đã 90 tuổi nhưng vẫn còn rất minh mẫn	NĂM NAY BÀ TÔI TUỔI 90 NHƯNG RẤT MINH MẪN	Sức khỏe
tôi sẽ đến lớp tiếng anh nó sẽ bắt đầu trong năm phút nữa tôi phải chạy	LỚP TIẾNG ANH ĐẾN PHẢI 5 PHÚT NỮA LỚP BẮT ĐẦU CHẠY	Mối quan hệ
những gì đã được thực hiện	THỰC HIỆN RỒI CÁI GÌ	Chính trị
vâng và nhanh lên	VÂNG NHANH	Thái độ và Cảm xúc
tôi có thể có hai vé cho bạn không	TÔI HAI VÉ MUA GIÚP BẠN CÓ THỂ KHÔNG	Mối quan hệ
mexico nổi tiếng với những bãi biển đẹp và nền văn hóa độc đáo	MEXICO NHỮNG BÃI BIỂN ĐẸP VÀ NỀN VĂN HOÁ ĐỘC ĐÁO CÓ	Du lịch
anh ấy mong muốn có một công việc ổn định lâu dài	ANH ẤY CÔNG VIỆC ỔN ĐINH LÂU DÀI MUỐN CÓ	Công việc
bạn không thấy nhiều người ở đó chỉ cần bên phải của bạn	BẠN KHÔNG THẤY NHIỀU NGƯỜI ĐÓ BÊN PHẢI BẠN	Mối quan hệ
thật tuyệt bạn bao nhiêu tuổi	TUYỆT BẠN TUỔI BAO NHIÊU	Mối quan hệ
chị và em dâu rất hòa thuận và yêu thương nhau	CHỊ EM DÂU HOÀ THUẬN YÊU THƯƠNG	Mối quan hệ
em cần học chắc ngữ pháp để viết văn cho hay	EM NGỮ PHÁP HIỂU RÕ ĐỂ VĂN VIẾT HAY CẦN	Văn hóa và Giáo dục
tại sao bạn nghĩ nó không cao hơn thế	BẠN NGHĨ NÓ CAO HƠN KHÔNG TẠI SAO	Công việc
bạn đã sẵn sàng cho một số thực phẩm đặc biệt vào ngày lạnh	BẠN ĐỒ ĂN ĐẶC BIỆT CHO NGÀY LẠNH SẴN SÀNG RỒI	Sức khỏe
xin lỗi lối ra ở đâu	LỐI RA Ở ĐÂU	Du lịch
này tóc tôi thế là đủ rồi	TÓC CỦA TÔI ĐỦ RỒI	Mối quan hệ
nghe hay đấy chúng ta sẽ lấy hai tô tôm cuộn	HAY ĐẤY CHÚNG TA TÔM CUỘN TÔ HAI LẤY	Cuộc sống thường nhật
chúng ta cùng xem bọn trẻ học về thời tiết nhé	CHÚNG TA TRẺ EM THỜI TIẾT HỌC XEM CÙNG	Cuộc sống học đường
trẻ em rất háo hức đón tết trung thu để rước đèn	TRẺ EM LỄ TRUNG THU ĐÓN HÁO HỨC VUI VẺ ĐỂ RƯỚC ĐÈN	Văn hóa và Giáo dục
vâng bạn nói đúng nhưng chúng ta phải biết cách tận dụng nó	BẠN NÓI ĐÚNG NHƯNG CHÚNG TA NÓ BIẾT SỬ DỤNG PHẢI	Mối quan hệ
có lẽ anh ta có năng khiếu trong việc đó	ANH ẤY NĂNG KHIẾU CÓ LẼ THẬT CÓ	Thái độ và Cảm xúc
này anh bạn nó treo thế nào	ANH BẠN TREO ỔN KHÔNG	Mối quan hệ
có phải ông hải không	ÔNG HẢI PHẢI KHÔNG	Cuộc sống thường nhật
thầy hiệu trưởng đang phát biểu trong buổi lễ khai giảng năm học	THẦY HIỆU TRƯỞNG PHÁT BIỂU TRONG BUỔI LỄ KHAI GIẢNG NĂM HỌC	Cuộc sống học đường
bạn có thể gọi taxi đón tôi và đưa tôi đến sân bay trước 1 giờ chiều không	BẠN GỌI TAXI ĐÓN TÔI ĐẾN SÂN BAY 1 GIỜ CHIỀU TRƯỚC ĐƯỢC KHÔNG	Cuộc sống thường nhật
câu thơ của nguyễn du đã đi vào lòng người bao thế hệ	CÂU THƠ CỦA NGUYỄN DU MỌI NGƯỜI THUỘC NHIỀU	Văn hóa và Giáo dục
làm thế nào với môn toán 	MÔN TOÁN LÀM THẾ NÀO	Mối quan hệ
tôi cảm thấy hơi buồn nôn sau chuyến đi xe dài	TÔI CẢM THẤY BUỒN NÔN SAU CHUYẾN ĐI DÀI	Sức khỏe
không tại sao chúng ta không cắn một miếng ở quán cà phê bên cạnh	CHÚNG TA QUÁN CÀ PHÊ BÊN CẠNH ĂN KHÔNG TẠI SAO	Cuộc sống thường nhật
anh ấy năm nay đã bước sang tuổi 33 rồi	NĂM NAY ANH ẤY BƯỚC SANG TUỔI 33	Cuộc sống thường nhật
tôi thực sự cảm thấy hạnh phúc khi ở bên cạnh bạn bè	KHI BÊN CẠNH BẠN BÈ TÔI HẠNH PHÚC	Thái độ và Cảm xúc
em có thể lấy giúp chị một cốc nước được không	EM CỐC NƯỚC 1 LẤY GIÚP ĐƯỢC KHÔNG	Cuộc sống thường nhật
khí hậu đang biến đổi nhanh chóng gây ra nhiều hệ lụy	KHÍ HẬU BIẾN ĐỔI NHANH HẬU QUẢ XẤU GÂY RA	Chính trị
coi chừng patrick	CẨN THẬN PATRICK	Mối quan hệ
xin lỗi bạn có thể cho tôi biết thành long là ai không	THÀNH LONG LÀ AI NÓI CHO TÔI BIẾT CÓ THỂ KHÔNG	Mối quan hệ
xin chào tôi muốn đăng ký gói cước internet cho gia đình mình	CHÀO TÔI GÓI CƯỚC INTERNET ĐĂNG KÍ GIA ĐÌNH CỦA TÔI CHO	Cuộc sống thường nhật
đúng vậy an toàn là quan trọng	ĐÚNG AN TOÀN QUAN TRỌNG	Văn hóa và Giáo dục
hoa sen là quốc hoa biểu tượng cho vẻ đẹp việt nam	HOA SEN LÀ QUỐC HOA BIỂU TƯỢNG CHO VẺ ĐẸP VIỆT NAM	Văn hóa và Giáo dục
người sĩ quan quân đội luôn nêu cao tinh thần trách nhiệm	SĨ QUAN QUÂN ĐỘI TINH THẦN TRÁCH NHIỆM NÊU CAO LUÔN	Công việc
chúng khá đẹp nhưng tôi sợ rằng chúng khá đắt tiền	CHÚNG ĐẸP THẬT NHƯNG TÔI ĐẮT HƠI E LÀ	Cuộc sống thường nhật
chắc chắn họ đã luyện tập rất nhiều sự kiên trì đã làm cho họ có ngày hôm nay	ĐÃ HỌ LUYỆN TẬP NHIỀU CHẮC CHẮN HỌ LÀM ĐƯỢC VÌ KIÊN TRÌ	Mối quan hệ
mọi người thường đi du lịch vào dịp nghỉ tết dương	MỌI NGƯỜI THƯỜNG DU LỊCH DỊP TẾT DƯƠNG LỊCH	Văn hóa và Giáo dục
chúng ta chỉ cần hai thứ 	CHÚNG TA ĐỒ VẬT 2 CẦN	Cuộc sống thường nhật
chúng ta đang làm gì vậy	CHÚNG TA LÀM GÌ VẬY	Cuộc sống học đường
mọi thứ đã ổn trong vài tháng qua	3 THÁNG MỌI THỨ ỔN RỒI	Công việc
bạn có ba máy ảnh bạn có phải là một nhiếp ảnh gia	BẠN MÁY ẢNH BA BẠN NHIẾP ẢNH GIA PHẢI KHÔNG	Du lịch
bạn đã ở mỹ lâu chưa	BẠN Ở MỸ LÂU CHƯA	Mối quan hệ
nếu mọi chuyện không tốt hơn trong vài ngày tôi sẽ tìm một số giải pháp khác	NẾU 2 3 NGÀY MỌI CHUYỆN KHÔNG TỐT TÔI CÁCH LÀM KHÁC TÌM	Sức khỏe
tôi không sao nhưng chúng tôi không có bia và đồ đạc	TÔI KHÔNG SAO NHƯNG CHÚNG TÔI BIA ĐỒ ĐẠC KHÔNG CÓ	Cuộc sống thường nhật
bạn có một tài khoản với chúng tôi phải không nếu vậy sẽ không có vấn đề gì	BẠN CHÚNG TÔI VỚI TÀI KHOẢN CÓ RỒI ĐÚNG KHÔNG NẾU VẬY KHÔNG SAO CẢ	Tài chính
bạn có thể cho tôi biết đúng thời điểm xin vui lòng	BẠN CÓ THỂ CHO TÔI BIẾT GIỜ CHÍNH XÁC ĐƯỢC KHÔNG	Mối quan hệ
em tìm mãi mà vẫn chưa ra lời giải cho bài toán khó	EM LỜI GIẢI BÀI TOÁN KHÓ TÌM RA CHƯA	Cuộc sống học đường
đó là tim bạn tôi sống gần đây	ĐÓ TIM BẠN TÔI SỐNG GẦN ĐÂY	Du lịch
nhà bạn có đủ ánh sáng không	NHÀ BẠN ÁNH SÁNG ĐỦ CÓ KHÔNG	Cuộc sống thường nhật
công ty đang gặp nhiều khó khăn về vấn đề tài chính	CÔNG TY VẤN ĐỀ TÀI CHÍNH KHÓ KHĂN CÓ NHIỀU	Tài chính
anh rể của tôi là một người đàn ông rất tốt bụng	TÔI ANH RỂ LÀ NGƯỜI ĐÀN ÔNG 1 TỐT BỤNG	Mối quan hệ
mỗi buổi sáng tôi đều chạy bộ quanh công viên gần nhà	MỖI BUỔI SÁNG TÔI CHẠY XUNG QUANH CÔNG VIÊN NHÀ GẦN	Sức khỏe
giáo viên chuẩn bị nhiều đồ dùng dạy học cho bài giảng mới	GIÁO VIÊN ĐỒ DÙNG DẠY HỌC BÀI MỚI CHUẨN BỊ NHIỀU CẦN	Cuộc sống học đường
tôi sẽ uống nước ép cà chua và trà đá	TÔI CÀ CHUA NƯỚC ÉP TRÀ ĐÁ UỐNG	Cuộc sống thường nhật
cậu bé nhặt một hòn đá ném xuống mặt hồ phẳng lặng	CẬU BÉ HÒN ĐÁ MỘT NHẶT MẶT HỒ PHẲNG LẶNG NÉM XUỐNG	Cuộc sống thường nhật
bạn h là một học sinh rất chăm chỉ và ngoan ngoãn	BẠN HÙNG HỌC SINH 1 CHĂM CHỈ NGOAN NGOÃN	Cuộc sống học đường
dòng nước xoáy rất nguy hiểm cho những người đi bơi	DÒNG NƯỚC XOÁY NHỮNG NGƯỜI ĐI BƠI NGUY HIỂM	Du lịch
mẹ treo quần áo lên chiếc mắc áo mới mua	MẸ QUẦN ÁO TREO LÊN CHIẾC TỦ QUẦN ÁO MUA MỚI	Cuộc sống thường nhật
bạn có muốn ngồi gần sàn nhảy không	BẠN SÂN KHẤU NGỒI GẦN MUỐN KHÔNG	Cuộc sống thường nhật
chúng tôi quyết định đi du lịch đến một tỉnh miền núi	CHÚNG TÔI DU LỊCH ĐI ĐẾN TỈNH MIỀN NÚI 1	Du lịch
tuyệt vời giờ chúng ta cần thêm mầm lúa mì	TUYỆT VỜI BÂY GIỜ CHÚNG TA LÚA MÌ MẦM THÊM	Cuộc sống thường nhật
bạn lên đây xem nào	LÊN ĐÂY XEM	Cuộc sống thường nhật
sinh viên cần rèn luyện kỹ năng thuyết trình trước đám đông	SINH VIÊN KỸ NĂNG THUYẾT TRÌNH TRÌNH BÀY RÈN LUYỆN CẦN TRƯỚC ĐÁM ĐÔNG	Cuộc sống học đường
gia đình tôi đã có kỳ nghỉ tuyệt vời tại bãi biển vũng tàu	GIA ĐÌNH TÔI KÌ NGHỈ BÃI BIỂN ĐÀ NẴNG TUYỆT VỜI CÓ	Du lịch
và không có chuyện cướp máy bay	MÁY BAY CƯỚP KHÔNG	Du lịch
cô ấy được mọi người yêu mến vì đức tính siêng năng	CÔ ẤY MỌI NGƯỜI YÊU MẾN ĐƯỢC VÌ SIÊNG NĂNG	Thái độ và Cảm xúc
xin lỗi nhưng bạn có thể cho tôi biết đường đến nhà ga không	BẠN TÔI ĐƯỜNG GA TÀU CHỈ GIÚP CÓ THỂ KHÔNG	Cuộc sống thường nhật
đó là một tác phẩm điêu khắc trái cây đầu bếp của bạn là nghệ sĩ thực sự	ĐÓ TÁC PHẨM TRÁI CÂY ĐIÊU KHẮC ĐẦU BẾP CỦA BẠN NGHỆ SĨ	Cuộc sống thường nhật
cậu ấy đâu rồi	ANH ẤY Ở ĐÂU	Cuộc sống thường nhật
chúng ta cần xác định mục tiêu rõ ràng cho dự án này	CHÚNG TA DỰ ÁN NÀY MỤC TIÊU RÕ RÀNG XÁC ĐỊNH CẦN	Công việc
bạn có đánh răng hai lần một ngày như nha sĩ khuyên không	BẠN ĐÁNH RĂNG 1 NGÀY 2 LẦN NHƯ NHA SĨ KHUYÊN CÓ KHÔNG	Mối quan hệ
điều này là thú vị	ĐIỀU NÀY THÚ VỊ	Cuộc sống thường nhật
con sẽ đi mẹ ạ	CON ĐI SẼ	Mối quan hệ
ok chúng ta hãy làm tính toán	ĐƯỢC CÙNG TÍNH THỬ NÀO	Cuộc sống học đường
thật tuyệt vời khi cô ấy được thêm vào lớp học của tôi	TUYỆT VỜI KHI CÔ ẤY LỚP CỦA TÔI THÊM	Cuộc sống thường nhật
chúng ta xem một số trẻ em chơi thể thao trong khi chờ súp nấu	KHI SÚP NẤU CHỜ CHÚNG TA XEM TRẺ EM THỂ THAO CHƠI	Sức khỏe
tôi sợ tôi sẽ căng thẳng trong cuộc phỏng vấn	TÔI BUỔI PHỎNG VẤN CĂNG THẲNG SỢ	Mối quan hệ
vâng đó là một hành trình rất thú vị cảm ơn bà	HÀNH TRÌNH THÚ VỊ CẢM ƠN	Tài chính
xin lỗi thưa ngài chúng tôi chỉ còn bàn trong phòng ăn chính	NGÀI XIN LỖI CHÚNG TÔI PHÒNG ĂN CHÍNH TRONG CHỈ CÒN BÀN THƯA	Cuộc sống thường nhật
bạn đã nhận được bất kỳ danh hiệu khác	BẠN DANH HIỆU KHÁC NHẬN CHƯA	Công việc
chúng tôi đã gọi một chiếc taxi để đi ra sân bay	CHÚNG TÔI TAXI GỌI RA SÂN BAY	Du lịch
bạn muốn nó được giao vào ngày sau ngày mai	BẠN NÓ MUỐN GIAO VÀO NGÀY MAI SAU	Cuộc sống thường nhật
em chân thành xin lỗi vì đã mắc phải sai lầm	EM XIN LỖI VÌ MẮC SAI LẦM	Thái độ và Cảm xúc
kiểm tra làm ơn	TÔI TÍNH TIỀN GIÚP VỚI	Cuộc sống thường nhật
nó là bốn cửa hay hai cửa	XE ĐÓ BỐN CỬA HAI CỬA VẬY	Cuộc sống thường nhật
bà hái mấy quả khế chua trong vườn để nấu canh cá	BÀ QUẢ KHẾ CHUA HÁI TRONG VƯỜN ĐỂ NẤU CANH CÁ	Cuộc sống thường nhật
cảm ơn tôi cảm thấy như vậy	CẢM ƠN TÔI CẢM THẤY VẬY CŨNG	Mối quan hệ
vâng có ổn với bạn không	ỔN BẠN CHỨ	Mối quan hệ
các cử tri đang lần lượt vào phòng kín để thực hiện bỏ phiếu	CÁC CỬ TRI PHÒNG NHỎ BÍ MẬT VÀO LẦN LƯỢT ĐỂ THỰC HIỆN BẦU CỬ	Chính trị
gia đình nhà trai mang lễ vật đến nhà gái hỏi vợ	GIA ĐÌNH NHÀ TRAI LỄ VẬT MANG ĐẾN NHÀ GÁI ĐỂ HỎI VỢ	Văn hóa và Giáo dục
cảm ơn chào buổi tối bạn dean	CHÀO BUỔI TỐI	Mối quan hệ
chỉ còn 30 phút nữa thôi	CÒN 30 PHÚT	Mối quan hệ
giọt nước tràn ly	LY NƯỚC TRÀN	Thái độ và Cảm xúc
bạn tính phí gì	BẠN PHÍ GÌ	Cuộc sống thường nhật
mọi người phải mặc áo phao khi đi thuyền trên vịnh	KHI ĐI THUYỀN TRÊN VỊNH MỌI NGƯỜI ÁO PHAO PHẢI MẶC	Du lịch
tôi cần vài đô la mỹ	TÔI ĐÔ LA MĨ CẦN	Tài chính
không cảm ơn bạn	KHÔNG CẢM ƠN	Cuộc sống thường nhật
anh ta đang gặp bạn	ANH ẤY GẶP BẠN	Công việc
nhiều bạn trẻ đang có xu hướng khởi nghiệp rất sáng tạo	BẠN TRẺ XU HƯỚNG KHỞI NGHIỆP RẤT SÁNG TẠO CÓ NHIỀU	Công việc
vâng tôi có thể nhưng không tốt lắm	VÂNG TÔI BIẾT NHƯNG GIỎI KHÔNG LẮM	Mối quan hệ
anh ấy quyết định xăm một hình nhỏ trên cánh tay	ANH ẤY QUYẾT ĐỊNH CÁNH TAY HÌNH NHỎ XĂM	Cuộc sống thường nhật
bạn muốn chăm sóc tôi mãi mãi tôi sẽ lấy bạn chứ	BẠN TÔI CHĂM SÓC MÃI MÃI TÔI BẠN LẤY ĐƯỢC KHÔNG	Mối quan hệ
tất nhiên chúng tôi làm đó là trách nhiệm của chủ nhà	TẤT NHIÊN CHÚNG TÔI LÀM ĐÓ TRÁCH NHIỆM CỦA CHỦ NHÀ	Cuộc sống thường nhật
ơ tôi quên mất chìa khóa ở nhà rồi phải làm sao bây giờ	TÔI CHÌA KHOÁ QUÊN MẤT Ở NHÀ BÂY GIỜ LÀM SAO	Cuộc sống thường nhật
chúng ta hãy ra ngoài và lấy một vài chai bia tối nay	TỐI NAY CHÚNG TA RA NGOÀI VÀ LẤY CHAI BIA ĐI	Mối quan hệ
xin chào bạn james có chuyện gì vậy	CHÀO CHUYỆN GÌ CÓ	Cuộc sống thường nhật
nó là cho một cuốn sách	NÓ CUỐN SÁCH CHO	Mối quan hệ
bạn có biết tại sao hôm nay tôi kéo bạn lại không	BẠN BIẾT HÔM NAY TÔI BẠN KÉO LẠI TẠI SAO	Chính trị
rất tiếc hiện tại chúng tôi hết bít tết	BÂY GIỜ MÓN BÍT TẾT HẾT	Du lịch
tôi không biết có thể đó là vấn đề cá nhân	TÔI RÕ KHÔNG CHUYỆN CÁ NHÂN CHẮC THÔI	Mối quan hệ
bữa trưa	BỮA TRƯA	Cuộc sống thường nhật
vâng hầu hết mọi người đến từ văn phòng của tôi	VÂNG MỌI NGƯỜI ĐẾN VĂN PHÒNG CỦA TÔI	Mối quan hệ
tôi được mời đến dự đám cưới của họ	ĐÁM CƯỚI CỦA HỌ TÔI MỜI ĐẾN	Mối quan hệ
vườn bách thú có một con công đang xòe đuôi rực rỡ	VƯỜN BÁCH THÚ CON CÔNG ĐUÔI XOÈ RỰC RỠ CÓ	Du lịch
tôi rất vui vì bạn đang rất hạnh phúc	TÔI RẤT VUI VÌ BẠN RẤT HẠNH PHÚC	Thái độ và Cảm xúc
bây giờ tốt hơn nhiều	BÂY GIỜ TỐT HƠN NHIỀU	Cuộc sống thường nhật
dạo này bạn có vẻ rất bận rộn bạn đang làm gì vậy	DẠO NÀY BẠN RẤT BẬN RỘN BẠN LÀM GÌ	Mối quan hệ
đúng mặc dù tôi đã đặt báo thức tối qua rồi	ĐÚNG TỐI QUA TÔI BÁO THỨC ĐẶT RỒI	Công việc
con đường trở nên vắng lặng khi đêm dần buông xuống	ĐÊM BUÔNG XUỐNG CON ĐƯỜNG VẮNG LẶNG TRỞ NÊN	Cuộc sống thường nhật
xin chào ngân hàng impf tôi có thể giúp gì cho bạn	TÔI GIÚP BẠN GÌ	Tài chính
bác sĩ đeo gang tay cẩn thận trước khi phẫu thuật	BÁC SĨ GĂNG TAY ĐEO CẨN THẬN TRƯỚC KHI PHẪU THUẬT	Sức khỏe
bạn có lý do gì để bỏ học	HỌC BỎ BẠN LÝ DO GÌ	Mối quan hệ
anh ta vì tính sĩ diện nên không bao giờ thừa nhận sai lầm của mình	VÌ TÍNH SĨ DIỆN NÊN ANH TA SAI LẦM THỪA NHẬN KHÔNG BAO GIỜ	Thái độ và Cảm xúc
mẹ tôi nấu một tô bánh canh cá lóc rất ngon	MẸ TÔI NẤU TÔ CANH CÁ LÓC 1 NGON	Cuộc sống thường nhật
anh ấy có nhiệm vụ điều phối công việc cho cả nhóm	NHIỆM VỤ CỦA ANH ẤY CÔNG VIỆC CẢ NHÓM ĐIỀU PHỐI	Công việc
xin chào tôi có thể đặt lịch hẹn vào đầu buổi chiều nay không	CHIỀU NAY TÔI LỊCH HẸN ĐẶT ĐƯỢC KHÔNG	Sức khỏe
ông đã làm rất tốt nhưng có một điều ông nên thu hẹp chủ đề lại	ÔNG LÀM TỐT NHƯNG ÔNG CHỦ ĐỀ THU HẸP	Cuộc sống học đường
hà giang là điểm đến du lịch hấp dẫn ở vùng núi phía bắc	HÀ GIANG DU LỊCH ĐIỂM ĐẾN HẤP DẪN Ở VÙNG NÚI TÂY BẮC	Du lịch
tôi cần phô tô tài liệu này thành mười bản cho cuộc họp	TÔI TÀI LIỆU NÀY PHÔ TÔ BẢN 10 CHO CUỘC HỌP	Công việc
điều gì sẽ được đề cập trong định hướng	MONG MUỐN ĐIỀU GÌ	Công việc
vâng anh ấy đang chờ bạn trong văn phòng của mình lối này làm ơn	ANH ẤY BẠN CHỜ VĂN PHÒNG LỐI NÀY	Công việc
bài văn nghị luận cần có dẫn chứng cụ thể và xác thực	BÀI VĂN NGHỊ LUẬN DẪN CHỨNG CỤ THỂ VÀ XÁC THỰC PHẢI CÓ	Văn hóa và Giáo dục
chiếc quạt trần cũ vẫn chạy tốt trong mùa hè	CHIẾC QUẠT TRẦN CŨ CHẠY TỐT TRONG MÙA HÈ	Cuộc sống thường nhật
chúng ta tôn vinh các y bác sĩ ngày thầy thuốc việt nam	CHÚNG TA CÁC Y BÁC SĨ TÔN VINH CA NGỢI NGÀY THẦY THUỐC VIỆT NAM	Văn hóa và Giáo dục
chú tễu là nhân vật quen thuộc trong múa rối nước	TRONG MÚA RỐI NƯỚC CHÚ TỄU LÀ NHÂN VẬT QUEN THUỘC	Văn hóa và Giáo dục
bình tĩnh anh bạn nhỏ của tôi bạn sẽ quen với điều đó sau khi bạn đến đây nhiều lần	BÌNH TĨNH NÀO ANH BẠN NHỎ Ở ĐÂY NHIỀU LẦN RỒI BẠN QUEN THÔI SẼ	Mối quan hệ
bữa sáng của tôi là một chiếc bánh sandwich kẹp trứng	BỮA SÁNG CỦA TÔI LÀ CHIẾC BÁNH SANDWICH KẸP TRỨNG	Cuộc sống thường nhật
bạn có muốn làm điều đó không	BẠN ĐIỀU ĐÓ LÀM MUỐN	Mối quan hệ
bác sĩ có muốn tham dự buổi tiệc không	BÁC SĨ BUỔI TIỆC THAM DỰ MUỐN	Mối quan hệ
bạn là người vui vẻ hay nghiêm khắc	BẠN NGƯỜI HƯỚNG NỘI HOẶC HƯỚNG NGOẠI	Công việc
tôi rất vui khi được giúp đỡ	TÔI VUI KHI ĐƯỢC GIÚP	Cuộc sống thường nhật
học sinh không nên ăn vặt quá nhiều trong giờ học	TRONG GIỜ HỌC HỌC SINH ĂN VẶT NHIỀU KHÔNG NÊN	Cuộc sống học đường
mình muốn xem thực đơn bạn lấy giúp mình nhé	TÔI THỰC ĐƠN XEM MUỐN BẠN LẤY GIÚP	Cuộc sống thường nhật
mẹ tôi thường nấu canh cua với quả mướp vào mùa hè	MẸ TÔI MÙA HÈ NẤU CANH CUA VỚI MƯỚP	Cuộc sống thường nhật
gia đình tôi thường quây quần bên nồi lẩu nóng hổi vào cuối tuần	VÀO CUỐI TUẦN GIA ĐÌNH TÔI QUÂY QUẦN BÊN NỒI LẨU NÓNG HỔI	Cuộc sống thường nhật
cả nước tổ chức lễ viếng vào ngày thương binh liệt sĩ 277	CẢ NƯỚC LỄ VIẾNG TỔ CHỨC VÀO NGÀY THƯƠNG BINH LIỆT SĨ 27 7	Chính trị
giờ thì xong rồi	BÂY GIỜ XONG RỒI	Cuộc sống thường nhật
bữa tối có gì	BỮA TỐI CÓ GÌ	Cuộc sống thường nhật
nhưng mỗi đứa trẻ đều có sở thích riêng	NHƯNG MỖI ĐỨA TRẺ SỞ THÍCH RIÊNG CÓ	Cuộc sống thường nhật
tôi thực sự cần phải tìm một chỗ đậu xe	TÔI CHỖ ĐỂ XE TÌM CẦN	Cuộc sống học đường
nhưng công tắc ở đâu	NHƯNG CÔNG TẮC Ở ĐÂU	Cuộc sống thường nhật
có bạn phải chờ sơn khô	BẠN SƠN KHÔ ĐỢI PHẢI	Cuộc sống thường nhật
tôi có lịch bay vào ngày 10	TÔI LỊCH MÁY BAY VÀO NGÀY 10 CÓ	Công việc
bạn cần phải ở đâu quan trọng hơn trường học	NƠI BẠN TRƯỜNG HỌC QUAN TRỌNG HƠN Ở ĐÂU	Cuộc sống học đường
chữ f là một phụ âm trong bảng chữ cái tiếng anh	CHỮ F PHỤ ÂM BẢNG CHỮ CÁI TIẾNG ANH	Văn hóa và Giáo dục
nhiều mâu thuẫn vẫn còn tồn tại giữa hai người họ	HỌ NGƯỜI HAI MÂU THUẪN CÒN NHIỀU	Mối quan hệ
mẹ dùng nhiệt kế để kiểm tra xem em có bị sốt không	MẸ NHIỆT KẾ DÙNG KIỂM TRA EM BÉ SỐT CÓ KHÔNG	Sức khỏe
con voi dùng chiếc vòi voi để phun nước và tắm mát	CON VOI CHIẾC VÒI DÙNG ĐỂ PHUN NƯỚC TẮM MÁT	Văn hóa và Giáo dục
còn lớp kia thì sao	LỚP KIA SAO	Cuộc sống học đường
con thật buồn cười khi yêu thích mọi thứ	CON BUỒN CƯỜI KHI MỌI THỨ YÊU THÍCH	Cuộc sống thường nhật
nhưng vẫn còn sớm	NHƯNG SỚM VẪN CÒN	Cuộc sống thường nhật
bà thường kể chuyện cổ tích cho chúng tôi nghe trước khi ngủ	BÀ CHÚNG TÔI KỂ CHUYỆN CỔ TÍCH TRƯỚC KHI NGỦ	Mối quan hệ
không tôi là đứa con duy nhất trong gia đình	KHÔNG TÔI CON DUY NHẤT GIA ĐÌNH	Mối quan hệ
tôi muốn có một cuốn sách về vật lý bạn có thể chỉ cho tôi nơi tôi tìm thấy nó	TÔI MỘT CUỐN SÁCH VẬT LÝ VỀ TÌM MUỐN BẠN NÓ CHỖ CHỈ TÔI ĐƯỢC KHÔNG	Cuộc sống học đường
du khách rất thích đi dạo trong khu phố cổ hà nội	DU KHÁCH THÍCH DẠO CHƠI KHU PHỐ CỔ HÀ NỘI	Du lịch
bạn cứ đi thẳng đến ngã ba rồi rẽ phải nhé	BẠN ĐI THẲNG ĐẾN NGÃ BA RẼ PHẢI NHÉ	Cuộc sống thường nhật
bạn có muốn tôi đánh thức bạn trong một tiếng nữa không	TÔI ĐÁNH THỨC 1 TIẾNG SAU BẠN MUỐN KHÔNG	Cuộc sống thường nhật
cô giáo giảng giải về nghĩa bóng của câu thành ngữ	CÔ GIÁO CÂU THÀNH NGỮ NGHĨA BÓNG GIẢI THÍCH	Văn hóa và Giáo dục
bạn không cần phải giải thích cứ tự nhiên	BẠN GIẢI THÍCH KHÔNG CẦN TỰ NHIÊN	Cuộc sống thường nhật
cửa hàng sách nani tôi có thể giúp gì cho bạn	NHÀ SÁCH NANI XIN NGHE TÔI GIÚP GÌ BẠN	Cuộc sống thường nhật
đừng khiêm tốn như vậy	ĐỪNG KHIÊM TỐN	Cuộc sống thường nhật
giá đất ở khu vực trung tâm ngày càng tăng cao	KHU VỰC TRUNG TÂM ĐẤT GIÁ NGÀY CÀNG CAO	Tài chính
chú chó được buộc lại bằng một sợi dây xích khá chắc chắn	DÂY XÍCH TO CHÚ CHÓ BUỘC	Cuộc sống thường nhật
bạn có thể chỉ cho tôi căn hộ ở tầng một không	BẠN CĂN HỘ Ở TẦNG MỘT CHO TÔI ĐƯỢC KHÔNG	Cuộc sống thường nhật
bạn của bạn jim làm gì	BẠN JIM BẠN LÀM NGHỀ GÌ	Mối quan hệ
đó là nhiệm vụ bạn thực hiện vào tối nay	ĐÓ LÀ NHIỆM VỤ BẠN LÀM TỐI NAY	Cuộc sống thường nhật
bạn nghĩ gì về bạo lực trong phim	BẠO LỰC TRONG PHIM BẠN NGHĨ THẾ NÀO	Thái độ và Cảm xúc
ủy ban nhân dân phường đã tổ chức một cuộc họp quan trọng	UBND PHƯỜNG CUỘC HỌP 1 TỔ CHỨC QUAN TRỌNG	Chính trị
không cô ấy là một giáo viên tiếng anh	CÔ ẤY GIÁO VIÊN TIẾNG ANH	Mối quan hệ
quán cà phê này có nhiều loại đồ uống rất ngon	QUÁN CÀ PHÊ LOẠI NHIỀU UỐNG NGON MIỆNG	Cuộc sống thường nhật
ý anh là cưới ngay trên máy bay à	Ý CỦA ANH CƯỚI MÁY BAY TRÊN	Thái độ và Cảm xúc
học sinh thường đi giầy ba ta trắng trong giờ thể dục	HỌC SINH GIỜ THỂ DỤC GIẦY BATA TRẮNG ĐI THƯỜNG XUYÊN	Cuộc sống học đường
làm ơn đến ga trung tâm lớn tôi muốn bắt chuyến tàu 6 giờ chiều	GA TRUNG TÂM LỚN ĐẾN TÔI CHUYẾN TÀU CHIỀU GIỜ 6 MUỐN	Cuộc sống thường nhật
anh ấy có những hành động rất kì lạ và khó hiểu	ANH ẤY NHỮNG HÀNH ĐỘNG KỲ LẠ KỲ CỤC VÀ KHÓ HIỂU CÓ	Thái độ và Cảm xúc
bạn đã làm việc chăm chỉ phải không	BẠN LÀM VIỆC CHĂM CHỈ PHẢI KHÔNG	Công việc
vâng bạn có một số ý tưởng khác	BẠN Ý TƯỞNG KHÁC CÓ KHÔNG	Mối quan hệ
vâng cho tôi xem vé của bạn	TÔI XEM VÉ BẠN	Du lịch
tại sao chúng ta không trồng một số cây nhỏ trong nhà bếp	CHÚNG TA NHÀ BẾP TRONG CÂY NHỎ MỘT SỐ TRỒNG KHÔNG TẠI SAO	Cuộc sống thường nhật
mẹ thường nhắc em bật đèn bàn khi ngồi học bài buổi tối	MẸ NHẮC NHỞ EM BUỔI TỐI KHI NGỒI HỌC ĐÈN BÀN BẬT	Cuộc sống học đường
tôi rất vui được gặp bạn mrjoey	TÔI BẠN GẶP RẤT VUI	Công việc
vâng cảm ơn bạn đã thông tin của bạn nhưng tên của nhà hàng đó một lần nữa là gì	CẢM ƠN BẠN VÌ THÔNG TIN CỦA BẠN NHƯNG TÊN CỦA NHÀ HÀNG ĐÓ LÀ GÌ	Du lịch
mọi người vội vã tìm một mái hiên để trú mưa	MỌI NGƯỜI MÁI HIÊN TRÚ MƯA TÌM	Cuộc sống thường nhật
các phòng của chúng tôi có tv máy lạnh và phòng tắm	PHÒNG CỦA CHÚNG TÔI TV ĐIỀU HOÀ VÀ PHÒNG TẮM CÓ	Du lịch
chúng tôi có nhiều loại tốt bạn muốn thập kỷ nào	CHÚNG TÔI LOẠI NHIỀU TỐT CÓ BẠN THẬP KỶ NÀO KIỂU MUỐN	Cuộc sống thường nhật
tôi sẽ cho bạn một số thuốc và bạn sẽ tốt hơn trong một vài ngày	TÔI CHO BẠN THUỐC ÍT VÀI NGÀY SAU KHỎE SẼ	Sức khỏe
trò chơi hay	TRÒ CHƠI HAY CÓ KHÔNG	Mối quan hệ
bạn muốn làm gì để ăn mừng tết trung thu 	BẠN TẾT TRUNG THU ĂN MỪNG MUỐN LÀM GÌ	Mối quan hệ
cô ấy đeo một chiếc vòng đeo tay bằng bạc rất xinh xắn	CÔ ẤY CHIẾC VÒNG ĐEO TAY BẠC 1 ĐEO XINH XẮN	Cuộc sống thường nhật
cảm ơn bạn và làm thế nào là doanh nghiệp của bạn trong vòng tròn kinh doanh quần áo	CẢM ƠN BẠN NHÂN TIỆN CÔNG VIỆC KINH DOANH QUẦN ÁO BẠN DẠO NÀY THẾ NÀO	Công việc
vậy anh sẽ ở lại đến ngày 9	BẠN Ở ĐÂY TỪ BÂY GIỜ ĐẾN NGÀY 9 ĐÚNG KHÔNG	Du lịch
đầu tiên kết nối máy tính xách tay với cáp trên bàn sau đó mở trình duyệt web của bạn	ĐẦU TIÊN KẾT NỐI LAPTOP VỚI CÁP TRÊN BÀN SAU WEB MỞ	Du lịch
đáng lẽ anh nên hỏi tôi	BẠN HỎI TÔI TRƯỚC PHẢI	Cuộc sống thường nhật
chào bạn tôi thấy bạn đang vui vẻ với máy tính mới và kết nối internet của bạn	XIN CHÀO TÔI THẤY BẠN VUI MÁY TÍNH MỚI VÀ INTERNET	Cuộc sống thường nhật
tôi đã gặp một cô gái xinh đẹp	TÔI CÔ GÁI XINH ĐẸP 1 GẶP	Mối quan hệ
tôi biết mẹ bạn đã kiểm tra lại các đặt phòng nhà thờ chưa	TÔI BIẾT MẸ CỦA BẠN PHÒNG NHÀ THỜ ĐẶT KIỂM TRA LẠI CHƯA	Cuộc sống thường nhật
chúng tôi đặt hành tây vào nồi	CHÚNG TÔI HÀNH TÂY NỒI ĐẶT VÀO	Cuộc sống thường nhật
vâng tôi đang nói	VÂNG TÔI NÓI	Công việc
đến giờ đi ngủ rồi	GIỜ ĐI NGỦ ĐẾN RỒI	Mối quan hệ
ông tôi có thói quen đọc một tờ báo mỗi buổi sáng	ÔNG TÔI THÓI QUEN CÓ TỜ BÁO ĐỌC MỖI BUỔI SÁNG	Cuộc sống thường nhật
vị tướng đang đứng chỉ huy trận đánh từ trên ngọn đồi	VỊ TƯỚNG ĐỨNG CHỈ HUY TRẬN ĐÁNH TRÊN NGỌN ĐỒI	Chính trị
khi nào trẻ em bắt đầu đi học ở nước bạn	TRẺ EM NƯỚC BẠN ĐI HỌC BẮT ĐẦU TUỔI MẤY	Mối quan hệ
khi nào bạn về	KHI NÀO BẠN VỀ	Mối quan hệ
đất nước chilê có nhiều cảnh quan thiên nhiên hùng vĩ	ĐẤT NƯỚC CHI LÊ CẢNH QUAN PHONG CẢNH THIÊN NHIÊN HÙNG VĨ CÓ NHIỀU	Du lịch
bữa tối hôm nay gia đình tôi ăn món mỳ ý sốt cà chua	HÔM NAY BỮA TỐI GIA ĐÌNH TÔI MÓN MỲ Ý SỐT CÀ CHUA ĂN	Cuộc sống thường nhật
tôi thích nói chuyện với các nhà văn tôi được gặp rất nhiều người thú vị	TÔI TRÒ CHUYỆN NHÀ VĂN THÍCH TÔI GẶP NHIỀU NGƯỜI THÚ VỊ	Mối quan hệ
góc tù là góc lớn hơn 90 độ và nhỏ hơn 180 độ	GÓC TÙ GÓC 90 ĐỘ LỚN HƠN VÀ GÓC 180 ĐỘ NHỎ HƠN CÓ	Cuộc sống học đường
cậu bé vô ý làm vỡ chiếc bình hoa quý của mẹ	CẬU BÉ CHIẾC BÌNH HOA QUÝ CỦA MẸ LÀM VỠ	Cuộc sống thường nhật
gia đình tôi thường đi siêu thị mua sắm vào dịp cuối tuần	GIA ĐÌNH TÔI SIÊU THỊ ĐI MUA SẮM CUỐI TUẦN THƯỜNG XUYÊN	Cuộc sống thường nhật
khi mất điện chiếc đèn pin là vật dụng rất cần thiết	KHI ĐIỆN MẤT CHIẾC ĐÈN PIN LÀ VẬT DỤNG CẦN THIẾT	Cuộc sống thường nhật
nhà máy thuỷ điện hoà bình cung cấp điện cho cả nước	NHÀ MÁY THUỶ ĐIỆN HOÀ BÌNH ĐIỆN ĐƯA ĐẾN CẢ NƯỚC	Công việc
cả gia đình vui mừng khi nghe tin anh ấy đỗ đại học	KHI ANH ẤY ĐỖ ĐẠI HOC CẢ GIA ĐÌNH VUI MỪNG	Thái độ và Cảm xúc
cảm ơn chúa	CẢM ƠN TRỜI ĐẤT	Cuộc sống thường nhật
bạn có thực sự phải làm việc ngày hôm nay	HÔM NAY BẠN LÀM VIỆC THẬT CẦN KHÔNG	Mối quan hệ
chúng tôi cần ngồi lại bàn bạc về kế hoạch sắp tới	CHÚNG TÔI NGỒI LẠI CÙNG NHAU ĐỂ KẾ HOẠCH TỚI BÀN BẠC	Công việc
chào bạn chào mừng bạn đến với ngân hàng vui lòng nhét thẻ vào khe cắm	CHÀO CHÀO MỪNG NGÂN HÀNG ĐẾN THẺ KHE CẮM NHÉT VÀO	Tài chính
vâng đã lâu rồi chúng ta chưa gặp nhau	LÂU RỒI CHÚNG TA GẶP CHƯA	Mối quan hệ
du khách tham quan pháo đài cổ kính trên đỉnh ngọn đồi	DU KHÁCH NGỌN ĐỒI TRÊN ĐỈNH PHÁO ĐÀI CỔ THAM QUAN	Du lịch
chào buổi sáng tôi gọi để hỏi nếu bạn có một căn hộ trống	CHÀO BUỔI SÁNG NẾU BẠN MỘT CĂN HỘ TRỐNG TÔI GỌI HỎI	Cuộc sống thường nhật
tốt cho bạn	TỐT LẮM BẠN CHÚC MỪNG	Thái độ và Cảm xúc
món ăn này có một mùi thơm thật hấp dẫn lạ thường	MÓN ĂN NÀY MÙI THƠM 1 CÓ HẤP DẪN	Cuộc sống thường nhật
hãy đi theo y tá cô ấy sẽ giúp anh sẵn sàng	ĐI THEO Y TÁ HÃY CÔ ẤY GIÚP ANH SẴN SÀNG	Sức khỏe
có vết gì trên mặt hắn không	MẶT HẮN VẾT GÌ CÓ	Mối quan hệ
ở đâu	Ở ĐÂU	Cuộc sống thường nhật
chủ tịch hồ chí minh là một nhà lãnh đạo vĩ đại	CHỦ TỊCH HỒ CHÍ MINH NHÀ LÃNH ĐẠO 1 VĨ ĐẠI	Chính trị
tôi nên có một số thời gian rảnh rỗi vào tuần tới nói tối thứ tư tới	TUẦN TỚI TÔI CHÚT THỜI GIAN RẢNH CÓ TỐI THỨ TƯ ĐƯỢC KHÔNG	Mối quan hệ
tôi đã nói rồi tôi sẽ đi làm móng tay	TÔI NÓI RỒI TÔI MÓNG TAY ĐI LÀM	Mối quan hệ
bạn phải dành nhiều thời gian cho dự án	BẠN THỜI GIAN THÊM DỰ ÁN CHO DÀNH NÊN	Công việc
dù sao chúng ta hãy hoàn thành công việc và trở về nhà	CHÚNG TA VIỆC XONG NHÀ VỀ	Mối quan hệ
chắc chắn rồi bạn lấy kích thước nào	BẠN CHỌN CỠ NÀO	Cuộc sống thường nhật
hy vọng không có kẹt xe	HI VỌNG KẸT XE KHÔNG	Cuộc sống thường nhật
wow điều đó không nguy hiểm sao	CÁI ĐÓ NGUY HIỂM KHÔNG	Mối quan hệ
được rồi năm	RỒI NĂM	Cuộc sống thường nhật
nghe hay đấy tôi có thể đến vào ngày mai để xem không	NGHE HAY NGÀY MAI TÔI XEM GHÉ ĐƯỢC KHÔNG	Cuộc sống thường nhật
chúng ta sẽ phải làm một cuộc điều tra	CHÚNG TA CUỘC KIỂM TRA LÀM PHẢI	Tài chính
chắc chắn rồi bây giờ bạn đang nói	ĐÚNG GIỜ THÌ BẠN Ý TÔI NÓI TRÚNG RỒI ĐẤY	Mối quan hệ
vâng đó là một sở thích tốt	ĐÓ SỞ THÍCH TỐT	Mối quan hệ
nhưng tôi nghe nói cô ấy có một cô con gái ba tuổi	NHƯNG TÔI NGHE CÔ ẤY CON GÁI TUỔI BA 1 CÓ	Mối quan hệ
xin lỗi tôi là khán giả chính thức  bóng đá bóng chày bóng rổ golf tôi xem tất cả	XIN LỖI TÔI BÓNG ĐÁ BÓNG CHÀY BÓNG RỔ GOLF XEM TẤT CẢ	Mối quan hệ
bác sĩ phải đeo bao tay y tế khi thực hiện phẫu thuật	BÁC SĨ GĂNG TAY Y TẾ PHẪU THUẬT TIẾN HÀNH ĐEO PHẢI	Sức khỏe
cô giáo chủ nhiệm lớp tôi rất hiền và tâm lý	LỚP TÔI CÔ GIÁO CHỦ NHIỆM HIỀN VÀ TÂM LÝ	Cuộc sống học đường
bạn có muốn vào nhà uống trà không	BẠN NHÀ VÀO TRÀ UỐNG MUỐN KHÔNG	Cuộc sống thường nhật
xét nghiệm máu có đau không	MÁU XÉT NGHIỆM ĐAU CÓ KHÔNG	Sức khỏe
đây là lần đầu tiên anh bỏ phiếu phải không	ĐÂY LẦN ĐẦU TIÊN BẠN BỎ PHIẾU PHẢI KHÔNG	Chính trị
nhà hàng forest tôi có thể làm gì cho bạn	NHÀ HÀNG TÔI CHO BẠN LÀM GÌ	Cuộc sống thường nhật
không họ đã đính hôn	KHÔNG HỌ ĐÍNH HÔN RỒI	Mối quan hệ
lớp học đầu tiên bắt đầu vào ngày 25 tháng 10	NGÀY 25 THÁNG 10 BẮT ĐẦU LỚP HỌC ĐẦU TIÊN	Cuộc sống học đường
cô giáo yêu cầu chúng tôi phải học thuộc lòng bài thơ này	CÔ GIÁO YÊU CẦU CHÚNG TÔI BÀI THƠ NÀY HỌC THUỘC LÒNG	Cuộc sống học đường
chúng tôi sẽ cho bạn biết có lẽ vào thứ hai tới tôi hy vọng sẽ trả lời tích cực	CHÚNG TÔI BẠN BIẾT BÁO CHO THỨ HAI TỚI VÀO LẼ CÓ HY VỌNG TIN TỐT LÀ	Công việc
tôi thích màu xanh hơn	TÔI MÀU XANH THÍCH HƠN	Cuộc sống thường nhật
tất nhiên chỉ cần điền vào mẫu này và cho tôi biết khi bạn hoàn thành	ĐIỀN MẪU NÀY XONG TÔI BIẾT NÓI KHI HOÀN THÀNH TẤT NHIÊN	Cuộc sống học đường
cảm ơn nhưng tôi không chắc lắm phỏng vấn làm tôi lo lắng	CẢM ƠN NHƯNG TÔI CHẮC CHẮN KHÔNG	Công việc
chúng ta cần bảo vệ các loài vật đang có nguy cơ tuyệt chủng	CHÚNG TA CÁC LOÀI ĐỘNG VẬT NGUY CƠ TUYỆT CHỦNG BẢO VỆ CẦN	Văn hóa và Giáo dục
tv này có chất lượng rất cao	TV NÀY CHẤT LƯỢNG TỐT THẬT	Cuộc sống thường nhật
ông chủ lý tưởng của bạn là người như thế nào	ÔNG CHỦ LÍ TƯỞNG CỦA BẠN NHƯ THẾ NÀO	Công việc
vâng tôi nghĩ rằng ông là người thoải mái nhất trong quản lý	VÂNG TÔI NGHĨ ÔNG LÀ NGƯỜI THOẢI MÁI NHẤT TRONG BAN QUẢN LÝ	Mối quan hệ
chọn đi	CHỌN ĐI	Mối quan hệ
hình như anh đang vội	CÓ VẺ BẠN VỘI VÀNG	Mối quan hệ
còn chỗ đậu xe của bạn thì sao	CHỖ ĐẬU XE BẠN THẾ NÀO	Cuộc sống thường nhật
họ có con không	HỌ CON CÓ CHƯA	Mối quan hệ
không hối tiếc	HỐI TIẾC KHÔNG	Thái độ và Cảm xúc
ấn tượng của bạn về cô ấy thế nào khi gặp trực tiếp	KHI GẶP TRỰC TIẾP BẠN CÔ ẤY ẤN TƯỢNG THẾ NÀO	Mối quan hệ
có thể	CÓ THỂ	Mối quan hệ
bạn có nhớ chúng ta đã làm món kem chuối rất ngon không	CHÚNG TA MÓN KEM CHUỐI LÀM NGON BẠN NHỚ KHÔNG	Cuộc sống thường nhật
anh ta bắt đầu nghi ngờ về sự thành thật của người bạn	ANH TA BẠN MÌNH THÀNH THẬT NGHI NGỜ BẮT ĐẦU	Thái độ và Cảm xúc
không không có gì khác hẹn gặp lại vào thứ hai	VẬY ĐỦ RỒI LÀ HẸN GẶP LẠI THỨ HAI NHÉ KHÔNG	Mối quan hệ
đây là phòng 603 tôi sợ rằng hệ thống sưởi không hoạt động ở đây rất lạnh	ĐÂY PHÒNG 603 TÔI SỢ HỆ THỐNG SƯỞI HOẠT ĐỘNG KHÔNG Ở ĐÂY LẠNH	Du lịch
bạn có biết rằng bữa sáng là bữa ăn quan trọng nhất trong ngày	BẠN BIẾT BỮA SÁNG QUAN TRỌNG NHẤT NGÀY KHÔNG	Cuộc sống thường nhật
những chú kiến đang bò thành hàng dài trên thân cây cổ thụ	NHỮNG CHÚ KIẾN BÒ HÀNG DÀI TRÊN THÂN CÂY CỔ THỤ	Cuộc sống thường nhật
tôi muốn xem vài chiếc vòng tay	TÔI VÒNG TAY XEM MUỐN	Cuộc sống thường nhật
nó ở giữa bãi đậu xe	NÓ Ở BÃI ĐẬU XE GIỮA	Cuộc sống thường nhật
tính tham ăn của cậu bé khiến mọi người phì cười	CẬU BÉ THAM ĂN MỌI NGƯỜI NHÌN CƯỜI	Thái độ và Cảm xúc
vâng đó là điều tốt nhất chúng tôi có thể làm	ĐIỀU TỐT NHẤT CHÚNG TÔI LÀM	Công việc
và bạn đã bao giờ thử uống vitamin chưa	BẠN VITAMIN UỐNG THỬ BAO GIỜ CHƯA	Cuộc sống thường nhật
tôi nghe nói bạn và james cuối cùng cũng đính hôn	TÔI NGHE NÓI BẠN ĐÍNH HÔN CUỐI CÙNG CŨNG RỒI À	Mối quan hệ
cảm ơn sự thân thiện của bạn	SỰ THÂN THIỆN CỦA BẠN CẢM ƠN	Mối quan hệ
thật tệ bạn đang gặp vấn đề gì	TIẾC QUÁ BẠN GẶP CHUYỆN GÌ VẬY ĐANG	Cuộc sống thường nhật
từ giả thiết đó ta có thể suy ra kết luận	GIẢ THIẾT GIẢ ĐỊNH ĐÓ TA KẾT LUẬN SUY RA CÓ THỂ	Văn hóa và Giáo dục
tôi muốn trả lại cái áo len này	TÔI TRẢ LẠI CÁI ÁO LEN MUỐN	Cuộc sống thường nhật
người tiêu dùng quyết định tẩy chay sản phẩm kém chất lượng đó	NGƯỜI TIÊU DÙNG SẢN PHẨM KÉM CHẤT LƯƠNG ĐÓ QUYẾT ĐINH TẨY CHAY KHÔNG MUA	Thái độ và Cảm xúc
nơi này phục vụ bữa sáng ngon anh không nghĩ vậy sao	QUÁN NÀY BỮA SÁNG NGON THẬT ANH THẤY KHÔNG	Mối quan hệ
tốt tốt đây là những gì tôi cần từ bạn bạn đã sẵn sàng chưa	TỐT TỐT LẮM ĐÂY NHỮNG GÌ TÔI CẦN BẠN LÀM BẠN SẴN SÀNG CHƯA	Công việc
chúng ta không nên tin vào những hành động mê tín dị đoan	CHÚNG TA NHỮNG HÀNH ĐỘNG MÊ TÍN DỊ ĐOAN TIN KHÔNG NÊN	Văn hóa và Giáo dục
mẹ mua về một chục trứng gà để làm bánh	MẸ TRỨNG GÀ 1 CHỤC MUA VỀ BÁNH LÀM	Cuộc sống thường nhật
mùa mưa kéo dài bao lâu	MÙA MƯA KÉO DÀI BAO LÂU	Mối quan hệ
vâng tôi thấy đây là một vị trí vĩnh viễn	ĐÂY VỊ TRÍ LÀM VIỆC LÂU DÀI ĐÚNG KHÔNG	Công việc
xin chào china southern airlines tôi có thể giúp gì cho bạn	HÃNG VIETNAM AIRLINES TÔI BẠN GIÚP GÌ	Du lịch
tôi đã thấy và biết nó là của bạn	NÓ CỦA BẠN TÔI THẤY BIẾT	Cuộc sống thường nhật
được rồi dừng lại và làm việc tốt nào	RỒI DỪNG LẠI LÀM VIỆC TỐT	Công việc
cô ấy rất dễ thương	CÔ ẤY RẤT DỄ THƯƠNG	Cuộc sống học đường
cô ấy là tiếp viên hàng không	CÔ ẤY LÀ TIẾP VIÊN HÀNG KHÔNG	Công việc
con chim gõ kiến đang cần mẫn gõ vào thân cây khô	CHIM GÕ KIẾN THÂN CÂY KHÔ GÕ CHĂM CHỈ	Cuộc sống thường nhật
có khẩn cấp khẩn cấp không	CHUYỆN KHẨN CẤP CÓ À	Sức khỏe
thật tuyệt vời bạn đã nhận được đề nghị có điều kiện chưa	TUYỆT THẬT BẠN THƯ MỜI TẠM THỜI NHẬN ĐƯỢC CHƯA ĐÃ	Cuộc sống học đường
đoàn tàu đang di chuyển qua một đường hầm xuyên núi	ĐOÀN TÀU DI CHUYỂN QUA ĐƯỜNG HẦM XUYÊN NÚI	Du lịch
có tôi nghĩ mọi việc đang diễn ra tốt đẹp	CÓ TÔI NGHĨ MỌI VIỆC DIỄN RA TỐT ĐẸP	Mối quan hệ
em trai tôi đang học lớp ba trường tiểu học kim đồng	EM TRAI TÔI LỚP 3 HỌC TRƯỜNG TIỂU HỌC KIM ĐỒNG	Cuộc sống học đường
ông ấy bắt đầu bị hói đầu từ khi còn khá trẻ	KHI TRẺ ÔNG ẤY HÓI CÓ RỒI	Sức khỏe
được rồi thưa ngài nhưng đừng nghĩ quá lâu thanh toán của bạn chỉ cách 30 phút	NGÀI SUY NGHĨ LÂU QUÁ ĐỪNG XIN THANH TOÁN NGÀI 30 PHÚT CÒN CHỈ THÔI ĐƯỢC RỒI THƯA NGÀI	Du lịch
tôi muốn đi mua nhà và tôi muốn biết những gì tôi có thể đủ khả năng để mua	TÔI NHÀ MUA MUỐN VÀ TÔI BIẾT MUỐN NHỮNG GÌ CẦN MUA	Cuộc sống thường nhật
con trai đến tuổi dậy thì bắt đầu mọc râu lún phún	CON TRAI TUỔI DẬY THÌ RÂU MỌC LÚN PHÚN ÍT	Sức khỏe
hai anh em quyết định chia đôi số tiền thưởng nhận được	HAI ANH EM TIỀN THƯỞNG QUYẾT ĐỊNH CHIA ĐÔI	Tài chính
không tôi không tôi là một du khách	TÔI KHÔNG TÔI KHÁCH DU LỊCH 1	Sức khỏe
tiếp theo nhé xin chào tôi có thể xem hộ chiếu của bạn được không	TIẾP THEO CHÀO TÔI HỘ CHIẾU CỦA BẠN XEM	Du lịch
thực ra tôi không quen ai cả	THẬT TÔI NGƯỜI QUEN KHÔNG	Cuộc sống học đường
anh ta tức giận đến mức nghiến răng ken két	ANH TA TỨC GIẬN RĂNG NGHIẾN	Thái độ và Cảm xúc
tôi muốn nó được thực hiện tốt xin vui lòng	TÔI MÓN NÀY CHÍN KỸ LÀM NHÉ	Cuộc sống thường nhật
họ là đôi bạn tri kỉ đã gắn bó với nhau nhiều năm	HỌ ĐÔI BẠN THÂN GẮN BÓ NHIỀU NĂM	Mối quan hệ
gương có nhiều kích cỡ khác nhau	GƯƠNG KÍCH CỠ KHÁC NHAU NHIỀU	Cuộc sống thường nhật
tôi hy vọng rằng tôi nhận được những gì tôi yêu cầu	TÔI THỨ YÊU CẦU ĐÃ NHẬN ĐƯỢC ĐÚNG HY VỌNG	Mối quan hệ
tôi biết nước	TÔI NƯỚC BIẾT	Cuộc sống thường nhật
tên tội phạm nguy hiểm cuối cùng đã bị đưa vào nhà tù	TÊN TỘI PHẠM NGUY HIỂM ĐƯA VÀO NHÀ TÙ CUỐI CÙNG	Chính trị
chúng tôi đánh giá cao khi nghe về bạn	KHI NGHE BẠN CHÚNG TÔI ĐÁNH GIÁ CAO	Công việc
để tôi xem có gì không	TÔI XEM CÓ GÌ	Du lịch
tôi e là tôi phải đi tôi có một cuộc hẹn khác lúc năm giờ	TÔI NGHĨ ĐI PHẢI TÔI CUỘC HẸN KHÁC LÚC NĂM GIỜ	Mối quan hệ
uống nhiều rượu bia sẽ gây hại cho lá gan của bạn	RƯỢU BIA UỐNG NHIỀU BẠN LÁ GAN HẠI CÓ	Sức khỏe
cô ấy vẫn bận rộn như trước	CÔ ẤY BẬN RỘN NHƯ XƯA	Mối quan hệ
tôi không biết phải nói gì với anh	TÔI ANH NÓI GÌ KHÔNG BIẾT	Cuộc sống thường nhật
tôi là đức tôi có thể giúp gì cho bạn	TÔI TÊN ĐỨC TÔI GIÚP CHO BẠN GÌ	Sức khỏe
chúng tôi đã đến bắc ninh để nghe những làn điệu quan họ	CHÚNG TÔI BẮC NINH NGHE LÀN ĐIỆU QUAN HỌ ĐẾN	Du lịch
tàu thuyền tấp nập ra vào cảng cá mỗi sớm mai	CẢNG CÁ TÀU THUYỀN TẤP NẬP ĐÔNG RA VÀO MỖI SÁNG	Công việc
bài toán này yêu cầu chúng ta tìm mẫu số chung nhỏ nhất	BÀI TOÁN NÀY YÊU CẦU CHÚNG TA MẪU SỐ CHUNG NHỎ NHẤT TÌM	Cuộc sống học đường
ồ không còn bài thuyết trình hôm nay của anh thì sao	Ồ KHÔNG BÀI THUYẾT TRÌNH CỦA ANH HÔM NAY THẾ NÀO	Công việc
yên bái nổi tiếng với ruộng bậc thang mù cang chải	YÊN BÁI NỔI TIẾNG RUỘNG BẬC THANG MÙ CANG CHẢI	Du lịch
tôi đã không lái xe được lâu  chỉ trong vài tháng	3 THÁNG TÔI LÁI XE LÂU KHÔNG	Cuộc sống thường nhật
bạn đã vượt qua bài kiểm tra	BẠN THI ĐẬU RỒI À	Mối quan hệ
nghe có vẻ dễ mất bao lâu	NGHE DỄ LÂU BAO NHIÊU	Mối quan hệ
oh tôi thấy tôi cần thực hành nhiều hơn trước khi tôi làm bài kiểm tra lái xe	RA VẬY TÔI THI LÁI XE TRƯỚC LUYỆN THÊM CẦN	Cuộc sống thường nhật
người lính cứu hỏa đã liều mình lao vào đám cháy lớn	NGƯỜI LÍNH CỨU HOẢ ĐÁM CHÁY LỚN DŨNG CẢM LAO VÀO	Công việc
anh ấy đã nỗ lực không ngừng để đi đến đích thành công	ANH ẤY NỖ LỰC NGỪNG KHÔNG ĐỂ THÀNH CÔNG ĐI ĐẾN	Công việc
bạn có thích leo núi không	BẠN LEO NÚI THÍCH KHÔNG	Mối quan hệ
bạn ổn chứ	BẠN KHÔNG SAO	Chính trị
cô ây li hôn rồi	CÔ ẤY LI HÔN RỒI	Công việc
đây là hộ chiếu và vé của chúng tôi	HỘ CHIẾU VÉ CỦA CHÚNG TÔI	Du lịch
câu lạc bộ sẽ có buổi sinh hoạt định kỳ vào chủ nhật	CÂU LẠC BỘ BUỔI SINH HOẠT CÓ VÀO CHỦ NHẬT	Cuộc sống học đường
xin chào fife computers làm thế nào tôi có thể giúp	XIN CHÀO FIFE COMPUTERS TÔI BẠN GIÚP GÌ CÓ THỂ	Tài chính
chắc chắn bạn hoàn toàn có thể tận hưởng thời gian của bạn với nhau	TẤT NHIÊN RỒI HAI NGƯỜI HOÀN TOÀN CÓ THỂ TẬN HƯỞNG THỜI GIAN BÊN NHAU	Mối quan hệ
bé dùng giấy màu để cắt dán thành một bức tranh	BÉ GIẤY MÀU DÙNG ĐỂ CẮT DÁN THÀNH BỨC TRANH 1	Cuộc sống học đường
trước đây bạn có làm nhân viên bán hàng không bà vale	BÀ VALE TRƯỚC NHÂN VIÊN BÁN HÀNG TỪNG LÀM	Công việc
tôi có thể ở lại thêm vài phút	TÔI Ở LẠI VÀI PHÚT THÊM CÓ THỂ	Cuộc sống học đường
bạn sẽ nhớ em	EM ANH NHỚ	Mối quan hệ
bạn có biết nơi tôi có thể tìm thấy món ăn gần nhất không	BẠN BIẾT NƠI GẦN NHẤT MÓN ĂN TÌM THẤY CÓ KHÔNG	Cuộc sống thường nhật
một số sản phẩm tươi đang được bán ở đâu	SẢN PHẨM BÁN Ở ĐÂU	Cuộc sống thường nhật
đảng lãnh đạo nhân dân xây dựng đất nước ngày càng giàu mạnh	ĐẢNG LÃNH ĐẠO NHÂN DÂN XÂY DỰNG ĐẤT NƯỚC GIÀU MẠNH	Chính trị
không tôi chưa có tư cách thành viên	TÔI THẺ THÀNH VIÊN CHƯA CÓ	Cuộc sống thường nhật
vâng tôi chỉ làm một bản sao vì vậy tôi đoán tôi có thể đủ khả năng đó	TÔI SAO CHÉP MỘT BẢN CHỈ ĐỦ KHẢ NĂNG CHI TRẢ CHẮC	Du lịch
người đầu bếp dùng con dao sắc lẹm để thái thịt	NGƯỜI ĐẦU BẾP CON DAO SẮC LẸM DÙNG THỊT THÁI	Cuộc sống thường nhật
bạn dùng kem dưỡng da như thế nào	BẠN KEM DƯỠNG DA DÙNG NHƯ THẾ NÀO	Sức khỏe
cô ấy sẽ rất vui	CÔ ẤY VUI SẼ	Mối quan hệ
sao anh không đi ngủ và dậy sớm đi anh sẽ có thời gian làm việc	BẠN ĐI NGỦ THỨC DẬY SỚM KHÔNG TẠI SAO BẠN THỜI GIAN LÀM VIỆC CÓ	Mối quan hệ
thật sao tôi đang vội được rồi	THẬT TÔI VỘI ĐƯỢC RỒI	Du lịch
tuyệt vời bạn có thể nhắc lại và ghi lại giúp tôi được không	TUYỆT VỜI BẠN NHẮC LẠI GHI LẠI GIÚP TÔI ĐƯỢC KHÔNG	Cuộc sống thường nhật
đầu tiên chúng ta cần phết một ít sốt cà chua lên	ĐẦU TIÊN CHÚNG TA SỐT CÀ CHUA ÍT PHẾT LÊN	Cuộc sống thường nhật
r từ ngày 16 đến ngày 20 tháng 4 và anh thích phòng nào hơn	TỪ NGÀY 16 ĐẾN NGÀY 20 THÁNG 4 ANH PHÒNG THÍCH HƠN NÀO	Du lịch
anh ấy đã can đảm nói câu tôi yêu bạn với cô ấy	ANH ẤY RẤT CAN ĐẢM NÓI TÔI YÊU BẠN VỚI CÔ ẤY	Mối quan hệ
xin chào tôi xin lỗi vì đã lâu không gặp tôi đã đi công tác tôi muốn giảm giá này	CHÀO BẠN LÂU RỒI GẶP KHÔNG XIN LỖI TÔI CÔNG TÁC VỀ MỚI MÓN NÀY GIẢM GIÁ ĐƯỢC MUỐN À	Tài chính
mẹ tôi vừa mua một bộ chén sứ mới rất đẹp	MẸ TÔI BỘ CHÉN SỨ VỪA MUA RẤT ĐẸP	Cuộc sống thường nhật
rất tốt bạn có thể gửi nó đến địa chỉ này không	BẠN NÓ GỬI ĐỊA CHỈ NÀY GIÚP ĐƯỢC KHÔNG	Cuộc sống thường nhật
tên anh là gì	BẠN TÊN GÌ	Công việc
ồ tốt quá tôi sẽ tìm thấy chúng khá dễ dàng sau có xa không	Ồ TỐT TÔI TÌM THẤY DỄ XA CÓ KHÔNG	Cuộc sống thường nhật
mẹ bảo hai anh em phải chia đều bánh kẹo cho nhau	MẸ BẢO HAI ANH EM BÁNH KẸO CHIA ĐỀU PHẢI	Mối quan hệ
tôi đói rồi gọi gì ăn đi	TÔI ĐÓI RỒI GỌI ĐỒ ĂN HÃY	Cuộc sống thường nhật
anh ấy làm việc liên tục suốt tám tiếng không nghỉ	ANH ẤY LÀM VIỆC TÁM TIẾNG LIÊN TỤC KHÔNG NGHỈ	Công việc
ở đâu trên đường	ĐƯỜNG Ở ĐÂU	Cuộc sống thường nhật
họ đang xây dựng một trung tâm thương mại rất lớn ở đây	HỌ XÂY DỰNG TRUNG TÂM THƯƠNG MẠI RẤT LỚN Ở ĐÂY	Công việc
các nhà khoa học làm việc tại viện nghiên cứu công nghệ sinh học	NHÀ KHOA HỌC VIỆN NGHIÊN CỨU CÔNG NGHỆ SINH HỌC LÀM VIỆC	Công việc
anh ấy đang cố gắng đẩy chiếc xe ô tô bị chết máy	ANH ẤY XE MÁY CHẾT MÁY CỐ GẮNG ĐẨY	Cuộc sống thường nhật
xe buýt này có thực sự đi đến trung tâm mua sắm không	XE BUÝT NÀY TRUNG TÂM MUA SẮM ĐI ĐẾN THỰC SỰ CÓ KHÔNG	Cuộc sống thường nhật
vâng tôi muốn bữa sáng đặc biệt của bạn xin vui lòng	TÔI PHẦN BỮA SÁNG ĐẶC BIỆT LẤY NHÉ	Cuộc sống thường nhật
anh ấy cảm thấy rất cô đơn sau khi chuyển đến đây	SAU KHI ĐẾN ĐÂY ANH TA CẢM THẤY CÔ ĐƠN	Thái độ và Cảm xúc
buổi tiệc bắt đầu lúc mấy giờ	BỮA TIỆC GIỜ MẤY BẮT ĐẦU VẬY	Mối quan hệ
bạn hãy tóm lược lại nội dung chính của bài học	BẠN NỘI DUNG CHÍNH BÀI HỌC TÓM LƯỢC	Cuộc sống học đường
dạo này con trai anh sao rồi	CON TRAI ANH DẠO NÀY THẾ NÀO	Mối quan hệ
bạn thích đi ngủ sớm không	BẠN NGỦ SỚM THÍCH CÓ KHÔNG	Cuộc sống thường nhật
tôi có nên đi xe buýt không	TÔI XE BUÝT ĐI CÓ KHÔNG	Cuộc sống thường nhật
mình cứ cắm hết hoa vào bình vì hoa nào cũng đẹp	TÔI BÌNH HOA TẤT CẢ BÔNG HOA ĐẶT VÀO VÌ TẤT CẢ HOA ĐẸP	Cuộc sống thường nhật
chị hai luôn là người chăm sóc và lo lắng cho tôi	CHỊ CẢ LÀ NGƯỜI CHĂM SÓC VÀ LO LẮNG CHO TÔI	Mối quan hệ
xin chào khách sạn hữu nghị làm thế nào tôi có thể giúp bạn	XIN CHÀO KHÁCH SẠN HỮU NGHỊ TÔI GIÚP BẠN LÀM THẾ NÀO	Du lịch
chắc chắn cô ấy biết cách khiêu vũ	CÔ ẤY BIẾT KHIÊU VŨ CHẮC CHẮN	Mối quan hệ
nhưng trước khi làm điều đó tại sao chúng ta không xem bọn trẻ học về vườn tược và trồng rau nhỉ	NHƯNG TRƯỚC KHI LÀM CHÚNG TA XEM TRẺ EM VƯỜN RAU TRỒNG HỌC KHÔNG TẠI SAO	Cuộc sống thường nhật
ngay đây và viết địa chỉ của bạn bạn sẽ nhận được thẻ trong thư trong vòng một tuần	ĐỊA CHỈ BẠN VIẾT VÀO THẺ NHẬN BƯU ĐIỆN MỘT TUẦN TRONG	Mối quan hệ
chúng tôi đứng trên boong tàu ngắm hoàng hôn trên biển	CHÚNG TÔI BOONG TÀU ĐỨNG NGẮM HOÀNG HÔN TRÊN BIỂN	Du lịch
điều gì đưa anh tới đây	ANH TỚI ĐÂY TẠI SAO	Mối quan hệ
chiếc cối xay lúa là hình ảnh quen thuộc của làng quê xưa	CHIẾC CỐI XAY LÚA LÀ HÌNH ẢNH LÀNG QUÊ XƯA QUEN THUỘC	Văn hóa và Giáo dục
ăn quá no khiến bụng tôi cảm thấy khó chịu	TÔI ĂN NO BỤNG KHÓ CHỊU	Sức khỏe
vâng bạn nói đúng chúc ngủ ngon	BẠN NÓI ĐÚNG CHÚC NGỦ NGON	Thái độ và Cảm xúc
cô ấy bao nhiêu tuổi	CÔ ẤY TUỔI BAO NHIÊU	Mối quan hệ
cám ơn thưa bà rất vui được làm ăn với bà	CẢM ƠN BÀ HỢP TÁC VUI	Cuộc sống thường nhật
tôi đang làm điều đó cho vui và thể dục	TÔI VIỆC NÀY LÀM CHỈ VUI RÈN LUYỆN SỨC KHỎE THÔI	Cuộc sống thường nhật
còn phần cuối thì sao	CÒN PHẦN CUỐI THÌ SAO	Cuộc sống thường nhật
vâng có một ngày tốt lành từ lớp học	VÂNG CHÚC NGÀY TỐT LÀNH TỪ LỚP HỌC	Cuộc sống học đường
chỉ khoảng 5 phút đi bộ	NĂM PHÚT ĐI BỘ CHỈ THÔI	Cuộc sống thường nhật
bây giờ bạn ở đây	BÂY GIỜ BẠN Ở ĐÂY	Cuộc sống thường nhật
vâng sếp muốn vào bàn làm việc lúc mấy giờ	SẾP MUỐN BÀN LÀM VIỆC GIỜ MẤY	Mối quan hệ
giờ thì quay lại nào	BÂY GIỜ QUAY LẠI	Cuộc sống thường nhật
chỉ cần thêm một chút nữa thôi	MỘT CHÚT THÊM	Cuộc sống thường nhật
việt nam đã tham gia nhiều công ước quốc tế quan trọng	VIỆT NAM THAM GIA NHIỀU CÔNG ƯỚC QUỐC TỂ QUAN TRỌNG	Chính trị
tùy thuộc vào việc bạn muốn ăn gì vào ngày hôm đó	NGÀY ĐÓ BẠN ĂN MUỐN GÌ TÙY	Sức khỏe
tôi rất xin lỗi tôi sẽ cho bạn biết ngay	TÔI XIN LỖI TÔI CHO BẠN BIẾT LUÔN	Cuộc sống thường nhật
bữa tối nay gia đình tôi sẽ ăn món hàu nướng mỡ hành	BỮA TỐI NAY GIA ĐÌNH TÔI MÓN HÀU NƯỚNG MỠ HÀNH ĂN	Cuộc sống thường nhật
nguyên tắc của tôi một là trung thực hai là chăm chỉ	TÔI NGUYÊN TẮC MỘT LÀ TRUNG THỰC HAI LÀ CHĂM CHỈ	Thái độ và Cảm xúc
cảm ơn cô kelly	CẢM ƠN CÔ	Công việc
trông rất mịn	TRÔNG MỊN	Cuộc sống thường nhật
nếu anh cho tôi số điện thoại và bảo hiểm tôi sẽ làm	TÔI LÀM SẼ NẾU BẠN CHO SỐ ĐIỆN THOẠI VÀ BẢO HIỂM	Cuộc sống thường nhật
tôi chắc chắn bạn sẽ sớm bắt đầu thích nó đó là một chủ đề thú vị	TÔI CHẮC CHẮN BẠN THÍCH NÓ SỚM CHỦ ĐỀ THÚ VỊ	Thái độ và Cảm xúc
mẹ đang vắt chanh để pha một ly nước mát	MẸ CHANH VẮT ĐỂ LY NƯỚC MÁT 1 PHA	Cuộc sống thường nhật
bây giờ chúng ta bắt đầu nấu ăn	BÂY GIỜ CHÚNG TA NẤU ĂN BẮT ĐẦU	Cuộc sống thường nhật
tôi có thể giặt quần áo với ít tiền hơn ở đây	TÔI QUẦN ÁO GIẶT VỚI ÍT TIỀN HƠN	Cuộc sống thường nhật
vâng bạn đến từ đài loan	BẠN ĐÀI LOAN ĐẾN TỪ ĐÚNG KHÔNG	Cuộc sống thường nhật
tối nay đi xem phim nhé	TỐI NAY PHIM XEM ĐI KHÔNG	Mối quan hệ
vâng tôi sẽ phải suy nghĩ về nó và lấy lại cho bạn trong khoảng 30 phút	VÂNG TÔI VIỆC ĐÓ SUY NGHĨ SẼ VÀ BẠN BA MƯƠI PHÚT NỮA TRONG KHOẢNG QUAY LẠI	Công việc
tất cả học sinh phải tuân thủ nghiêm túc nội quy	TẤT CẢ HỌC SINH NỘI QUY TUÂN THỦ NGHIÊM TÚC PHẢI	Cuộc sống học đường
thân thiện và thái độ tốt cũng rất quan trọng	THÂN THIỆN THÁI ĐỘ TỐT RẤT QUAN TRỌNG CŨNG	Công việc
xin lỗi có một cửa hàng bách hóa gần đây không	XIN LỖI GẦN ĐÂY CỬA HÀNG BÁCH HÓA CÓ KHÔNG	Cuộc sống thường nhật
chắc mùa đông phải lạnh lắm	MÙA ĐÔNG LẠNH CHẮC CHẮN	Mối quan hệ
bạn có thể đi trong tuần hay chỉ đi vào cuối tuần	BẠN ĐI TRONG TUẦN HOẶC CUỐI TUẦN CÓ THỂ	Cuộc sống thường nhật
hành động chép bài của bạn là không trung thực	BẠN CHÉP BÀI HÀNH ĐỘNG KHÔNG TRUNG THỰC GIAN DỐI	Cuộc sống học đường
ai thắng	THẮNG AI	Mối quan hệ
nó làm cho món ăn ngon hơn	NÓ GIÚP MÓN ĂN NGON HƠN	Cuộc sống thường nhật
cuộc sống của họ rất khổ và thiếu thốn nhiều thứ	HỌ CUỘC SỐNG KHỔ VÀ NHIỀU THỨ THIẾU THỐN	Thái độ và Cảm xúc
1 tháng có mấy tuần	1 THÁNG TUẦN MẤY	Cuộc sống thường nhật
mỗi người đều có quan điểm riêng về vấn đề xã hội này	MỖI NGƯỜI VẤN ĐỀ XÃ HỘI NÀY QUAN ĐIỂM RIÊNG CÓ	Văn hóa và Giáo dục
vừa nãy cả hai chúng tôi đều nghĩ là sẽ ổn thôi	LÚC NÃY CẢ HAI CHÚNG TÔI NGHĨ ỔN RỒI	Mối quan hệ
mẹ mua cho em một chiếc cặp sách mới để chuẩn bị năm học	MẸ EM CẶP SÁCH MỚI MUA ĐỂ CHUẨN BỊ NĂM HỌC MỚI	Cuộc sống học đường
bốn quả chuối	QUẢ CHUỐI 4	Cuộc sống thường nhật
bữa sáng của tôi hôm nay là một gói xôi gà	SÁNG NAY TÔI XÔI GÀ ĂN	Cuộc sống thường nhật
ok mất bao lâu để bạn giao hàng nếu chúng tôi đặt hàng 1000 miếng lụa	BẠN GIAO HÀNG NẾU CHÚNG TÔI ĐẶT HÀNG 1000 MIẾNG VẢI BAO LÂU	Công việc
ok chúc ngủ ngon hẹn gặp lại vào bữa sáng	CHÚC NGỦ NGON SÁNG GẶP LẠI	Mối quan hệ
những người dân chài bắt đầu ra khơi từ lúc sáng sớm	SÁNG SỚM NHỮNG NGƯ DÂN RA KHƠI BẮT ĐẦU	Công việc
thái độ của bạn khi làm sai ở nơi làm việc	BẠN LÀM SAI CHỖ LÀM PHẢN ỨNG THẾ NÀO	Mối quan hệ
để tôi bỏ va li của anh vào cốp xe và làm ơn ra phía sau	VA LI ANH BỎ VÀO CỐP NHÉ ANH PHÍA SAU GIÚP TÔI	Công việc
bọn trẻ thích thú nhặt những vỏ con sò trên bãi biển	BỌN TRẺ CON SÒ VỎ NHIỀU BÃI BIỂN NHẶT THÍCH THÚ	Du lịch
điều đó thật tuyệt vâng chúng ta nên trở lại chỗ ngồi của chúng tôi nó sắp bắt đầu	VÂNG TA CHỖ NGỒI QUAY LẠI SẮP BẮT ĐẦU	Cuộc sống thường nhật
em rất yêu thích môn lịch sử vì những câu chuyện hào hùng	EM MÔN LỊCH SỬ RẤT THÍCH VÌ NHỮNG CÂU CHUYỆN HÀO HÙNG ANH HÙNG	Cuộc sống học đường
không có gì tôi sẽ gặp mọi người lúc 3 giờ	KHÔNG CÓ GÌ TÔI MỌI NGƯỜI GẶP GIỜ 3	Mối quan hệ
nước là cội nguồn sự sống trên trái đất	NƯỚC LÀ CỘI NGUỒN BẮT ĐẦU SỰ SỐNG TRÊN TRÁI ĐẤT	Văn hóa và Giáo dục
bạn tôi đã nói với bạn chiều hôm qua rằng tôi sẽ sử dụng tập tin đó ngày hôm nay	TÔI BẠN NÓI CHIỀU HÔM QUA TÔI THÔNG TIN ĐÓ SỬ DỤNG NGÀY HÔM NAY	Công việc
mềm ngon	MỀM NGON	Cuộc sống thường nhật
cả nước tưng bừng kỷ niệm ngày lễ quốc khánh mùng 2 tháng 9	CẢ NƯỚC NGÀY LỄ QUỐC KHÁNH 2 9 KỈ NIỆM TƯNG BỪNG	Chính trị
bạn hình thành sở thích này từ khi nào	BẠN THÍCH NÀY KHI NÀO	Mối quan hệ
con mèo đang nằm ngủ yên bình ở bên dưới gầm bàn	CON MÈO NẰM NGỦ YÊN BÌNH GẦM BÀN DƯỚI	Cuộc sống thường nhật
tôi có thể lấy gì cho bạn không đây là thực đơn	TÔI LẤY CHO BẠN GÌ THỰC ĐƠN ĐÂY	Cuộc sống thường nhật
đàn chim hải âu đang bay liệng trên bầu trời xanh thẳm	ĐÀN CHIM HẢI ÂU BẦU TRỜI XANH THẲM BAY CAO	Cuộc sống thường nhật
tôi sẽ cho mọi người trong đội thêm một ngày nghỉ	TÔI MỌI NGƯỜI TRONG NHÓM CHO THÊM NGÀY NGHỈ MỘT	Công việc
đoàn du khách cưỡi lạc đà đi trên sa mạc rộng lớn	ĐOÀN DU KHÁCH LẠC ĐÀ CƯỠI ĐI TRÊN SA MẠC RỘNG LỚN	Du lịch
cô ấy nên uống nhiều nước nóng và nằm trên giường	CÔ ẤY NƯỚC ẤM NHIỀU UỐNG NGHỈ NGƠI GIƯỜNG TRÊN	Mối quan hệ
cho tôi xem cái nón được không	CHO TÔI XEM CÁI NÓN ĐÓ ĐƯỢC KHÔNG	Cuộc sống thường nhật
chúng tôi dựng lều trại và đốt lửa bên bờ suối thơ mộng	CHÚNG TÔI DỰNG LỀU ĐỐT LỬA Ở BỜ SUỐI	Du lịch
ngày xưa ông bà ta thường kể chuyện cổ tích cho con cháu	NGÀY XƯA ÔNG BÀ CON CHÁU KỂ CHUYỆN CỔ TÍCH	Văn hóa và Giáo dục
vậy chúng ta cần hai mảnh ghép lại với nhau	CHÚNG TA MẢNH 2 GHÉP	Cuộc sống thường nhật
anh ấy kể những câu chuyện tuyệt vời và rất thú vị	ANH ẤY CÂU CHUYỆN KỂ TUYỆT VỜI THÚ VỊ	Cuộc sống thường nhật
tôi không chắc nhưng tín hiệu có camera trên đó	TÔI CỘT TÍN HIỆU ĐÓ CAMERA GẮN CÓ HÌNH NHƯ NHƯNG CHẮC KHÔNG	Chính trị
để có bữa tối là phải nấu ăn	BỮA TỐI CÓ NẤU ĂN PHẢI	Cuộc sống thường nhật
tôi biết họ ở ngoài đó tôi sẽ tìm thấy họ	TÔI BIẾT Ở NGOÀI TÔI TÌM	Mối quan hệ
mặn không	MẶN KHÔNG	Cuộc sống thường nhật
sự kiên trì sẽ giúp bạn vượt qua mọi khó khăn trong cuộc sống	BẠN KHÓ KHĂN CUỘC SỐNG SỰ KIỆN TRÌ GIÚP VƯỢT QUA	Thái độ và Cảm xúc
hiểu rồi bạn đã đổ đầy bình chưa	HIỂU RỒI BẠN BÌNH ĐỔ ĐẦY CHƯA	Du lịch
công ty phải nắm bắt nhu cầu của khách hàng để phát triển	CÔNG TY KHÁCH HÀNG NHU CẦU NẮM BẮT PHẢI ĐỂ PHÁT TRIỂN	Công việc
bạn đến khám sức khỏe định kỳ sáu tháng phải không	BẠN ĐẾN KHÁM SỨC KHỎE 6 THÁNG 1 LẦN PHẢI KHÔNG	Sức khỏe
tôi sẽ sắp xếp	TÔI SẮP XẾP SẼ	Mối quan hệ
mặt trăng đêm rằm trông thật tròn và sáng tỏ trên bầu trời	TRÊN BẦU TRỜI ĐÊM RẰM MẶT TRĂNG TRÒN VÀ SÁNG	Cuộc sống thường nhật
tốt bạn có thể tự làm bữa sáng nếu không thích	TỐT NẾU THÍCH KHÔNG BẠN BỮA SÁNG TỰ LÀM	Cuộc sống thường nhật
tôi không chắc có lẽ anh có thể đi mua sắm	TÔI KHÔNG BẠN ĐI MUA SẮM CÓ THỂ	Mối quan hệ
nụ cười và thái độ tử tế là những điều cơ bản của sự thừa nhận	NỤ CƯỜI VÀ THÁI ĐỘ TỬ TẾ NHỮNG ĐIỀU CƠ BẢN CỦA SỰ THỪA NHẬN	Công việc
không không lâu đến thế hai trạm dừng nữa và bạn sẽ xuống thưa bạn	KHÔNG LÂU ĐÂU CÒN HAI TRẠM BẠN XUỐNG NHÉ	Cuộc sống thường nhật
xin lỗi tôi có thể chờ một chút	TÔI CHỜ MỘT CHÚT	Cuộc sống thường nhật
bạn kiếm được công việc đó bằng cách nào	BẠN CÔNG VIỆC ĐÓ KIẾM BẰNG CÁCH NÀO	Chính trị
hôm nay anh đã làm gì	HÔM NAY ANH LÀM GÌ	Cuộc sống thường nhật
chuyến du lịch đến đất nước mã lai thật sự rất thú vị	CHUYẾN DU LỊCH ĐẤT NƯỚC MÃ LAI ĐẾN THÚ VỊ	Du lịch
bạn đã khóa cửa chưa	BẠN KHÓA CỬA CHƯA	Cuộc sống thường nhật
tôi sẽ đi du lịch vào ngày 5 tháng 8 	TÔI DU LỊCH NGÀY 5 THÁNG 8	Mối quan hệ
tôi sẽ ở đây cả ngày	TÔI Ở ĐÂY CẢ NGÀY SẼ	Cuộc sống thường nhật
giờ thì có rất nhiều không gian để phát triển	BÂY GIỜ KHÔNG GIAN PHÁT TRIỂN NHIỀU	Cuộc sống thường nhật
hang sơn đoòng ở quảng bình là hang động lớn nhất thế giới	HANG SƠN ĐOÒNG Ở QUẢNG BÌNH LÀ HANG ĐỘNG THẾ GIỚI LỚN NHẤT	Du lịch
con cảm ơn bố	CẢM ƠN	Mối quan hệ
tôi sẽ bắt chuyến tàu 9 giờ 15 sáng mai	SÁNG MAI 9 GIỜ 15 TÔI CHUYẾN TÀU ĐI	Mối quan hệ
bốn được rồi	4 RỒI	Cuộc sống thường nhật
giường là chính xác những gì tôi đã tìm kiếm	TÔI TÌM KIẾM GIƯỜNG CHÍNH XÁC	Cuộc sống thường nhật
ok tôi sẽ thanh toán bằng thẻ ngân hàng của tôi	TÔI THẺ NGÂN HÀNG THANH TOÁN SẼ	Du lịch
còn hương vị của nó thì sao	HƯƠNG VỊ CỦA NÓ THẾ NÀO	Cuộc sống thường nhật
anh có ăn phải thứ gì lạ không	ANH THỨ GÌ LẠ ĂN CÓ KHÔNG	Sức khỏe
bọn trẻ con đang vui đùa xây lâu đài cát trên biển	BỌN TRẺ CON BÃI BIỂN LÂU ĐÀI CÁT XÂY VUI ĐÙA	Du lịch
bạn có thích bộ phim mới đó không	BẠN BỘ PHIM MỚI THÍCH KHÔNG	Mối quan hệ
học sinh phải mặc áo đồng phục khi đến trường	HỌC SINH ĐỒNG PHỤC ĐẾN TRƯỜNG MẶC PHẢI	Cuộc sống học đường
tôi cũng vậy nhưng dù sao tôi cũng đang đối mặt với nó	TÔI CŨNG VẬY NHƯNG TÔI CỐ GẮNG ĐỐI MẶT NÓ	Mối quan hệ
tất nhiên bạn trông tuyệt vời trong đó	TẤT NHIÊN RỒI BẠN BỘ ĐÓ MẶC ĐẸP RẤT TRÔNG	Cuộc sống thường nhật
bạn đã đến những quốc gia nào	BẠN ĐI NƯỚC NÀO RỒI	Mối quan hệ
ước gì được trở về tuổi thơ vô lo vô nghĩ ngày xưa	ƯỚC TUỔI THƠ TRỞ VỀ ĐƯỢC NGÀY XƯA SUY NGHĨ KHÔNG	Thái độ và Cảm xúc
thầy hiệu trưởng khen tặng em vì thành tích học tập xuất sắc	THẦY HIỆU TRƯỞNG KHEN EM VÌ THÀNH TÍCH HỌC TẬP XUẤT SẮC	Cuộc sống học đường
anh ấy có đi khi anh đi không	ANH ẤY ANH CÙNG ĐI KHÔNG	Thái độ và Cảm xúc
thật là một gia đình thú vị	GIA ĐÌNH THÚ VỊ	Mối quan hệ
tôi không quan tâm người khác mặc gì bao nhiêu	TÔI NGƯỜI KHÁC MẶC GÌ QUAN TÂM KHÔNG BAO NHIÊU TIỀN	Cuộc sống thường nhật
được rồi tạm biệt	RỒI TẠM BIỆT	Cuộc sống thường nhật
đó là những thứ duy nhất bạn ăn	ĐÓ TẤT CẢ MÓN BẠN ĂN SAO	Cuộc sống thường nhật
làm thế nào ông làm cho một tài sản	ÔNG TÀI SẢN CÓ NHƯ THẾ NÀO	Mối quan hệ
tối nay tivi có chiếu một bộ phim truyện rất hấp dẫn	TỐI NAY TI VI BỘ PHIM HẤP DẪN CÓ CHIẾU	Cuộc sống thường nhật
đi ba bước	BƯỚC 3 ĐI	Cuộc sống thường nhật
xin chào tôi tên là hà bạn tên là gì 	TÔI TÊN HÀ BẠN TÊN LÀ GÌ	Mối quan hệ
nghe có vẻ rất hợp lý	RẤT HỢP LÝ CÓ VẺ	Công việc
chúng ta đã có một ngày thật tuyệt vời	CHÚNG TA MỘT NGÀY TUYỆT VỜI CÓ	Cuộc sống thường nhật
ủy ban nhân dân huyện vừa ban hành một văn bản mới	HUYỆN UỶ BAN NHÂN DÂN VĂN BẢN MỚI BAN HÀNH TUYÊN BỐ	Chính trị
tôi có thể giúp gì cho bạn	BẠN TÔI GIÚP CÓ GÌ	Cuộc sống thường nhật
cho bốn người và cho tôi biết tên bạn được không	BỐN NGƯỜI CHO TÔI BIẾT BẠN TÊN ĐƯỢC KHÔNG	Cuộc sống thường nhật
xin chào bạn có vé cho chương trình tối nay không	BẠN CÓ VÉ XEM CHƯƠNG TRÌNH TỐI NAY KHÔNG	Mối quan hệ
mối quan hệ giữa các anh chị em trong nhà rất hòa thuận	TRONG GIA ĐÌNH CÁC ANH CHỊ EM QUAN HỆ HOÀ THUẬN HOÀ HỢP ÊM ẤM	Mối quan hệ
làm thế nào để bạn biết điều đó	BẠN BIẾT LÀM THẾ NÀO	Mối quan hệ
thay đồ đi	THAY ĐỒ HÃY	Mối quan hệ
thật sao nói cho tôi biết về nó nó như thế nào	THẬT À KỂ TÔI NGHE NÓ THẾ NÀO	Mối quan hệ
điều gì khiến bạn nộp đơn vào công ty này	BẠN CÔNG TY ĐƠN NỘP VÀO LÍ DO GÌ	Công việc
bạn khỏe không 	BẠN KHỎE KHÔNG	Mối quan hệ
vâng và tôi cũng đã mang theo một số tài liệu bạn có cần xem hộ chiếu của tôi không	TÔI TÀI LIỆU MANG THEO CŨNG BẠN HỘ CHIẾU CỦA TÔI XEM CẦN	Tài chính
lạnh quá	LẠNH QUÁ	Mối quan hệ
anh có thích làm việc theo nhóm với những người từ các phòng ban khác nhau không	ANH LÀM VIỆC NHÓM VỚI NHỮNG NGƯỜI CÁC PHÒNG BAN KHÁC NHAU THÍCH KHÔNG	Công việc
tôi cũng muốn một ít nước sốt chua ngọt và hạt tiêu	TÔI NƯỚC SỐT CHUA NGỌT MỘT ÍT VÀ HẠT TIÊU CŨNG	Cuộc sống thường nhật
tại sao bạn không nói tiếng anh	BẠN TIẾNG ANH NÓI KHÔNG TẠI SAO	Thái độ và Cảm xúc
anh đã ở việt nam bao lâu rồi	BẠN VIỆT NAM Ở BAO LÂU RỒI	Mối quan hệ
cả lớp được nghỉ học vì nhà trường tổ chức ngoại khóa	VÌ NHÀ TRƯỜNG TỔ CHỨC NGOẠI KHOÁ NÊN CẢ LỚP NGHỈ	Cuộc sống học đường
tôi có thể đi xem phim vào tối thứ sáu điều đó có tốt hơn không	TỐI THỨ SÁU TÔI XEM PHIM ĐIỀU ĐÓ TỐT HƠN CÓ KHÔNG	Mối quan hệ
bạn có biết mua đồ dùng nghệ thuật ở đâu không	BẠN BIẾT ĐỒ DÙNG NGHỆ THUẬT MUA Ở ĐÂU	Cuộc sống thường nhật
kỷ niệm về trường tiểu học luôn thật đẹp đẽ	TRƯỜNG TIỂU HỌC KỶ NIỆM ĐẸP	Cuộc sống học đường
cậu ấy chỉ là một học sinh học trung bình của lớp	Ở LỚP CẬU ẤY LÀ HỌC SINH TRUNG BÌNH	Cuộc sống học đường
vâng vào tháng 3 tới	VÂNG THÁNG 3 TỚI	Mối quan hệ
à tôi có vài giấy tờ phải nộp	TÔI GIẤY TỜ NỘP PHẢI	Mối quan hệ
chú mèo nhà tôi có bộ lông trắng muốt và rất mềm mại	CHÚ MÈO NHÀ TÔI BỘ LÔNG TRẲNG MUỐT VÀ MỀM MẠI	Cuộc sống thường nhật
một gợi ý tốt cho bạn	GỢI Ý BẠN TỐT	Cuộc sống thường nhật
tôi có thể mượn cds của bạn cho khiêu vũ trường của chúng tôi	TÔI ĐĨA NHẠC CỦA BẠN MƯỢN CHO KHIÊU VŨ CỦA CHÚNG TÔI Ở TRƯỜNG CÓ THỂ	Mối quan hệ
vậy em sẽ gặp anh ở bữa tiệc chứ	TÔI GẶP BẠN Ở BỮA TIỆC ĐÚNG KHÔNG	Mối quan hệ
vâng vậy bạn đã làm gì khác nữa	BẠN LÀM KHÁC GÌ	Mối quan hệ
sau đó đi lên đường garden qua nhà thờ	SAU ĐÓ ĐI THEO ĐƯỜNG GARDEN QUA NHÀ THỜ	Cuộc sống thường nhật
chuyên ngành của bạn là gì	CHUYÊN NGÀNH CỦA BẠN GÌ	Công việc
tôi thấy bạn đôi khi làm việc vào cuối tuần quá	TÔI BẠN THỈNH THOẢNG CUỐI TUẦN LÀM VIỆC CŨNG THẤY	Mối quan hệ
tuyệt vời bạn có thể đặt bàn không	BẠN BÀN ĐẶT GIÚP TÔI CÓ THỂ	Cuộc sống thường nhật
tất nhiên tôi đã làm nó bản thân mình	TÔI TỰ LÀM	Du lịch
chúng ta hãy đi ra ngoài đi dạo	CHÚNG TA RA NGOÀI ĐI DẠO	Mối quan hệ
đại dịch covid đã gây ra nhiều khó khăn cho mọi người	ĐẠI DỊCH COVID GÂY RA KHÓ KHĂN CHO MỌI NGƯỜI	Sức khỏe
bạn đang nghĩ gì vậy	BẠN NGHĨ GÌ	Cuộc sống thường nhật
hôm qua anh có đi xem phim không	HÔM QUA ANH PHIM XEM KHÔNG	Mối quan hệ
chúng tôi ngồi trên thảm cỏ xanh mướt và ngắm hoàng hôn	CHÚNG TÔI NGỒI TRÊN THẢM CỎ XANH VÀ HOÀNG HÔN NGẮM	Du lịch
không có gì tôi hy vọng bạn sẽ thoải mái hơn trong phòng mới của bạn	KHÔNG CÓ GÌ TÔI BẠN PHÒNG MỚI THOẢI MÁI THẤY MONG	Du lịch
cảm ơn bạn đã hỏi thăm	BẠN HỎI THĂM CẢM ƠN	Cuộc sống thường nhật
đây là sổ tiết kiệm của tôi	ĐÂY SỔ TIẾT KIỆM TÔI	Tài chính
nếu hành lý của tôi vượt quá hạn mức tôi phải làm gì	NẾU HÀNH LÝ CỦA TÔI CÂN VƯỢT QUÁ TÔI LÀM GÌ	Du lịch
tôi nên làm gì nếu tôi nhận thấy một đám cháy	TÔI PHÁT HIỆN CHÁY CÓ LÀM GÌ NÊN	Công việc
bạn có thích xe hơi không	BẠN XE HƠI THÍCH KHÔNG	Cuộc sống thường nhật
mỗi sáng tôi đều đạp xe đạp đi làm cho khỏe	MỖI SÁNG TÔI XE ĐẠP ĐẠP ĐI LÀM	Sức khỏe
mất bao lâu để nấu thịt trên thịt nướng	THỊT NƯỚNG MẤT BAO LÂU	Cuộc sống thường nhật
ở lại ăn tối với chúng tôi	BẠN CHÚNG TÔI ĂN TỐI CÙNG	Mối quan hệ
ồ cảm ơn bạn rất nhiều	Ồ CẢM ƠN NHIỀU	Du lịch
tôi rất buồn về chuyện anh trai của bạn	TÔI BUỒN CHUYỆN ANH TRAI CỦA BẠN	Cuộc sống thường nhật
cho mình hỏi quy định của văn phòng là gì vậy	CHO MÌNH HỎI QUY ĐỊNH CỦA VĂN PHÒNG GÌ	Công việc
đến giờ rồi	ĐẾN GIỜ RỒI	Cuộc sống thường nhật
sáng nay gia đình tôi bận rộn chuyển đồ sang nhà mới	SÁNG NAY GIA ĐÌNH TÔI BẬN RỘN ĐỒ ĐẠC CHUYỂN SANG NHÀ MỚI	Cuộc sống thường nhật
bà cụ quẹt que diêm cuối cùng để sưởi ấm đôi tay lạnh	BÀ CỤ QUE DIÊM CUỐI CÙNG QUẸT ĐÔI TAY LẠNH SƯỞI ẤM	Cuộc sống thường nhật
bánh táo giòn nghe có vẻ tuyệt	BÁNH TÁO GIÒN NGHE NGON	Cuộc sống thường nhật
nó ở trên kia	TRÊN KIA	Cuộc sống thường nhật
phải anh chàng đó rất giỏi vẽ	PHẢI ANH ẤY VẼ GIỎI	Cuộc sống thường nhật
tôi hiểu thưa ông tôi sẽ gọi quản gia ông sẽ có quà lưu niệm ngay thôi	TÔI HIỂU QUẢN GIA GỌI SẼ ÔNG QUÀ LƯU NIỆM CÓ LUÔN	Du lịch
chúng tôi đã trải nghiệm cuộc sống trên nhà sàn rất thú vị	CHÚNG TÔI CUỘC SỐNG NHÀ SÀN TRẢI NGHIỆM THÚ VỊ	Du lịch
vâng tôi đã đặt chỗ ở thượng hải	TÔI ĐẶT CHỖ ĐÀ NẴNG RỒI	Du lịch
chúng ta có nên bắt đầu kế hoạch này ngay bây giờ không	NGAY BÂY GIỜ CHÚNG TA KẾ HOẠCH NÀY BẮT ĐẦU LÀM ĐƯỢC KHÔNG	Thái độ và Cảm xúc
bạn có muốn chờ chuyến xe tiếp theo không	BẠN CHUYẾN XE TIẾP THEO ĐỢI MUỐN KHÔNG	Cuộc sống thường nhật
chào bạn tôi mượn bút của bạn được không	CHÀO TÔI BÚT CỦA BẠN MƯỢN ĐƯỢC KHÔNG	Cuộc sống thường nhật
đoàn tàu đang di chuyển rất nhanh trên đường ray xe lửa	TRÊN ĐƯỜNG RAY TẢU HOẢ DI CHUYỂN RẤT NHANH	Du lịch
tôi chưa nghĩ đến điều đó	TÔI ĐIỀU ĐÓ NGHĨ CHƯA	Cuộc sống thường nhật
mong muốn của bạn trùng với chúng tôi	BẠN MUỐN MONG TRÙNG CHÚNG TÔI VỚI	Công việc
hệ thống đường bộ việt nam ngày càng được đầu tư nâng cấp	Ở VIÊT NAM HỆ THỐNG ĐƯỜNG BỘ ĐẦU TƯ NÂNG CẤP ĐƯỢC NHIỀU	Cuộc sống thường nhật
vâng thịt rất ngon tự làm nó	ĐÚNG THỊT NGON LẮM TỰ TÔI LÀM	Cuộc sống thường nhật
anh có thể nói chậm lại được không em không vội	ANH NÓI CHẬM ĐƯỢC KHÔNG EM VỘI KHÔNG	Cuộc sống thường nhật
tôi thích đồ ăn nóng đặc biệt là ẩm thực tứ xuyên	TÔI ĐỒ ĂN NÓNG THÍCH ĐẶC BIỆT ĐỒ ĂN TỨ XUYÊN	Mối quan hệ
tôi đang nghĩ về việc tham gia lớp học của mình vào học kỳ tới	TÔI NGHĨ THAM GIA LỚP HỌC CỦA MÌNH HỌC KỲ TỚI	Cuộc sống học đường
thôi nào một chuyến đi sẽ làm bạn tốt bạn có làm gì vào cuối tuần này không	DU LỊCH ĐI GIÚP BẠN THƯ GIÃN CUỐI TUẦN NÀY BẠN RẢNH CÓ KHÔNG	Mối quan hệ
bác sĩ dùng chỉ khâu để khâu lại vết thương cho bệnh nhân	BÁC SĨ CHỈ KHÂU DÙNG ĐỂ BỆNH NHÂN VẾT THƯƠNG KHÂU LẠI	Sức khỏe
bạn muốn làm gì hôm nay	HÔM NAY BẠN MUỐN LÀM GÌ	Du lịch
tôi sẽ đặt hẹn lúc 10 giờ nên tôi nên đi	TÔI HẸN LÚC 10 GIỜ NÊN TÔI ĐI BÂY GIỜ	Sức khỏe
nhưng tôi thích cảm giác đó	TÔI CẢM GIÁC ĐÓ THÍCH	Cuộc sống thường nhật
món mỳ thịt bò cho bữa tối rất ngon	BỮA TỐI MỲ THỊT BÒ RẤT NGON	Cuộc sống thường nhật
chắc chắn rồi bạn đang ở đâu	CHẮC CHẮN BẠN Ở ĐÂU	Cuộc sống thường nhật
bạn có sẵn chỗ trên cùng chuyến bay vào ngày hôm sau không	BẠN SẴN CHỖ CÙNG CHUYẾN BAY NGÀY HÔM SAU CÓ KHÔNG	Du lịch
anh ấy đột nhiên nổi giận vì một chuyện rất nhỏ	ANH ẤY NỔI GIẬN ĐỘT NHIÊN BẤT NGỜ VÌ CHUYỆN NHỎ 1	Thái độ và Cảm xúc
bạn đã quen với khí hậu ở đây chưa	BẠN QUEN KHÍ HẬU CHƯA	Mối quan hệ
được rồi đi thôi tôi thấy có khu vực nghỉ ngơi ở phía trước	RỒI ĐI TÔI KHU VỰC NGHỈ NGƠI PHÍA TRƯỚC THẤY	Cuộc sống thường nhật
tôi cũng sẽ đến đó chúng ta có thể đi bộ cùng nhau	TÔI ĐẾN CŨNG CHÚNG TA ĐI BỘ CÙNG NHAU CÓ THỂ	Cuộc sống thường nhật
bạn có thích lái xe buýt không	BẠN XE BUÝT LÁI THÍCH CÓ	Cuộc sống thường nhật
và nó bình tĩnh tôi thích sự bình yên	NÓ BÌNH TĨNH TÔI SỰ BÌNH YÊN THÍCH	Mối quan hệ
tôi có thể đặt một cái gì đó từ nhà bếp	NHÀ BẾP TÔI ĐẶT CÁI GÌ	Du lịch
hôm nay con muốn ăn gì	HÔM NAY CON ĂN MUỐN GI	Cuộc sống thường nhật
các em bé đang nắm tay nhau xếp thành một vòng tròn lớn	CÁC EM BÉ NẮM TAY SẮP XẾP VÒNG TRÒN LỚN	Cuộc sống học đường
bạn hãy nhìn đống thức ăn kia	NHÌN KÌA THỨC ĂN ĐỐNG	Cuộc sống thường nhật
tôi nghĩ bạn nên làm điều đó sớm	TÔI NGHĨ BẠN LÀM SỚM NÊN	Cuộc sống thường nhật
thêm một đô la nữa	MỘT ĐÔ LA THÊM	Cuộc sống thường nhật
cà phê cũng được	CÀ PHÊ CŨNG ĐƯỢC	Cuộc sống thường nhật
bạn sẽ rất hài lòng	BẠN HÀI LÒNG SẼ	Cuộc sống thường nhật
học sinh chơi cầu lông dưới sân	HỌC SINH CẦU LÔNG CHƠI DƯỚI SÂN	Mối quan hệ
lần cuối cùng bạn chơi với nó là khi nào	CUỐI CÙNG BẠN NÓ CHƠI VỚI KHI NÀO	Cuộc sống thường nhật
con gà mái mơ đang dẫn đàn con đi kiếm ăn	CON GÀ MÁI MƠ ĐÀN CON DẪN ĐI ĐỒ ĂN KIẾM TÌM	Cuộc sống thường nhật
anh đang ở giai đoạn giữa phải không	ANH GIAI ĐOẠN GIỮA PHẢI KHÔNG	Mối quan hệ
bạn có nghĩ là tại trung tâm mua sắm có một bán	BẠN NÓI TRUNG TÂM MUA SẮM BÁN CÓ À	Cuộc sống thường nhật
tôi có một bộ đồ cần được giặt	TÔI BỘ ĐỒ GIẶT CẦN	Cuộc sống thường nhật
tôi muốn gia hạn thêm 2 đêm nữa	TÔI GIA HẠN THÊM HAI ĐÊM	Du lịch
tôi đang ở bưu điện	TÔI Ở BƯU ĐIỆN	Mối quan hệ
mùa đông ở nam bán cầu bắt đầu từ tháng sáu	Ở NAM BÁN CẦU MÙA ĐÔNG THÁNG 6 BẮT ĐẦU	Văn hóa và Giáo dục
tôi sẽ xem xét nó	TÔI XEM XÉT SAU	Công việc
bạn có biết về bữa tiệc cuối tuần này không	BẠN BỮA TIỆC CUỐI TUẦN BIẾT CHƯA	Mối quan hệ
thật sao tôi có phải làm điều đó không	THẬT TÔI PHẢI LÀM VẬY	Thái độ và Cảm xúc
xin chào bạn làm thế nào để bạn có được cùng với công việc của bạn	CHÀO BẠN CÔNG VIỆC BẠN DẠO NÀY SAO	Công việc
ngày nào bạn muốn chúng tôi thực hiện cài đặt	LẮP ĐẶT BẠN MUỐN NGÀY NÀO	Cuộc sống thường nhật
tốt nhưng trước tiên tôi cần một số thông tin về bạn	TRƯỚC TIÊN TÔI THÔNG TIN MỘT SỐ VỀ BẠN CẦN	Công việc
anh ấy đã sớm tự lập từ khi còn rất trẻ	ANH ẤY TỰ LẬP SỚM KHI CÒN RẤT TRẺ	Thái độ và Cảm xúc
ồ một bó hoa bạn rất tử tế	BÓ HOA ĐẸP BẠN TỐT BỤNG QUÁ	Thái độ và Cảm xúc
bạn có thể cho tôi biết tổng chi phí của ức gà	BẠN NÓI TÔI BIẾT ỨC GÀ GIÁ TIỀN BAO NHIÊU	Cuộc sống thường nhật
chúng tôi cùng nhau trang trí nhà cửa để đón năm mới	CHÚNG TÔI NHÀ CỬA TRANG TRÍ CÙNG NHAU ĐỂ ĐÓN NĂM MỚI	Cuộc sống thường nhật
ai dạy bạn trang điểm	BẠN TRANG ĐIỂM DẠY AI	Mối quan hệ
thật sao bao nhiêu oh đó là 42 nhân dân tệ đắt như thế nào	THẬT À BAO NHIÊU VẬY 420 000Đ ĐẮT THẬT ĐẤY	Cuộc sống thường nhật
bạn có thể cho tôi biết bạn muốn mua bao nhiêu	BẠN CHO TÔI BIẾT BẠN MUA BAO NHIÊU MUỐN KHÔNG	Công việc
kiến trúc sư vẽ sơ đồ chi tiết cho ngôi nhà	KIẾN TRÚC SƯ NGÔI NHÀ SƠ ĐỒ CHI TIẾT VẼ	Công việc
có vẻ như bạn thực sự đã học được rất nhiều	CÓ VẺ NHƯ BẠN THỰC SỰ RẤT NHIỀU HỌC ĐÃ	Mối quan hệ
đúng vậy vậy bạn làm gì tại spa làm đẹp	ĐÚNG BẠN SPA LÀM ĐẸP LÀM GÌ	Cuộc sống thường nhật
cái này để làm gì	CÁI NÀY LÀM GÌ	Cuộc sống thường nhật
tớ tưởng cậu nói cậu không nhận được việc	TỚ CẬU NÓI CẬU NHẬN VIỆC KHÔNG ĐƯỢC TƯỞNG MÀ	Thái độ và Cảm xúc
tôi cảm thấy không khỏe bạn có thể giúp tôi không	TÔI CẢM THẤY KHÔNG KHỎE BẠN GIÚP TÔI CÓ KHÔNG	Sức khỏe
bé gái thích ngồi nặn những con vật bằng đất sét	BÉ GÁI NGỒI ĐẤT SÉT CON VẬT NẶN THÍCH	Cuộc sống thường nhật
tôi không chắc tôi không biết nhiều về giá ngọc trai	TÔI KHÔNG GIÁ NGỌC TRAI BIẾT NHIỀU KHÔNG	Cuộc sống thường nhật
vâng những đôi giày trên kệ đó đang được bán chúng rẻ hơn nhiều	GIÀY TRÊN KỆ ĐÔI GIẢM GIÁ RẺ NHIỀU	Cuộc sống thường nhật
ai đã chủ trì cuộc họp	QUẢN LÝ CUỘC HỌP AI	Thái độ và Cảm xúc
tôi sẽ cố đi trước mười giờ	TÔI CỐ GẮNG ĐI MƯỜI GIỜ TRƯỚC	Mối quan hệ
tôi cũng vậy nhưng tôi không bao giờ có thể làm vòng tay như thế này	TÔI CŨNG VẬY NHƯNG TÔI BAO GIỜ LÀM ĐƯỢC VÒNG TAY ĐẸP NHƯ THẾ	Cuộc sống thường nhật
chúng tôi đang có một số người bạn bạn đang làm gì	CHÚNG TÔI BẠN MỘT SỐ CÓ BẠN LÀM GÌ	Mối quan hệ
tôi không biết tôi không có ý kiến	TÔI KHÔNG BIẾT TÔI Ý KIẾN KHÔNG CÓ	Công việc
bạn chỉ cảm thấy thế này khi bụng đói thôi sao	KHI ĐÓI BỤNG BẠN CẢM THẤY NHƯ VẬY	Sức khỏe
nhìn những chú kangaroo này	NHÌN NÀY NHỮNG CHUỘT TÚI	Du lịch
thế vận hội ôlimpíc là sự kiện thể thao lớn nhất hành tinh	THẾ VẬN HỘI CUỘC THI OLYM PIC THỂ THAO SỰ KIỆN HÀNH TINH THẾ GIỚI LỚN NHẤT	Văn hóa và Giáo dục
chào bạn em cảm thấy thế nào	BẠN CẢM THẤY THẾ NÀO	Mối quan hệ
tôi muốn một bữa sáng kiểu truyền thống	TÔI BỮA SÁNG KIỂU TRUYỀN THỐNG MUỐN	Cuộc sống thường nhật
ok tôi đi đâu sau đó	SAU ĐÓ TÔI ĐI ĐÂU	Du lịch
cơ thể cảm thấy rất khát nước sau khi tập thể dục	SAU KHI TẬP THỂ DỤC CƠ THỂ CẢM THẤY KHÁT NƯỚC	Sức khỏe
vâng tất cả đều trên kệ	VÂNG TẤT CẢ KỆ TRÊN RỒI	Cuộc sống học đường
tôi đã phân loại chúng thành các nhóm cùng màu	TÔI CÁC NHÓM MÀU GIỐNG PHÂN LOẠI	Cuộc sống thường nhật
tôi rất vui vì chúng ta đã đi đến một thỏa thuận	TÔI VUI VÌ CHÚNG TA THỎA THUẬN XONG	Cuộc sống thường nhật
cảm ơn bạn đã sắp xếp tất cả những điều này	CẢM ƠN VÌ BẠN SẮP XẾP MỌI THỨ	Công việc
bạn có thể cho tôi biết thời gian của tàu đến hà nội không 	BẠN CHO TÔI BIẾT THỜI GIAN TÀU ĐẾN HÀ NỘI ĐƯỢC KHÔNG	Du lịch
chúng ta hãy đi vào	CHÚNG TA ĐI VÀO HÃY	Mối quan hệ
nó có giống ở mỹ không	NÓ GIỐNG Ở MỸ CÓ KHÔNG	Công việc
ok đi lối này làm ơn cái này phù hợp với bạn như thế nào	OK ĐI LỐI NÀY CÁI NÀY BẠN VỪA ĐÚNG KHÔNG	Cuộc sống thường nhật
bạn có tác phẩm nào không	BẠN TÁC PHẨM NÀO CÓ KHÔNG	Công việc
vui lòng bỏ bài viết của bạn vào phong bì này và dán tem	BÀI VIẾT CỦA BẠN PHONG BÌ NÀY BỎ VÀO DÁN TEM	Du lịch
tôi đang cố gọi cho một khách hàng	TÔI CỐ GẮNG GỌI KHÁCH HÀNG	Công việc
không cảm ơn bạn nó trông hơi quá nguy hiểm đối với tôi	NÓ TRÔNG NGUY HIỂM VỚI TÔI	Mối quan hệ
tôi muốn thực hiện một cuộc gọi điện thoại bạn có thể chỉ cho tôi làm thế nào	TÔI ĐIỆN THOẠI THỰC HIỆN BẠN CHỈ CHO TÔI LÀM THẾ NÀO	Công việc
mọi chuyện sẽ dễ dàng hơn khi anh biết thời tiết sẽ như thế nào	MỌI CHUYỆN DỄ DÀNG HƠN KHI BẠN THỜI TIẾT BIẾT THẾ NÀO	Mối quan hệ
bạn có kinh nghiệm làm việc với máy tính không	BẠN KINH NGHIỆM LÀM VIỆC MÁY TÍNH CÓ KHÔNG	Công việc
gã hàng xóm có thói quen rình mò chuyện nhà khác	GÃ HÀNG XÓM THÓI QUEN RÌNH MÒ CHUYỆN NGƯỜI KHÁC	Thái độ và Cảm xúc
hắn lại gọi điện thoại à	HẮN GỌI ĐIỆN THOẠI À	Cuộc sống thường nhật
có chúng tôi có một kế hoạch hưu trí tuyệt vời và bảo hiểm y tế là tốt	CHÚNG TÔI KẾ HOẠCH NGHỈ HƯU TUYỆT VỜI BẢO HIỂM Y TẾ TỐT	Công việc
quỹ học bổng này được tài trợ bởi một doanh nhân	QUỸ HỌC BỔNG NÀY ĐƯỢC 1 DOANH NHÂN TÀI TRỢ	Tài chính
công ty đang thu mua nông sản từ những người nông dân	CÔNG TY NGƯỜI NÔNG DÂN NÔNG SẢN THU MUA	Công việc
này đừng đi trên bãi cỏ	BÃI CỎ DẪM KHÔNG ĐƯỢC	Cuộc sống thường nhật
họ đang nhảy nhót	HỌ NHẢY NHÓT	Cuộc sống thường nhật
bài văn của em có một vài lỗi chính tả cần sửa	BÀI VĂN CỦA EM MỘT VÀI LỖI CHÍNH TẢ SỬA CẦN	Cuộc sống học đường
oh tôi thấy phí dịch vụ là bao nhiêu	TÔI PHÍ DỊCH VỤ BAO NHIÊU HIỂU RỒI À	Tài chính
để tôi xem bạn đã thay đổi bất cứ điều gì trên máy tính của bạn	BẠN MÁY TÍNH THAY ĐỔI GÌ XEM TÔI	Cuộc sống thường nhật
không cuộc họp sẽ được tổ chức trên tầng bốn	CUỘC HỌP TẦNG BỐN TỔ CHỨC KHÔNG	Mối quan hệ
được rồi cửa hàng mở cửa	RỒI CỬA HÀNG MỞ CỬA	Cuộc sống thường nhật
bạn không thấy tôi đang cố hết sức sao	TÔI CỐ HẾT SỨC ĐANG KHÔNG THẤY BẠN À	Mối quan hệ
hôm nay chúng em được học về phép tính nhân trong toán học	HÔM NAY CHÚNG EM PHÉP NHÂN TRONG MÔN TOÁN HỌC ĐƯỢC	Cuộc sống học đường
mỗi tối cả nhà tôi quây quần dưới ánh đèn điện ấm cúng	MỖI TỐI CẢ NHÀ TÔI DƯỚI ÁNH ĐIỆN ẤM CÚNG QUÂY QUẦN	Cuộc sống thường nhật
chào bạn hôm nay bạn khỏe không	CHÀO HÔM NAY BẠN KHỎE KHÔNG	Cuộc sống thường nhật
tôi thích con dê nhất	TÔI CON DÊ THÍCH NHẤT	Thái độ và Cảm xúc
bạn còn muốn hỏi gì thêm không	BẠN MUỐN HỎI THÊM GÌ	Cuộc sống thường nhật
mạng xã hội ngày càng trở nên phổ biến với giới trẻ	MẠNG XÃ HỘI GIỚI TRẺ PHÁT TRIỂN	Cuộc sống thường nhật
căng thẳng trong công việc khiến tôi thường xuyên bị mất ngủ	TRONG CÔNG VIỆC CĂNG THẲNG KHIẾN TÔI MẤT NGỦ THƯỜNG XUYÊN	Sức khỏe
tôi bắt tàu ở đâu	TÔI TÀU HOẢ BẮT ĐẦU ĐI Ở ĐÂU	Du lịch
nghe có vẻ hoàn hảo	NGHE CÓ VẺ HOÀN HẢO	Tài chính
hẹn gặp lại vào buổi chiều	BẠN BUỔI CHIỀU GẶP LẠI HẸN	Công việc
tôi mặc size 36 trông đẹp đấy tôi có thể thử được không	TÔI SIZE 36 MẶC TRÔNG ĐẸP TÔI THỬ ĐƯỢC KHÔNG	Cuộc sống thường nhật
bạn tên gì	BẠN TÊN GÌ	Cuộc sống thường nhật
chúng tôi đã xem một vở kịch rất hay tại nhà hát	TAI NHÀ HÁT CHÚNG TÔI VỞ KỊCH HAY 1 ĐÃ XEM	Văn hóa và Giáo dục
tôi cũng tự hỏi về tiền lương	TÔI MỨC LƯƠNG BĂN KHOĂN	Thái độ và Cảm xúc
bạn luôn có thể lấy 264	BẠN LẤY 264 LUÔN LUÔN	Cuộc sống thường nhật
oh đây là sức khỏe của bạn	CHÚC SỨC KHỎE BẠN	Thái độ và Cảm xúc
ok bạn có vui lòng ký tên vào mặt sau của séc không	ĐƯỢC RỒI BẠN TỜ SÉC MẶT SAU VÀO KÝ VUI LÒNG NHÉ	Tài chính
tôi có thể đặt phòng khách sạn không	TÔI KHÁCH SẠN PHÒNG ĐẶT CÓ THỂ	Du lịch
tôi sẽ làm gì khi chưa nhận được hóa đơn	TÔI HÓA ĐƠN NHẬN CHƯA BÂY GIỜ TÔI LÀM GÌ	Tài chính
nhìn xem nó dày thế nào	NHÌN NÓ DÀY THẾ NÀO	Cuộc sống thường nhật
tôi có thể tìm thấy nó	TÔI TÌM THẤY CÓ THỂ	Cuộc sống thường nhật
cậu bé ấy rất thông minh nhưng lại có tính hay lười biếng	CẬU BÉ ẤY THÔNG MINH NHƯNG TÍNH LƯỜI BIẾNG CÓ	Thái độ và Cảm xúc
tết nguyên đán rồi nghĩa là đến giờ ăn lẩu rồi	TẾT RỒI GIỜ LẨU ĂN ĐẾN RỒI	Cuộc sống thường nhật
leo núi khó như thế nào	LEO NÚI KHÓ THẾ NÀO	Mối quan hệ
tài xế cho tôi xuống đây	TÀI XẾ TÔI XUỐNG ĐÂY	Cuộc sống thường nhật
được rồi anh đã nộp báo cáo của tôi cho hắn chưa	ANH BẢN BÁO CÁO TÔI NỘP CHO ANH TA CHƯA	Công việc
tôi biết tầm quan trọng của thời gian	TÔI THỜI GIAN QUAN TRỌNG BIẾT	Thái độ và Cảm xúc
một bàn bên ngoài có sẵn ngay bây giờ nếu bạn muốn được ngồi ngay lập tức	BÀN NGOÀI TRỜI TRỐNG CÓ NGAY BÂY GIỜ NẾU BẠN MUỐN NGỒI LUÔN	Mối quan hệ
rất vui được gặp lại bạn tôi ở đây cùng những tài liệu đó	RẤT VUI GẶP LẠI BẠN TÔI CÙNG TÀI LIỆU ĐÓ	Tài chính
tôi có thể biết về giờ làm việc không	TÔI GIỜ LÀM VIỆC BIẾT CÓ KHÔNG	Công việc
điều đó không sao cảm ơn tất cả như nhau	KHÔNG SAO CẢM ƠN TẤT CẢ	Mối quan hệ
 tôi không biết mình bị làm sao tôi chỉ cảm thấy kiệt sức	TÔI BỊ CÁI GÌ KHÔNG BIẾT CẢM THẤY MỆT MỎI	Mối quan hệ
cha mẹ luôn dang rộng vòng tay che chở cho con cái mình	CHA MẸ VÒNG TAY RỘNG CON CÁI CHE CHỞ LUÔN	Mối quan hệ
bạn nghĩ gì về nhà cung cấp mới	BẠN NHÀ CUNG CẤP MỚI NGHĨ THẾ NÀO	Công việc
vậy ý anh là chỉ có mình anh dũng cảm ở đó	ANH DÁM LÀM Ở ĐÓ MỘT MÌNH THÔI À	Cuộc sống thường nhật
múa rối nước là một nghệ thuật dân gian độc đáo	MÚA RỐI NƯỚC NGHỆ THUẬT DÂN GIAN 1	Văn hóa và Giáo dục
người nông dân quanh năm vất vả với công việc làm ruộng	NGƯỜI NÔNG DÂN VẤT VẢ RUỘNG LÀM QUANH NĂM	Cuộc sống thường nhật
vé và tiền lẻ của ông đây	ĐÂY VÉ VÀ TIỀN CỦA ÔNG	Du lịch
công ty đã xây dựng một mạng lưới phân phối sản phẩm trên toàn quốc	CÔNG TY MẠNG LƯỚI PHÂN PHỐI XÂY DỰNG TOÀN QUỐC	Công việc
cô giáo đang dạy chúng em cách cộng số thập phân	CÔ GIÁO DẠY CHÚNG EM CỘNG SỐ THẬP PHÂN	Cuộc sống học đường
cửa hàng mới treo một tấm biển hiệu rất bắt mắt và sáng sủa	CỬA HÀNG MỚI TẤM BIỂN HIỆU 1 TREO NỔI BẬT RÕ RÀNG	Công việc
bác sĩ tôi bị ho nặng và đau đầu	BÁC SĨ ƠI TÔI HO NHIỀU ĐAU ĐẦU	Sức khỏe
có chuyện gì vậy	CHUYỆN GÌ	Cuộc sống thường nhật
hành vi hăm dọa người khác là vi phạm pháp luật nghiêm trọng	HÀNH VI HĂM DỌA NGƯỜI KHÁC VI PHẠM PHÁP LUẬT NGHIÊM TRỌNG	Chính trị
tôi muốn đi đến broadway và 82nd street tôi có thể đi bất kỳ xe buýt mà đi cùng	TÔI ĐƯỜNG BROADWAY 82 ĐẾN MUỐN TÔI XE BUÝT NÀO ĐI ĐƯỢC	Cuộc sống thường nhật
xin lỗi vì làm gián đoạn tôi có thể nói chuyện với bạn không	XIN LỖI TÔI PHIỀN LÀM VÌ BẠN MỘT CHÚT NÓI CHUYỆN CÓ THỂ ĐƯỢC KHÔNG	Mối quan hệ
tập hít thở sâu mỗi ngày rất tốt cho lá phổi của bạn	MỖI NGÀY HÍT THỞ SÂU TẬP BẠN LÁ PHỔI TỐT	Sức khỏe
tôi là một ca sĩ	TÔI CA SĨ	Mối quan hệ
đây là nhà hàng white rose tôi có thể giúp gì cho bạn	NHÀ HÀNG WHITE ROSE NGHE GIÚP GÌ BẠN	Cuộc sống thường nhật
đây là một vật kỷ niệm của ông nội đã để lại	ĐÂY LÀ VẬT KỶ NIỆM CỦA ÔNG NỘI ĐỂ LẠI	Mối quan hệ
tôi cần xem vé của bạn bạn có nó không	TÔI VÉ BẠN XEM CHO ĐƯỢC KHÔNG	Cuộc sống thường nhật
nó đáng lẽ phải là bao nhiêu	NÓ LẼ RA BAO NHIÊU	Tài chính
tôi đã hú vía khi suýt nữa bị ngã xe	TÔI HÚ VÍA SỢ KHI SUÝT NGÃ XE	Thái độ và Cảm xúc
tôi cũng được còn bạn thì sao	TÔI ĐƯỢC CŨNG BẠN THẾ NÀO	Cuộc sống thường nhật
hệ thống chính trị ở nước bạn hoạt động như thế nào	ĐẤT NƯỚC CỦA BẠN HỆ THỐNG CHÍNH TRỊ HOẠT ĐỘNG NHƯ THẾ NÀO	Chính trị
vâng tạm biệt và có một chuyến đi tốt	TẠM BIỆT CHÚC BẠN CHUYẾN ĐI VUI VẺ	Mối quan hệ
xin chào tôi muốn nói chuyện với ai đó về thẻ của tôi	XIN CHÀO TÔI MUỐN NÓI CHUYỆN VỚI AI ĐÓ VỀ THẺ CỦA TÔI	Tài chính
tôi chắc chắn và tôi nhớ số điện thoại của bạn tôi sẽ gọi cho bạn	SỐ ĐIỆN THOẠI CỦA BẠN TÔI NHỚ CHẮC CHẮN GỌI SAU SẼ	Mối quan hệ
đây là thẻ lên máy bay của bạn chúc bạn có một chuyến bay tốt đẹp	THẺ LÊN MÁY BAY CỦA BẠN CHÚC CHUYẾN BAY TỐT ĐẸP	Du lịch
tối nay trường tôi tổ chức một buổi biểu diễn văn nghệ	TỐI NAY TRƯỜNG TÔI BUỔI VĂN NGHỆ TỔ CHỨC BIỂU DIỄN	Cuộc sống học đường
bạn có biết việt nam có động đất không	VIỆT NAM ĐỘNG ĐẤT CÓ KHÔNG	Cuộc sống thường nhật
phải trăng tròn rồi	VÂNG MẶT TRĂNG TRÒN	Cuộc sống thường nhật
tôi không nghĩ chúng ta có thức ăn	TÔI NGHĨ KHÔNG CHÚNG TA THỨC ĂN CÓ	Cuộc sống thường nhật
tôi đang tìm một đôi giày thể thao màu trắng để đi với quần jean của tôi	TÔI GIÀY THỂ THAO MÀU TRẮNG TÌM	Cuộc sống thường nhật
phong cảnh vịnh hạ long quả thực đẹp mê hồn du khách	VỊNH HẠ LONG PHONG CẢNH ĐẸP DU KHÁCH HẤP DẪN	Du lịch
vâng đúng vậy có một thời gian thú vị với nhau là mục tiêu	VÂNG ĐÚNG CÓ KHOẢNG THỜI GIAN VUI VẺ BÊN NHAU QUAN TRỌNG NHẤT	Du lịch
thời tiết như thế nào ở washington vào thời điểm này trong năm nay	THỜI TIẾT WASHINGTON DẠO NÀY THẾ NÀO	Mối quan hệ
vâng tôi tốt nghiệp vào tháng 6 vừa qua	TÔI TỐT NGHIỆP THÁNG SÁU	Công việc
những cây này vừa mới được trồng	NHỮNG CÂY NÀY Ở ĐÂY TRỒNG MỚI	Cuộc sống thường nhật
bạn đánh thức em bé dậy giùm tôi được không	BẠN ĐÁNH THỨC EM BÉ GIÚP TÔI ĐƯỢC KHÔNG	Cuộc sống thường nhật
chào bạn chồng cô có nấu ăn cho cô không	CHỒNG CHỊ CHỊ NẤU ĂN CHO KHÔNG	Cuộc sống thường nhật
cuối cùng bạn đã trở lại	CUỐI CÙNG BẠN TRỞ LẠI RỒI	Cuộc sống thường nhật
có một lớp học vào thứ ba và thứ năm từ 2 đến 4	LỚP HỌC THỨ BA THỨ NĂM 2 GIỜ ĐẾN 4 GIỜ CÓ	Cuộc sống học đường
bạn thích điều đó chứ	BẠN ĐIỀU ĐÓ THÍCH	Mối quan hệ
sau một ngày làm việc căng thẳng tôi cần được thư giãn	SAU NGÀY 1 LÀM VIỆC CĂNG THẲNG MỆT MỎI TÔI THƯ GIÃN CẦN	Sức khỏe
anh ấy được cử làm đại diện cho công ty đi đàm phán	ANH ẤY CÔNG TY ĐẠI DIỆN ĐI ĐÀM PHÁN GẶP KHÁCH HÀNG	Công việc
không tôi có thể nhận tin nhắn không	KHÔNG TÔI TIN NHẮN NHẬN ĐƯỢC KHÔNG	Cuộc sống thường nhật
chính xác thì hắn đã làm gì	ANH TA LÀM GÌ CHÍNH XÁC	Cuộc sống thường nhật
có tôi có thể mua quần ở đâu	TÔI QUẦN MUA Ở ĐÂU	Cuộc sống thường nhật
tuyệt vậy chuyến đi kéo dài bao lâu	TUYỆT CHUYẾN ĐI THỜI GIAN BAO NHIÊU	Du lịch
tôi chắc chắn sẽ lấy nó vào ngày mai	NGÀY MAI TÔI CHẮC CHẮN NÓ LẤY	Cuộc sống thường nhật
tôi không cần hai tài khoản khác nhau nữa	TÔI KHÔNG CẦN DÙNG HAI TÀI KHOẢN KHÁC NHAU NỮA	Tài chính
việt nam có 54 dân tộc anh em cùng chung sống	VIỆT NAM ANH EM DÂN TỘC 54 CÓ SỐNG CÙNG NHAU	Văn hóa và Giáo dục
bạn có mô tả mình là một người hút thuốc nặng không	BẠN MIÊU TẢ MÌNH NGƯỜI NGHIỆN HÚT THUỐC CÓ KHÔNG	Mối quan hệ
thôi được rồi vào nhà đi	RỒI MỜI VÀO	Cuộc sống thường nhật
chúng tôi có bánh chanh bánh táo cà phê rượu rum và kem	CHÚNG TÔI BÁNH CHANH BÁNH TÁO CÀ PHÊ RƯỢU RUM KEM	Cuộc sống thường nhật
tôi có thể hỏi cô gái đó tên gì không	TÔI CÔ GÁI ĐÓ TÊN GÌ HỎI CÓ THỂ KHÔNG	Mối quan hệ
không tôi chỉ có một cái túi thôi	KHÔNG TÔI CÁI TÚI CÓ MỘT THÔI	Du lịch
có bất cứ điều gì sai	CÓ VẤN ĐỀ GÌ	Cuộc sống thường nhật
trà sáng	TRÀ BUỔI SÁNG	Cuộc sống thường nhật
nhưng bóng đá rất vui	NHƯNG BÓNG ĐÁ VUI	Cuộc sống thường nhật
tôi không quan tâm	TÔI QUAN TÂM KHÔNG	Thái độ và Cảm xúc
tôi cần sách của tôi	SÁCH CỦA TÔI CẦN	Cuộc sống thường nhật
xin lỗi nhưng bạn có chiếc áo phông cỡ l này không	XIN LỖI NHƯNG BẠN ÁO PHÔNG CỠ L CÓ KHÔNG	Cuộc sống thường nhật
vâng nhìn vào chảo nhôm của chúng tôi nó nhẹ hơn nhiều	VÂNG XEM CÁI CHẢO NHÔM CHÚNG TÔI ĐI NÓ NHẸ HƠN NHIỀU	Cuộc sống thường nhật
tôi không có thời gian để lãng phí tôi đã ở đây gần một giờ đầy đủ	TÔI THỜI GIAN LÃNG PHÍ KHÔNG CÓ TÔI Ở ĐÂY MỘT GIỜ GẦN	Thái độ và Cảm xúc
được rồi bạn có mang theo thẻ ngân hàng hay sổ tiết kiệm không	BẠN NGÂN HÀNG THẺ HAY SỔ TIẾT KIỆM MANG THEO CÓ KHÔNG	Tài chính
họ đã học được rất nhiều 	HỌ HỌC ĐƯỢC NHIỀU	Cuộc sống học đường
cô giáo dùng kéo cắt giấy thủ công rất khéo léo	CÔ GIÁO GIẤY THỦ CÔNG KÉO CẮT KHÉO LÉO	Cuộc sống học đường
đó là đêm đầu tiên của tôi ở huế tôi nên ăn gì	ĐÊM ĐẦU TIÊN CỦA TÔI Ở HUẾ TÔI ĂN GÌ	Cuộc sống thường nhật
tôi tưởng bạn nói bạn muốn ăn đồ ăn hà lan	BẠN ĐỒ ĂN HÀ LAN ĂN MUỐN	Cuộc sống thường nhật
bạn nghĩ sao về trận đấu sắp tới	BẠN TRẬN ĐẤU SẮP NGHĨ GÌ	Mối quan hệ
tôi nghĩ là mắt cá chân của tôi bị đau	MẮT CỦA TÔI ĐAU	Cuộc sống thường nhật
tôi muốn thuê một chiếc xe hơi bạn có loại xe nào	XE THUÊ MUỐN BẠN LOẠI CÓ GÌ	Mối quan hệ
nó là ánh sáng	NÓ ÁNH SÁNG	Cuộc sống thường nhật
vị kiến trúc sư tài ba đã thiết kế tòa nhà này	VỊ KIẾN TRÚC SƯ GIỎI TOÀ NHÀ NÀY THIẾT KẾ VẼ	Công việc
xin chào 35	XIN CHÀO 35 ĐÂY	Cuộc sống thường nhật
được rồi cảm ơn bạn đã chơi với tôi	RỒI BẠN CHƠI VỚI CẢM ƠN	Cuộc sống thường nhật
chúng ta làm gì bây giờ	BÂY GIỜ CHÚNG TA LÀM GÌ	Cuộc sống thường nhật
tôi rất thích xem bọn trẻ chơi trốn tìm	TÔI XEM TRẺ EM TRỐN TÌM CHƠI THÍCH	Cuộc sống thường nhật
chúng ta nên xem thử bây giờ bạn cao bao nhiêu	CHÚNG TA XEM THỬ BÂY GIỜ BẠN CAO BAO NHIÊU	Mối quan hệ
xin chào tôi đã đặt phòng cho tối nay ngày 15	TÔI PHÒNG ĐĂNG KÝ TỐI NAY NGÀY 15	Du lịch
bạn đang viết thư cho ai	BẠN VIẾT THƯ CHO AI	Mối quan hệ
khả năng tính nhẩm của bạn lan rất nhanh và chính xác	BẠN TÍNH NHẨM NHANH CHÍNH XÁC	Cuộc sống học đường
hãy luôn ngẩng đầu sống hiên ngang và không hổ thẹn	SỐNG NGẨNG ĐẦU HIÊN NGANG HỔ THẸN KHÔNG	Thái độ và Cảm xúc
bạn muốn ngồi ở đâu	BẠN NGỒI MUỐN Ở ĐÂU	Mối quan hệ
nghe thuyết phục bạn sẽ tính phí bao nhiêu cho nó	NGHE THUYẾT PHỤC BẠN TÍNH PHÍ CHO NÓ BAO NHIÊU	Du lịch
vì tôi biết anh ấy thích giúp tôi nướng thịt	VÌ TÔI BIẾT ANH ẤY GIÚP TÔI NƯỚNG THỊT THÍCH	Cuộc sống thường nhật
vâng tôi sẽ đi hội chợ với gia đình	TÔI HỘI CHỢ ĐI GIA ĐÌNH CÙNG	Mối quan hệ
một con bướm xinh đẹp đang bay lượn trong vườn hoa	CON BƯỚM 1 XINH ĐẸP VƯỜN HOA BAY LƯỢN	Cuộc sống thường nhật
tôi hiểu vì vậy tôi nên lấy một chai chardonnay đó là một loại rượu vang trắng phải không	TÔI HIỂU VẬY TÔI MỘT CHAI LẤY NÊN RƯỢU VANG TRẮNG ĐÓ ĐÚNG KHÔNG	Cuộc sống thường nhật
họ có gửi cho tôi một mẫu đơn nói rằng tôi đã được trợ cấp thất nghiệp không	HỌ MẪU ĐƠN TRỢ CẤP THẤT NGHIỆP GỬI TÔI KHÔNG	Cuộc sống thường nhật
xin chào bạn đã đến văn phòng của maddox và mcknight tôi có thể giúp gì cho bạn	XIN CHÀO BẠN GỌI VĂN PHÒNG MADDOX MCKNIGHT TÔI GIÚP GÌ BẠN	Công việc
hay là chúng ta thử mátxa thái nhé	CHÚNG TA MÁT XA THÁI THỬ	Mối quan hệ
chiếc lược này được làm thủ công từ sừng bò rất đẹp	CHIẾC LƯỢC NÀY LÀM THỦ CÔNG TỪ SỪNG BÒ ĐẸP	Văn hóa và Giáo dục
tôi không sao với chuyện đó	TÔI CHUYỆN ĐÓ VẤN ĐỀ KHÔNG CÓ	Cuộc sống thường nhật
tại sao để chào đón năm mới tất nhiên	CHÀO ĐÓN NĂM MỚI TẠI SAO	Mối quan hệ
tôi đang tìm một cửa hàng tạp hóa có bất kỳ xung quanh đây	TÔI CỬA HÀNG TẠP HÓA TÌM CÓ CÁI NÀO GẦN ĐÂY KHÔNG	Cuộc sống thường nhật
cô giáo đang giảng bài rất say sưa trên bục giảng	CÔ GIÁO BỤC GIẢNG GIẢNG BÀI SAY SƯA	Cuộc sống học đường
hôm nay tôi đang có tâm trạng tốt thực sự còn bạn thì sao	HÔM NAY TÔI TÂM TRẠNG TỐT CÒN BẠN THÌ SAO	Mối quan hệ
có phải ông david richton không	CÓ PHẢI ÔNG LÀ KHÔNG	Công việc
công việc khá khó khăn nhưng nó rất thú vị	CÔNG VIỆC KHÓ NHƯNG THÚ VỊ	Mối quan hệ
khi bạn đọc xong cuốn sách tôi sẽ lấy bộ phim và xem cùng bạn	BẠN ĐỌC XONG SÁCH TÔI LẤY PHIM XEM CÙNG	Mối quan hệ
để tính diện tích tam giác ta lấy cạnh đáy nhân chiều cao	TÍNH DIỆN TÍCH TAM GIÁC CHÚNG TA CẠNH ĐÁY NHÂN CHIỀU CAO	Cuộc sống học đường
bạn bây giờ bạn còn cần biết gì nữa không	GÌ BẠN MUỐN BIẾT THÊM CÒN KHÔNG	Công việc
chắc chắn rồi bạn thích gì	BẠN THÍCH CÁI NÀO	Công việc
làm ơn cho tôi biết cách tìm việc trên mạng được không	LÀM ƠN VIỆC LÀM MẠNG TÌM CHO TÔI BIẾT ĐƯỢC KHÔNG	Công việc
làm ơn cho tôi vài cái ly jane	JANE TÔI LY VÀI CÁI CHO	Cuộc sống thường nhật
tôi sẽ gửi cho bạn bản kế hoạch chi tiết qua email vào sáng mai	SÁNG MAI BẢN KẾ HOẠCH CHI TIẾT CHO BẠN TÔI EMAIL GỬI	Công việc
bài tập về nhà là chuyển đổi số đo từ mét sang centimet	BÀI TẬP VỀ NHÀ LÀ TỪ MÉT M SANG XĂNG TI MÉT CM ĐỔI	Cuộc sống học đường
gương mặt cô ấy rạng rỡ niềm vui và hạnh phúc	CÔ ẤY GƯƠNG MẶT VUI VÀ HẠNH PHÚC	Thái độ và Cảm xúc
vâng nhưng cô ấy rất bận rộn ngay bây giờ bạn có thể gọi cho cô sau	CÔ ẤY BẬN LẮM BẠN GỌI LẠI SAU	Cuộc sống thường nhật
rán cá là một kĩ năng nấu nướng quan trọng	RÁN CÁ LÀ KĨ NĂNG NẤU NƯỚNG QUAN TRỌNG	Cuộc sống thường nhật
tôi tin rằng mình sẽ làm được bài tập khó này	TÔI TIN RẰNG MÌNH BÀI TẬP KHÓ NÀY LÀM ĐƯỢC	Cuộc sống học đường
tối nay chúng ta hãy cùng nhau ra ngoài ăn tối nhé	TỐI NAY CHÚNG TA CÙNG NHAU ĂN TỐI Ở NGOÀI	Cuộc sống thường nhật
tất cả những đứa trẻ đã có kỳ nghỉ thật vui	TẤT CẢ NHỮNG ĐỨA TRẺ KỲ NGHỈ VUI	Cuộc sống thường nhật
ngoài lương ra tôi còn được hưởng những quyền lợi gì	LƯƠNG RỒI TÔI NHỮNG QUYỀN LỢI ĐƯỢC HƯỞNG GÌ	Công việc
bạn có vấn đề với tài khoản của mình không	TÀI KHOẢN BẠN VẤN ĐỀ GÌ CÓ À	Tài chính
thung lũng mường hoa ở sapa có khung cảnh thật thơ mộng	Ở SA PA THUNG LŨNG MƯỜNG HOA KHUNG CẢNH PHONG CẢNH THƠ MỘNG ĐẸP CÓ	Du lịch
cảm ơn bạn họ rất đẹp	CẢM ƠN BẠN HỌ RẤT ĐẸP	Công việc
tôi không chắc về điều đó bạn có biết không	TÔI KHÔNG BẠN BIẾT KHÔNG	Công việc
nó đã sẵn sàng	NÓ SẴN SÀNG RỒI	Cuộc sống thường nhật
bác sĩ khuyên tôi nên uống thêm thuốc bổ để tăng cường sức khỏe	BÁC SĨ KHUYÊN TÔI THUỐC BỔ UỐNG THÊM SỨC KHOẺ TĂNG CƯỜNG	Sức khỏe
để tôi xem tôi xin lỗi vì chúng tôi đã bán hết	TÔI XEM RẤT TIẾC CHÚNG TÔI BÁN HẾT RỒI	Cuộc sống thường nhật
thời tiết nồm làm cho không khí trong nhà rất ẩm ướt	THỜI TIẾT NỒM KHÔNG KHÍ TRONG NHÀ ẨM ƯỚT	Cuộc sống thường nhật
có cần phải thổi ngay cạnh điện thoại không	CẦN THỔI NGAY CẠNH ĐIỆN THOẠI KHÔNG	Cuộc sống thường nhật
tôi muốn làm một cái giỏ bây giờ nếu tôi có thể	NẾU TÔI CÁI GIỎ LÀM BÂY GIỜ	Cuộc sống thường nhật
chắc chắn khi nào là thời điểm tốt cho bạn	ĐƯỢC THÔI LÚC NÀO BẠN TIỆN	Mối quan hệ
chiếc khóa quần của tôi bị hỏng nên cần phải sửa ngay	TÔI QUẦN CHIẾC KHOÁ HỎNG NÊN SỬA NGAY CẦN	Cuộc sống thường nhật
một hai ba bốn năm sáu bảy tám chín mười	MỘT HAI BA BỐN NĂM SÁU BẢY TÁM CHÍN MƯỜI	Cuộc sống thường nhật
cần cù chăm chỉ là đức tính truyền thống của phụ nữ việt nam	PHỤ NỮ VIỆT NAM CẦN CÙ CHĂM CHỈ ĐỨC TÍNH TRUYỀN THỐNG CÓ	Văn hóa và Giáo dục
vâng súp chua theo phong cách tứ xuyên đó là gợi ý của đầu bếp của chúng tôi	SÚP CHUA KIỂU TỨ XUYÊN ĐẦU BẾP CHÚNG TÔI GỢI Ý LÀ ĐÓ VÂNG	Cuộc sống thường nhật
sáng sớm mai cả gia đình tôi sẽ lên đường đi nghỉ mát	SÁNG SỚM CẢ GIA ĐÌNH TÔI ĐI NGHỈ MÁT	Du lịch
tôi thích thịt cừu nhưng chồng tôi thì không	TÔI THÍCH THỊT CỪU CHỒNG TÔI KHÔNG	Cuộc sống thường nhật
tôi hy vọng nó sẽ ổn vào ngày mai tôi sẽ có một chuyến dã ngoại với gia đình tôi	TÔI MAI TRỜI ĐẸP HY VỌNG TÔI GIA ĐÌNH DÃ NGOẠI CÓ	Mối quan hệ
chắc chắn rồi tôi nhấn nút nào để bắn	CHẮC CHẮN RỒI TÔI NÚT BẮN NHẤN NÀO	Mối quan hệ
chúng tôi rủ nhau đi ăn bún đậu mắm tôm cuối tuần	CHÚNG TÔI BÚN ĐẬU MẮM TÔM ĐI ĂN CÙNG NHAU CUỐI TUẦN	Cuộc sống thường nhật
chuyến bay đã bị hoãn lại do thời tiết xấu bất thường	CHUYẾN BAY THỜI TIẾT XẤU HOÃN DO	Du lịch
hãy cho chúng tôi xem bây giờ	CHÚNG TÔI CHO XEM BÂY GIỜ	Cuộc sống thường nhật
vâng thưa ông mấy giờ	GIỜ MẤY	Cuộc sống thường nhật
giá của những quả xoài này là bao nhiêu	NHỮNG QUẢ XOÀI NÀY TIỀN BAO NHIÊU	Cuộc sống thường nhật
vâng điều quan trọng nhất trong giao tiếp là sự chân thành của bạn	VÂNG TRONG GIAO TIẾP QUAN TRỌNG NHẤT CHÂN THÀNH CỦA BẠN	Công việc
thôi nào em yêu đến lúc rồi	ĐI THÔI EM YÊU ĐẾN GIỜ RỒI	Văn hóa và Giáo dục
bạn sẽ có 10 ngày nghỉ được trả lương mỗi năm	BẠN NGHỈ PHÉP CÓ LƯƠNG MỖI NĂM 10 NGÀY SẼ CÓ	Công việc
ý bạn là mấy thứ màu đỏ đó hả chúng là hoa hồng đấy	BẠN NÓI MÀU ĐỎ ĐÓ CHÚNG HOA HỒNG	Mối quan hệ
thời tiết có trở nên lạnh hơn vào ban đêm không	BAN ĐÊM THỜI TIẾT LẠNH HƠN CÓ KHÔNG	Sức khỏe
mọi thứ có vẻ hấp dẫn bạn muốn có gì	MỌI THỨ HẤP DẪN BẠN MUỐN GÌ	Cuộc sống thường nhật
gia đình tôi đã có một chuyến du lịch đến sóc trăng	GIA ĐÌNH TÔI CHUYẾN DU LỊCH SÓC TRĂNG CÓ	Du lịch
nhân viên kho đang phân loại hàng hóa theo từng danh mục khác nhau	NHÂN VIÊN KHO ĐỒ DÙNG CHIA RA THEO DANH SÁCH KHÁC NHAU	Công việc
tôi có thể thực hiện bảo quản bây giờ	TÔI LÀM THỦ TỤC BẢO QUẢN BÂY GIỜ ĐƯỢC KHÔNG	Cuộc sống thường nhật
thật tuyệt chúng tôi cũng sẽ cần chi tiết về nghề nghiệp của bạn	THẬT TUYỆT CHÚNG TÔI CHI TIẾT NGHỀ NGHIỆP CỦA BẠN CẦN CŨNG	Tài chính
bạn vừa ngủ	BẠN NGỦ	Mối quan hệ
bạn có thể thấy giờ trên đồng hồ tôi có thời gian radio bạn biết đấy	BẠN ĐỒNG HỒ GIỜ THẤY TÔI THỜI GIAN RADIO BẠN BIẾT	Cuộc sống thường nhật
vâng bạn tính phí bao nhiêu cho nó	CÁI ĐÓ ANH TÍNH BAO NHIÊU TIỀN	Cuộc sống thường nhật
chuyến đi nghỉ dưỡng ở vĩnh phúc thật là tuyệt vời và đáng nhớ	CHUYẾN NGHỈ DƯỠNG VĨNH PHÚC TUYỆT VỜI ĐÁNG NHỚ	Du lịch
bữa sáng của tôi hôm nay là một gói xôi đỗ xanh	SÁNG HÔM NAY TÔI XÔI ĐỖ XANH ĂN	Cuộc sống thường nhật
ừ điểm trung bình của tớ giờ tệ lắm rồi	ĐIỂM TRUNG BÌNH CỦA TỚ BÂY GIỜ KÉM RỒI	Cuộc sống học đường
chúng tôi xếp thành hàng ngang để chuẩn bị cho buổi lễ	CHÚNG TÔI HÀNG NGANG XẾP THÀNH ĐỂ BUỔI LỄ CHUẨN BỊ CHO	Cuộc sống học đường
nhưng trông bạn vẫn ổn	NHƯNG BẠN TRÔNG ỔN	Du lịch
thầy giáo dạy chúng em cách vẽ một góc vuông thật chính xác	THẦY GIÁO CHÚNG EM DẠY GÓC VUÔNG 1 VẼ CHÍNH XÁC	Cuộc sống học đường
hoan hô tôi có thể chơi bóng đá với cha mẹ và em gái có thê chơi cầu lông	TÔI BỐ BÓNG ĐÁ CHƠI MẸ EM GÁI CẦU LÔNG CHƠI CÓ THỂ	Cuộc sống thường nhật
sếp anh nói gì	ÔNG CHỦ CỦA BẠN NÓI GÌ	Thái độ và Cảm xúc
bạn có thể giúp tôi xin vui lòng	BẠN GIÚP TÔI CÓ THỂ VUI LÒNG	Cuộc sống thường nhật
không tôi không thể vẽ tôi đang yêu cầu cháu gái của tôi cô ấy thực sự thích nó	TÔI VẼ KHÔNG THỂ CHÁU GÁI CỦA TÔI YÊU CẦU CÔ ẤY NÓ THÍCH	Cuộc sống thường nhật
nó ở tầng 2 trong phòng 201	NÓ TẦNG 2 PHÒNG 201	Công việc
năm giờ rưỡi	GIỜ NĂM RƯỠI	Mối quan hệ
tôi đã đến trung tâm thể thao mỹ đình để xem trận đấu bóng đá vào chủ nhật tuần trước	CHỦ NHẬT TUẦN TRƯỚC TÔI ĐẾN TRUNG TÂM THỂ THAO MỸ ĐÌNH XEM BÓNG ĐÁ	Du lịch
còn mây thì sao	CÒN MÂY THẾ NÀO	Du lịch
những đám mây trắng bồng bềnh trôi trên nền trời xanh biếc	TRÊN TRỜI XANH NHỮNG ĐÁM MÂY TRẮNG BỒNG BỀNH TRÔI	Cuộc sống thường nhật
bạn có thể đi xe buýt số 2 ở đây	Ở ĐÂY XE BUÝT SỐ 2 BẠN ĐI CÓ THỂ	Cuộc sống thường nhật
đứa trẻ quỳ xuống xin lỗi mẹ vì đã phạm lỗi rất lớn	ĐỨA TRẺ MẸ XIN LỖI QUỲ XUỐNG LỖI NẶNG MẮC	Thái độ và Cảm xúc
đó là câu trả lời tốt tôi đánh giá cao sự thẳng thắn của bạn	ĐÓ CÂU TRẢ LỜI HAY TÔI RẤT TRÂN TRỌNG BẠN SỰ THẲNG THẮN CỦA	Công việc
làm thế nào để liên lạc với họ	LIÊN LẠC VỚI HỌ LÀM THẾ NÀO	Du lịch
tôi hiểu vậy tại sao cuối cùng anh lại quyết định rời đi	TÔI HIỂU CUỐI CÙNG BẠN QUYẾT ĐỊNH RỜI ĐI TẠI SAO	Công việc
chúng tôi sẽ di chuyển đến địa điểm tiếp theo bằng xe buýt	CHÚNG TÔI ĐẾN ĐỊA ĐIỂM TIẾP THEO BẰNG XE BUÝT	Du lịch
tôi phải đi đây	TÔI ĐI PHẢI BÂY GIỜ	Cuộc sống thường nhật
ăn một bát phở lớn là tôi đã cảm thấy no	TÔI BÁT PHỞ LỚN 1 ĂN NO	Cuộc sống thường nhật
con nghé con đang tung tăng gặm cỏ trên cánh đồng xanh	CON NGHÉ CỎ GẶM TRÊN CÁNH ĐỒNG XANH	Cuộc sống thường nhật
anh trai tôi bị say xe	ANH TRAI CỦA TÔI SAY XE	Du lịch
cảm ơn rất nhiều tôi chắc chắn sẽ làm điều đó có gì khác không	CẢM ƠN NHIỀU TÔI VẬY LÀM CÒN GÌ NỮA KHÔNG	Cuộc sống thường nhật
họ là những người bạn thân thiết từ thời còn đi học	HỌ TÔI BẠN THÂN THIẾT ĐI HỌC	Mối quan hệ
bạn lan đã xuất sắc nhận được học bổng du học	BẠN LAN HỌC BỔNG DU HỌC XUẤT SẮC NHẬN ĐƯỢC	Cuộc sống học đường
bố mẹ dẫn chúng em đi chơi vườn thú vào cuối tuần	BỐ MẸ CHÚNG EM ĐI CHƠI VƯỜN THÚ TUẦN CUỐI	Du lịch
đây là một món quà cho bạn tôi hy vọng bạn thích nó	ĐÂY LÀ MỘT MÓN QUÀ CHO BẠN TÔI HY VỌNG BẠN THÍCH	Mối quan hệ
hôm nay là thứ sáu	HÔM NAY THỨ SÁU	Mối quan hệ
chúng ta có nên về nhà không	CHÚNG TA NHÀ VỀ CÓ	Sức khỏe
người đó sẽ đến ngay	NGƯỜI ĐÓ ĐẾN NGAY BÂY GIỜ SẼ	Cuộc sống thường nhật
wow bạn cùng phòng đang dọn dẹp phòng	WOW BẠN PHÒNG CÙNG PHÒNG DỌN DẸP	Cuộc sống học đường
tôi không chắc hãy tìm danh mục	TÔI CHẮC KHÔNG NỮA DANH MỤC XEM	Công việc
tốt tôi sẽ gọi cho bạn tối nay	TỐI NAY TÔI GỌI BẠN	Văn hóa và Giáo dục
tôi không biết phải làm gì trong những ngày nghỉ có gợi ý nào không	TÔI NGÀY NGHỈ LÀM GÌ KHÔNG BIẾT BẠN GỢI Ý CÓ KHÔNG	Mối quan hệ
hôm nay nhà tôi có khách đến chơi nên rất vui vẻ	HÔM NAY NHÀ TÔI KHÁCH ĐẾN CHƠI CÓ NÊN RẤT VUI VẺ	Cuộc sống thường nhật
tôi cần gửi bản báo cáo này cho sếp trước năm giờ chiều	TRƯỚC 5 GIỜ CHIỀU TÔI BÁO CÁO GỬI CHO SẾP CẦN	Công việc
tôi sẽ vứt rác	TÔI RÁC VỨT	Cuộc sống thường nhật
bạn có hiểu bất kỳ ngoại ngữ nào khác ngoài tiếng anh không	BẠN NGOẠI NGỮ KHÁC TIẾNG ANH HIỂU KHÔNG	Công việc
vâng tôi cũng vậy	TÔI CŨNG VẬY	Cuộc sống thường nhật
bạn đã có kinh nghiệm giảng dạy gì	BẠN KINH NGHIỆM GIẢNG DẠY CÓ NHƯ THẾ NÀO RỒI	Công việc
tôi muốn trả bằng tiền mặt	TÔI TIỀN MẶT THANH TOÁN MUỐN	Cuộc sống thường nhật
đoán xem tôi vừa nghe gì	TÔI NGHE ĐƯỢC GÌ VỪA ĐOÁN XEM NÀO	Mối quan hệ
xin chào tôi có thể nói chuyện với bạn được không	CHÀO TÔI BẠN NÓI CHUYỆN ĐƯỢC KHÔNG	Cuộc sống thường nhật
cái chụp đèn này có hoa văn rất trang nhã	CÁI CHỤP ĐÈN NÀY HOA VĂN TRANG NHÃ ĐẸP CÓ	Cuộc sống thường nhật
vâng tôi nên gọi cho cô ấy ngay bây giờ	TÔI CÔ ẤY GỌI NGAY BÂY GIỜ NÊN VÂNG	Cuộc sống thường nhật
anh ấy cảm thấy hoang mang trước những lựa chọn khó khăn	ANH ẤY BỐI RỐI TRƯỚC NHỮNG KHÓ KHĂN LỰA CHỌN	Thái độ và Cảm xúc
lãi suất ngân hàng đã tăng thêm hai phần trăm trong tháng này	NGÂN HÀNG LÃI SUẤT HAI PHẦN TRĂM TĂNG THÊM TRONG THÁNG NÀY	Tài chính
cô ấy có nụ cười rất duyên với chiếc răng khểnh	CÔ ẤY CHIẾC RĂNG KHỂNH RĂNG NANH NỤ CƯỚI CÓ DUYÊN	Cuộc sống thường nhật
cảm ơn và tên bạn là tony phải không	CẢM ƠN TÊN BẠN LÀ HÀ PHẢI KHÔNG	Cuộc sống thường nhật
tôi không biết vì tôi chưa nhận được kết quả kiểm tra của mình	TÔI KHÔNG BIẾT VÌ TÔI KẾT QUẢ KIỂM TRA NHẬN ĐƯỢC CHƯA	Cuộc sống học đường
chắc chắn chào mừng bất cứ lúc nào	BẠN CHÀO MỪNG BẤT CỨ LÚC NÀO	Cuộc sống học đường
vậy tôi rẽ phải ở đèn giao thông sau đó thì sao	TÔI ĐÈN GIAO THÔNG RẼ PHẢI TIẾP THEO THẾ NÀO	Du lịch
được rồi làm cho nó một đôi bạn sẽ	BẠN NÓ ĐÔI GIÀY MUA CHO	Mối quan hệ
bạn muốn hủy dịch vụ điện thoại cố định vào ngày nào	BẠN DỊCH VỤ ĐIỆN THOẠI NHÀ HỦY MUỐN NGÀY NÀO	Cuộc sống thường nhật
không anh ấy đi cả ngày rồi	KHÔNG ANH ẤY ĐI CẢ NGÀY	Công việc
học sinh nên đọc thêm sách tham khảo để mở rộng kiến thức	HỌC SINH SÁCH THAM KHẢO ĐỌC THÊM ĐỂ KIẾN THỨC MỞ RỘNG	Cuộc sống học đường
hình như là thịt	THỊT CÓ THỂ	Cuộc sống thường nhật
đây là dunlin có phải bạn smith đang nói không	TÔI BẠN NÓI CHUYỆN PHẢI KHÔNG	Công việc
tốt 8 giờ tối nay	TỐT TỐI NAY GIỜ 8	Mối quan hệ
công viên là nơi lý tưởng cho trẻ em vui chơi	CÔNG VIÊN NƠI LÝ TƯỞNG TRẺ EM VUI CHƠI	Cuộc sống thường nhật
buổi sáng tôi thường tự pha cà phê để uống	BUỔI SÁNG TÔI PHA CÀ PHÊ UỐNG	Cuộc sống thường nhật
gia đình tôi vừa chuyển đến một ngôi nhà mới	GIA ĐÌNH TÔI NHÀ MỚI CHUYỂN ĐẾN	Cuộc sống thường nhật
chắc chắn nhưng làm thế nào	TẤT NHIÊN NHƯNG LÀM THẾ NÀO ĐÂY	Mối quan hệ
nhà tôi mới nuôi một chú con thỏ trắng rất đáng yêu	NHÀ TÔI CHÚ THỎ TRẮNG ĐÁNG YÊU NUÔI	Cuộc sống thường nhật
tuyệt vời vì vậy bạn đã sẵn sàng cho một ngày mua sắm đầy đủ	BẠN MUA SẮM 1 NGÀY TRỌN VẸN SẴN SÀNG CHƯA	Mối quan hệ
tôi có thể đặt hàng một số cáp từ bạn ngày hôm nay	HÔM NAY TÔI VÀI SỢI CÁP BÊN BẠN MUA ĐƯỢC KHÔNG	Cuộc sống thường nhật
tôi nghĩ bạn có rất nhiều câu hỏi muốn hỏi tôi về công việc này	TÔI NGHĨ BẠN CÔNG VIỆC NÀY CÂU HỎI NHIỀU	Công việc
con gà ăn thóc	CON GÀ THÓC ĂN	Cuộc sống thường nhật
bạn đã sẵn sàng cho một giây	BẠN SẴN SÀNG MỘT GIÂY CHƯA	Cuộc sống thường nhật
vâng tôi muốn đổi một ít tiền	TÔI TIỀN ĐỔI MỘT ÍT	Tài chính
đập tay nào	ĐẬP TAY	Cuộc sống thường nhật
thật tuyệt khi nào bạn bắt đầu	TUYỆT BẠN BẮT ĐẦU KHI NÀO	Mối quan hệ
mất khoảng nửa giờ để đến đó	ĐẾN ĐÓ MẤT KHOẢNG NỬA TIẾNG	Cuộc sống thường nhật
tôi sẽ nói chuyện với bạn sau	TÔI NÓI CHUYỆN VỚI BẠN SAU	Mối quan hệ
anh ấy đã đầu tư vài chục triệu đồng vào dự án này	ANH ẤY DỰ ÁN NÀY VÀI CHỤC TRIỆU ĐỒNG ĐẦU TƯ	Tài chính
bạn có muốn xác nhận đặt chỗ của mình không	BẠN ĐẶT CHỖ XÁC NHẬN MUỐN KHÔNG	Du lịch
tôi đã không gặp bạn trong một thời gian gần đây bạn đã làm gì	THỜI GIAN TÔI BẠN GẶP KHÔNG GẦN ĐÂY BẠN LÀM GÌ	Mối quan hệ
ngôi nhà màu xanh ở phía kia là của gia đình tôi	NGÔI NHÀ MÀU XANH KIA LÀ CỦA GIA ĐÌNH TÔI	Cuộc sống thường nhật
hai giờ	GIỜ 2	Cuộc sống thường nhật
ấm nước đang sôi bốc lên những làn hơi nước trắng xóa	ẤM NƯỚC SÔI HƠI TRẮNG BỐC LÊN	Cuộc sống thường nhật
hôm nay chúng ta sẽ làm một con diều	HÔM NAY CHÚNG TA CON DIỀU 1 LÀM SẼ	Cuộc sống thường nhật
bạn sẽ đến bữa tiệc vào thứ bảy	BẠN BỮA TIỆC THỨ BẢY ĐẾN CHỨ	Mối quan hệ
tôi có thể gặp bác sĩ không	TÔI BÁC SĨ GẶP CÓ THỂ	Cuộc sống thường nhật
bạn có nhận được bất kỳ thu nhập khác	BẠN TIỀN THU NHẬP KHÁC CÓ KHÔNG	Cuộc sống thường nhật
vâng vui lòng đợi một lát	CHỜ 1 CHÚT	Cuộc sống thường nhật
tôi có sếp mới	TÔI SẾP MỚI CÓ RỒI	Mối quan hệ
à vâng tôi nhớ rồi	VÂNG TÔI NHỚ RỒI	Mối quan hệ
tôi đã bắt đầu rồi	TÔI BẮT ĐẦU RỒI	Cuộc sống thường nhật
tất nhiên rồi tôi đây	TẤT NHIÊN RỒI TÔI ĐÂY	Du lịch
những em bé rất thích ăn mì tôm	NHỮNG EM BÉ MÌ TÔM ĂN RẤT THÍCH	Thái độ và Cảm xúc
có tôi đã làm tôi đã có một thời gian tốt đẹp	CÓ TÔI LÀM RỒI TÔI THỜI GIAN TỐT ĐẸP	Du lịch
bạn có biết cô ấy thường dùng mùi gì không	BẠN CÔ ẤY LOẠI NƯỚC HOA THƯỜNG DÙNG BIẾT CÓ KHÔNG	Cuộc sống thường nhật
bạn có nghĩ rằng đây là một ý tưởng tốt	BẠN NGHĨ ĐÂY Ý TƯỞNG TỐT KHÔNG	Cuộc sống học đường
em trai tôi đang ngồi học thuộc lòng bảng nhân chín	EM TRAI TÔI BẢNG NHÂN CHÍN NGỒI HỌC THUỘC	Cuộc sống học đường
tám giờ là hợp lý	8 GIỜ HỢP LÝ	Cuộc sống thường nhật
chúng ta sẽ làm gì đó	CHÚNG TA SẼ LÀM GÌ	Thái độ và Cảm xúc
đó sẽ là tuyệt vời	ĐÓ TUYỆT VỜI	Cuộc sống thường nhật
tôi đồng ý với anh về chuyện đó anh còn dự định làm gì nữa không	TÔI ĐỒNG Ý BẠN CÒN DỰ ĐỊNH LÀM GÌ	Mối quan hệ
ba người các anh	CÁC ANH 3	Cuộc sống thường nhật
tôi luôn hi vọng mọi điều tốt đẹp sẽ đến với gia đình	TÔI HI VỌNG MỌI ĐIỀU TỐT ĐẸP ĐẾN GIA ĐÌNH	Thái độ và Cảm xúc
chú sóc con nhanh nhẹn chuyền từ cành cây này sang cành khác	CHÚ SÓC CON CÀNH CÂY NÀY CÀNH CÂY KHÁC CHUYỀN NHANH NHẸN	Cuộc sống thường nhật
bố tôi vừa lắp một chiếc bể cá trong phòng khách	BỐ TÔI CHIẾC BỂ CÁ 1 LẮP TRONG PHÒNG KHÁCH	Cuộc sống thường nhật
tuổi trẻ ai cũng có những lúc khờ dại và bồng bột	TUỔI TRẺ KHỜ DẠI VÀ BỒNG BỘT AI CŨNG CÓ	Thái độ và Cảm xúc
đây là hai sắc thái nâu khác nhau bạn thích màu nào hơn	ĐÂY MÀU NÂU 2 KHÁC NHAU BẠN MÀU THÍCH HƠN NÀO	Cuộc sống thường nhật
bánh của chúng tôi được mang đến tươi mỗi ngày và tôi có thể nói với bạn nó rất ngon	BÁNH CHÚNG TÔI MỖI NGÀY LÀM MỚI BẠN NGON ĐẢM BẢO RẤT	Cuộc sống thường nhật
vâng bạn có phiền không	BẠN PHIỀN KHÔNG	Mối quan hệ
cô cũng nhảy rất đẹp	CÔ NHẢY ĐẸP	Mối quan hệ
tôi là trương ngụy rất vui được gặp ngài	TÔI TRƯỜNG GẶP BẠN RẤT VUI	Công việc
làng nghề truyền thống này chuyên dệt những tấm vải thổ cẩm	LÀNG NGHỀ TRUYỀN THỐNG NÀY CHUYÊN DỆT VẢI THỔ CẨM	Văn hóa và Giáo dục
bạn có thể cho tôi biết cửa hàng cung cấp ở đâu không	BẠN TÔI CỬA HÀNG CUNG CẤP Ở ĐÂU CHO BIẾT CÓ THỂ KHÔNG	Công việc
cái này thì sao thiết kế mới nhất đơn giản nhưng thanh lịch	CÁI NÀY THẾ NÀO THIẾT KẾ MỚI NHẤT ĐƠN GIẢN NHƯNG THANH LỊCH	Cuộc sống thường nhật
đáng lẽ phải bắt đầu lúc tám giờ	8 GIỜ LÚC BẮT ĐẦU PHẢI LẼ RA RỒI	Mối quan hệ
du khách rất thích thú khi được cưỡi voi ở buôn đôn đắk lắk	DU KHÁCH VOI CƯỠI THÍCH THÚ Ở LÀNG ĐÔN	Du lịch
tôi muốn xem qua trước khi ký	TRƯỚC KHI KÍ TÔI XEM MUỐN	Công việc
vâng tôi rất thích bóng bàn nhưng tôi chơi không giỏi	TÔI BÓNG BÀN THÍCH NHƯNG TÔI CHƠI GIỎI KHÔNG	Mối quan hệ
tôi vẫn không chắc anh đang hỏi tôi điều gì	TÔI HIỂU RÕ Ý ANH CHƯA LẮM	Văn hóa và Giáo dục
có thể chuyển chúng đến ngân hàng iba không	CHUYỂN CHÚNG SANG NGÂN HÀNG IBA CÓ THỂ ĐƯỢC KHÔNG	Tài chính
isaac newton là một nhà bác học vĩ đại của thế giới	ISAAC NEWTON LÀ NHÀ BÁC HỌC VĨ ĐẠI THẾ GIỚI	Văn hóa và Giáo dục
mất bao lâu để đến bữa tiệc buffet	BỮA TIỆC BUFFET ĐỂ ĐẾN BAO LÂU	Cuộc sống thường nhật
cây cầu có hình vòng cung bắc qua dòng sông trông thật thơ mộng	CÂY CẦU HÌNH VÒNG CUNG QUA SÔNG TRÔNG THẬT THƠ MỘNG	Du lịch
không tôi ghét bơi lội tôi thích chơi tennis	TÔI BƠI GHÉT LẮM KHÔNG TENNIS CHƠI THÍCH HƠN TÔI	Mối quan hệ
được rồi nhưng bạn phải nhanh lên	RỒI NHƯNG BẠN NHANH LÊN	Cuộc sống thường nhật
di chuyển trường học	TRƯỜNG HỌC DI CHUYỂN	Cuộc sống thường nhật
tôi muốn đi nghỉ mát vào tháng tới	THÁNG TỚI TÔI NGHỈ MÁT ĐI MUỐN	Công việc
điều đó thật tuyệt có vẻ như typhoon không tệ như động đất	TUYỆT QUÁ CÓ VẺ BÃO LẦN NÀY KHÔNG MẠNH BẰNG ĐỘNG ĐẤT	Mối quan hệ
cô ấy tỏ ra bối rối khi được hỏi một câu khó	CÔ ẤY LÚNG TÚNG KHI CÂU HỎI KHÓ CÓ	Thái độ và Cảm xúc
trong phép trừ số bé được trừ đi từ số lớn	TRONG PHÉP TRỪ SỐ LỚN TRỪ SỐ BÉ	Cuộc sống học đường
mẹ để con nói chuyện một chút được không	MẸ CON CHÚT NÓI ĐI MÀ CHO	Cuộc sống thường nhật
bạn cao bao nhiêu 	BẠN CAO BAO NHIÊU	Cuộc sống thường nhật
đã lâu lắm rồi có gì mới không	LÂU QUÁ KHÔNG GẶP CÓ GÌ MỚI KHÔNG	Mối quan hệ
hoa đào khoe sắc thắm báo hiệu một mùa xuân mới đã về	HOA ĐÀO KHOE SẮC MÀU SẮC MÙA XUÂN 1 BÁO HIỆU ĐÃ VỀ	Cuộc sống thường nhật
xin lỗi mấy giờ rồi đồng hồ của tôi dừng lại	XIN LỖI ĐỒNG HỒ CỦA TÔI DỪNG LẠI GIỜ MẤY	Cuộc sống thường nhật
tuyệt không còn rò rỉ nữa	TUYỆT VỜI RÒ RỈ KHÔNG	Sức khỏe
chữ k là một trong hai mươi chín chữ cái tiếng việt	CHỮ K LÀ MỘT TRONG 29 CHỮ CÁI TIẾNG VIỆT	Văn hóa và Giáo dục
cả nhà tôi cùng nhau quây quần đón khoảnh khắc giao thừa	CẢ NHÀ TÔI QUÂY QUẦN ĐÓN KHOẢNH KHẮC GIAO THỪA	Văn hóa và Giáo dục
nhưng nếu bạn đi học đại học bạn vẫn sẽ có thời gian để vui chơi	NHƯNG NẾU BẠN ĐẠI HỌC VÀO BẠN VẪN THỜI GIAN ĐỂ VUI CHƠI CÓ SẼ	Mối quan hệ
bạn đã bao giờ nói chuyện với người bản xứ nói tiếng anh chưa	BẠN NGƯỜI BẢN XỨ NÓI TIẾNG ANH NÓI CHUYỆN CHƯA	Văn hóa và Giáo dục
cảm ơn ông liang	CẢM ƠN ÔNG	Công việc
có phải vậy không chà bạn đang sử dụng loại mồi nào	BẠN MỒI GÌ DÙNG	Mối quan hệ
tôi sẽ đừng lo lắng	TÔI LÀM VẬY SẼ	Cuộc sống thường nhật
tôi có bằng cử nhân	TÔI BẰNG CỬ NHÂN CÓ	Mối quan hệ
còn hành lý của chúng tôi thì sao	HÀNH LÝ CHÚNG TA THÌ SAO	Du lịch
vâng bạn trả mức lương bao nhiêu	BẠN LƯƠNG TRẢ BAO NHIÊU	Công việc
tôi nghĩ cái này sẽ làm được	TÔI NGHĨ CÁI NÀY LÀM ĐƯỢC	Mối quan hệ
mấy giờ bạn muốn đi	BẠN ĐI MẤY GIỜ	Cuộc sống thường nhật
hôm nay tôi đã làm việc vất vả ở văn phòng cả ngày	HÔM NAY TÔI VĂN PHÒNG CẢ NGÀY LÀM VIỆC MỆT	Công việc
tôi ước gì tôi có thể ở đó	TÔI Ở ĐÓ MƠ ƯỚC CÓ THỂ	Mối quan hệ
chào buổi sáng sếp	CHÀO BUỔI SÁNG GIÁM ĐỐC	Tài chính
bánh mì nướng gần như đã sẵn sàng	BÁNH MÌ NƯỚNG XONG RỒI	Sức khỏe
bạn có thể nói với cô ấy là có cuộc gọi được không	BẠN NÓI CÔ ẤY CUỘC GỌI CÓ ĐƯỢC	Cuộc sống thường nhật
lại đây nào	LẠI ĐÂY	Cuộc sống thường nhật
đặt chúng lên trên bánh pizza	BÁNH PIZZA ĐẶT LÊN	Cuộc sống thường nhật
bây giờ làm thế nào về đi bơi trong biển chúng ta không nên tắm nắng cả ngày	CẢ NGÀY CHÚNG TA TẮM NẮNG KHÔNG NÊN BÂY GIỜ BIỂN ĐI BƠI VỀ LÀM THẾ NÀO	Mối quan hệ
hàng năm du khách thập phương hành hương về chùa yên tử	DU KHÁCH THẬP PHƯƠNG 10 PHƯƠNG CHÙA YÊN TỬ HÀNH HƯƠNG HÀNG NĂM	Du lịch
cô ấy có một cơ thể dẻo dai nhờ tập yoga	NHỜ TẬP YOGA CÔ ẤY CƠ THỂ DẺO DAI CÓ	Sức khỏe
bạn có thể vui lòng tăng tốc độ tôi đang bắt tàu	BẠN TỐC ĐỘ TĂNG TÔI TÀU ĐI	Cuộc sống thường nhật
nhà của bạn có xe đạp không	NHÀ CỦA BẠN XE ĐẠP CÓ KHÔNG	Cuộc sống thường nhật
họ dường như không có nhiều thiệt hại cho căn hộ	CĂN HỘ ĐÓ HƯ HẠI NHIỀU KHÔNG BỊ DƯỜNG NHƯ	Chính trị
sữa tôi nghĩ bạn không thích sữa	TÔI NGHĨ BẠN SỮA KHÔNG THÍCH	Cuộc sống thường nhật
mỗi buổi chiều ông thường ra công viên đi dạo và tập thể dục	MỖI BUỔI CHIỀU ÔNG CÔNG VIÊN ĐI DẠO TẬP THỂ DỤC	Cuộc sống thường nhật
cứ làm đi	LÀM ĐI	Mối quan hệ
sử dụng cầu thang bộ không bao giờ dùng thang máy	SỬ DỤNG CẦU THANG BỘ DÙNG THANG MÁY KHÔNG BAO GIỜ	Cuộc sống thường nhật
ngồi học sai tư thế trong thời gian dài có thể bị gù lưng	NGỒI HỌC TƯ THẾ SAI TRONG THỜI GIAN DÀI LƯNG GÙ BỊ	Sức khỏe
cô là cô lưu	CÔ LƯU À	Công việc
cầu vồng	CẦU VỒNG	Cuộc sống thường nhật
bạn có muốn cơm với bữa ăn của bạn	BẠN MUỐN THÊM CƠM VÀO PHẦN ĂN KHÔNG	Cuộc sống thường nhật
màn trình diễn pháo hoa rực rỡ chào mừng năm mới đến	MÀN TRÌNH DIỄN PHÁO HOA RỰC RỠ CHÀO MỪNG NĂM MỚI	Văn hóa và Giáo dục
bao nhiêu tám bộ phim và một thanh sô cô la	BAO NHIÊU BỘ PHIM 8 SÔ CÔ LA THANH 1	Cuộc sống thường nhật
nó không quan trọng nhưng nó cần phải gần tàu điện ngầm hoặc trên một tuyến xe buýt thuận tiện	NÓ QUAN TRỌNG KHÔNG NHƯNG NÓ TÀU HỎA GẦN HOẶC XE BUÝT DỄ CẦN	Cuộc sống thường nhật
vậy để tôi mời anh đi ăn tối ăn mừng nhé	TÔI MỜI ĂN TỐI ĐI ĂN MỪNG	Mối quan hệ
chào buổi sáng mấy giờ rồi	CHÀO BUỔI SÁNG GIỜ MẤY	Công việc
họ bán mọi thứ	HỌ MỌI THỨ BÁN	Cuộc sống thường nhật
bạn dự định nuôi bao nhiêu	BẠN ĐỊNH NUÔI BAO NHIÊU CON	Chính trị
các chiến sĩ đã chiến đấu rất anh dũng để bảo vệ tổ quốc	CÁC CHIẾN SĨ CHIẾN ĐẤU ANH DŨNG ĐỂ TỔ QUỐC BẢO VỆ	Thái độ và Cảm xúc
mẹ dùng dây chun để buộc gọn lại những túi đồ ăn vặt	MẸ DÂY CHUN DÙNG NHỮNG TÚI ĐỒ ĂN VẶT BUỘC	Cuộc sống thường nhật
bạn sẽ yêu cầu loại tiền nào	BẠN TIỀN YÊU CẦU LOẠI NÀO	Cuộc sống thường nhật
bạn có giảm giá cho hai người không	BẠN NGƯỜI 2 TIỀN GIẢM CÓ KHÔNG	Cuộc sống thường nhật
để đó cho tôi tôi sẽ sửa nó	NÓ TÔI SỬA SẼ	Cuộc sống thường nhật
bạn đang thanh toán bằng tiền mặt hoặc bằng thẻ tín dụng	BẠN TRẢ TIỀN MẶT HOẶC THẺ TÍN DỤNG	Du lịch
nó ở tầng này à	NÓ Ở TẦNG NÀY PHẢI KHÔNG	Cuộc sống thường nhật
xin lỗi tôi đã chờ ở đây mười lăm phút bạn có biết tại sao giao thông quá nặng không	TÔI Ở ĐÂY 15 PHÚT ĐỢI RỒI BẠN BIẾT SAO KẸT XE DỮ VẬY KHÔNG	Cuộc sống thường nhật
nhà ảo thuật đã biến mất một cách đầy bất ngờ	NHÀ ẢO THUẬT BIẾN MẤT BẤT NGỜ	Văn hóa và Giáo dục
sản lượng hàng tháng là bao nhiêu	HÀNG THÁNG SỐ LƯỢNG BAO NHIÊU	Tài chính
việc bảo mật thông tin cá nhân là rất quan trọng	THÔNG TIN CÁ NHÂN BÀO VỆ QUAN TRỌNG	Công việc
vâng nhưng tôi vẫn không thể tìm thấy nó có lẽ nó nằm trong tủ này	VÂNG NHƯNG TÔI NÓ TÌM KHÔNG THẤY CÓ LẼ NÓ TỦ NÀY	Công việc
gia đình tôi đã có một kỳ nghỉ tuyệt vời tại đảo phú quốc	GIA ĐÌNH TÔI KÌ NGHỈ PHÚ QUỐC TUYỆT VỜI CÓ	Du lịch
thết chúng ta cần cắt một số dải giấy	THỨ NHẤT CHÚNG TA GIẤY DẢI CẮT CẦN	Cuộc sống thường nhật
tôi luôn sẵn sàng	TÔI SẴN SÀNG LUÔN	Cuộc sống thường nhật
nghe tin con đã về nhà an toàn mẹ mới thấy yên lòng	NGHE TIN CON VỀ NHÀ AN TOÀN MẸ YÊN LÒNG	Thái độ và Cảm xúc
tiếng ồn gì thế	TIẾNG ỒN GÌ	Cuộc sống thường nhật
trần nhà được trang trí bằng một chiếc đèn chùm rất đẹp	TRẦN NHÀ ĐƯỢC TRANG TRÍ BẰNG ĐÈN CHÙM RẤT ĐẸP	Cuộc sống thường nhật
tại sao bạn lại ở nhật bản	BẠN Ở NHẬT BẢN TẠI SAO	Cuộc sống học đường
chúng ta nên tập thể dục đều đặn để có sức khỏe tốt	CHÚNG TA TẬP THỂ DỤC ĐỀU ĐẶN NÊN ĐỂ SỨC KHOẺ TỐT	Sức khỏe
kiểu tóc đuôi chuột từng rất thịnh hành vào những năm 90	TÓC ĐUÔI CHUỘT NĂM 90 CÓ NHIỀU	Cuộc sống thường nhật
tôi là jack tên bạn là gì	TÔI JACK BẠN TÊN GÌ	Mối quan hệ
tôi nợ anh bao nhiêu	TÔI NỢ CỦA ANH BAO NHIÊU	Thái độ và Cảm xúc
ngày khai trường luôn là một ngày hội lớn của học sinh	NGÀY KHAI TRƯỜNG LUÔN LÀ NGÀY HỘI LỚN 1 CỦA HỌC SINH	Cuộc sống học đường
khu công nghiệp này thu hút rất nhiều lao động từ các tỉnh	KHU CÔNG NGHIỆP NÀY NGƯỜI LAO ĐỘNG CÁC TỈNH THU HÚT NHIỀU	Công việc
ông tôi lặng lẽ ngồi đọc sách bên khung cửa sổ	ÔNG TÔI NGỒI LẶNG LẼ ĐỌC SÁCH BÊN CỬA SỔ	Cuộc sống thường nhật
thực sự bạn đã phát hiện ra điều gì khác	THẬT BẠN PHÁT HIỆN KHÁC GÌ	Cuộc sống học đường
tôi có thể vào được không	TÔI VÀO ĐƯỢC KHÔNG	Công việc
mẹ vừa mua cho tôi một chiếc chăn mới rất ấm	MẸ MUA CHĂN MỚI RẤT ẤM CHO TÔI	Cuộc sống thường nhật
tôi cần một cuộn băng dính để dán lại thùng đồ này	TÔI CUỘN BĂNG DÍNH 1 CẦN ĐỂ THÙNG ĐỒ NÀY DÁN LẠI	Cuộc sống thường nhật
nghe nhạc và ai sẽ nấu bữa tối bạn sẽ	NGHE NHẠC À VÀ BỮA TỐI AI BẠN NẤU À	Thái độ và Cảm xúc
vitamin c có tác dụng bổ trợ hệ miễn dịch của cơ thể	VITAMIN C HỆ MIỄN DỊCH CƠ THỂ HỖ TRỢ TỐT	Sức khỏe
nhà trường tổ chức lễ chào mừng các tân sinh viên nhập học	NHÀ TRƯỜNG TỔ CHỨC LỄ CHÀO MỪNG SINH VIÊN MỚI	Cuộc sống học đường
vâng bạn có chuyến bay trực tiếp đến tokyo không	CHUYẾN BAY ĐẾN THẲNG TOKYO CÓ KHÔNG	Du lịch
nửa giờ là 30 phút	GIỜ NỬA PHÚT 30	Cuộc sống thường nhật
bạn đã kiểm tra phòng trước khi chúng ta chuyển đến chưa	TRƯỚC KHI CHUYỂN ĐẾN BẠN PHÒNG KIỂM TRA CHƯA	Cuộc sống thường nhật
bạn có cần nó cho cả thứ bảy và chủ nhật không	BẠN CẦN CHO CẢ THỨ BẢY VÀ CHỦ NHẬT CÓ KHÔNG	Thái độ và Cảm xúc
thật sao tốt ok bạn được chào đón	THẬT SAO BẠN ĐƯỢC CHÀO ĐÓN	Mối quan hệ
tôi đoán tôi sẽ nấu ăn	TÔI ĐOÁN NẤU ĂN	Cuộc sống thường nhật
nghe có vẻ thư giãn quá ước gì mình cũng được đi biển như vậy	NGHE THƯ GIÃN TÔI BIỂN ĐI NHƯ VẬY CŨNG ƯỚC	Mối quan hệ
vâng cho tôi một thanh sô cô la cũng	TÔI THANH SÔ CÔ LA THÊM MỘT CẦN	Cuộc sống thường nhật
vâng nhưng nó không ngon miệng lắm	MÓN ĐÓ ĂN NGON LẮM KHÔNG NHƯNG	Mối quan hệ
anh ta phải vắt óc suy nghĩ để tìm ra lời giải	ANH TA SUY NGHĨ TÌM KẾT QUẢ	Thái độ và Cảm xúc
xin lỗi không bạn cần chuyển sang chuyến bay nối tiếp ở giữa	BẠN CHUYẾN BAY NỐI TIẾP Ở GIỮA CHUYỂN SANG CẦN	Du lịch
chờ một chút tôi sẽ mang cho bạn một số nước trái cây	CHỜ MỘT CHÚT TÔI MANG CHO BẠN NƯỚC TRÁI CÂY	Du lịch
các tỉnh miền bắc bộ có nhiều danh lam thắng cảnh nổi tiếng	CÁC TỈNH MIỀN BẮC DANH LAM THẮNG CẢNH NHIỀU NỔI TIẾNG	Du lịch
bướm trắng cũng thích ăn bắp cải	BƯỚM TRẮNG BẮP CẢI ĂN THÍCH	Cuộc sống thường nhật
xin lỗi tôi có thể gửi đồ có giá trị ở đây không	XIN LỖI TÔI GỬI ĐỒ QUÝ ĐÂY ĐƯỢC KHÔNG	Du lịch
tất cả chúng ta đều có giấc ngủ ngắn	CHÚNG TA TẤT CẢ GIẤC NGỦ NGẮN CÓ	Cuộc sống thường nhật
tôi nghĩ đó chỉ là hơi nước động cơ của bạn quá nóng	TÔI NGHĨ ĐÓ HƠI NƯỚC ĐỘNG CƠ XE Ô TÔ CỦA BẠN QUÁ NÓNG	Cuộc sống thường nhật
hôm nay bạn sẽ định làm gì	HÔM NAY BẠN LÀM GÌ	Cuộc sống thường nhật
bạn có thể ăn hạt giống	BẠN HẠT ĂN ĐƯỢC KHÔNG	Cuộc sống thường nhật
tôi có thể nói chuyện với bà lưu được không	TÔI BÀ LƯU NÓI CHUYỆN VỚI CÓ THỂ ĐƯỢC KHÔNG	Công việc
cô ấy luôn lo sợ về kết quả của kỳ thi sắp tới	CÔ ẤY KẾT QUẢ CỦA KỲ THI SẮP TỚI LO SỢ	Thái độ và Cảm xúc
bạn có muốn đăng ký một lớp học tiếng hàn không	BẠN ĐĂNG KÝ LỚP HỌC TIẾNG HÀN MUỐN KHÔNG	Công việc
anh mua gì vậy	ANH MUA GÌ	Cuộc sống thường nhật
tôi sẽ đón anh lúc 7 giờ 30	TÔI ĐÓN ANH LÚC BẢY GIỜ BA MƯƠI ĐƯỢC KHÔNG	Mối quan hệ
vậy anh nghĩ anh có thể đến văn phòng một mình không	ANH VĂN PHÒNG TỰ ĐẾN CÓ THỂ NGHĨ KHÔNG	Mối quan hệ
có lẽ tuần sau	CÓ LẼ TUẦN SAU LÀ	Mối quan hệ
bạn tôi muốn nói chuyện với bạn mời bạn ngồi	BẠN NÀY TÔI NÓI CHUYỆN MỘT CHÚT MUỐN MỜI NGỒI	Công việc
anh có thể giúp em một việc được không ạ	ANH EM GIÚP ĐƯỢC KHÔNG	Mối quan hệ
không vấn đề gì ai vậy có ai tôi biết không	KHÔNG CÓ GÌ AI TÔI BIÉT AI CÓ	Cuộc sống thường nhật
anh ấy mất phương hướng sau khi tốt nghiệp đại học	SAU KHI TỐT NGHIỆP ĐẠI HỌC ANH ẤY VIỆC LÀM ĐI TÌM	Thái độ và Cảm xúc
quân địch buộc phải đầu hàng vô điều kiện trước sức tấn công	QUÂN ĐỊCH ĐẦU HÀNG VÔ ĐIỀU KIỆN SỨC TẤN CÔNG BUỘC TRƯỚC	Chính trị
những hạt lúa vàng óng báo hiệu một mùa màng bội thu	NHỮNG HẠT LÚA VÀNG ÓNG BÁO HIỆU MÙA MÀNG BỘI THU 1	Cuộc sống thường nhật
giờ thì đến cà chua	BÂY GIỜ CÀ CHUA	Cuộc sống thường nhật
dây có giữ cho nó không bật không	SỢI DÂY NÀY NÓ GIỮ KHÔNG BẬT RA KHÔNG	Cuộc sống thường nhật
ồ tôi đang học rất chậm tôi nghĩ tiếng trung khó hơn tiếng anh	TÔI HỌC CHẬM TÔI NGHĨ TIẾNG TRUNG KHÓ HƠN TIẾNG ANH	Văn hóa và Giáo dục
bạn có thẻ khách sạn không	BẠN THẺ KHÁCH SẠN CÓ KHÔNG	Cuộc sống thường nhật
vâng tôi mới đến đây vài ngày trước còn bạn thì sao	VÂNG TÔI ĐÂY ĐẾN MỚI VÀI NGÀY TRƯỚC CÒN BẠN THÌ SAO	Mối quan hệ
các bạn sinh viên đang chăm chỉ học bài ở phòng thư viện	CÁC BẠN SINH VIÊN BÀI HỌC CHĂM CHỈ Ở PHÒNG THƯ VIỆN	Cuộc sống học đường
tuyệt vời tôi sẽ đặt chỗ khi cần thiết	TUYỆT VỜI TÔI ĐẶT CHỖ KHI CẦN	Công việc
cái nào là của cô ấy	CÁI NÀO CỦA CÔ ẤY LÀ	Mối quan hệ
vâng bạn có một khoản trợ cấp để học tiếng trung	BẠN HỌC BỔNG HỌC TIẾNG TRUNG CÓ	Mối quan hệ
tôi cần ra ngân hàng đề rút tiền	TÔI RA NGÂN HÀNG CẦN ĐỂ TIỀN RÚT	Tài chính
bạn sẽ không từ bỏ nó phải không	BẠN BỎ CUỘC KHÔNG ĐÚNG KHÔNG	Du lịch
bố ơi cuối tuần này bố có đi công viên với tụi con không	BỐ ƠI CUỐI TUẦN NÀY BỐ CÔNG VIÊN ĐI CÙNG CON KHÔNG	Cuộc sống thường nhật
haha bạn chỉ có trang phục ultraman bố bạn đã mua nó	BẠN BỘ ĐỒ ULTRAMAN CHỈ CÓ BỐ BẠN MUA CHO HẢ	Sức khỏe
tôi có okay	TÔI OK	Cuộc sống thường nhật
bạn đi đâu vậy tony	BẠN ĐI ĐÂU	Cuộc sống thường nhật
bình tĩnh đi cưng trời chỉ mưa chó mèo thôi mà	BÌNH TĨNH CHỈ MƯA LỚN THÔI	Mối quan hệ
bạn muốn chuyển tiền từ tài khoản nào	BẠN TIỀN TÀI KHOẢN CHUYỂN NÀO	Tài chính
tốt vậy em lấy một tá	TỐT EM 12 LẤY	Cuộc sống thường nhật
tốt cho bạn bạn đã đấu giá những mặt hàng nào	TỐT CHO BẠN BẠN HÀNG HOÁ MUA NÀO	Cuộc sống thường nhật
ai bảo cậu không làm được hãy cứ tự tin thử sức đi	BẠN LÀM ĐƯỢC KHÔNG THỬ SỨC TỰ TIN LÊN	Thái độ và Cảm xúc
bạn có thể trả tiền bằng đô la mỹ 	BẠN TRẢ TIỀN ĐÔ LA MỸ ĐƯỢC KHÔNG	Tài chính
anh ấy cẩn thận đặt lá thư tình vào trong một chiếc phong bì	ANH ẤY LÁ THƯ TÌNH PHONG BÌ ĐẶT CẨN THẬN	Mối quan hệ
bữa tối sẽ sẵn sàng lúc 6 giờ bạn có đói không	BỮA TỐI 6 GIỜ SẴN SÀNG BẠN ĐÓI KHÔNG	Cuộc sống thường nhật
chúng tôi là những sinh viên năm cuối của trường đại học	CHÚNG TÔI SINH VIÊN TRƯỜNG ĐẠI HỌC NĂM CUỐI	Cuộc sống học đường
tôi rất ngạc nhiên trước sự tiến bộ của bạn	BẠN TIẾN BỘ TÔI NGẠC NHIÊN	Thái độ và Cảm xúc
em hãy dùng thước đo đoạn thẳng dài mười xăngtimét	EM ĐOẠN THẲNG 10 CM THƯỚC KẺ ĐO	Cuộc sống học đường
làm thế nào với chiếc áo này  cái này ở đây là thời trang mới nhất	CHIẾC ÁO LÀM THẾ NÀO CÁI NÀY THỜI TRANG MỚI NHẤT	Cuộc sống thường nhật
chờ tôi tại quán cà phê ở tòa nhà văn phòng của tôi khoảng 5 giờ chiều  được không 	CHỜ TÔI Ở QUÁN CÀ PHÊ TÒA NHÀ VĂN PHÒNG CỦA TÔI 5 GIỜ CHIỀU ĐƯỢC KHÔNG	Mối quan hệ
vậy thì chúng ta đi thôi dù sao tôi cũng có thể hít thở không khí trong lành	CHÚNG TA ĐI TÔI KHÔNG KHÍ TRONG LÀNH HÍT THỞ	Mối quan hệ
vâng tôi có điều đó có vẻ tốt nó không quá ngắn thật đúng tôi nợ bạn bao nhiêu	CÓ TÔI CÓ TRÔNG ỔN KHÔNG QUÁ NGẮN CHUẨN TÔI NỢ BẠN BAO NHIÊU	Cuộc sống thường nhật
bạn đã học được điều gì đó hữu ích trong năm nay	NĂM NAY BẠN ĐIỀU GÌ HỮU ÍCH HỌC ĐƯỢC RỒI	Cuộc sống học đường
cảm ơn tôi có thể lấy cho bạn một ít cà phê hoặc một tách trà	CẢM ƠN TÔI CÀ PHÊ TRÀ RÓT BẠN	Công việc
lốp xe đạp của tôi bị thủng nên phải dắt bộ về	TÔI XE ĐẠP LỐP THỦNG NÊN VỀ NHÀ DẮT BỘ	Cuộc sống thường nhật
chúng ta cũng nên sơn cái của chúng ta nhưng nó vẫn còn ướt	SƠN CỦA CHÚNG TA CŨNG NHƯNG NÓ ƯỚT VẪN	Cuộc sống thường nhật
phòng họp đã sẵn sàng chưa bạn chen	PHÒNG HỌP SẴN SÀNG	Công việc
gương mặt cau có của anh ấy khiến không ai dám lại gần	GƯƠNG MẶT CAU CÓ CỦA ANH ẤY KHIẾN MỌI NGƯỜI LẠI GẦN KHÔNG DÁM	Thái độ và Cảm xúc
tôi phải đi bây giờ tôi đang bị ép về thời gian	BÂY GIỜ TÔI ĐI NGAY GẤP THỜI GIAN	Mối quan hệ
ngôi đền cổ có những hàng cột đá rất uy nghi	NGÔI ĐỀN CỔ HÀNG CỘT ĐÁ UY NGHI CÓ	Du lịch
bạn có nghĩ đến việc chuyển đi không 	BẠN NGHĨ CHUYỂN ĐI KHÔNG	Mối quan hệ
bạn có làm gì đặc biệt không	HÔM NAY BẠN LÀM ĐẶC BIỆT GÌ	Mối quan hệ
em gái tôi cô ấy sẽ về nhà chồng năm nay	EM GÁI CỦA TÔI NĂM NAY CÔ ẤY NHÀ CHỒNG VỀ SẼ	Mối quan hệ
không cảm ơn tôi đang ăn kiêng	KHÔNG CẢM ƠN TÔI ĂN KIÊNG	Cuộc sống thường nhật
con chó vươn cái mõm dài ra để đánh hơi mùi thức ăn	CON CHÓ CÁI MÕM DÀI VƯƠN RA MÙI THỨC ĂN ĐÁNH HƠI NGỬI	Cuộc sống thường nhật
gia đình tôi sẽ đi du lịch biển vào mùa hè	GIA ĐÌNH TÔI BIỂN DU LỊCH ĐI VÀO MÙA HÈ	Du lịch
không nhưng chúng tôi đang cố liên lạc với họ	KHÔNG NHƯNG CHÚNG TÔI HỌ LIÊN LẠC CỐ GẮNG	Mối quan hệ
mẹ điền vào mẫu này được không	MẸ MẪU NÀY ĐIỀN ĐƯỢC KHÔNG	Cuộc sống thường nhật
nghe có vẻ như một nơi tốt để hẹn hò bạn có thể đặt chỗ cho tôi không	NGHE CHỖ HẸN HÒ LÝ TƯỞNG BẠN BÀN ĐẶT GIÚP CÓ THỂ	Du lịch
tôi sẽ đi ăn nhẹ	TÔI ĐI ĂN NHẸ	Cuộc sống thường nhật
bạn thích học môn học nào nhất	BẠN HỌC MÔN THÍCH GÌ	Cuộc sống học đường
sao bạn không đi	BẠN KHÔNG ĐI TẠI SAO	Công việc
vâng tôi hoàn toàn không biết trà trung quốc	TÔI TRÀ TRUNG QUỐC KHÔNG BIẾT	Cuộc sống thường nhật
cuộc đình công mới là gì	CUỘC PHẢN ĐỐI MỚI LÀ GÌ	Cuộc sống thường nhật
chuyến xe buýt có dài không	CHUYẾN XE BUÝT NÀY ĐI LÂU CÓ KHÔNG	Cuộc sống thường nhật
bạn đã ở lại 6 ngày đây là hóa đơn của bạn	BẠN Ở LẠI 6 NGÀY RỒI ĐÂY LÀ HÓA ĐƠN CỦA BẠN	Du lịch
bạn có luôn biết bạn muốn trở thành một nhà văn	BẠN NHÀ VĂN TRỞ THÀNH MUỐN LUÔN LUÔN BIẾT KHÔNG	Mối quan hệ
mấy giờ thì 7 giờ 59 tới london	CHUYẾN BAY 7 GIỜ 59 LONDON HẠ CÁNH LÚC MẤY GIỜ	Cuộc sống thường nhật
tôi sẽ ăn đậu xanh và đảm bảo thịt bò được nấu chín	TÔI ĂN ĐẬU XANH VÀ THỊT BÒ NẤU CHÍN KỸ NHỚ	Cuộc sống thường nhật
con chuột nhắt chạy rất nhanh qua góc phòng tối	CON CHUỘT NHẮT BÉ CHẠY NHANH QUA GÓC PHÒNG	Cuộc sống thường nhật
mỗi tối em đều dành thời gian để làm bài tập	EM BÀI TẬP LÀM THỜI GIAN MỖI TỐI	Cuộc sống học đường
được rồi họ sẽ quay lại vào thứ tư tới	HỌ THỨ TƯ TUẦN TỚI QUAY LẠI SẼ	Cuộc sống học đường
tôi đã đọc xong 2 cuốn sách trong tuần này để thư giãn	TUẦN NÀY TÔI CUỐN SÁCH 2 ĐỌC XONG ĐỂ THƯ GIÃN	Cuộc sống thường nhật
cảm ơn bạn tôi sống ở đó khi tôi đến bắc kinh lần trước nó thoải mái và đẹp	CẢM ƠN BẠN LẦN TRƯỚC BẮC KINH ĐẾN TÔI ĐÓ Ở CŨNG NƠI ẤY ĐẸP THẬT SẠCH SẼ VỪA VỪA	Công việc
bình xăng hết rồi chắc tôi phải lái xe đến trạm xăng để đổ đầy	BÌNH XĂNG HẾT RỒI TÔI TRẠM XĂNG LÁI XE ĐẾN ĐỔ ĐẦY	Cuộc sống thường nhật
bạn cần được phỏng vấn qua điện thoại họ sẽ sắp xếp thời gian cho bạn	BẠN PHỎNG VẤN ĐIỆN THOẠI CẦN HỌ SẮP XẾP THỜI GIAN BẠN CHO	Công việc
không thế là đủ rồi cảm ơn	KHÔNG ĐỦ RỒI CẢM ƠN	Cuộc sống thường nhật
tôi thấy có một số công nhân trên trang web khi nào công việc xây dựng bắt đầu	TÔI THẤY NHÂN VIÊN MỘT SỐ TRÊN TRANG WEB CÔNG VIỆC XÂY DỰNG BẮT ĐẦU KHI NÀO	Công việc
tôi xin lỗi tôi không muốn đi đến buổi hòa nhạc dân gian	TÔI XIN LỖI TÔI BIỂU DIỄN ÂM NHẠC DÂN GIAN ĐI ĐẾN MUỐN KHÔNG	Mối quan hệ
vâng bây giờ chúng tôi đang bị mắc kẹt chúng ta có thể làm gì	GIỜ CHÚNG TA KẸT PHẢI LÀM SAO	Cuộc sống thường nhật
cuốn sách này mang lại nhiều ý nghĩa sâu sắc cho tôi	TÔI CUỐN SÁCH NÀY Ý NGHĨA MANG LẠI NHIỀU	Văn hóa và Giáo dục
họ thích học	HỌ HỌC THÍCH	Cuộc sống thường nhật
khi nào bạn cần nó	BẠN CẦN LÚC NÀO	Công việc
tôi đi đây anh có đi không	TÔI ĐI ANH ĐI CÓ KHÔNG	Mối quan hệ
tốtcó một tốt đẹp ở đây	Ở ĐÂY CON MỘT RẤT DỄ THƯƠNG	Du lịch
anh thấy đồ ăn thế nào	ANH ĐỒ ĂN THẾ NÀO	Cuộc sống thường nhật
tôi thấy chạy bộ rất tốt cho tôi nên tôi cứ chạy	TÔI THẤY CHẠY BỘ TỐT CHO TÔI TÔI CHẠY BỘ TIẾP TỤC	Cuộc sống thường nhật
trễ rồi	MUỘN RỒI	Mối quan hệ
khoảng 730	KHOẢNG 7 30	Mối quan hệ
chào bạn có thể gặp tôi sau giờ làm vài phút được không	CHÀO GIỜ LÀM VIỆC VÀI PHÚT SAU TÔI BẠN GẶP ĐƯỢC KHÔNG	Mối quan hệ
câu hỏi hay tôi phải suy nghĩ về nó	CÂU HỎI HAY ĐỂ TÔI SUY NGHĨ THÊM CHÚT	Mối quan hệ
hôm nay tôi thật hên vì đã tìm lại được chiếc ví bị mất	HÔM NAY TÔI CHIẾC VÍ TÌM ĐƯỢC	Thái độ và Cảm xúc
bạn có biết jack đã ly dị tháng trước không	ANH ẤY LY DỊ THÁNG TRƯỚC BẠN BIẾT KHÔNG	Mối quan hệ
vâng 20 là hoàn hảo	20 HOÀN HẢO	Mối quan hệ
chào buổi sáng con ngủ ngon chứ	CHÀO BUỔI SÁNG CON NGỦ NGON	Mối quan hệ
tôi muốn gọi đồ ăn ngay bây giờ	TÔI MUỐN GỌI MÓN NGAY BÂY GIỜ	Cuộc sống thường nhật
bạn nghĩ gì về gió lạnh	BẠN PHIM GIÓ LẠNH NGHĨ GÌ	Mối quan hệ
đừng lo tôi đã có thẻ tín dụng của tôi bạn có thể trả lại cho tôi sau	LO ĐỪNG TÔI THẺ TÍN DỤNG CÓ BẠN TRẢ SAU CŨNG ĐƯỢC	Cuộc sống thường nhật
bạn phải đặt dấu phẩy đúng chỗ để câu văn rõ nghĩa	BẠN DẤU PHẨY ĐẶT ĐÚNG ĐỂ Ý NGHĨA CÂU VĂN RÕ RÀNG	Cuộc sống học đường
bạn đặt tiền xu vào khe đẩy nó vào và nó sẽ bật	BẠN ĐẶT TIỀN XU VÀO MÁY ĐẨY NÓ VÀO VÀ BẬT	Cuộc sống thường nhật
mất bao lâu để kiếm được năm trăm	KIẾM NĂM TRĂM BAO LÂU	Công việc
tôi sẽ ở nhà nghỉ ngơi hoàn toàn	TÔI Ở NHÀ NGHỈ NGƠI	Mối quan hệ
vâng nhưng trà thơm hiện đang là mốt	Ừ NHƯNG BÂY GIỜ TRÀ HƯƠNG ƯA CHUỘNG ĐƯỢC RẤT ĐẤY	Mối quan hệ
tôi còn phải chuẩn bị gì nữa thưa ngài	THƯA NGÀI TÔI CHUẨN BỊ GÌ THÊM CẦN KHÔNG	Công việc
có chuyện gì to tát vậy	CHUYỆN GÌ	Mối quan hệ
bước tiếp theo là gì	TIẾP THEO GÌ	Công việc
em dùng cục tẩy để xóa đi những nét bút chì	EM CỤC TẨY DÙNG ĐỂ NÉT BÚT CHÌ XOÁ ĐI	Cuộc sống học đường
chào buổi sáng	XIN CHÀO	Cuộc sống thường nhật
bạn có biết ai vừa kết hôn không	AI KẾT HÔN BẠN BIẾT CÓ KHÔNG	Mối quan hệ
hãy bình tĩnh có thể ngày mai sẽ khác	BÌNH TĨNH NGÀY MAI KHÁC SẼ	Mối quan hệ
bạn đã tìm được việc khác chưa sally	VIỆC MỚI TÌM CHƯA	Công việc
sẽ mất khoảng 15 phút	KHOẢNG PHÚT 15	Cuộc sống thường nhật
bạn có thể thấy tất cả các bút chì của tôi trên bàn	BẠN THẤY TẤT CẢ BÚT CHÌ CỦA TÔI TRÊN BÀN	Công việc
tôi nghĩ tôi có thể làm rất nhiều điều tốt cho đất nước chúng ta	TÔI NGHĨ MÌNH LÀM ĐƯỢC NHIỀU ĐIỀU TỐT ĐẤT NƯỚC	Cuộc sống học đường
đừng lo chúng ta sẽ quay lại khu cắm trại trước khi trời tối	LO LẮNG ĐỪNG TRƯỚC KHI TRỜI TỐI CHÚNG TA CẮM TRẠI QUAY LẠI	Mối quan hệ
mỗi dân tộc đều có những phong tục tập quán rất độc đáo	MỖI DÂN TỘC NHỮNG PHONG TỤC TẬP QUÁN ĐỘC ĐÁO CÓ	Văn hóa và Giáo dục
chúng ta có thể sống tốt tôi nghĩ vậy	CHÚNG TA SỐNG TỐT TÔI NGHĨ	Mối quan hệ
chính phủ đưa ra chính sách mới về kinh tế	CHÍNH PHỦ CHÍNH SÁCH KINH TẾ MỚI ĐƯA RA	Công việc
tôi không thể tin được bạn đã làm việc ở đây trong nhiều năm	TÔI TIN KHÔNG THỂ BẠN LÀM VIỆC NHIỀU NĂM	Mối quan hệ
bạn cần một chiếc đồng hồ chống nước cho loại thể thao nào	BẠN CHIẾC ĐỒNG HỒ CHỐNG NƯỚC MÔN THỂ THAO NÀO	Thái độ và Cảm xúc
cindy tôi có phòng này cho riêng mình	TÔI PHÒNG NÀY RIÊNG CÓ KHÔNG	Mối quan hệ
thật sao tôi cũng thích chơi bóng rổ	THẬT SAO TÔI CHƠI BÓNG RỔ THÍCH CŨNG	Mối quan hệ
cảnh sát buộc phải nổ súng để khống chế tên tội phạm	CẢNH SÁT SÚNG NỔ SÚNG PHẢI ĐỂ KHỐNG CHẾ BẮT TỘI PHẠM	Chính trị
rất vui khi nghe giọng bạn	RẤT VUI NGHE GIỌNG BẠN	Mối quan hệ
ông tôi vẫn còn giữ những đồng xu từ thời xưa	ÔNG TÔI ĐỒNG XU CỔ GIỮ	Tài chính
được rồi làm ơn	ĐƯỢC RỒI LÀM ƠN NHÉ	Công việc
có giường trống không	GIƯỜNG TRỐNG CÒN KHÔNG	Du lịch
tôi muốn mua một số bánh kiểu trung quốc bạn có thể giới thiệu cho tôi một vài	TÔI BÁNH TRUNG QUỐC VÀI LOẠI MUA MUỐN BẠN TÔI GIỚI THIỆU CÓ THỂ KHÔNG	Cuộc sống thường nhật
bạn thấy các món ăn trung quốc tuyệt vời	BẠN THẤY MÓN ĂN TRUNG QUỐC TUYỆT VỜI	Mối quan hệ
tôi muốn mua một chai rượu vang	TÔI MUA CHAI RƯỢU VANG MỘT MUỐN	Cuộc sống thường nhật
bao nhiêu giây trong một giờ 60 giây nhân với 60 phút bằng 3600 giây hoàn toàn	MỘT GIỜ CÓ BAO NHIÊU GIÂY 60 GIÂY NHÂN 60 PHÚT TỔNG CỘNG 3600 GIÂY	Mối quan hệ
bạn có xem phim vào tối chủ nhật không	CHỦ NHẬT TỐI BẠN XEM PHIM CÓ KHÔNG	Mối quan hệ
vâng tôi biết tôi đánh giá cao lời mời của bạn	TÔI BIẾT TÔI ĐÁNH GIÁ CAO LỜI MỜI CỦA BẠN	Mối quan hệ
tôi biết và bạn cũng nên cẩn thận hơn	TÔI BIẾT BẠN CẨN THẬN HƠN NÊN	Mối quan hệ
cô giáo yêu cầu chúng tôi phải viết đúng chính tả	CÔ GIÁO CHÚNG TÔI YÊU CẦU CHÍNH TẢ VIẾT ĐÚNG	Cuộc sống học đường
nếu bạn chăm sóc tốt nó nó có thể dùng được trong nhiều năm	NẾU BẠN CHĂM SÓC TỐT NÓ DÙNG ĐƯỢC NĂM NHIỀU	Cuộc sống thường nhật
cửa hàng này bán rất nhiều loại giầy dép thời trang	CỬA HÀNG NAY GIÀY DÉP THỜI TRANG BÁN NHIỀU	Cuộc sống thường nhật
nhìn những quả bí ngô lớn kìa	NHÌN KÌA NHỮNG QUẢ BÍ NGÔ LỚN	Cuộc sống thường nhật
tiếng gà gáy vang báo hiệu một ngày mới đã bắt đầu	TIẾNG GÀ GÁY VANG BÁO HIỆU MỘT NGÀY MỚI BẮT ĐẦU	Cuộc sống thường nhật
wow thời gian tốt	THỜI GIAN TỐT	Mối quan hệ
chúng tôi sẽ trả lời vào cuối tuần này	CHÚNG TÔI CUỐI TUẦN NÀY PHẢN HỒI	Công việc
đôi khi	THI THOẢNG	Cuộc sống học đường
tôi có thể mong đợi bao nhiêu tiền thưởng	TÔI TIỀN THƯỞNG MONG ĐỢI CÓ THỂ BAO NHIÊU	Công việc
tên tôi là david rất vui được gặp bạn	TÔI DAVID BẠN GẶP VUI RẤT	Cuộc sống học đường
bạn còn có gì khác	BẠN CÒN KHÁC CÓ GÌ	Cuộc sống thường nhật
chiếc máy tính này giúp tôi hoàn thành công việc nhanh hơn	CHIẾC MÁY TÍNH GIÚP TÔI CÔNG VIỆC HOÀN THÀNH NHANH HƠN	Công việc
tại sao bạn không đỗ xe trong cấu trúc bãi đậu xe cho sinh viên	ANH XE BÃI XE SINH VIÊN ĐẬU SAO KHÔNG	Cuộc sống học đường
mọi công dân đều phải tuân thủ luật lệ của nhà nước	MỌI CÔNG DÂN QUỐC GIA LUẬT LỆ TUÂN THỦ THỰC HIỆN PHẢI	Chính trị
đừng quên hôm nay là ngày của bữa tiệc của tôi	HÔM NAY BỮA TIỆC CỦA TÔI QUÊN ĐỪNG	Cuộc sống thường nhật
làm ơn thắt dây an toàn lại	DÂY AN TOÀN THẮT ĐI	Cuộc sống thường nhật
vâng giống như một con cá heo tôi đang đi đúng hướng	GIỐNG CÁ HEO TÔI ĐI HƯỚNG ĐÚNG KHÔNG	Mối quan hệ
tôi thích đi chơi với bạn bè chơi trò chơi và đi bơi	TÔI BẠN BÈ CÙNG ĐI CHƠI VÀ ĐI BƠI THÍCH	Mối quan hệ
mua thẻ xe buýt sẽ giúp bạn tiết kiệm tiền	VÉ THÁNG XE BUÝT MUA TIẾT KIỆM NHIỀU SẼ	Cuộc sống thường nhật
sâu bướm sẽ ăn lá	SÂU BƯỚM LÁ ĂN	Cuộc sống thường nhật
tốt hãy bắt tay vào giao dịch thành công này	CHÚNG TA THƯƠNG VỤ NÀY HOÀN THÀNH BẮT TAY	Công việc
một đềximét vuông bằng một trăm xăngtimét vuông	MỘT ĐỀ XI MÉT VUÔNG BẰNG MỘT TRĂM XĂNG TI MÉT VUÔNG	Cuộc sống học đường
chúng tôi muốn bày tỏ mong muốn giao dịch với bạn trong giày da	CHÚNG TÔI MUỐN HỢP TÁC VỚI BẠN LĨNH VỰC GIÀY DA BÀY TỎ MONG MUỐN	Công việc
tôi xin lỗi không có danh sách dưới tên đó bạn có chắc chắn về tên	TÔI XIN LỖI DANH SÁCH TÊN KHÔNG BẠN TÊN CHẮC CHẮN	Cuộc sống thường nhật
vâng đúng rồi chào bạn thật bất ngờ khi thấy bạn ở đây	ĐÚNG RỒI CHÀO BẠN THẤY Ở ĐÂY BẤT NGỜ	Mối quan hệ
không hút thuốc xin vui lòng chúng tôi có thể có bàn cạnh cửa sổ không	KHÔNG HÚT THUỐC NHÉ CHO CHÚNG TÔI BÀN CẠNH CỬA SỔ	Cuộc sống thường nhật
điều đó thật tuyệt tôi sẽ cảm thấy nóng ở đó tôi thấy nhạy cảm với nhiệt	HAY QUÁ Ở ĐÓ NÓNG KHÔNG TÔI NHẠY CẢM NHIỆT ĐỘ	Du lịch
bài tập làm văn yêu cầu viết những câu văn mạch lạc	BÀI TẬP LÀM VĂN YÊU CẦU CÂU VĂN VIẾT RÕ RÀNG	Cuộc sống học đường
chúng ta cần họp để giải quyết vấn đề tồn đọng này	CHÚNG TA VẤN ĐỀ CÒN LẠI NÀY GIẢI QUYẾT CẦN	Công việc
cô ấy vẫn còn quyến luyến với những kỷ niệm của ngày xưa	CÔ ẤY KỶ NIỆM CŨ CÓ NHỚ NHIỀU	Thái độ và Cảm xúc
chào bạn terry tất cả các cầu thủ đã đến chưa	CẦU THỦ TẤT CẢ ĐẾN ĐỦ CHƯA	Cuộc sống thường nhật
tôi sẽ đón bạn tại khách sạn lúc 8 giờ sáng	SÁNG GIỜ 8 KHÁCH SẠN TÔI ĐÓN	Du lịch
ông nội có một bộ râu dài bạc trắng như cước	ÔNG NỘI RÂU DÀI BỘ 1 TRẮNG CÓ	Cuộc sống thường nhật
bạn có thể xử lý bay trong 24 giờ thẳng	BẠN CHUYẾN BAY DÀI 24 TIẾNG CHỊU ĐƯỢC CÓ KHÔNG	Công việc
ai thắng	THẮNG AI	Mối quan hệ
bà tôi trồng rất nhiều hoa ở một góc vườn nhỏ xinh	Ở GÓC VƯỜN NHỎ XINH BÀ HOA TRỒNG NHIỀU	Cuộc sống thường nhật
chúng ta có thể làm gì	CHÚNG TA LÀM GÌ	Cuộc sống thường nhật
ah tôi thấy	À TÔI HIỂU RỒI	Cuộc sống thường nhật
vâng nó ở ngay đây	NÓ Ở ĐÂY	Cuộc sống thường nhật
vâng đây là một ngôi nhà lớn với một khu vườn tôi rất thích nó	NHÀ LỚN CÓ VƯỜN TÔI THÍCH	Mối quan hệ
ông tôi thường đặt bẫy chim ở ngoài vườn sau nhà	ÔNG TÔI VƯỜN SAU NHÀ BẪY CHIM ĐẶT THƯỜNG	Cuộc sống thường nhật
những đứa trẻ đó đã học được rất nhiều về việc ăn uống lành mạnh	NHỮNG ĐỨA TRẺ HỌC NHIỀU ĂN UỐNG LÀNH MẠNH	Sức khỏe
ok george tạm biệt	OK TẠM BIỆT	Mối quan hệ
đến và có một chỗ ngồi	ĐẾN VÀ CHỖ NGỒI MỘT CÓ	Cuộc sống thường nhật
vâng tôi thích nó ngay từ giây phút đầu tiên tôi kéo nó lên	VÂNG TÔI THÍCH NÓ TỪ LÚC ĐẦU TIÊN MẶC THỬ	Cuộc sống thường nhật
xin chào hôm nay chúng tôi có thể làm gì cho bạn	XIN CHÀO HÔM NAY CHÚNG TÔI CHO BẠN LÀM GÌ	Tài chính
chiếc xe container đang vận chuyển hàng hóa ra cảng biển	CHIẾC CONTAINER VẬN CHUYỂN HÀNG HOÁ RA CẢNG BIỂN	Công việc
nó thực sự có lẽ chúng ta nên đợi cho nó rõ ràng trước khi đi mua sắm	ĐÚNG VẬY CHÚNG TA ĐỢI TRỜI QUANG NÊN RỒI ĐI MUA SẮM HÃY	Mối quan hệ
xe cộ di chuyển chậm lại khi đi qua khu vực bùng binh	KHI ĐI QUA KHU VỰC BÙNG BINH XE CỘ DI CHUYỂN CHẬM LẠI	Cuộc sống thường nhật
chúng tôi có rất nhiều tiền để mua đồ dùng văn phòng	CHÚNG TÔI TIỀN NHIỀU ĐỒ DÙNG VĂN PHÒNG MUA	Công việc
cô ấy chúc anh may mắn	CÔ ẤY ANH CHÚC MAY MẮN	Mối quan hệ
tai bạn hơi lạnh	BẠN TAI LẠNH	Sức khỏe
về nhà có chuyện gì vậy	VỀ NHÀ CHUYỆN CÓ GÌ	Du lịch
ngay chỗ bạn muốn đặt cây	NƠI BẠN CÂY ĐẶT MUỐN	Cuộc sống thường nhật
bà tôi thường lần một chuỗi hạt khi đọc kinh mỗi tối	BUỔI TỐI TRƯƠC KHI ĐỌC KINH BÀ TÔI CHUỖI HẠT LẦN SỜ	Cuộc sống thường nhật
tôi đang làm một chiếc thuyền bằng gỗ	TÔI CHIẾC THUYỀN BẰNG GỖ MỘT CẦN	Cuộc sống thường nhật
chúng tôi thích ngủ	CHÚNG TÔI NGỦ THÍCH	Cuộc sống thường nhật
chiếc lược được làm thủ công từ sừng trâu rất đẹp	CHIẾC LƯỢC SỪNG TRÂU LÀM THỦ CÔNG ĐƯỢC ĐẸP	Văn hóa và Giáo dục
tốt tôi thích nó	TỐT TÔI NÓ THÍCH	Cuộc sống thường nhật
cô giáo yêu cầu chúng tôi tìm từ trái nghĩa với từ chăm chỉ	CÔ GIÁO CHÚNG TÔI YÊU CẦU TỪ TRÁI NGHĨA VỚI TỪ CHĂM CHỈ TÌM	Cuộc sống học đường
bạn nghĩ gì về việc trở thành một thư ký	BẠN THƯ KÝ TRỞ THÀNH NGHĨ GÌ	Thái độ và Cảm xúc
rất tốt thưa ông đây là hóa đơn của bạn vui lòng kiểm tra và ký tên	TÔT HÓA ĐƠN CỦA BẠN KIỂM TRA KÍ TÊN	Du lịch
chúng ta cũng cần hai thìa	CHÚNG TA THÌA 2 CẦN	Cuộc sống thường nhật
vâng điều đó sẽ tốt đẹp khi nào bạn muốn đi	BẠN ĐI MUỐN KHI NÀO NHƯ VẬY TỐT	Mối quan hệ
tớ không biết cậu có vé sinh viên nên tớ để quên trong túi	TÔI KHÔNG BIẾT BẠN VÉ SINH VIÊN CÓ TÔI TÚI TRONG QUÊN	Du lịch
bài kiểm tra toán của tôi đã đạt điểm 100	TÔI BÀI KIỂM TRA TOÁN ĐIỂM 100 ĐẠT	Cuộc sống học đường
đây là tiền của bạn	ĐÂY LÀ TIỀN CỦA BẠN	Tài chính
chào bạn bạn khỏe không	XIN CHÀO BẠN KHỎE KHÔNG	Công việc
các make và mô hình của chiếc xe của bạn là gì	CÁCH LÀM VÀ MÔ HÌNH CHIẾC XE CỦA BẠN LÀ GÌ	Cuộc sống thường nhật
bạn muốn trả tiền phòng bằng tiền mặt hay bằng thẻ tín dụng	BẠN PHÒNG TIỀN TRẢ BẰNG TIỀN MẶT HAY THẺ TÍN DỤNG	Du lịch
không thưa bà tôi không nghĩ vậy	TÔI NGHĨ KHÔNG	Cuộc sống thường nhật
cô dâu và chú rể trao nhau nụ hôn thật ngọt ngào	CÔ DÂU CHÚ RỂ NỤ HÔN TRAO NHAU NGỌT NGÀO	Mối quan hệ
tỉnh thanh hóa nổi tiếng với nhiều danh lam thắng cảnh	TỈNH THANH HOÁ DANH LAM THẮNG CẢNH PHONG CẢNH ĐẸP NỔI TIẾNG NHIỀU	Du lịch
bạn có muốn tôi nói chuyện với cô ấy không	BẠN MUỐN TÔI CÔ ẤY NÓI CHUYỆN VỚI CÓ KHÔNG	Mối quan hệ
chắc chắn rồi	CHẮC CHẮN RỒI	Công việc
chiếc bàn phím cơ của anh ấy có âm thanh gõ rất vui tai	CHIẾC BÀN PHÍM CƠ CỦA ANH ẤY ÂM THANH GÕ TAI VUI	Công việc
thật sao bây giờ tôi có thể làm gì tôi không thể bỏ lỡ cuộc họp quan trọng	LÀM THẾ NÀO CUỘC HỌP QUAN TRỌNG BỎ LỠ KHÔNG ĐƯỢC	Du lịch
tôi không cần nó để chơi guitar	TÔI NÓ KHÔNG CẦN ĐỂ ĐÀN GHI TA CHƠI	Cuộc sống thường nhật
nghe như câu chuyện đời tôi vậy	NGHE NHƯ CÂU CHUYỆN CUỘC ĐỜI CỦA TÔI	Mối quan hệ
bây giờ bạn muốn màu gì	BÂY GIỜ BẠN MÀU MUỐN GÌ	Cuộc sống thường nhật
bạn bè tốt luôn biết san sẻ niềm vui và nỗi buồn	BẠN BÈ TỐT NIỀM VUI NỖI BUỒN BIẾT SAN SẺ CHIA SẺ	Mối quan hệ
vâng cái nệm này rất tốt nó khá chắc chắn cái đệm tôi đang ngủ bây giờ bị chùng xuống	VÂNG CÁI ĐỆM RẤT TỐT NÓ CHẮC CHẮN CÁI ĐỆM TÔI NGỦ BÂY GIỜ BỊ CHÙNG XUỐNG	Cuộc sống thường nhật
tôi quên thuốc lá của tôi ngày hôm nay bạn có một cái khác	HÔM NAY TÔI THUỐC LÁ QUÊN BẠN KHÁC CÓ	Mối quan hệ
tôi đi xem phim với bạn trai	TÔI BẠN TRAI VỚI PHIM XEM ĐI	Mối quan hệ
căng thẳng kéo dài sẽ ảnh hưởng không tốt đến hệ thần kinh	CĂNG THẲNG MỆT MỎI KÉO DÀI HỆ THẦN KINH TRÍ NÃO ẢNH HƯỞNG KHÔNG TỐT	Sức khỏe
chắc rồi cô ấy có biết bạn của bạn không	CHẮC RỒI CÔ ẤY BẠN BẠN CỦA BIẾT CÓ KHÔNG	Mối quan hệ
hãy lấy sách của bạn và tôi sẽ giúp bạn chuẩn bị bài tập	BẠN SÁCH LẤY HÃY VÀ TÔI GIÚP BÀI TẬP CHUẨN BỊ	Cuộc sống học đường
ồ vâng cô ấy thế nào rồi	CÔ ẤY DẠO NÀY THẾ NÀO	Mối quan hệ
anh ấy quyết định đầu tư vào thị trường chứng khoán đầy tiềm năng	ANH ẤY QUYẾT ĐỊNH ĐẦU TƯ THỊ TRƯỜNG CHỨNG KHOÁN TIỀM NĂNG	Tài chính
ý tưởng tốt chúng ta có thể mua một ít kẹo và hạt cho trẻ em	Ý TƯỞNG TỐT CHÚNG TA KẸO HẠT MUA TRẺ EM CHO	Cuộc sống thường nhật
chiếc áo khoác màu nâu này rất hợp với tiết trời mùa thu	CHIẾC ÁO KHOÁC MÀU NÂU MÙA THU THỜI TIẾT HỢP	Cuộc sống thường nhật
làm gì cơ	LÀM GÌ	Mối quan hệ
rất vui được gặp bạn bạn làm gì	GẶP BẠN RẤT VUI BẠN LÀM GÌ	Mối quan hệ
anh nghĩ sao về căn hộ này	BẠN CĂN HỘ NÀY NGHĨ GÌ	Cuộc sống thường nhật
đó là ý kiến của bà không phải của tôi	Ý KIẾN CỦA BÀ CỦA TÔI KHÔNG PHẢI	Mối quan hệ
chú chó nhỏ đang say sưa gặm xương ở ngoài sân vườn	CHÚ CHÓ NHỎ Ở NGOÀI SÂN VƯỜN GẶM XƯƠNG SAY SƯA	Cuộc sống thường nhật
xin chào  đó có phải là mạnh 	XIN CHÀO ĐÓ MẠNH PHẢI KHÔNG	Mối quan hệ
nói cho tôi biết nó sẽ là bao nhiêu và tôi có thể cho bạn biết nếu nó ổn	NÓI CHO TÔI BIẾT BAO NHIÊU CHO BẠN BIẾT NẾU NÓ ỔN	Du lịch
giờ chúng ta phải đi bộ thôi	BÂY GIỜ CHÚNG TA ĐI BỘ PHẢI	Cuộc sống thường nhật
trí tưởng tượng của trẻ em vô cùng phong phú và bay bổng	TRẺ EM XÚC XÍCH VÀ BIM BIM ĂN THÍCH	Thái độ và Cảm xúc
tôi chưa từng đi cắm trại bạn làm gì ở đó	TÔI CẮM TRẠI ĐI CHƯA TỪNG Ở ĐÓ LÀM GÌ THƯỜNG	Mối quan hệ
thanks bạn sẽ thích chúng như thế nào	CẢM ƠN BẠN CHÚNG TÔI LÀM THẾ NÀO MUỐN	Tài chính
cảm ơn hãy đi ăn mừng tối nay bạn có rảnh không	CẢM ƠN ĐI ĂN MỪNG TỐI NAY BẠN RẢNH CÓ KHÔNG	Mối quan hệ
đừng trả tiền viện phí cho tôi tôi trả được	BẠN VIỆN PHÍ TRẢ TIỀN CHO TÔI ĐỪNG TÔI TRẢ	Mối quan hệ
cậu gặp bạn gái thế nào	CẬU QUEN BẠN GÁI BẰNG CÁCH NÀO	Mối quan hệ
vâng đó là một trong những sở thích của tôi	VÂNG ĐÓ MỘT SỞ THÍCH CỦA TÔI	Mối quan hệ
loại tôi không biết bạn có gì	LOẠI NÀO TÔI KHÔNG BIẾT BẠN CÓ GÌ	Cuộc sống thường nhật
vâng nó gần như mới ở đây	VÂNG NÓ MỚI Ở ĐÂY	Cuộc sống thường nhật
con muốn đi dã ngoại với bạn con mẹ à	CON ĐI DÃ NGOẠI VỚI BẠN MUỐN	Mối quan hệ
bởi vì anh ta ở với tôi suốt đêm đó	BỞI VÌ ANH ẤY Ở VỚI TÔI SUỐT ĐÊM ĐÓ	Mối quan hệ
bạn có thể dùng một loại thuốc bổ hoặc kem tay	BẠN THUỐC BỔ HOẶC KEM TAY DÙNG	Cuộc sống thường nhật
tiếng còi xe cứu hỏa vang lên khắp cả khu phố	TIẾNG CÒI XE CỨU HỎA VANG KHẮP KHU PHỐ	Cuộc sống thường nhật
bạn thích con vật gì	BẠN ĐỘNG VẬT THÍCH GÌ	Cuộc sống thường nhật
may mắn là tôi mạnh mẽ	MAY MẮN TÔI MẠNH MẼ	Cuộc sống thường nhật
bạn thích làm gì trong thời gian rảnh rỗi	BẠN THỜI GIAN RẢNH RỖI THÍCH LÀM GÌ	Mối quan hệ
đúng vậy nhưng tôi muốn thịt	ĐÚNG VẬY NHƯNG TÔI THỊT MUỐN	Cuộc sống thường nhật
ok theo cách này bạn có màu gì trong đầu	ĐI HƯỚNG NÀY BẠN MÀU NÀO NGHĨ CHƯA	Cuộc sống thường nhật
tối nay khách sạn đã đầy chúng ta sẽ cần tìm một nơi ở mới	TỐI NAY KHÁCH SẠN ĐẦY CHÚNG TA NƠI Ở MỚI TÌM	Mối quan hệ
tôi có thể làm điều này cho bạn đừng lo lắng	TÔI GIÚP ĐỠ BẠN CÓ THỂ LO LẮNG ĐỪNG	Cuộc sống thường nhật
bạn muốn uống trà hay cà phê	BẠN UỐNG TRÀ HAY CÀ PHÊ MUỐN	Mối quan hệ
tôi có thể thấy điều đó nhưng tôi không biết anh có kinh nghiệm trong lĩnh vực đó	TÔI THẤY ĐIỀU ĐÓ NHƯNG TÔI KHÔNG BIẾT BẠN LĨNH VỰC ĐÓ KINH NGHIỆM CÓ	Mối quan hệ
chắc rồi tôi không biết anh thích những bí ẩn	CHẮC CHẮN TÔI KHÔNG BIẾT BẠN NHỮNG BÍ ẨN THÍCH	Mối quan hệ
không tôi sẽ thử chúng nghe hay đấy	HAY TÔI THỬ SẼ	Cuộc sống thường nhật
sao chúng ta không xem bọn trẻ học về an toàn giao thông nhỉ	CHÚNG TA XEM TRẺ EM AN TOÀN ĐƯỜNG BỘ HỌC KHÔNG TẠI SAO	Văn hóa và Giáo dục
có bạn có thể đi xe buýt số 5 ở đó xuống xe ở trạm tiếp theo	BẠN ĐI XE BUÝT SỐ 5 XUỐNG XE Ở TRẠM TIẾP THEO	Cuộc sống thường nhật
cô gái có mái tóc xoăn bồng bềnh trông thật đáng yêu	CÔ GÁI MÁI TÓC XOĂN BỒNG BỀNH NHÌN THẬT ĐÁNG YÊU	Cuộc sống thường nhật
em rất thích học môn tự nhiên và xã hội	EM THÍCH HỌC MÔN TỰ NHIÊN XÃ HỘI	Cuộc sống học đường
bầu trời đêm nay có rất nhiều ngôi sao lấp lánh	ĐÊM NAY BẦU TRỜI NGÔI SAO LẤP LÁNH CÓ NHIỀU	Cuộc sống thường nhật
thế có tốt hơn không	TỐT HƠN CÓ KHÔNG	Cuộc sống thường nhật
lãi suất thẻ của bạn là bao nhiêu	THẺ CỦA BẠN LÃI SUẤT BAO NHIÊU	Tài chính
mai con rảnh	NGÀY MAI CON RẢNH	Mối quan hệ
có lẽ chúng ta nên mua một chiếc xe đẩy hàng	CHÚNG TA XE ĐẨY HÀNG MUA 1	Cuộc sống thường nhật
tại sao không phải bây giờ tôi đói	BÂY GIỜ KHÔNG PHẢI TẠI SAO TÔI ĐÓI	Mối quan hệ
bạn có thích màu này hay màu khác không	BẠN MÀU NÀY HAY MÀU KHÁC THÍCH CÓ KHÔNG	Cuộc sống thường nhật
bạn có tham gia vào bất kỳ hoạt động nào ở trường đại học không	BẠN THAM GIA TRƯỜNG ĐẠI HỌC HOẠT ĐỘNG NÀO	Công việc
rất vui được gặp bạn	BẠN GẶP VUI	Mối quan hệ
sao bạn không đi xem phim với tôi và bạn tôi	BẠN XEM PHIM VỚI TÔI VÀ BẠN TÔI KHÔNG TẠI SAO	Mối quan hệ
con bạn vẫn tin vào ông già noel	CON BẠN TIN ÔNG GIÀ NOEL VẪN	Mối quan hệ
không tôi luôn nấu ăn	TÔI NẤU ĂN LUÔN LUÔN	Cuộc sống thường nhật
du khách cần xem kỹ bảng chỉ dẫn để không bị lạc đường	DU KHÁCH BẢNG CHỈ DẪN XEM KĨ CẦN ĐỂ LẠC ĐƯỜNG KHÔNG	Du lịch
ok không có tàu điện ngầm trong thành phố của tôi	THÀNH PHỐ TÔI KHÔNG CÓ TÀU ĐIỆN NGẦM	Cuộc sống thường nhật
ăn nho như thế nào	NHO ĂN NHƯ THẾ NÀO	Cuộc sống thường nhật
tôi cần bao nhiêu ngày để hoàn thành khóa học	TÔI KHÓA HỌC HOÀN THÀNH CẦN NGÀY BAO NHIÊU	Cuộc sống thường nhật
trong bài thi toán có một câu hỏi về góc bẹt	TRONG BÀI THI TOÁN CÂU HỎI 1 CÓ VỀ GÓC BẸT	Cuộc sống học đường
vâng không cần phải thay đổi	TRẢ LẠI KHÔNG CẦN	Cuộc sống thường nhật
tôi có thể chơi piano một chút	TÔI CHƠI PIANO MỘT CHÚT	Mối quan hệ
bạn dự định làm gì cho sinh nhật của bạn	BẠN ĐỊNH LÀM GÌ CHO SINH NHẬT CỦA MÌNH	Mối quan hệ
tôi cảm thấy khá chán chúng ta nên làm một cái gì đó mặc dù mưa	TÔI CẢM THẤY CHÁN CHÚNG TA MỘT CÁI GÌ ĐÓ LÀM NÊN MẶC DÙ MƯA	Mối quan hệ
cảm ơn bạn chúng ta sẽ đứng xa hơn một chút tôi muốn đưa tòa tháp vào	CHÚNG TA LÙI MỘT CHÚT ĐƯỢC KHÔNG TÔI TÒA THÁP ẢNH CÓ MUỐN	Du lịch
anh tham gia môn thể thao nào	ANH MÔN THỂ THAO THAM GIA NÀO	Cuộc sống thường nhật
con đường sự nghiệp tôi không chắc chắn	LÊN CHỨC CÔNG VIỆC À TÔI CHẮC CHẮN KHÔNG	Cuộc sống học đường
nhưng tôi cần nó vào sáng mai	TÔI SÁNG MAI NÓ VÀO CẦN RỒI NHƯNG	Du lịch
tôi không có thẻ thư viện	TÔI THẺ THƯ VIỆN KHÔNG	Cuộc sống học đường
chúng ta sẽ bắt đầu trang trí phòng ngủ chứ	CHÚNG TA PHONG NGỦ TRANG TRÍ BẮT ĐẦU	Cuộc sống thường nhật
bé trai đang tập đếm những viên kẹo trong lọ thủy tinh	BÉ TRAI VIÊN KẸO TRONG LỌ THUỶ TINH TẬP ĐẾM	Cuộc sống thường nhật
dấu hiệu gì	DẤU HIỆU GÌ	Mối quan hệ
vụ tai nạn giao thông đã khiến nhiều người bị thương nặng	GIAO THÔNG VỤ TAI NẠN NGƯỜI BỊ THƯƠNG NẶNG NHIỀU	Sức khỏe
tôi không nghĩ anh đang ở đó	TÔI NGHĨ KHÔNG BẠN Ở ĐÓ	Mối quan hệ
chúng ta cần có thái độ nghiêm túc trong mọi công việc	CHÚNG TA THÁI ĐỘ NGHIÊM TÚC TRONG CÔNG VIỆC	Công việc
bác sĩ dùng ống nghe để kiểm tra nhịp tim bệnh nhân	BÁC SĨ ỐNG NGHE DÙNG NHỊP TIM BỆNH NHÂN KIỂM TRA	Sức khỏe
được rồi nhưng đừng quên tưới vườn nhé	RỒI NHƯNG VƯỜN TƯỚI QUÊN ĐỪNG	Cuộc sống thường nhật
so với cuộc sống thành thị cuộc đời nông thôn yên tĩnh và yên bình	SO VỚI THÀNH PHỐ CUỘC SỐNG NÔNG THÔN YÊN BÌNH HƠN	Mối quan hệ
tôi có phải gửi email không	TÔI EMAIL GỬI PHẢI	Công việc
đặc sản vải thiều bắc giang nổi tiếng khắp cả nước và thế giới	BẮC GIANG VẢI THIỀU LÀ ĐẶC SẢN NỔI TIẾNG CẢ NƯỚC VÀ THẾ GIỚI	Du lịch
nhà báo đang sử dụng máy quay để ghi lại toàn bộ sự kiện	NHÀ BÁO MÁY QUAY SỰ KIỆN GHI LẠI TOÀN BỘ DÙNG	Công việc
đừng chạy loanh quanh trước tv nữa được không ngồi xuống xem nào	TV TRƯỚC CHẠY LOANH QUANH ĐỪNG NGỒI XUỐNG XEM	Thái độ và Cảm xúc
hãy nhớ khóa cửa cẩn thận trước khi bạn đi ngủ nhé	TRƯỚC KHI NGỦ BẠN CỬA KHOÁ CẨN THẬN NHỚ NHÉ	Cuộc sống thường nhật
được rồi thưa ông ông sẽ nhận được bữa tối trong khoảng 15 phút	BẠN BỮA TỐI 15 PHÚT KHOẢNG	Du lịch
tôi cũng sẽ có cái đó	TÔI MÓN ĐÓ LẤY CŨNG	Cuộc sống thường nhật
xin chào vâng tôi muốn mở một tài khoản ngân hàng	TÔI NGÂN HÀNG TÀI KHOẢN MỞ MUỐN VÂNG XIN CHÀO	Tài chính
các cổ động viên reo hò không ngớt khi đội nhà ghi bàn	KHI ĐỘI NHÀ GHI BÀN CÁC CỔ ĐỘNG VIÊN REO HÒ KHÔNG NGỪNG	Văn hóa và Giáo dục
oh nó hoàn hảo tôi nghĩ tôi sẽ lấy nó bạn có thể quấn nó không	HOÀN HẢO TÔI NGHĨ TÔI CÁI NÀY LẤY ANH TÔI GÓI GIÚP ĐƯỢC KHÔNG	Cuộc sống thường nhật
bạn là người hướng ngoại hay kín đáo hơn	BẠN NGƯỜI HƯỚNG NGOẠI HAY KÍN ĐÁO	Công việc
bắn cung tên là một môn thể thao truyền thống thú vị	BẮN CUNG MÔN THỂ THAO 1 TRUYỀN THỐNG THÚ VỊ	Văn hóa và Giáo dục
vui lòng điền vào phiếu này cho biết bạn muốn rút bao nhiêu	LÀM ƠN PHIẾU NÀY VÀO ĐIỀN SỐ TIỀN BẠN RÚT MUỐN GHI RÕ	Tài chính
được rồi xong rồi hãy theo tôi đến khu vực sấy khô	XONG MỜI ĐI THEO TÔI ĐẾN KHU VỰC SẤY KHÔ	Sức khỏe
du khách rất thích đi dạo quanh hồ hoàn kiếm	DU KHÁCH ĐI DẠO QUANH HỒ HOÀN KIẾM RẤT THÍCH	Du lịch
tôi nhặt nó lên được không	TÔI NÓ NHẶT LÊN ĐƯỢC KHÔNG	Cuộc sống thường nhật
chờ một chút tôi xin lỗi	CHỜ MỘT CHÚT TÔI XIN LỖI	Cuộc sống thường nhật
thật sao thôi nào tôi sẽ giới thiệu họ cho bạn	THẬT THÔI NÀO TÔI GIỚI THIỆU CHO BẠN	Mối quan hệ
có chúng tôi có các mẫu miễn phí cho khách hàng và bạn có thể thử	VÂNG CHÚNG TÔI CÓ MẪU DÙNG THỬ CHO KHÁCH BẠN CÓ THỂ THỬ XEM	Công việc
việc đun nấu hàng ngày tốn khá nhiều thời gian của mẹ tôi	MẸ TÔI NẤU NƯỚNG HÀNG NGÀY THỜI GIAN DÀNH NHIỀU	Cuộc sống thường nhật
bạn muốn bắt đầu với bông hoa nào trước	BẠN BÔNG HOA BẮT ĐẦU TRƯỚC MUỐN NÀO	Cuộc sống thường nhật
tôi biết bạn sống ở đâu nhưng bạn có thể gửi email cho tôi địa chỉ của bạn không	TÔI BIẾT BẠN SỐNG Ở ĐÂU NHƯNG BẠN EMAIL GỬI CHO TÔI ĐỊA CHỈ CỦA BẠN CÓ THỂ	Mối quan hệ
có một buổi hòa nhạc dân gian vào tối mai	BUỔI CA NHẠC TRUYỀN THỐNG VÀO TỐI MAI	Mối quan hệ
tôi gói quà cho ngài nhé	TÔI QUÀ ANH GÓI NHÉ	Cuộc sống thường nhật
tại sao bạn làm cho tôi bối rối	TẠI SAO BẠN LÀM TÔI BỐI RỐI	Mối quan hệ
tôi là bạn của cô ấy	BẠN CỦA CÔ ẤY	Công việc
mẹ dịu dàng hỏi con rằng con có đói không	MẸ TÔI HỎI DỊU DÀNG ĐÓI KHÔNG	Cuộc sống thường nhật
eq là gì bạn có thể chia sẻ được không	EQ GÌ BẠN CHIA SẺ ĐƯỢC KHÔNG	Mối quan hệ
đoàn thám hiểm đi bộ xuyên qua một khu rừng thưa vắng	ĐOÀN THÁM HIỂM ĐI BỘ XUYÊN QUA KHU RỪNG THƯA VẮNG	Du lịch
vào mùa hè sầu riêng là loại trái cây được nhiều người yêu thích	MÙA HÈ SẦU RIÊNG LÀ TRÁI CÂY NHIỀU NGƯỜI YÊU THÍCH	Cuộc sống thường nhật
có dấu chấm nào sau  com  không	COM DẤU CÓ KHÔNG	Công việc
gia đình tôi có tất cả 6 thành viên sống rất hòa thuận	GIA ĐÌNH TÔI TẤT CẢ THÀNH VIÊN 6 SỐNG HOÀ THUẬN	Mối quan hệ
hôm nay là sinh nhật chồng tôi	HÔM NAY CHỒNG TÔI SINH NHẬT	Văn hóa và Giáo dục
chúng ăn lá và ngày càng lớn hơn	CHÚNG LÁ ĂN LỚN DẦN	Cuộc sống thường nhật
tôi có thể biết ngày giao hàng xác định không	NGÀY GIAO HÀNG CHÍNH XÁC BIẾT MUỐN ĐƯỢC KHÔNG	Công việc
tuần trước thời tiết rất tệ	TUẦN TRƯỚC THỜI TIẾT RẤT TỆ	Mối quan hệ
tuyệt vời bạn có cần tôi ký bất cứ điều gì không	TUYỆT VỜI BẠN TÔI CẦN KÝ ĐIỀU GÌ KHÔNG	Tài chính
nó đây rồi nó đang ở trước mặt các bạn	NÓ ĐÂY Ở TRƯỚC MẶT CÁC BẠN KÌA	Cuộc sống thường nhật
hắn ta chỉ im lặng và cười nhếch mép một cách đầy bí ẩn	HẮN TA IM LẶNG CƯỜI NHẾCH MÉP BÍ ẨN	Thái độ và Cảm xúc
khi nào vòng playoffs sẽ bắt đầu	VÒNG THI KHI NÀO BẮT ĐẦU VẬY	Mối quan hệ
gia đình tôi thường sum họp vào dịp tết	TÔI GIA ĐÌNH DỊP TẾT SUM HỌP	Mối quan hệ
đừng vì những chuyện nhỏ nhặt mà làm thành chuyện lớn nhé	CHUYỆN NHỎ BIẾN THÀNH CHUYỆN LỚN KHÔNG	Mối quan hệ
bạn có sách giáo khoa nào giúp nâng cao kỹ năng đọc của học sinh không	BẠN SÁCH GIÁO KHOA NÀO HỌC SINH KỸ NĂNG ĐỌC NÂNG CAO GIÚP CÓ KHÔNG	Cuộc sống thường nhật
tôi muốn mở một tài khoản tiết kiệm lãi suất bây giờ là bao nhiêu	TÔI TÀI KHOẢN TIẾT KIỆM MỞ MUỐN BÂY GIỜ LÃI SUẤT BAO NHIÊU	Tài chính
tôi không cần xe hơi tôi đi bộ đến nơi làm việc	TÔI XE Ô TÔ KHÔNG CẦN TÔI ĐI BỘ ĐẾN LÀM VIỆC	Mối quan hệ
khá tốt xin lỗi có nơi nào đáng quan tâm không	TÔI ỔN NƠI THAM QUAN ĐÁNG CÓ KHÔNG	Du lịch
vâng đây	ĐÂY	Mối quan hệ
mọi thứ đều tuyệt vời tôi vừa trở về từ văn phòng của tôi	MỌI THỨ TUYỆT VỜI TÔI VĂN PHÒNG CỦA TÔI TRỞ VỀ	Mối quan hệ
chỉ có cà phê đen	CÀ PHÊ ĐEN CÓ	Cuộc sống thường nhật
bà tôi thích xem ti vi	BÀ TÔI XEM TI VI THÍCH	Thái độ và Cảm xúc
mẹ tôi vừa mua một bao gạo mới để ăn dần	MẸ TÔI BAO GẠO MỚI MUA ĂN	Cuộc sống thường nhật
vâng đó là những gì tôi đang tìm kiếm tôi sẽ lấy phòng trong 2 ngày	ĐÚNG CÁI TÔI TÌM TÔI PHÒNG THUÊ HAI NGÀY	Du lịch
bạn pháo hoa không phải đồ chơi chúng rất nguy hiểm	BẠN PHÁO HOA ĐỒ CHƠI KHÔNG CHÚNG NGUY HIỂM	Mối quan hệ
còn các chi phí khác thì sao	CHI PHÍ KHÁC CÒN THÌ SAO	Mối quan hệ
cô ấy nhăn mặt vì ánh nắng mặt trời chói chang	CÔ ẤY MẶT NHĂN VÌ MẶT TRỜI ÁNH NẮNG CHÓI CHANG	Thái độ và Cảm xúc
đúng vậy thưa ngài đây là vé của bạn chúc một ngày tốt lành	ĐÚNG VẬY ĐÂY LÀ VÉ CỦA BẠN CHÚC MỘT NGÀY TỐT	Du lịch
vậy đây có phải lần đầu tiên ông đến đài loan không	ÔNG ĐÀI LOAN ĐẾN LẦN ĐẦU TIÊN PHẢI KHÔNG	Mối quan hệ
cô có thời gian đi xem nhà với tôi không	BẠN THỜI GIAN ĐI XEM NHÀ VỚI TÔI CÓ KHÔNG	Cuộc sống thường nhật
anh ta sẽ tìm thấy nó trong một phút	ANH TA TÌM THẤY PHÚT 1	Cuộc sống thường nhật
bạn theo phe nào	BẠN THEO PHE NÀO	Mối quan hệ
bé na đang chăm chỉ tập viết những chữ cái đầu tiên	BÉ NA NHỮNG CHỮ CÁI ĐẦU TIÊN TẬP VIẾT CHĂM CHỈ	Cuộc sống học đường
ví dụ như 6 giờ	VÍ DỤ GIỜ 6	Mối quan hệ
mẹ tôi thường cho thêm rau ngò vào bát phở cho thơm	MẸ TÔI RAU MÙI THÊM NHIỀU BÁT PHỞ THƠM	Cuộc sống thường nhật
vâng bạn có thường xuyên đi không	BẠN THƯỜNG XUYÊN ĐI KHÔNG	Mối quan hệ
tôi muốn mua một chiếc xe đồ chơi cho con trai tôi	TÔI MUA CHIẾC XE ĐỒ CHƠI MỘT CHO CON TRAI TÔI MUỐN	Cuộc sống thường nhật
du khách khắp nơi đổ về tham dự lễ hội chùa hương	DU KHÁCH KHẮP NƠI LỄ HỘI CHÙA HƯƠNG THAM DỰ ĐỔ VỀ	Văn hóa và Giáo dục
nghe có vẻ thú vị khi chúng tôi đi bạn luôn thích chơi trong hộp cát	THÚ VỊ QUÁ KHI CHÚNG TA ĐI CHƠI BẠN CHƠI BÓNG RỔ THÍCH	Cuộc sống thường nhật
tất nhiên tôi đã sắp xếp vào 10 giờ sáng mai	TÔI SẮP XẾP 10 GIỜ SÁNG MAI RỒI	Công việc
bà tôi tuy đã già nhưng vẫn còn rất tinh mắt đọc báo	BÀ TÔI GIÀ NHƯNG TINH MẮT ĐỌC BÁO	Sức khỏe
tại cổng của công viên	TẠI CỔNG CỦA CÔNG VIÊN	Mối quan hệ
vâng có bất kỳ khách sạn khác gần đó	ĐÓ GẦN KHÁCH SẠN KHÁC CÓ KHÔNG	Du lịch
chiếc hộp này dùng để đựng những món đồ trang sức nhỏ	CHIẾC HỘP NÀY ĐỰNG TRANG SỨC NHỎ	Cuộc sống thường nhật
em bé khóc lóc và đòi mẹ mua cho đồ chơi	EM BÉ MẸ ĐÒI ĐỒ CHƠI MUA NHIỀU	Thái độ và Cảm xúc
có chuyện gì vậy sally	CHUYỆN GÌ VẬY SALLY	Mối quan hệ
bến xe mỹ đình lúc nào cũng đông đúc người qua lại	BẾN XE MỸ ĐÌNH L NGƯỜI QUA LẠI NHIỀU	Du lịch
tất nhiên tôi có thứ hai hoặc thứ ba có sẵn ngày nào là tốt nhất cho bạn	TÔI THỨ HAI HOẶC THỨ BA CÓ TỐT NHẤT CHO BẠN NGÀY NÀO	Công việc
gia đình tôi thường ăn gà tây vào dịp lễ tạ ơn	GIA ĐÌNH TÔI GÀ TÂY ĂN DỊP LỄ CẢM ƠN	Văn hóa và Giáo dục
bạn chưa từng vào quán bar đồng tính bao giờ à	BẠN QUÁN RƯỢU ĐỒNG TÍNH VÀO CHƯA À	Mối quan hệ
tốt chúc may mắn tôi hy vọng tất cả sẽ tốt đẹp cho bạn vào ngày mai	CHÚC MAY MẮN TÔI HY VỌNG TẤT CẢ TỐT ĐẸP CHO BẠN NGÀY MAI	Công việc
vâng cứ như vậy đi	ĐÚNG NHƯ THẾ	Cuộc sống thường nhật
tôi chỉ nghĩ anh ta xứng đáng với điều đó	TÔI NGHĨ BẠN PHÙ HỢP VỚI ĐIỀU ĐÓ	Mối quan hệ
um tốt thực sự chúng tôi đã có một thời gian tuyệt vời vào đêm qua anh ấy thật tuyệt	TỐI QUA BỌN TÔI BUỔI TỐI TUYỆT VỜI CÓ ANH ẤY TUYỆT	Mối quan hệ
đây là chìa khóa của bạn giờ trả phòng là buổi trưa	CHÌA KHÓA CỦA BẠN ĐÂY PHÒNG TRẢ GIỜ BUỔI TRƯA	Du lịch
tôi chỉ muốn cho bạn những tin tức tốt	TÔI CHỈ MUỐN BÁO BẠN MỘT TIN VUI THÔI	Mối quan hệ
chúng tôi có thể có nó cho bạn tại thời điểm đó	CHÚNG TÔI NÓ CÓ CHO BẠN LÚC ĐÓ CÓ THỂ	Công việc
bánh chưng được làm từ gạo nếp đậu xanh và thịt lợn	BÁNH TRƯNG ĐƯỢC GẠO NẾP ĐẬU XANH THỊT LỢN LÀM	Văn hóa và Giáo dục
tôi chỉ cần kiểm tra dầu bạn có thể xem lốp xe	TÔI KIỂM TRA DẦU BẠN XEM LỐP XE CÓ THỂ	Cuộc sống thường nhật
vâng tất nhiên bạn có thích một chiếc vòng cổ ngọc bích	BẠN CHIẾC VÒNG CỔ VÀNG THÍCH	Cuộc sống thường nhật
tôi khuyên bạn nên thưởng thức món ăn trong khi nó nóng	TÔI KHUYÊN BẠN ĂN MÓN ĂN KHI NÓ NÓNG NÊN	Cuộc sống thường nhật
tôi tưởng họ thả anh rồi	TÔI HỌ ANH THẢ TƯỞNG	Chính trị
tôi hy vọng như vậy cảm ơn bạn một lần nữa vì món quà thú vị của bạn	TÔI HY VỌNG CẢM ƠN VÌ MÓN QUÀ CỦA BẠN THÚ VỊ	Mối quan hệ
giờ thì cất khay đi được không	BÂY GIỜ KHAY CẤT ĐI ĐƯỢC KHÔNG	Cuộc sống thường nhật
cô ấy đã đăng quang hoa hậu trong cuộc thi sắc đẹp quốc gia	CÔ ẤY HOA HẬU ĐĂNG QUANG TRONG CUỘC THI SẮC ĐẸP QUỐC GIA	Văn hóa và Giáo dục
thời gian bạn ở mỹ thế nào	THỜI GIAN BẠN MỸ THẾ NÀO	Văn hóa và Giáo dục
đứng trên đồi cao nhìn xuống cánh đồng lúa xanh bát ngát	BẠN ĐỒI CAO ĐỨNG CÁNH ĐỒNG LÚA XANH NHÌN XUỐNG	Du lịch
rất hân hạnh tạm biệt chúc ngủ ngon	VUI TẠM BIỆT CHÚC NGỦ NGON	Du lịch
đây rồi	ĐÂY RỒI	Cuộc sống thường nhật
bà có thể ở lại thêm vài phút để thảo luận về dự án của bà với tôi được không	BÀ Ở LẠI VÀI PHÚT THÊM DỰ ÁN CỦA BÀ THẢO LUẬN VỚI TÔI ĐƯỢC KHÔNG	Công việc
vâng họ đã giảm 30	HỌ 30 GIẢM RỒI	Cuộc sống thường nhật
mỗi dịp hè cả gia đình tôi lại về quê thăm ông bà	MÙA HÈ GIA ĐÌNH TÔI QUÊ VỀ ÔNG BÀ THĂM	Cuộc sống thường nhật
và anh định ở lại hoa kỳ bao lâu	ANH Ở LẠI MĨ LÂU BAO NHIÊU	Thái độ và Cảm xúc
vâng đó là nơi có thể mua được thực phẩm lành mạnh hơn	ĐÓ NƠI THỰC PHẨM KHỎE MẠNH MUA ĐƯỢC	Cuộc sống thường nhật
tôi chỉ thích ngủ như một con mèo lười biếng	TÔI NGỦ MÈO LƯỜI MỘT CON NHƯ THÍCH CHỈ	Mối quan hệ
bàn ghế trong lớp học đã được sắp xếp ngay ngắn	BÀN GHẾ LỚP HỌC SẮP XẾP NGAY NGẮN	Cuộc sống học đường
tôi gọi để xem anh đã quyết định chưa anh là người chúng tôi đang tìm kiếm	TÔI GỌI HỎI ANH QUYẾT ĐỊNH CHƯA ANH NGƯỜI CHÚNG TÔI TÌM	Công việc
bạn muốn loại sô cô la nào	BẠN MUỐN SÔ CÔ LA LOẠI NÀO	Cuộc sống thường nhật
anh ấy có khả năng lãnh đạo và giải quyết vấn đề rất tốt	ANH ẤY LÃNH ĐẠO VẤN ĐỀ GIẢI QUYẾT TỐT	Công việc
chiếc quần bò này rất hợp với phong cách của bạn	CHIẾC QUẦN BÒ NÀY PHONG CÁCH CỦA BẠN RẤT HỢP	Cuộc sống thường nhật
đi xem kịch thì sao	KỊCH ĐI XEM THẾ NÀO	Mối quan hệ
cái này	CÁI NÀY À	Cuộc sống thường nhật
vâng tôi đang theo anh	TÔI BẠN THEO	Du lịch
chắc chắn rồi	CHẮC CHẮN	Cuộc sống thường nhật
đàn chim én bay lượn trên bầu trời báo hiệu mùa xuân về	TRÊN BẦU TRỜI MÙA XUÂN BÁO HIỆU VỀ ĐÀN CHIM ÉN BAY LƯỢN	Cuộc sống thường nhật
chuyến công tác thế nào	CHUYẾN CÔNG TÁC THẾ NÀO	Công việc
sáu giờ rưỡi tối nay	TỐI NAY 6 GIỜ 30	Mối quan hệ
làm con cái phải luôn biết hiếu thảo với cha mẹ	CHA MẸ CON CÁI HIẾU THẢO BIẾT LUÔN	Mối quan hệ
không đó là đội nhật bản	KHÔNG ĐÓ ĐỘI NHẬT BẢN	Mối quan hệ
len rất tuyệt khi trời lạnh	KHI LẠNH LEN TUYỆT VỜI	Cuộc sống thường nhật
được thôi tôi sẽ nhận cảm ơn bạn rất nhiều vì đã giúp đỡ	OK TÔI NHẬN CẢM ƠN NHIỀU VÌ GIÚP ĐỠ	Cuộc sống thường nhật
tôi sẽ thích làm việc với bạn chúc một ngày tuyệt vời	TÔI LÀM VIỆC BẠN RẤT MONG CHÚC NGÀY TỐT LÀNH	Công việc
nhưng anh có thể cho tôi biết khi nào anh ấy trở lại không	ANH ẤY QUAY LẠI KHI NÀO NÓI TÔI BIẾT CÓ THỂ ANH NHƯNG KHÔNG	Công việc
có phải vậy không tôi không biết điều đó	CÓ PHẢI KHÔNG TÔI KHÔNG BIẾT	Cuộc sống thường nhật
hãy xem trò chơi mới này tôi đã mua ngày hôm nay	HÔM NAY XEM TRÒ CHƠI MỚI TÔI MUA LUÔN	Mối quan hệ
mọi người kinh ngạc khi thấy con trăn khổng lồ trong vườn thú	MỌI NGƯỜI NGẠC NHIÊN CON TRĂN KHỔNG LỒ TRONG VƯỜN THÚ	Cuộc sống thường nhật
cụ đồ xưa thường dạy chữ nho cho học trò trong làng	CỤ ĐỒ XƯA DẠY CHỮ HỌC TRÒ TRONG LÀNG	Văn hóa và Giáo dục
con cọp là loài động vật hoang dã cần được bảo vệ	CON CỌP ĐỘNG VẬT LOÀI HOANG DÃ HIẾM CÓ BẢO VỆ CẦN	Văn hóa và Giáo dục
chú mèo của tôi thích nằm ngủ ở trong chiếc hộp	TỘI CHÚ MÈO CHIẾC HỘP NẰM NGỦ THÍCH Ở TRONG	Cuộc sống thường nhật
anh ta uống bia nhiều	ANH TA BIA UỐNG NHIỀU	Thái độ và Cảm xúc
cậu bé hét lên sung sướng khi thấy mẹ về	CẬU BÉ HÉT LÊN SUNG SƯỚNG KHI THẤY MẸ VỀ	Thái độ và Cảm xúc
điều này cần giặt khô bạn có thể loại bỏ vết bẩn này mà không làm hại vải	CÁI NÀY GIẶT KHÔ CẦN BẠN VẾT BẨN NÀY TẨY VẢI HỎNG KHÔNG ĐƯỢC KHÔNG	Cuộc sống thường nhật
bạn cũng yêu tôi	BẠN YÊU TÔI CŨNG	Mối quan hệ
quần đảo hoàng sa là một phần lãnh thổ không thể tách rời của việt nam	HOÀNG SA QUẦN ĐẢO LÀ LÃNH THỔ ĐẤT ĐAI 1 PHẦN CỦA VIỆT NAM TÁCH RỜI CHIA TÁCH KHÔNG	Chính trị
học sinh cần tập trung để tiếp thu bài giảng hiệu quả	HỌC SINH TẬP TRUNG HỌC CẦN BÀI GIẢNG TIẾP THU HIỂU BÀI TỐT	Văn hóa và Giáo dục
bạn có biết bạn sẽ cách sân bay bao xa lúc 5 giờ không	BẠN BIẾT 5 GIỜ SÂN BAY CÁCH XA BAO NHIÊU	Mối quan hệ
vâng xin vui lòng bạn có bất kỳ vị trí tuyển dụng cho đêm nay	VÂNG LÀM ƠN TỐI NAY PHÒNG TRỐNG CÒN KHÔNG	Du lịch
chúng ta không nên nhận đồ từ người lạ để đảm bảo an toàn	CHÚNG TA NGƯỜI LẠ NHẬN ĐỒ KHÔNG NÊN ĐỂ ĐẢM BẢO AN TOÀN	Cuộc sống thường nhật
bạn bị đau răng bao lâu rồi	BẠN RĂNG ĐAU LÂU THỜI GIAN BAO NHIÊU	Sức khỏe
lời hát ru của mẹ đã đưa tôi vào giấc ngủ êm đềm	MẸ HÁT RU GIÚP TÔI NGỦ NGON	Mối quan hệ
chắc chắn đó sẽ là niềm vui của tôi	TÔI VUI CHẮC CHẮN	Công việc
khá khó khăn còn bạn thì sao	KHÓ KHĂN KHÁ BẠN CÒN SAO	Cuộc sống học đường
cậu ấy học giỏi nhưng tính tình lại rất khiêm tốn	CẬU ẤY HỌC GIỎI NHƯNG TÍNH TÌNH THÁI ĐỘ TÍNH CÁCH KHIÊM TỐN	Mối quan hệ
sao chúng ta không xem mấy đứa trẻ học về bản đồ nhỉ	CHÚNG TA XEM TRẺ EM BẢN ĐỒ HỌC KHÔNG TẠI SAO	Cuộc sống thường nhật
điều đó sẽ làm cho tôi cảm thấy hạnh phúc trở lại	ĐIỀU ĐÓ CHO TÔI CẢM THẤY HẠNH PHÚC LẠI	Thái độ và Cảm xúc
bạn đã mua gì	BẠN MUA GÌ	Cuộc sống thường nhật
vâng tôi đã đọc nó một cách cẩn thận	VÂNG TÔI ĐỌC KỸ RỒI	Tài chính
nhiều hoạt động ý nghĩa diễn ra trong tuần lễ người điếc thế giới	HOẠT ĐỘNG Ý NGHĨA DIỄN RA NHIỀU TRONG TUẦN LỄ NGƯỜI ĐIẾC THẾ GIỚI	Văn hóa và Giáo dục
sáu bước	BƯỚC 6	Sức khỏe
tại sao bạn không học lại lớp vào năm tới	BẠN KHÓA ĐÓ NĂM SAU HỌC LẠI SAO KHÔNG	Cuộc sống học đường
chắc chắn những gì tôi có thể làm cho bạn	CHẮC CHẮN TÔI CHO BẠN LÀM GÌ	Công việc
họ đi đâu	HỌ ĐI ĐÂU	Mối quan hệ
vâng nhưng tôi cũng có thể nói tiếng anh	VÂNG TÔI TIẾNG ANH NÓI ĐƯỢC	Công việc
đây là một vấn đề kỹ thuật rất phức tạp	ĐÂY LÀ VẤN ĐỀ KỸ THUẬT 1 PHỨC TẠP	Công việc
xin lỗi thưa ông lỗi của tôi đây là chỗ đậu xe của bạn	LỖI CỦA TÔI ĐÂY CHỖ ĐẬU XE CỦA BẠN	Cuộc sống thường nhật
chào mừng đến với công ty chúng tôi	CHÀO MỪNG BẠN CÔNG TY CHÚNG TÔI ĐẾN	Công việc
còn con gà	CÒN CON GÀ THÌ SAO	Cuộc sống thường nhật
tôi muốn một bàn cho hai người làm ơn	TÔI BÀN NGƯỜI 2 MUỐN	Cuộc sống thường nhật
rất tốt chi phí đó là bao nhiêu	RẤT TỐT CHI PHÍ BAO NHIÊU	Du lịch
tôi chắc chắn bạn sẽ thích chuyến đi việt nam là một đất nước xinh đẹp	TÔI BẠN CHUYẾN ĐI THÍCH VIỆT NAM ĐẤT NƯỚC XINH ĐẸP	Thái độ và Cảm xúc
có vẻ như một ngày may mắn cho tất cả mọi người	CÓ VẺ NGÀY MAY MẮN TẤT CẢ MỌI NGƯỜI CHO	Mối quan hệ
bạn có thể đặt nó như vậy nếu bạn thích đừng lo lắng bạn sẽ không có vấn đề gì	BẠN ĐẶT NÓ NẾU BẠN THÍCH LO LẮNG ĐỪNG BẠN VẤN ĐỀ KHÔNG CÓ	Mối quan hệ
khi nào chúng tôi có thể mong đợi bạn và con gái của bạn cho bữa tối thứ bảy tới	CHÚNG TÔI MỜI BẠN CON GÁI CỦA BẠN BỮA TỐI KHI NÀO THỨ BẢY ĐƯỢC KHÔNG	Mối quan hệ
bạn có muốn thử một chút không	BẠN THỬ MỘT CHÚT MUỐN KHÔNG	Cuộc sống thường nhật
chúng ta cần nhanh chóng khắc phục những sai sót trong bài làm	CHÚNG TA NHỮNG SAI SÓT CỦA BÀI LÀM SỬA LẠI NHANH CHÓNG CẦN	Cuộc sống học đường
tôi biết tôi sẽ làm	TÔI BIẾT TÔI LÀM SẼ	Cuộc sống thường nhật
bạn sẽ đi với tôi quá	BẠN ĐI VỚI TÔI ĐƯỢC KHÔNG	Mối quan hệ
được rồi bạn muốn nó cao bao nhiêu	RỒI BẠN MUỐN NÓ CAO BAO NHIÊU	Cuộc sống thường nhật
xin chào tôi là michelle bạn có thể cho tôi biết khi bạn cần phòng	BẠN PHÒNG CẦN KHI NÀO	Du lịch
họ rất đáng yêu	HỌ ĐÁNG YÊU	Cuộc sống thường nhật
không bạn có muốn đi làm một cái gì đó	BẠN ĐI LÀM CÁI GÌ	Mối quan hệ
anh ấy thế nào	ANH ẤY THẾ NÀO	Thái độ và Cảm xúc
giọng nói ấm áp của mẹ luôn khiến tôi cảm thấy bình yên	MẸ GIỌNG NÓI ẤM ÁP KHIẾN TÔI CẢM THẤY BÌNH YÊN	Mối quan hệ
anh ấy nói những lời làm tổn thương cô ấy	ANH ẤY NHỮNG LỜI NÓI LÀM CÔ ẤY TỔN THƯƠNG	Thái độ và Cảm xúc
thật xấu hổ sẽ có buổi biểu diễn tương tự vào tối mai chứ	THẬT XẤU HỔ BỘ PHIM GIỐNG NHAU TỐI MAI CÓ CHỨ	Mối quan hệ
bác sĩ khuyên tôi nên ăn vừa đủ để giữ gìn sức khỏe	BÁC SĨ TÔI KHUYÊN SỨC KHOẺ GIỮ GÌN ĂN VỪA ĐỦ	Sức khỏe
bà cụ già yếu nên đôi lúc có vẻ như bị mất trí	BÀ CỤ GIÀ YẾU MẤT TRÍ THỈNH THOẢNG CÓ	Sức khỏe
chắc chắn tôi rất muốn nhưng hãy để tôi trả tiền vé lần này đến lượt tôi	LẦN NÀY TÔI VÉ TRẢ TIỀN MUỐN CHẮC CHẮN	Mối quan hệ
tối muộn	TỐI MUỘN À	Mối quan hệ
ok bạn muốn tôi đặt chúng vào chiếc xe nào	BẠN TÔI MUỐN ĐẶT CHIẾC XE NÀO	Mối quan hệ
tôi đang ở phòng 215	TÔI PHÒNG 215 Ở	Du lịch
các mùa như thế nào trong thành phố của bạn	THÀNH PHỐ BẠN MÙA NHƯ THẾ NÀO	Mối quan hệ
tôi cho rằng ở nước ngoài lúc đầu rất khó khăn phải không	TÔI ĐOÁN SỐNG NƯỚC NGOÀI LÚC ĐẦU KHÓ KHĂN LẮM ĐÚNG KHÔNG	Mối quan hệ
bungari nổi tiếng khắp thế giới với những thung lũng hoa hồng	BUN GA RI NỔI TIẾNG KHẮP THẾ GIỚI VỚI NHỮNG THUNG LŨNG VƯỜN HOA HỒNG	Du lịch
mùi thơm quá	MÙI THƠM	Cuộc sống thường nhật
vâng bữa tối đã sẵn sàng	BỮA TỐI SẴN SÀNG RỒI	Cuộc sống thường nhật
vâng tôi có thể làm gì cho ngài	NGÀI TÔI CHO LÀM GÌ	Cuộc sống thường nhật
cái này là gì vậy	CÁI NÀY CÁI GÌ	Cuộc sống thường nhật
mỗi người đều có một tên riêng để phân biệt với người khác	MỖI NGƯỜI TÊN RIÊNG CÓ TÊN NGƯỜI KHÁC PHÂN BIỆT	Văn hóa và Giáo dục
todd em rất vui vì bạn đã gọi	BẠN GỌI EM VUI	Mối quan hệ
ngày kia là ngày kỷ niệm 	NGÀY KIA NGÀY KỶ NIỆM	Du lịch
mẹ tôi vừa mua một bộ bát sứ rất đẹp	MẸ TÔI BÁT SỨ BỘ 1 RẤT ĐẸP MUA	Cuộc sống thường nhật
chúng tôi có các dịch vụ vận chuyển khác nhau	CHÚNG TÔI DỊCH VỤ VẬN CHUYỂN KHÁC NHAU	Du lịch
bạn nghĩ gì về chiếc váy này bạn có nghĩ rằng nó phù hợp với tôi	BẠN CHIẾC VÁY NÀY THẤY THẾ NÀO TÔI HỢP CÓ KHÔNG	Cuộc sống thường nhật
ôi trời anh không sao chứ	ÔI ANH KHÔNG SAO	Sức khỏe
tôi sẽ tưới phần còn lại của khu vườn	TÔI KHU VƯỜN CÒN LẠI TƯỚI	Cuộc sống thường nhật
quả hồng này còn xanh nên ăn có vị rất chát	QUẢ HỒNG NÀY CÒN XANH NÊN ĂN CHÁT	Cuộc sống thường nhật
thật tốt khi bạn đến đây mời ngồi hãy tự nhiên như ở nhà	KHI BẠN ĐẾN TỐT MỜI NGỒI TỰ NHIÊN NHƯ Ở NHÀ	Mối quan hệ
bạn có sống ở pasadena không	BẠN SỐNG Ở ĐÂY À	Cuộc sống thường nhật
đường hàng không là phương tiện di chuyển nhanh nhất giữa các quốc gia	ĐƯỜNG HÀNG KHÔNG PHƯƠNG TIỆN DI CHUYỂN NHANH NHẤT GIỮA CÁC QUỐC GIA	Du lịch
ông có thể cho tôi biết bản chất của vấn đề không thưa ông	ÔNG TÔI CHO BIẾT SỰ THẬT CỦA VẤN ĐỀ CÓ KHÔNG	Du lịch
mái nhà lợp ngói đỏ tươi trông thật đẹp mắt	MÁI NHÀ NGÓI ĐỎ TƯƠI TRÔNG ĐẸP	Cuộc sống thường nhật
nhưng bây giờ tôi đã học được một cách khác giờ tôi có một ý kiến thực tế hơn	NHƯNG BÂY GIỜ TÔI HỌC KHÁC RỒI GIỜ TÔI Ý KIẾN THỰC TẾ	Văn hóa và Giáo dục
tạm biệt cho đến lúc đó tôi hứa rằng bạn sẽ làm tốt sau khi chúng ta gặp nhau	TẠM BIỆT ĐẾN LÚC ĐÓ TÔI HỨA BẠN LÀM TỐT SAU KHI CHÚNG TA GẶP NHAU	Thái độ và Cảm xúc
không tôi đi phương tiện giao thông công cộng nó an toàn hơn	KHÔNG TÔI PHƯƠNG TIỆN GIAO THÔNG CÔNG CỘNG ĐI NÓ AN TOÀN HƠN	Mối quan hệ
thẻ ghi nợ sẽ ổn thôi	THẺ VIẾT NỢ ỔN RỒI	Du lịch
ồ vâng nhiều người trung quốc thích mặc cả nó xảy ra ở hầu hết mọi nơi	NHIỀU NGƯỜI TRUNG QUỐC MẶC CẢ THÍCH NÓ NƠI TẤT CẢ XẢY RA	Mối quan hệ
taxi này có bị bắt không	CHIẾC TAXI NÀY NGƯỜI KHÁC ĐẶT CHƯA	Cuộc sống thường nhật
bọn trẻ con thích chạy chân đất trên bãi cỏ xanh	BỌN TRẺ CHẠY CỎ XANH BÃI CHÂN TRẦN THÍCH	Cuộc sống thường nhật
được rồi đi thôi chúng ta còn lại bao nhiêu vé	ĐI VÉ CÒN LẠI BAO NHIÊU	Du lịch
giờ hãy nói cho tôi nghe về trình độ học vấn của bạn	BÂY GIỜ BẠN NÓI TRÌNH ĐỘ HỌC VẤN CỦA BẠN	Công việc
chúng ta có thể gặp nhau không	CHÚNG TA GẶP NHAU ĐƯỢC KHÔNG	Công việc
tôi muốn đặt một phòng khách sạn cho cuối tuần	TÔI PHÒNG KHÁCH SẠN 1 MUỐN ĐẶT CUỐI TUẦN	Du lịch
bạn có muốn đi xem phim với mình vào cuối tuần không	BẠN TÔI ĐI XEM PHIM CÙNG NHAU VÀO CUỐI TUẦN KHÔNG	Mối quan hệ
hôm nay là thứ bảy một ngày cuối tuần tuyệt vời	HÔM NAY THỨ BẢY NGÀY CUỐI TUẦN TUYỆT VỜI	Mối quan hệ
mất bao lâu bằng đường hàng không	BAY BAO LÂU	Cuộc sống thường nhật
tôi đã đi đến buổi hòa nhạc năm mới vào năm 2010	NĂM 2010 TÔI BUỔI CA NHẠC NĂM MỚI ĐI XEM	Mối quan hệ
chúng tôi rất vui vì bạn ở đây bạn có muốn tham quan ngôi nhà không	CHÚNG TÔI VUI RẤT VÌ BẠN ĐẾN MUỐN ĐI XEM QUANH NHÀ KHÔNG	Cuộc sống thường nhật
bạn có loại món tráng miệng đặc biệt nào	BẠN MÓN TRÁNG MIỆNG ĐẶC BIỆT CÓ KHÔNG	Cuộc sống thường nhật
và tôi đã đặt hàng các nguồn cung cấp	TÔI ĐỒ DÙNG ĐẶT XONG	Cuộc sống thường nhật
chắc chắn bạn có muốn rửa xe không	BẠN RỬA XE MUỐN KHÔNG	Cuộc sống thường nhật
một phút nữa thôi	PHÚT 1 ĐỢI	Cuộc sống thường nhật
bạn làm điều đó thế nào	BẠN LÀM THẾ NÀO	Mối quan hệ
bạn sẽ đi học vào sáng thứ ba	SÁNG THỨ BA BẠN ĐI HỌC	Công việc
đoàn cải lương nổi tiếng đã về làng biểu diễn phục vụ bà con	ĐOÀN CẢI LƯƠNG NỔỈ TIẾNG VỀ LÀNG BIỂU DIỄN ĐỂ NGƯỜI DÂN XEM	Văn hóa và Giáo dục
xin lỗi ông li tôi có thể hỏi bạn một số câu hỏi không	XIN LỖI TÔI HỎI BẠN CÂU HỎI MỘT SỐ CÓ KHÔNG	Cuộc sống học đường
bà rất yêu thương đứa cháu ngoại đầu lòng của mình	BÀ ĐỨA CHÁU NGOẠI ĐẦU TIÊN YÊU THƯƠNG	Mối quan hệ
chắc chắn chúng tôi làm hạng nhất hay hạng phổ thông	CHẮC CHẮN CHÚNG TÔI LÀM HẠNG NHẤT HẠNG PHỔ THÔNG HAY	Du lịch
không thể tin được	TIN KHÔNG ĐƯỢC	Thái độ và Cảm xúc
đứa bé lại khóc	ĐỨA BÉ KHÓC LẠI	Mối quan hệ
cô ấy đã quyết định tha thứ cho lỗi lầm của anh	CÔ ẤY QUYẾT ĐỊNH THA THỨ CHO LỖI LẦM CỦA ANH	Mối quan hệ
khách sạn sunset tôi có thể giúp gì cho bạn	KHÁCH SẠN HOA SEN TÔI CHO BẠN GIÚP GÌ	Du lịch
mẹ ơi con sẵn sàng đi học rồi	MẸ CON ĐI HỌC SẴN SÀNG RỒI	Cuộc sống thường nhật
trông ngon quá	TRÔNG NGON	Cuộc sống thường nhật
được rồi vậy sao anh không gọi món cá om	ĐƯỢC RỒI BẠN MÓN CÁ ĐẶT KHÔNG TẠI SAO	Cuộc sống thường nhật
anh ấy đã tặng một món quà bất ngờ cho người yêu	ANH ẤY MÓN QUÀ BẤT NGỜ 1 TẶNG CHO NGƯỜI YÊU	Mối quan hệ
tôi rất xin lỗi và anh ấy nói mọi thứ đều ổn	TÔI XIN LỖI RỒI ANH ẤY NÓI MỌI THỨ ỔN	Công việc
xin hãy gói chúng lại và đưa biên lai cho tôi	LÀM ƠN TÔI GIÚP GÓI LẠI HÓA ĐƠN ĐƯA NHÉ	Cuộc sống thường nhật
đó là ngày hôm nay	ĐÓ HÔM NAY	Cuộc sống thường nhật
tập thể dục đều đặn giúp cho mạch máu lưu thông tốt	TẬP THỂ DỤC ĐỀU ĐẶN GIÚP MẠCH MÁU ĐƯỜNG MÁU LƯU THÔNG CHẢY TỐT	Sức khỏe
tôi đồng ý ông ấy cũng là một diễn giả xuất sắc	TÔI ĐỒNG Ý ÔNG ẤY NGƯỜI NÓI TỐT NHẤT	Mối quan hệ
bạn không thấy đèn đỏ à	BẠN ĐÈN ĐỎ KHÔNG THẤY À	Cuộc sống thường nhật
tôi rất tiếc khi nghe điều đó bạn đang tìm kiếm một công việc khác	TÔI RẤT TIẾC KHI NGHE VẬY BẠN ĐANG TÌM CÔNG VIỆC KHÁC À	Mối quan hệ
cơn đau ở vai khiến anh ấy cử động rất khó khăn	CƠN ĐAU Ở VAI KHIẾN ANH ẤY CỬ ĐỘNG KHÓ KHĂN	Sức khỏe
trẻ em háo hức được phá cỗ và ăn bánh trung thu	TRẺ EM PHÁ CỖ VÀ BÁNH TRUNG THU ĂN RẤT VUI VẺ	Văn hóa và Giáo dục
chào mừng tôi có thể làm gì cho bà thưa bà	CHÀO TÔI GIÚP BẠN GÌ	Tài chính
bạn đã làm việc trong phần nào	BẠN BỘ PHẬN NÀO LÀM VIỆC VẬY	Công việc
anh chơi piano bao lâu rồi	ANH CHƠI PIANO LÂU BAO NHIÊU	Mối quan hệ
em trai và em gái của bạn vẫn còn đi học	EM TRAI VÀ EM GÁI CỦA BẠN ĐI HỌC VẪN À	Công việc
dù sao tôi nhận được bàn bên cửa sổ bạn có được tầng dưới cùng đó là nó	TÔI BÀN GẦN CỬA SỔ CÓ BẠN TẦNG DƯỚI Ở NHÉ	Cuộc sống học đường
bạn đã có một bộ phim nào đó trong tâm trí	BẠN TRONG ĐẦU BỘ PHIM NGHĨ NÀO	Mối quan hệ
không tôi không thể tìm được cảnh sát	TÔI CẢNH SÁT TÌM KHÔNG THỂ	Chính trị
anh ấy bảo bạn làm gì	ANH ẤY BẠN BẢO LÀM GÌ	Sức khỏe
tiếng chiêng vang vọng khắp núi rừng trong lễ hội tây nguyên	TIẾNG CHIÊNG VANG VỌNG NÚI RỪNG LỄ HỘI TÂY NGUYÊN	Văn hóa và Giáo dục
bạn có thể cung cấp cho tôi một cái gì đó rẻ hơn một chút	BẠN CUNG CẤP CHO TÔI RẺ HƠN GÌ	Cuộc sống thường nhật
chúng tôi đã bỏ lỡ mười phút của bộ phim	CHÚNG TÔI MƯỜI PHÚT CỦA BỘ PHIM MUỘN	Thái độ và Cảm xúc
còn cái máy tính này thì sao	CÒN MÁY TÍNH NÀY THÌ SAO	Cuộc sống thường nhật
tôi đã làm hộ chiếu cho bạn rồi	TÔI HỘ CHIẾU LÀM CHO BẠN RỒI	Cuộc sống thường nhật
tôi không thích đi xem kịch	TÔI KỊCH XEM KHÔNG THÍCH	Mối quan hệ
cả ba bạn đều có điểm chung	CẢ 3 ĐẶC ĐIỂM CHUNG CÓ	Mối quan hệ
căn phòng này quá chật chội cho cả gia đình ở	CĂN PHÒNG NÀY CHẬT CHỘI CHO CẢ NHÀ	Cuộc sống thường nhật
tôi bắt đầu làm việc lúc 3 giờ	TÔI LÀM VIỆC BẮT ĐẦU BA GIỜ	Cuộc sống thường nhật
bạn có muốn biết điều gì đó về nhân vật người mỹ không	BẠN BIẾT GÌ VỀ NHÂN VẬT NGƯỜI MỸ MUỐN KHÔNG	Văn hóa và Giáo dục
bác sĩ của tôi đang kiểm tra bệnh gì	BÁC SĨ CỦA TÔI KIỂM TRA BỆNH GÌ	Sức khỏe
đến cuối tuần tới	ĐẾN CUỐI TUẦN SAU	Cuộc sống thường nhật
nhưng chúng tôi sẽ gặp nhau hai tuần một lần	NHƯNG CHÚNG TÔI GẶP 2 TUẦN LẦN 1	Công việc
cô giáo dạy chúng em cách đặt dấu bằng trong phép tính	CÔ GIÁO CHÚNG EM DẠY DẤU BẰNG TRONG PHÉP TÍNH ĐẶT	Cuộc sống học đường
thôi nào hãy cho nó một cơ hội	THÔI NÓ MỘT CƠ HỘI HÃY	Cuộc sống thường nhật
tôi nghĩ có lẽ bạn thích đi chơi	TÔI NGHĨ BẠN ĐI CHƠI THÍCH	Mối quan hệ
rạp sẽ chiếu phim mới vào cuối tuần này	CUỐI TUẦN NÀY RẠP PHIM MỚI CHIẾU CÓ	Cuộc sống thường nhật
bạn có một ngôi nhà đáng yêu jack	NHÀ BẠN ĐẸP	Mối quan hệ
vâng thịt xông khói và trứng với bánh mì nướng bơ tôi thích bacon của tôi rất giòn	TÔI THỊT XÔNG KHÓI TRỨNG BÁNH MÌ NƯỚNG BƠ CHO THÊM VÂNG THỊT XÔNG KHÓI GIÒN THÍCH	Cuộc sống thường nhật
tôi cần ra hiệu thuốc để mua vài loại thuốc cảm cúm	TÔI HIỆU THUỐC RA CẦN ĐỂ THUỐC CẢM CÚM MUA	Sức khỏe
học sinh mạnh dạn giơ tay để trả lời câu hỏi của thầy	HỌC SINH GIƠ TAY TRẢ LỜI CÂU HỎI CỦA THẦY	Cuộc sống học đường
trò chơi này bắt đầu bằng việc gieo xúc xắc	TRÒ CHƠI ĐỔ XÚC XẮC BẮT ĐẦU	Cuộc sống thường nhật
ồ bạn có sử dụng máy tính thường xuyên không	BẠN MÁY TÍNH DÙNG THƯỜNG KHÔNG	Cuộc sống thường nhật
chắc chắn rồi nhưng bạn chỉ có thể giữ chúng trong một tuần	CHẮC CHẮN RỒI NHƯNG BẠN GIỮ CHÚNG MỘT TUẦN	Cuộc sống học đường
chữ cái w không phổ biến trong bảng chữ cái tiếng việt	CHỮ CÁI W BẢNG TIẾNG VIỆT CHỮ CÁI PHỔ BIẾN KHÔNG	Văn hóa và Giáo dục
vâng chân tôi hơi lạnh	CHÂN LẠNH	Cuộc sống thường nhật
có hàng trăm sinh viên tham gia buổi hội thảo khoa học đó	HÀNG TRĂM SINH VIÊN THAM GIA BUỔI HỘI THẢO KHOA HỌC ĐÓ	Cuộc sống học đường
xin chào carlos bạn đang làm gì chiều nay	CHÀO CHIỀU NAY BẠN ĐỊNH LÀM GÌ	Công việc
một ít mật ong và mứt	MẬT ONG MỨT 1 ÍT	Cuộc sống thường nhật
tối mai thì sao	NGÀY MAI TỐI THẾ NÀO	Mối quan hệ
bạn có sở thích nào không	BẠN SỞ THÍCH GÌ CÓ KHÔNG	Mối quan hệ
hôm nay chỉ có vậy thôi sao	HÔM NAY CHỈ VẬY THÔI À	Cuộc sống học đường
những câu chuyện ma quỷ thường được kể vào đêm halloween	ĐÊM HALLOWEEN NHỮNG CÂU CHUYỆN MA QUỶ ĐƯỢC KỂ	Văn hóa và Giáo dục
nhiều cửa hàng phải đóng cửa vì kinh doanh thua lỗ kéo dài	CỬA HÀNG NHIỀU ĐÓNG PHẢI VÌ KINH DOANH THUA NHIỀU	Công việc
chúc mừng anh được thăng chức	ANH THĂNG CHỨC CHÚC MỪNG ĐƯỢC NHÉ	Mối quan hệ
không có gì ông sun	KHÔNG CÓ GÌ	Công việc
tôi đã có giấy chứng nhận trình độ kỹ sư máy tính	TÔI CHỨNG CHỈ KỸ SƯ MÁY TÍNH CÓ	Công việc
anh ấy vừa nhận được chứng nhận hoàn thành khóa học	ANH ẤY XÁC NHẬN KHOÁ HỌC KẾT THÚC NHẬN CÓ	Công việc
chơi trò chơi đi	TRÒ CHƠI CHƠI ĐI	Mối quan hệ
tốt cảm ơn bạn bạn đang đến phỏng vấn với tư cách là thư ký tên bạn là gì	BẠN ĐẾN PHỎNG VẤN VỊ TRÍ THƯ KÝ TÊN GÌ	Công việc
xoài xoài là gì	XOÀI LÀ GÌ	Cuộc sống thường nhật
em bé một tuổi của bạn thì sao	TÔI EM BÉ MỘT TUỔI CÓ BẠN THÌ SAO	Cuộc sống học đường
tôi cũng vậy nếu chúng ta không làm gì đó sớm có thể sẽ là quá muộn	TÔI NGHĨ GIỐNG LÀM KHÔNG MUỘN SẼ	Mối quan hệ
cô bé nhẹ nhàng ngắt bông hoa nhưng giữ lại cuống hoa	CÔ BÉ BÔNG HOA NGẮT NHẸ NHÀNG NHƯNG CUỐNG HOA GIỮ LẠI	Cuộc sống thường nhật
chào buổi sáng bạn bạn khỏe không	CHÀO BUỔI SÁNG BẠN KHỎE KHÔNG	Mối quan hệ
tôi đang gọi điện thoại	ĐIỆN THOẠI GỌI	Cuộc sống thường nhật
hoặc chúng ta có thể thêm một ít muối hoặc quế	CHÚNG TA MUỐI HOẶC QUẾ MỘT ÍT THÊM CÓ THỂ	Cuộc sống thường nhật
bánh gai là một món đặc sản nổi tiếng của tỉnh hải dương	BÁNH GAI MÓN ĐẶC SẢN NỔI TIẾNG HẢI DƯƠNG CỦA	Văn hóa và Giáo dục
giáo viên của tôi bị đau bụng đột ngột vì vậy lớp học đã bị cắt giảm bạn	GIÁO VIÊN CỦA TÔI ĐAU BỤNG ĐỘT NGỘT NÊN LỚP NGHỈ HỌC LỚP BẠN THÌ SAO	Cuộc sống thường nhật
nhân dân việt nam luôn yêu chuộng hòa bình và độc lập	NHÂN DÂN VIỆT NAM HÒA BÌNH ĐỘC LẬP YÊU CHUỘNG LUÔN	Chính trị
chắc chắn rồi tôi có thể giúp bạn bạn có biết bảng chấm công được giữ ở đâu không	BẢNG CHẤM CÔNG Ở ĐÂU	Công việc
có vẻ như trời sẽ nắng	TRỜI NẮNG CÓ VẺ SẼ	Mối quan hệ
hôm nay chúng em học về cách đặt một câu đơn	HÔM NAY CHÚNG EM CÂU ĐƠN 1 CÁCH ĐẶT HỌC	Cuộc sống học đường
nhà bạn có nuôi con gì	NHÀ CỦA BẠN CON VẬT NUÔI GÌ	Cuộc sống thường nhật
tại sao không cảm ơn bạn một chút trà sẽ được tốt đẹp	OK CẢM ƠN TRÀ 1 CHÚT TỐT	Công việc
môn toán giúp chúng ta rèn luyện tư duy logic và sự nhanh nhạy	MÔN TOÁN GIÚP CHÚNG TA TƯ DUY LOGIC VÀ RÈN LUYỆN NHANH NHẠY	Cuộc sống học đường
con hoẵng nhút nhát lẩn mình trong bụi rậm nghe tiếng động	TRỌNG BỤI RẬM CON HOẴNG ẨN MÌNH NHÚT NHÁT TIẾNG ĐỘNG NGHE	Cuộc sống thường nhật
thật sao cảm ơn bạn tôi đã mua nó ngày hôm qua	THẬT CẢM ƠN HÔM QUA TÔI NÓ MUA	Thái độ và Cảm xúc
tôi đã tham gia một lớp học giao tiếp kinh doanh năm ngoái và nó thật tuyệt vời	NĂM NGOÁI TÔI LỚP GIAO TIẾP KINH DOANH HỌC RẤT HAY	Cuộc sống học đường
chiếc máy xúc đang làm việc rất chăm chỉ tại công trường xây dựng	TẠI CÔNG TRƯỜNG XÂY DỰNG MÁY XÚC LÀM VIỆC CHĂM CHỈ	Cuộc sống học đường
bạn đang làm gì vậy 	BẠN LÀM GÌ	Du lịch
em hãy viết một đoạn văn ngắn tả về ngôi trường của em	EM ĐOẠN VĂN NGẮN VIẾT NGÔI TRƯỜNG EM TẢ MÔ TẢ	Cuộc sống học đường
chỉ có ba ngày làm việc nên tôi sẽ không có nhiều thời gian	BA NGÀY LÀM VIỆC CHỈ NÊN TÔI THỜI GIAN NHIỀU KHÔNG CÓ	Du lịch
sơn chưa khô	SƠN VÔI KHÔ CHƯA	Cuộc sống thường nhật
thứ lỗi cho anh anh rất mệt	XIN LỖI ANH MỆT	Thái độ và Cảm xúc
anh trai bạn sao rồi	ANH TRAI BẠN DẠO NÀY THẾ NÀO	Mối quan hệ
tóc cô ấy màu gì	CÔ ẤY TÓC MÀU GÌ	Mối quan hệ
thông thường các cửa hàng sẽ mở cửa lúc tám giờ sáng	SÁNG 8 GIỜ CÁC CỬA HÀNG MỞ CỬA	Cuộc sống thường nhật
cô ấy rất quyết tâm theo đuổi ước mơ trở thành một bác sĩ	CÔ ẤY QUYẾT TÂM THEO ĐUỔI ƯỚC MƠ BÁC SĨ TRỞ THÀNH	Thái độ và Cảm xúc
xin chào đó là một bất ngờ thú vị	ĐÓ LÀ BẤT NGỜ THÚ VỊ	Mối quan hệ
tạm biệt con trai	CON TRAI TẠM BIỆT	Mối quan hệ
nghe có vẻ tốt bạn đề nghị cái nào	TỐT BẠN ĐỀ NGHỊ CÁI NÀO	Cuộc sống thường nhật
liệu chúng có ổn không	CHÚNG OK CÓ KHÔNG	Cuộc sống thường nhật
tuyệt vời bao nhiêu	TỐT QUÁ BAO NHIÊU TIỀN	Cuộc sống thường nhật
đây là người quản lý tài sản tôi có thể giúp gì cho bạn	ĐÂY LÀ NGƯỜI QUẢN LÝ TÀI SẢN TÔI GIÚP CHO BẠN GÌ	Cuộc sống thường nhật
okay bye	OK BYE	Cuộc sống thường nhật
cuộn băng ghi âm có giá bao nhiêu	CUỘN BĂNG GHI ÂM NÀY GIÁ BAO NHIÊU	Cuộc sống thường nhật
bạn có thích bữa tiệc không	BẠN BỮA TIỆC THÍCH CÓ KHÔNG	Mối quan hệ
kế toán đang tính tổng doanh thu của công ty tháng này	TỔNG DOANH THU CÔNG TY THÁNG NÀY KẾ TOÁN TÍNH	Tài chính
vâng tôi đã hoàn thành thứ sáu tuần trước	TUẦN TRƯỚC THỨ SÁU TÔI HOÀN THÀNH RỒI	Cuộc sống học đường
tôi có thể lấy một cuốn tiểu thuyết hay ở đâu	TÔI TIỂU THUYẾT HAY ĐÂU LẤY	Cuộc sống thường nhật
mẹ tôi thường mặc áo nâu khi ra đồng làm việc	MẸ TÔI ÁO NÂU MẶC THƯỜNG KHI LÀM VIỆC Ở CÁNH ĐỒNG	Cuộc sống thường nhật
tôi đánh giá rất cao sự giúp đỡ của bạn	TÔI GIÚP ĐỠ CỦA BẠN CẢM ƠN NHIỀU	Tài chính
nếu bạn cho bơ vào chảo nóng nó sẽ tan chảy	NẾU BẠN CHẢO NÓNG BƠ CHO VÀO NÓ TAN CHẢY	Cuộc sống thường nhật
hai đường thẳng song song thì không bao giờ cắt nhau	ĐƯỜNG THẲNG SONG SONG 2 CẮT NHAU KHÔNG BAO GIỜ	Cuộc sống học đường
quả táo bị thối nên chúng ta không thể ăn được nữa	QUẢ TÁO THỐI RỒI CHÚNG TA ĂN KHÔNG ĐƯỢC	Cuộc sống thường nhật
bạn thật sự muốn tôi nấu ăn tối nay à	TÔI TỐI NAY NẤU BẠN MUỐN ĐÚNG KHÔNG	Cuộc sống thường nhật
vâng đúng vậy tôi đến đây mọi lúc	LÚC TÔI ĐẾN ĐÂY	Cuộc sống thường nhật
nó sẽ có bao nhiêu phòng	NÓ PHÒNG CÓ BAO NHIÊU	Mối quan hệ
cô gái dùng chiếc nơ xinh xắn để buộc tóc gọn gàng	CÔ GÁI CHIẾC NƠ XINH XẮN DÙNG TÓC BUỘC GỌN GÀNG	Cuộc sống thường nhật
cám ơn tôi sẽ không bỏ lỡ đâu	CÁM ƠN TÔI QUÊN KHÔNG	Cuộc sống thường nhật
làm thế nào về tiếng anh miệng của bạn	BẠN KỸ NĂNG NÓI TIẾNG ANH THÌ SAO	Công việc
câu ghép là câu có từ hai cụm chủ vị trở lên	CÂU GHÉP LÀ CÂU HAI CỤM CHỦ VỊ CÓ TRỞ LÊN	Cuộc sống học đường
tôi muốn một hỗn hợp venezuela sáng nay	SÁNG NAY TÔI CÀ PHÊ VENEZUELA PHA TRỘN MỘT LOẠI THỬ MUỐN	Mối quan hệ
không tôi cảm thấy trẻ trung tươi tắn và tràn đầy năng lượng	KHÔNG TÔI CẢM THẤY TRẺ TRUNG TƯƠI TẮN NĂNG LƯỢNG TRÀN ĐẦY	Mối quan hệ
hắn là ai	HẮN AI	Mối quan hệ
bạn có thể di chuyển trơn tru	BẠN DI CHUYỂN TRƠN TRU CÓ KHÔNG	Mối quan hệ
bạn có kinh nghiệm trong lĩnh vực này không	LĨNH VỰC NÀY BẠN KINH NGHIỆM CÓ KHÔNG	Công việc
tôi cũng dùng một số hộp này để đựng thức ăn trong tủ	TÔI HỘP NÀY ĐỒ ĂN ĐỰNG TỦ LẠNH CẤT	Cuộc sống thường nhật
tôi cũng vậy bạn có nghĩ rằng chúng tôi là những người nhàm chán	TÔI CŨNG BẠN NGHĨ CHÚNG TÔI NHỮNG NGƯỜI THÚ VỊ KHÔNG À	Mối quan hệ
làm thế nào bạn tìm thấy ông chủ mới của bạn	BẠN ÔNG CHỦ MỚI CỦA BẠN TÌM THẤY LÀM THẾ NÀO	Công việc
hẳn là tôi đang lơ đễnh	TÔI TẬP TRUNG KHÔNG BÂY GIỜ	Mối quan hệ
ở đó lúc nào cũng bận rộn	LÚC NÀO BẬN CŨNG	Mối quan hệ
xin lỗi bạn có thể cho tôi biết làm thế nào để đến thư viện	XIN LỖI BẠN CHO TÔI BIẾT ĐẾN THƯ VIỆN THẾ NÀO	Cuộc sống thường nhật
chắc chắn rồi xin mời đi lối này	BẠN LỐI NÀY ĐI MỜI	Cuộc sống thường nhật
bạn có thể có một chuyến đi tốt	BẠN CÓ CHUYẾN ĐI TỐT	Du lịch
vâng tôi sẽ cảm ơn sự chăm sóc của bạn	CẢM ƠN SỰ CHĂM SÓC CỦA BẠN	Sức khỏe
cảm ơn bạn tôi sẽ mở nó bây giờ	TÔI MỞ NÓ NGAY ĐƯỢC KHÔNG	Mối quan hệ
cho tôi kiểm tra nhé	CHO TÔI KIỂM TRA	Cuộc sống thường nhật
bạn có thể yêu cầu giáo viên giúp đỡ	BẠN GIÁO VIÊN YÊU CẦU GIÚP ĐỠ CÓ THỂ	Cuộc sống học đường
mấy giờ tôi nên đến	TÔI ĐẾN MẤY GIỜ	Sức khỏe
bạn đã ở đây bao nhiêu lần rồi	BẠN Ở ĐÂY LẦN RỒI BAO NHIÊU	Cuộc sống thường nhật
bài giảng hôm nay có nội dung rất sâu sắc và ý nghĩa	HÔM NAY BÀI GIẢNG NỘI DUNG SÂU SẮC VÀ Ý NHĨA	Văn hóa và Giáo dục
quá tệ nhưng có cửa hàng da nào khác gần đó không	QUÁ TỆ NHƯNG CỬA HÀNG ĐỒ DÙNG KHÁC GẦN CÓ KHÔNG	Cuộc sống thường nhật
bạn có thể bắt đầu bằng cách gặp cô ấy tại trạm xe buýt và nói xin chào với cô	BẠN CÔ ẤY GẶP BẮT ĐẦU Ở TRẠM XE BUÝT NÓI XIN CHÀO VỚI CÔ ẤY	Mối quan hệ
tôi đã cảm thấy khá tốt bạn	TÔI ỔN KHÁ CẢM THẤY RỒI	Sức khỏe
hôm nay có bao nhiêu người đi cùng cô vậy	HÔM NAY NGƯỜI ĐI CÙNG BAO NHIÊU	Du lịch
bạn muốn món tráng miệng gì	BẠN MÓN TRÁNG MIỆNG MUỐN GÌ	Cuộc sống thường nhật
tôi có thể giúp bạn hoa hậu	TÔI CÔ GIÚP GÌ CHO CÓ THỂ THƯA CÔ	Cuộc sống thường nhật
ba mươi tám phẩy bảy bạn có bị đau đầu đau ngực hay đau họng không	38 7 BẠN ĐAU ĐẦU ĐAU NGỰC ĐAU HỌNG CÓ KHÔNG	Sức khỏe
tôi không nghĩ vậy	TÔI NGHĨ VẬY KHÔNG	Cuộc sống thường nhật
vâng tất nhiên bạn có muốn thực hiện một chuyến tham quan kiểm tra của một số nhà máy	VÂNG BẠN NHÀ MÁY THAM QUAN KIỂM TRA ĐI MUỐN KHÔNG	Công việc
vâng jane nói họ sẽ đi trung quốc	CÔ ẤY NÓI HỌ TRUNG QUỐC SẼ ĐI	Mối quan hệ
nhưng anh quên lấy bánh mì	NHƯNG BẠN BÁNH MÌ LẤY QUÊN	Cuộc sống thường nhật
mọi vật thể trong vũ trụ đều không ngừng chuyển động	TRONG VŨ TRỤ MỌI VẬT CHUYỂN ĐỘNG KHÔNG NGỪNG	Văn hóa và Giáo dục
một cuộc họp thú vị phải không	BUỔI HỌP THÚ VỊ THẬT ĐÚNG KHÔNG	Mối quan hệ
chúng tôi dự định tham quan nhiều địa danh nổi tiếng của hà nội	CHÚNG TÔI DỰ ĐỊNH THAM QUAN NHIỀU ĐỊA ĐIỂM NỔI TIẾNG HÀ NỘI	Du lịch
vào đi vào đi và ngồi xuống	VÀO VÀO ĐI NGỒI XUỐNG	Cuộc sống thường nhật
vâng theo như tôi có thể nói chúng tôi đủ điều kiện	TÔI NGHĨ CHÚNG TÔI ĐIỀU KIỆN ĐỦ	Tài chính
tốt hơn rồi	TỐT HƠN RỒI	Du lịch
xin chào tôi có thể nói chuyện với bạn richard không	XIN CHÀO TÔI KIÊN NÓI CHUYỆN VỚI CÓ THỂ	Công việc
bạn nhập khẩu bao nhiêu loại sản phẩm khác nhau từ trung quốc	BẠN LOẠI SẢN PHẨM KHÁC NHAU TRUNG QUỐC NHẬP KHẨU BAO NHIÊU	Mối quan hệ
chuyến tàu tiếp theo đến new york là khi nào	CHUYẾN TÀU TIẾP THEO NEW YORK ĐẾN KHI NÀO	Cuộc sống thường nhật
em bé có đôi má phúng phính hồng hào trông rất đáng yêu	EM BÉ MÁ 2 PHÚNG PHÍNH HỒNG HÀO CÓ TRÔNG ĐÁNG YÊU	Cuộc sống thường nhật
giờ đến lượt dầu dừa	BÂY GIỜ DỪA DẦU	Cuộc sống thường nhật
có ghế sofa trong phòng khách không	PHÒNG KHÁCH GHÊ SOFA CÓ KHÔNG	Cuộc sống thường nhật
bạn đã kết hôn hay độc thân	BẠN KẾT HÔN ĐỘC THÂN HAY	Công việc
vâng mùa hè đang đến	MÙA HÈ SẮP ĐẾN	Mối quan hệ
họ yêu thương người con nuôi như con đẻ của mình	HỌ CON NUÔI CON ĐẺ YÊU THƯƠNG GIỐNG NHAU	Mối quan hệ
nhưng chúng tôi đặc biệt quan tâm đến sản phẩm của ông	NHƯNG CHÚNG TÔI SẢN PHẨM CỦA BẠN QUAN TÂM ĐẶC BIỆT	Công việc
anh ấy không thể che giấu vẻ mặt giận dữ của mình	ANH ẤY VẺ MẶT GIẬN DỮ CHE DẤU DẤU CHE ĐẬY KHÔNG	Thái độ và Cảm xúc
bạn có thể cho tôi biết thêm chi tiết về những gì được bao gồm trong gói	BẠN CHO TÔI BIẾT CHI TIẾT THÊM GÓI TRONG CÓ NHỮNG GÌ	Du lịch
xin lỗi bạn có phục vụ bữa sáng ở đây không	XIN LỖI Ở ĐÂY BỮA SÁNG PHỤC VỤ CÓ KHÔNG	Cuộc sống thường nhật
chắc chắn rồi tôi thích đi đến trung tâm mua sắm	TẤT NHIÊN TÔI TRUNG TÂM MUA SẮM ĐI THÍCH LẮM CŨNG	Mối quan hệ
ý bạn là về tính khả dụng độ tin cậy và giá cả của sản phẩm	BẠN NÓI TÁC DỤNG TIN TƯỞNG VÀ GIÁ CỦA SẢN PHẨM PHẢI KHÔNG	Tài chính
này bạn có tin vào ma quỷ không	NÀY BẠN MA QUỶ TIN CÓ KHÔNG	Mối quan hệ
làm đi	LÀM ĐI	Cuộc sống thường nhật
môn tin học và công nghệ giúp em tiếp cận máy tính	MÔN TIN HỌC CÔNG NGHỆ GIÚP EM LÀM QUEN MÁY TÍNH	Cuộc sống học đường
bạn đi uống cà phê cùng tôi tối nay nhé	BẠN CÀ PHÊ CÙNG TÔI TỐI NAY NHÉ	Mối quan hệ
oh họ trông đẹp tôi có thể thử lại một lần nữa không	HỌ ĐẸP QUÁ TÔI CÓ THỂ THỬ LẠI LẦN NỮA ĐƯỢC KHÔNG	Cuộc sống thường nhật
mọi chuyện với anh ổn chứ	MỌI CHUYỆN VỚI BẠN ỔN CHỨ	Mối quan hệ
vâng thưa ngài còn gì nữa không	CÒN GÌ KHÔNG	Công việc
cuộc sống ở các đô thị lớn luôn nhộn nhịp và hối hả	CUỘC SỐNG ĐÔ THỊ LỚN NHỘN NHỊP NHANH	Cuộc sống thường nhật
bạn sao anh không dọn phòng đi	BẠN PHÒNG DỌN KHÔNG VÌ SAO	Thái độ và Cảm xúc
cảm ơn vì bạn đã tin tôi	CẢM ƠN VÌ TÔI TIN	Mối quan hệ
không có gì tôi chỉ hơi căng thẳng một chút	KHÔNG SAO TÔI CĂNG THẲNG MỘT ÍT	Cuộc sống học đường
chào bạn white bạn đến sớm nửa tiếng	CHÀO BẠN BẠN 30 PHÚT ĐẾN SỚM	Mối quan hệ
bạn sẽ được trả tiền bằng cách nào	BẠN TIỀN TRẢ BẰNG GÌ	Tài chính
tôi thích làm vườn và trồng cây	TÔI VƯỜN LÀM TRỒNG CÂY THÍCH	Cuộc sống thường nhật
đeo khẩu trang là biện pháp quan trọng để bảo vệ sức khỏe	KHẨU TRANG ĐEO BIỆN PHÁP CÁCH LÀM QUAN TRỌNG ĐỂ SỨC KHOẺ BẢO VỆ	Sức khỏe
mọi người đã được thông báo rồi	MỌI NGƯỜI THÔNG BÁO RỒI	Công việc
có bạn có vé không	BẠN VÉ CÓ KHÔNG	Mối quan hệ
anh ấy đã giới thiệu bạn gái với gia đình mình	ANH ẤY BẠN GÁI GIỚI THIỆU CHO GIA ĐÌNH	Mối quan hệ
bạn có nghiêm túc không điều đó sẽ thật tuyệt vời	THẬT TUYỆT VỜI BẠN NGHIÊM TÚC CÓ KHÔNG	Mối quan hệ
cô ấy nói muốn chúng ta thư giãn tối nay thay vì làm bài tập về nhà	CÔ ẤY NÓI TỐI NAY CHÚNG TA THƯ GIÃN BÀI TẬP LÀM KHÔNG	Cuộc sống học đường
đi theo con đường này và rẽ trái	ĐƯỜNG NÀY ĐI RẼ TRÁI	Cuộc sống thường nhật
một làn sóng văn hóa mới đang ảnh hưởng đến giới trẻ	LÀN SÓNG VĂN HOÁ MỚI 1 GIỚI TRẺ ẢNH HƯỞNG	Văn hóa và Giáo dục
không tôi không chắc là tôi sẽ đi	TÔI ĐI CHẮC CHẮN CHƯA	Thái độ và Cảm xúc
trên núi có những tảng đá khổng lồ	NÚI NHỮNG TẢNG ĐÁ KHỔNG LỒ CÓ	Mối quan hệ
mọi người thành kính vái lạy trước bàn thờ tổ tiên	MỌI NGƯỜI VÁI LẠY THÀNH KÍNH TRƯỚC BÀN THỜ TỔ TIÊN	Văn hóa và Giáo dục
họ có yêu cầu bạn phải gửi tệp trước không	HỌ YÊU CẦU BẠN TỆP TIN GỬI TRƯỚC CÓ KHÔNG	Công việc
oh cô ấy cũng hát à	Ô CÔ ẤY HÁT CŨNG	Thái độ và Cảm xúc
tôi không phải tôi là người ăn chay	TÔI NGƯỜI ĂN CHAY NHƯNG ĐÂU KHÔNG PHẢI	Cuộc sống thường nhật
chúng ta cần có biện pháp phòng chống dịch bệnh hiệu quả	CHÚNG TA DỊCH BỆNH BIỆN PHÁP GIẢI PHÁP PHƯƠNG ÁN PHÒNG CHỐNG HIỆU QUẢ CÓ	Sức khỏe
co giật kéo dài bao lâu	BẠN ỐM BAO LÂU	Sức khỏe
có phải là kế hoạch cho ngôi nhà mới của tôi	KẾ HOẠCH NHÀ MỚI CỦA TÔI PHẢI KHÔNG	Mối quan hệ
thời tiết yêu thích của bạn là gì	THỜI TIẾT YÊU THÍCH CỦA BẠN GÌ	Mối quan hệ
tại sao không đó là một cơ hội tốt cho tôi để luyện tập nấu ăn	KHÔNG TẠI SAO CƠ HỘI TỐT CHO TÔI LUYỆN TẬP NẤU ĂN	Cuộc sống thường nhật
bạn đang vẽ gì tôi tự hỏi	TÔI TỰ HỎI BẠN VẼ GÌ	Cuộc sống thường nhật
con sói thường xuất hiện trong các câu chuyện cổ tích	CON SÓI XUẤT HIỆN THƯỜNG XUYÊN TRONG CÁC CÂU CHUYỆN XƯA	Văn hóa và Giáo dục
có thể giá thực tế là gì	CÓ THỂ GIÁ THỰC TẾ BAO NHIÊU VẬY	Du lịch
tuổi thơ của bạn như thế nào	TUỔI THƠ CỦA BẠN THẾ NÀO	Mối quan hệ
bạn có đảm bảo gói dịch vụ không	BẠN DỊCH VỤ ĐẢM BẢO CÓ KHÔNG	Cuộc sống thường nhật
yeah ý tưởng tốt đi nào để chúng tôi đi	YEAH Ý TƯỞNG TỐT ĐI NÀO CHÚNG TÔI ĐI	Cuộc sống thường nhật
tôi quên mất phần đó	TÔI PHẦN ĐÓ QUÊN	Cuộc sống học đường
khi nào tôi có thể lấy lại  tôi rất mong được xem ảnh quá	TÔI LẤY LẠI KHI NÀO TÔI ẢNH XEM MONG	Du lịch
bảo hiểm và bảo hiểm y tế đầy đủ thì sao	BẢO HIỂM BẢO HIỂM Y TẾ SAO	Công việc
ai sẽ hát trong chương trình	HÁT TRONG CHƯƠNG TRÌNH SẼ AI	Mối quan hệ
có công ty chúng tôi có hai tầng tầng 6 và 7 trong tòa nhà này	ĐÚNG VẬY CÔNG TY TÔI CÓ HAI TẦNG TẦNG 6 VÀ TẦNG 7 TRONG TÒA NHÀ NÀY	Công việc
vâng rất nhiều cấm các chất nổ phóng xạ và độc hại	RẤT NHIỀU CÁC CHẤT NỔ PHÓNG XẠ ĐỘC HẠI CẤM	Du lịch
tôi đi mua sắm về trễ nhưng tôi đang vội	MUA SẮM MUỘN NÊN VỘI	Mối quan hệ
nhưng cũng vất vả	NHƯNG VẤT VẢ CŨNG	Công việc
chúng ta phải đi	CHÚNG TA ĐI PHẢI	Cuộc sống thường nhật
chỉ cần bình tĩnh tôi chắc chắn bạn sẽ làm tốt	TÔI NGHĨ BẠN LÀM TỐT	Cuộc sống học đường
nghe có vẻ như một bộ phim thú vị hãy gặp nhau lúc năm giờ vào thứ bảy	NGHE PHIM HAY THỨ BẢY GIỜ NĂM GẶP NHAU	Mối quan hệ
được rồi tôi sẽ sắp xếp cho bạn	RỒI TÔI SẮP XẾP CHO BẠN	Du lịch
không ngạc nhiên khi nó có mùi thơm	KHI NÓ MÙI THƠM NGẠC NHIÊN KHÔNG	Mối quan hệ
bạn đến từ đâu	BẠN Ở ĐÂU ĐẾN	Du lịch
chắc chắn rồi chúng tôi chỉ có một số họ đã được biết rồi	CHẮC CHẮN RỒI CHÚNG TÔI MỘT SỐ CÓ HỌ BIẾT ĐƯỢC RỒI	Cuộc sống thường nhật
bạn ơi chúng ta có cần chanh không	BẠN ƠI CHÚNG TA CHANH CẦN KHÔNG	Cuộc sống thường nhật
tôi sống trong một căn hộ ở trung tâm thành phố	TÔI SỐNG CĂN HỘ TRUNG TÂM THÀNH PHỐ	Mối quan hệ
ngày 17 sẽ ổn thôi	NGÀY 17 ĐƯỢC RỒI	Du lịch
vậy thì chúng ta nên quay về cabin của mình	CHÚNG TA QUAY VỀ PHÒNG CỦA MÌNH NÊN	Du lịch
tôi cần đặt hàng cho một vài bánh sandwich và đồ uống bạn có thể giao hàng không	TÔI MUỐN ĐẶT VÀI BÁNH SANDWICH ĐỒ UỐNG BẠN GIAO HÀNG ĐƯỢC KHÔNG	Du lịch
chào buổi sáng đây là địa chỉ của japan airlines tôi có thể giúp gì cho bạn	CHÀO BUỔI SÁNG ĐÂY ĐỊA CHỈ CỦA JAPAN AIRLINES TÔI GIÚP BẠN GÌ	Du lịch
vâng tôi muốn thử	TÔI THỬ MUỐN	Công việc
giữ gìn vệ sinh cá nhân giúp phòng tránh nhiều bệnh tật	VỆ SINH CÁ NHÂN GIỮ GÌN BỆNH TẬT NHIỀU PHÒNG TRÁNH GIÚP	Sức khỏe
vâng trong thực tế tôi nghĩ rằng nó tốt hơn nhiều so với số 1 tuần này	THỰC TẾ TÔI NGHĨ NÓ TỐT HƠN NHIỀU SO SÁNH 1 TUẦN NÀY	Mối quan hệ
tôi thấy nói chuyện với người khác là rất quan trọng	TÔI NGƯỜI KHÁC NÓI CHUYỆN THẤY RẤT QUAN TRỌNG	Mối quan hệ
hôm qua tôi thấy cô ấy làm bánh	HÔM QUA TÔI THẤY CÔ ẤY BÁNH LÀM	Cuộc sống thường nhật
đừng lo lắng mọi thứ sẽ ổn thôi	LO LẮNG ĐỪNG MỌI THỨ ỔN	Mối quan hệ
sao bạn không thử đếm cừu	BẠN ĐẾM CỪU THỬ KHÔNG TẠI SAO	Cuộc sống thường nhật
mỗi buổi sáng thức dậy tôi đều rửa mặt bằng nước lạnh	MỖI BUỔI SÁNG THỨC DẬY TÔI NƯỚC LẠNH RỬA MẶT	Cuộc sống thường nhật
hôm nay cô giáo dạy chúng em bài học về phân số	HÔM NAY CÔ GIÁO CHÚNG EM DẠY BÀI PHÂN SỐ	Cuộc sống học đường
người việt nam có thói quen dùng đũa trong bữa ăn hàng ngày	NGƯỜI VIỆT NAM ĐŨA DÙNG THÓI QUEN TRONG BỮA ĂN HÀNG NGÀY	Văn hóa và Giáo dục
em quên mang bút nên phải mượn của bạn ngồi bên cạnh	EM BÚT MANG QUÊN BẠN NGỒI BÊN CẠNH MƯỢN PHẢI	Cuộc sống học đường
thật sao họ là loại giày gì	THẬT À GIÀY ĐÓ LOẠI GÌ	Mối quan hệ
bác sĩ thú y đang khám bệnh cho chú chó cưng nhà tôi	BÁC SĨ THÚ Y NHÀ TÔI CHÚ CHÓ KHÁM BỆNH	Công việc
tôi biết đừng nhắc nhở tôi tôi đang bắt đầu một chế độ ăn kiêng mới vào ngày hôm sau	TÔI BIẾT NHẮC NHỞ TÔI ĐỪNG TÔI KẾ HOẠCH ĂN KIÊNG MỚI BẮT ĐẦU NGÀY HÔM SAU	Cuộc sống thường nhật
bé gái có chiếc cặp tóc hình con bướm rất xinh	BÉ GÁI TÓC CHIẾC KẸP CON BƯỚM XINH CÓ	Cuộc sống thường nhật
tôi biết đó là một vụ lớn	TÔI CHUYỆN ĐÓ LỚN BIẾT THẬT	Công việc
buổi phỏng vấn thế nào	PHỎNG VẤN BUỔI THẾ NÀO	Công việc
dù sao cũng cảm ơn bạn	CẢM ƠN BẠN CŨNG	Du lịch
cảm ơn nhưng tôi không thể ăn một miếng nữa tôi thực sự đầy đủ	CẢM ƠN NHƯNG TÔI NO LẮM ĂN THÊM KHÔNG THỂ	Cuộc sống thường nhật
bạn đang nói gì vậy tôi có món salad một số lần	BẠN NÓI GÌ TÔI MÓN SALAD MỘT SỐ LẦN CÓ	Cuộc sống thường nhật
thật sao bạn là mẫu người của tôi	BẠN NGƯỜI TÔI THÍCH KIỂU ĐÚNG	Mối quan hệ
chắc chắn rồi mời vào	CHẮC CHẮN MỜI VÀO	Cuộc sống thường nhật
bạn nên tập thể dục đều đặn để nâng cao sức khỏe	BẠN TẬP THỂ DỤC ĐỀU ĐẶN ĐỂ SỨC KHOẺ NÂNG CAO	Sức khỏe
tôi yêu thích cuộc sống yên bình ở vùng quê thanh vắng này	TÔI CUỘC SỐNG YÊN BÌNH Ở VÙNG QUÊ THANH VẮNG YÊN TĨNH NÀY THÍCH	Cuộc sống thường nhật
chú khỉ tinh nghịch đang leo trèo trên cây rất nhanh	CHÚ KHỈ TINH NGHỊCH CÂY LEO TRÈO NHANH	Cuộc sống thường nhật
cái radio đó ồn quá làm ơn vặn nhỏ xuống được không	CÁI RADIO ĐÓ ỒN QUÁ LÀM ƠN VẶN NHỎ LẠI ĐƯỢC KHÔNG	Thái độ và Cảm xúc
thịt xông khói	THỊT XÔNG KHÓI	Cuộc sống thường nhật
cơn gió mạnh đã làm vỡ tấm cửa kính của ngôi nhà	NGÔI NHÀ CỬA KÍNH VỠ VÌ CƠN GIÓ MẠNH	Cuộc sống thường nhật
bạn có thể làm việc tối nay không	TỐI NAY BẠN LÀM VIỆC CÓ KHÔNG	Công việc
anh ấy đã đưa ra một phương án giải quyết rất hợp lí	ANH ẤY PHƯƠNG ÁN KẾ HOẠCH ĐƯA RA GIẢI QUYẾT HỢP LÝ	Công việc
vâng đó là giá bán ngày hôm nay	ĐÓ HÔM NAY GIÁ BÁN	Cuộc sống thường nhật
nếu bạn đến công viên vào buổi sáng bạn có thể tìm thấy những con sóc chạy trên bãi cỏ	NẾU BUỔI SÁNG BẠN CÔNG VIÊN ĐẾN TÌM THẤY CON SÓC CHẠY BÃI CỎ	Cuộc sống thường nhật
những giọt sương sớm long lanh đọng trên mặt đất	NHỮNG GIỌT SƯƠNG SỚM LONG LANH LẤP LÁNH LUNG LINH TRÊN MẶT ĐẤT	Cuộc sống thường nhật
nhà thơ tố hữu có nhiều tác phẩm nổi tiếng về cách mạng	TỐ HỮU NHÀ THƠ TÁC PHẨM CÁCH MẠNG NỔI TIẾNG CÓ NHIỀU	Văn hóa và Giáo dục
tôi sẽ bảo cô ấy mang theo ít củi	TÔI CÔ ẤY BẢO CỦI ÍT MANG THEO	Cuộc sống thường nhật
đáng lẽ tôi nên làm xong trước khi bạn đến	TÔI HOÀN THÀNH PHẢI TRƯỚC KHI BẠN TỚI	Công việc
thật là một ngày tốt đẹp tại sao chúng ta không đi chơi	HÔM NAY TRỜI ĐẸP QUÁ MÌNH ĐI CHƠI ĐI	Mối quan hệ
chúng ta có thể uống nó như bây giờ	BÂY GIỜ CHÚNG TA UỐNG CÓ THỂ	Cuộc sống thường nhật
mẹ dùng phễu để rót dầu ăn vào chai cho khỏi đổ	MẸ PHỄU DÙNG ĐỂ CHAI DẦU ĂN RÓT VÀO ĐỔ KHÔNG	Cuộc sống thường nhật
dưa hấu có vỏ xanh lá ruột đỏ hột nhiều	DƯA HẤU VỎ MÀU XANH LÁ CÂY BÊN TRONG MÀU ĐỎ HỘT NHIỀU	Sức khỏe
cái bát đâu rồi	BÁT ĐÂU	Cuộc sống thường nhật
nhà tôi nuôi một đàn con lợn rất béo tốt	NHÀ TÔI ĐÀN CON LỢN 1 NUÔI BÉO TỐT	Cuộc sống thường nhật
cô ấy luôn tươi cười thân thiện với tất cả mọi người	CÔ ẤY MỌI NGƯỜI TẤT CẢ CƯỜI TƯƠI THÂN THIỆN	Thái độ và Cảm xúc
bao lâu một lần	BAO LÂU MỘT LẦN VẬY	Công việc
kể cho tôi nghe một chút về cô đi	BẠN KỂ TÔI NGHE MỘT CHÚT VỀ CÔ ẤY	Công việc
nói cho tôi biết bạn bị làm sao bill	BẠN BỊ SAO NÓI TÔI NGHE XEM	Cuộc sống thường nhật
khu chợ buổi sáng lúc nào cũng đông đúc nhộn nhịp	BUỔI SÁNG KHU CHỢ NHỘN NHỊP ĐÔNG ĐÚC LUÔN LUÔN	Cuộc sống thường nhật
rửa mặt sạch sẽ mỗi ngày giúp làn da khỏe mạnh hơn	MỖI NGÀY RỬA MẶT SẠCH SẼ GIÚP LÀN DA KHOẺ MẠNH	Sức khỏe
nó có hộp số tự động không	XE NÀY SỐ TỰ ĐỘNG HẢ	Cuộc sống thường nhật
tôi là một trong số họ	TÔI TRONG SỐ ĐÓ MỘT LÀ	Mối quan hệ
tôi đang làm rất tốt	TÔI ĐANG RẤT ỔN	Tài chính
tuyệt chúng ta có thể làm gì đó ngoài trời	TUYỆT CHÚNG TA LÀM GÌ NGOÀI	Mối quan hệ
bao nhiêu ngày là tour du lịch	CHUYẾN DU LỊCH KÉO DÀI BAO NHIÊU NGÀY	Du lịch
tôi cần xem thẻ căn cước của anh	TÔI ANH THẺ CĂN CƯỚC XEM CẦN	Cuộc sống thường nhật
vâng có người đang đón tôi	NGƯỜI ĐÓN TÔI CÓ	Cuộc sống học đường
chúng tôi sẽ có một bữa tiệc sáu mươi vào tuần tới bạn có muốn đến không	TUẦN TỚI CHÚNG TÔI TIỆC KỶ NIỆM SÁU MƯƠI NĂM CÓ BẠN THAM DỰ MUỐN KHÔNG	Mối quan hệ
bài văn yêu cầu học sinh miêu tả lại cảnh đẹp quê hương mình	BÀI VĂN HỌC SINH YÊU CẦU MIÊU TẢ MÔ TẢ LẠI QUÊ HƯƠNG CẢNH ĐẸP	Cuộc sống học đường
cuối tuần qua em đã làm gì	TUẦN CUỐI RỒI EM LÀM GÌ	Cuộc sống thường nhật
bạn biết lái xe hơi không	BẠN LÁI XE HƠI BIẾT KHÔNG	Cuộc sống thường nhật
bạn quan tâm chủ yếu đến kỹ thuật cơ khí là gì	BẠN KỸ THUẬT CƠ KHÍ QUAN TÂM NHẤT ĐÚNG KHÔNG	Công việc
kiến trúc sư đang bố trí lại nội thất cho căn phòng	KIẾN TRÚC SƯ CĂN PHÒNG SẮP XẾP LẠI ĐỒ ĐẠC TRONG NHÀ	Công việc
nếu bạn cần sự giúp đỡ của tôi hãy gọi cho tôi	NẾU BẠN GIÚP ĐỠ CỦA TÔI CẦN GỌI CHO TÔI LUÔN	Cuộc sống thường nhật
không bạn bình tĩnh	KHÔNG SAO BẠN BÌNH TĨNH LẠI ĐI	Mối quan hệ
còn nhớ lúc anh bảo em bỏ đá vào đồ uống lạnh không	ANH NÓI EM ĐỒ UỐNG LẠNH ĐÁ BỎ VÀO NHỚ KHÔNG	Mối quan hệ
xông hơi giúp cơ thể thư giãn và đào thải độc tố	XÔNG HƠI GIÚP CƠ THỂ THƯ GIÃN VÀ CẢM THẤY KHOẺ HƠN	Sức khỏe
mỗi lần uống bao nhiêu viên	MỖI LẦN VIÊN UỐNG BAO NHIÊU	Sức khỏe
có radio là một ý hay phải không	RADIO CŨNG HAY ĐẤY CHỨ CÓ	Văn hóa và Giáo dục
tôi biết nơi để có được chúng từ	TÔI BIẾT NƠI ĐỂ HOÁ ĐƠN CÓ	Cuộc sống thường nhật
có chuyện gì vậy thưa bà	XẢY RA GÌ	Du lịch
hôm qua anh có tổ chức tiệc hay gì khác không	HÔM QUA BẠN TIỆC TỔ CHỨC HOẶC KHÁC GÌ	Mối quan hệ
bạn có muốn ngồi ở phía trước hoặc phía sau tôi không 	BẠN NGỒI PHÍA TRƯỚC HOẶC PHÍA SAU SO SÁNH VỚI TÔI MUỐN KHÔNG	Mối quan hệ
thế nào	THẾ NÀO	Cuộc sống học đường
bạn có thể vui lòng cho tôi biết bạn đang ở đâu	CHO TÔI BIẾT BẠN Ở ĐÂU	Cuộc sống thường nhật
chúng ta hãy cùng nhau cuối tuần này	CHÚNG TA CÙNG NHAU CUỐI TUẦN NÀY HÃY	Mối quan hệ
ok tôi rất thích công ty	TÔI CÔNG TY RẤT THÍCH	Cuộc sống học đường
người thợ may dùng thước đo cẩn thận trên tấm vải hoa	NGƯỜI THỢ MAY THƯỚC ĐO DÙNG CẨN THẬN TRÊN TẤM VẢI HOA	Công việc
và bạn sẽ thích một chỗ ngồi cửa sổ hoặc ghế lối đi	BẠN CỬA SỔ GẦN NGỒI MUỐN HAY LỐI ĐI Ở	Du lịch
vâng thưa ngài cũng giống như dấu hiệu nói bao nhiêu	VÂNG GIỐNG BẢNG GIÁ BẠN MUA BAO NHIÊU	Du lịch
điều đó tốt điều gì về hoạt động in và sao chép	RẤT TỐT HOẠT ĐỘNG IN SAO CHÉP THẾ NÀO	Công việc
tôi hiểu rồi và còn có phần thưởng nào khác không	TÔI HIỂU RỒI PHẦN THƯỞNG KHÁC CÓ KHÔNG	Công việc
không cảm ơn tôi đã có rất nhiều	KHÔNG CẢM ƠN TÔI CÓ NHIỀU RỒI	Thái độ và Cảm xúc
thật sao nghe có vẻ thú vị	THÚ VỊ QUÁ	Cuộc sống học đường
lịch sử việt nam ghi lại thời kỳ trịnh nguyễn phân tranh đàng ngoài	LỊCH SỬ VIỆT NAM THỜI KỲ LÂU NĂM TRỊNH NGUYỄN PHÂN TRANH XUNG ĐỘT ĐÀNG NGOÀI MIỀN NAM GHI LẠI	Văn hóa và Giáo dục
du khách thích thú khi được lướt ca nô trên biển	TRÊN BIỂN LƯỚT CA NÔ DU KHÁCH THÍCH	Du lịch
xe buýt là một phương tiện giao thông công cộng rất phổ biến	XE BUÝT PHƯƠNG TIỆN GIAO THÔNG CÔNG CỘNG 1 PHỔ BIẾN	Du lịch
bạn có bắt được gì không	BẠN CÂU ĐƯỢC GÌ KHÔNG	Mối quan hệ
điều đó còn tùy giá cả hôm nay thế nào	TÙY HÔM NAY GIÁ CẢ THẾ NÀO	Tài chính
em phải tập viết chữ hoa cho thật ngay ngắn và đẹp	EM CHỮ HOA TẬP VIẾT NGAY NGẮN ĐẸP	Cuộc sống học đường
chúng ta sẽ phải quay lại đây thật sớm	CHÚNG TA QUAY LẠI THẬT SỚM PHẢI	Mối quan hệ
có một bốt cảnh sát giao thông ở ngay ngã tư	Ở NGÃ TƯ BỐT CẢNH GIÁT GIAO THÔNG CÓ	Chính trị
chúng tôi có mối quan hệ làm việc khá tốt nhưng cũng có một điểm khó khăn	CHÚNG TÔI LÀM VIỆC KHÁ TỐT CÙNG NHAU NHƯNG KHÓ KHĂN CŨNG	Mối quan hệ
ok tôi nghĩ rằng tôi đã có nó	TÔI NGHĨ TÔI CÓ RỒI	Tài chính
bạn đã có địa chỉ email của bạn	BẠN ĐỊA CHỈ EMAIL CỦA BẠN CÓ KHÔNG	Công việc
và anh sẽ sửa cái tivi phải không	ANH SỬA TIVI NÀY ĐÚNG KHÔNG	Cuộc sống thường nhật
chúng em đang chăm chỉ ôn tập cho kỳ thi cuối kỳ	CHÚNG EM ÔN TẬP CHĂM CHỈ CHO KỲ THI CUỐI KỲ	Cuộc sống học đường
ông tôi thường xuyên bị ốm đau khi thời tiết thay đổi	ÔNG TÔI ỐM KHI THỜI TIẾT THAY ĐỔI	Sức khỏe
vâng chúng tôi chắc chắn sẽ nhớ bạn ở đây	BỌN TÔI BẠN NHỚ CHẮC CHẮN LẮM	Mối quan hệ
tuyệt em rất muốn làm vậy	TUYỆT EM LÀM VẬY MUỐN	Thái độ và Cảm xúc
bạn hãy nén các tập tin này lại trước khi gửi	KHI GỬI CÁC TẬP TIN NÀY BẠN NÉN LẠI CẦN	Công việc
gần đây tôi rất khó ngủ	TÔI DẠO NÀY NGỦ KHÓ	Mối quan hệ
nó đẹp tôi có thể thử nó không	NÓ ĐẸP TÔI THỬ CÓ THỂ	Cuộc sống thường nhật
hãy cho tôi biết nếu tôi có thể giúp được gì	TÔI BIẾT CHO TÔI GIÚP GÌ	Cuộc sống thường nhật
này giờ con bận à	NÀY BÂY GIỜ CON BẬN	Công việc
chúng ta nên treo nó lên thôi	CHÚNG TA NÓ TREO LÊN	Cuộc sống thường nhật
ông tôi cẩn thận móc mồi vào chiếc lưỡi câu sắc bén	ÔNG TÔI MỒI MÓC CẨN THẬN VÀO CHIẾC LƯỠI CÂU SẮC BÉN	Cuộc sống thường nhật
cậu bé vô tình làm vỡ chiếc bình hoa của mẹ	CẬU BÉ BẤT NGỜ LÀM ĐỔ MẸ CHIẾC BÌNH HOA	Cuộc sống thường nhật
em gái của bạn đã kết hôn	GÁI EM CỦA BẠN LẬP GIA ĐÌNH RỒI	Mối quan hệ
nghe có vẻ như một thành phố thực sự thú vị để sống	NGHE THÀNH PHỐ NÀY SỐNG THÚ VỊ	Mối quan hệ
bạn thích nhà hàng nào	BẠN NHÀ HÀNG NÀO THÍCH	Cuộc sống thường nhật
điều chỉnh thế nào	ĐIỀU CHỈNH THẾ NÀO	Công việc
độ co rút sau khi giặt là bao nhiêu	GIẶT SAU ĐỘ CO RÚT BAO NHIÊU	Cuộc sống thường nhật
em hãy gạch chân những cụm từ chỉ hoạt động trong đoạn văn	EM CỤM TỪ HOẠT ĐỘNG CỦA ĐOẠN VĂN GẠCH CHÂN	Cuộc sống học đường
tôi sẽ phải mượn nó	TÔI NÓ MƯỢN PHẢI	Cuộc sống thường nhật
bà già tỉa cây đó là ai vậy	BÀ GIÀ TỈA CÂY KIA LÀ AI	Mối quan hệ
tại sao bạn muốn trở thành một tiếp viên	BẠN MUỐN LÀM TIẾP VIÊN HÀNG KHÔNG TẠI SAO	Công việc
ok chúng ta sẽ nói vào tuần tới vào thứ ba lúc 2 30	CHÚNG TA TUẦN SAU THỨ BA 2 GIỜ 30 NÓI CHUYỆN ĐƯỢC KHÔNG ĐƯỢC RỒI	Công việc
tổ chức unicef luôn bảo vệ quyền lợi của trẻ em toàn cầu	UNICEF TRẺ EM TỔ CHỨC TOÀN CẦU LỢI ÍCH BẢO VỆ	Chính trị
hôm nay thứ 2 ngày 22 tháng 7 năm 2013	HÔM NAY THỨ 2 NGÀY 22 THÁNG 7 NĂM 2013	Cuộc sống thường nhật
chính phủ miến điện đang đối mặt với nhiều thách thức	CHÍNH PHỦ MIẾN ĐIỆN ĐỐI MẶT GẶP NHIỀU THÁCH THỨC NHIỀU KHÓ KHĂN	Chính trị
tôi sẽ tìm một căn hộ	TÔI CĂN HỘ TÌM	Cuộc sống thường nhật
chúng ta cần tìm hiểu về văn hoá dân tộc	CHÚNG TA TÌM HIỂU VỀ VĂN HOÁ DÂN TỘC	Văn hóa và Giáo dục
bạn cảm thấy thế nào 	BẠN CẢM THẤY THẾ NÀO	Mối quan hệ
chiếc móc áo bằng gỗ này treo được rất nhiều đồ	CHIẾC MÓC ÁO BẰNG GỖ NÀY QUẦN ÁO TREO ĐƯỢC RẤT NHIỀU	Cuộc sống thường nhật
vâng tôi sẽ giúp làm thế nào để bạn làm cho quả bóng giấy dính lại với nhau	TÔI GIÚP SẼ BẠN QUẢ BÓNG GIẤY DÍNH LÀM THẾ NÀO	Cuộc sống thường nhật
đây rồi giá cả thế nào	ĐÂY RỒI TIỀN BAO NHIÊU	Tài chính
bệnh nhân cần đặt lịch hẹn trước khi đến khám bệnh	BỆNH NHÂN KHÁM BỆNH LỊCH HẸN ĐẶT CẦN	Sức khỏe
chiều nào mẹ tôi cũng ra nương để bẻ ngô	CHIỀU NÀO MẸ TÔI RA NƯƠNG BẺ NGÔ	Cuộc sống thường nhật
không tệ cảm ơn	CẢM ƠN RẤT TỐT	Mối quan hệ
nước mắm là gia vị không thể thiếu của người việt	NƯỚC MẮM GIA VỊ NGƯỜI VIỆT THIẾU KHÔNG THỂ	Cuộc sống thường nhật
tôi không có	TÔI KHÔNG CÓ	Cuộc sống thường nhật
đàn chim bồ câu vỗ cánh bay lên trên mái nhà	ĐÀN CHIM BỒ CÂU CÁNH VỖ BAY LÊN TRÊN MÁI NHÀ	Cuộc sống thường nhật
bạn mặc cỡ nào	BẠN SIZE MẶC GÌ	Cuộc sống thường nhật
công ty đã đầu tư một tỷ đồng vào dự án mới	CÔNG TY DỰ ÁN MỚI ĐẦU TƯ 1 TỶ ĐỒNG	Tài chính
cô bé thổi những bong bóng xà phòng bay lơ lửng trong gió	CÔ BÉ BONG BÓNG XÀ PHÒNG THỔI GIÓ BAY LƠ LỬNG	Cuộc sống thường nhật
tôi sẽ ở đây khoảng một năm	TÔI MỘT NĂM KHOẢNG	Du lịch
tất nhiên nếu cần thiết	NẾU CẦN THIẾT	Công việc
người nông dân dùng xẻng để đào đất trồng cây	NGƯỜI NÔNG DÂN XẺNG DÙNG ĐỂ ĐÀO ĐẤT TRỒNG CÂY	Cuộc sống thường nhật
bộ phim sẽ bắt đầu lúc 2 giờ	PHIM BẮT ĐẦU LÚC 2 GIỜ	Mối quan hệ
bài tập toán hôm nay yêu cầu vẽ một hình chữ nhật	HÔM NAY TOÁN BÀI TẬP HÌNH CHỮ NHẬT VẼ YÊU CẦU	Cuộc sống học đường
đi thẳng về phía trước cho đến khi bạn đến đèn giao thông thứ hai sau đó rẽ phải	ĐI THẲNG ĐÈN GIAO THÔNG THỨ HAI GẶP KHI RẼ PHẢI RỒI	Cuộc sống thường nhật
điều đó nghe thật tuyệt vời đối với chúng tôi	CHÚNG TÔI ĐIỀU ĐÓ NGHE TUYỆT VỜI	Cuộc sống thường nhật
bé nhà tôi rất thích uống sữa hộp có vị sô cô la	BÉ NHÀ TÔI SỮA SÔ CÔ LA THÍCH UỐNG RẤT	Cuộc sống thường nhật
tôi thích ngồi lặng yên để nghe tiếng chim hót	TÔI NGỒI LẶNG YÊN TIẾNG CHIM HÓT NGHE THÍCH	Cuộc sống thường nhật
bạn nói đúng	BẠN NÓI ĐÚNG	Cuộc sống thường nhật
chúng đẹp lắm bạn làm tốt lắm	CHÚNG ĐẸP BẠN LÀM TỐT	Mối quan hệ
tại sao hả bố	BỐ ƠI TẠI SAO	Cuộc sống thường nhật
ồ thật sao nghe thật tuyệt vời	Ồ THẬT NGHE TUYỆT VỜI	Mối quan hệ
tôi muốn thoát khỏi cuộc sống thành phố lớn	TÔI THOÁT KHỎI CUỘC SỐNG THÀNH PHỐ LỚN MUỐN	Mối quan hệ
tôi sinh ra ở hải phòng tôi chuyển đến hà nội sau khi tôi tốt nghiệp đại học	TÔI SINH RA HẢI PHÒNG TÔI HÀ NỘI CHUYỂN ĐẾN KHI ĐẠI HỌC TỐT NGHIỆP	Mối quan hệ
tôi hy vọng bà không mời người ăn chay	TÔI HI VỌNG BÀ NGƯỜI ĂN CHAY MỜI KHÔNG	Cuộc sống thường nhật
quả bí ngô này nặng tới hơn mười kilôgam	QUẢ BÍ NGÔ NÀY NẶNG 10KG HƠN	Cuộc sống thường nhật
mấy giờ thì chuyến xe buýt tiếp theo khởi hành	CHUYẾN XE BUÝT TIẾP THEO KHỞI HÀNH GIỜ MẤY	Du lịch
bạn có nhiều quần áo cần giặt không	BẠN QUẦN ÁO GIẶT NHIỀU KHÔNG	Cuộc sống thường nhật
hey rachael có chuyện gì vậy	CHUYỆN GÌ	Mối quan hệ
món bánh đa cua là đặc sản nổi tiếng của hải phòng	MÓN BÁNH ĐA CUA LÀ ĐẶC SẢN NỔI TIẾNG HẢI PHÒNG	Du lịch
xin lỗi bạn phải mua vé tại quầy tiếp theo	BẠN VÉ MUA PHẢI TẠI KHU VỰC TIẾP THEO	Du lịch
bữa sáng được phục vụ ở đây	ĐÂY PHỤC VỤ BỮA SÁNG CÓ KHÔNG	Du lịch
hệ thống ống nước có ổn không	HỆ THỐNG ỐNG NƯỚC CÓ ỔN KHÔNG	Cuộc sống thường nhật
để tôi xem cái túi này bạn có thể mở nó không	TÔI CÁI TÚI XEM BẠN MỞ CÓ KHÔNG	Du lịch
tôi rất quý mến các bạn trong lớp học của mình	Ở LỚP TÔI RẤT QUÝ MẾN CÁC BẠN	Mối quan hệ
này nick bạn đang làm gì vậy	CẬU LÀM GÌ ĐANG ĐẤY	Mối quan hệ
vậy bạn đã bao giờ đến trưng bày tem của thị trấn chưa	BẠN TRIỂN LÃM TEM CỦA THÀNH PHỐ ĐẾN CHƯA	Mối quan hệ
món canh hôm nay mẹ nấu cảm thấy không ngon	HÔM NAY MÓN CANH MẸ NẤU NGON KHÔNG	Cuộc sống thường nhật
vấn đề giao thông sẽ sớm được nới lỏng	KẸT XE SẮP HẾT CHẮC	Cuộc sống thường nhật
thật sao thật tuyệt vời bạn hy vọng sẽ tham gia một công ty sau khi tốt nghiệp	THẬT À TUYỆT QUÁ BẠN CÔNG TY NÀO TỐT NGHIỆP SAU XIN ĐỊNH	Cuộc sống học đường
tôi muốn mời bạn đến ăn tối tối nay bạn có nghĩ rằng có thời gian	TÔI MỜI BẠN ĂN TỐI NAY BẠN RẢNH KHÔNG	Mối quan hệ
sữa ngon tuyệt	SỮA NGON TUYỆT	Cuộc sống thường nhật
bạn sẽ ở đây chiều nay	CHIỀU NAY BẠN Ở ĐÂY	Cuộc sống thường nhật
được rồi giờ thì cho bột mì vào bát	RỒI BÂY GIỜ BÁT BỘT MÌ CHO VÀO	Cuộc sống thường nhật
điểm mạnh và điểm yếu của anh là gì	ĐIỂM MẠNH ĐIỂM YẾU CỦA ANH GÌ	Công việc
mẹ đang dán lại những trang sách bị rách cho em bé	MẸ TRANG SÁCH DÁN LẠI CHO EM BÉ	Cuộc sống thường nhật
hôm nay giá cổ phiếu giảm xuống đột ngột	HÔM NAY GIÁ CỔ PHIẾU ĐỘT NGỘT GIẢM XUỐNG MỨC RẤT THẤP	Tài chính
cám ơn rất nhiều tôi sẽ đến đúng giờ	CẢM ƠN NHIỀU NHÉ TÔI ĐẾN ĐÚNG GIỜ	Công việc
chú chó luôn trung thành đợi chủ ở trước cửa nhà	CHÚ CHÓ CHỦ ĐỢI LUÔN LUÔN TRƯỚC CỬA NHÀ	Mối quan hệ
tất nhiên tôi đã làm đây là hóa đơn	TÔI LÀM RỒI ĐÂY HÓA ĐƠN	Cuộc sống thường nhật
lxe máy giúp chúng ta có thể đi lại dễ dàng	CHÚNG TA XE MÁY GIÚP ĐI DỄ DÀNG	Văn hóa và Giáo dục
bản sao	BẢN SAO	Mối quan hệ
hy vọng bạn cảm thấy tốt hơn	HY VỌNG BẠN CẢM THẤY TỐT HƠN	Mối quan hệ
ai đó mà bạn không nói với tôi không	BẠN TÔI NÓI KHÔNG AI ĐÓ CÓ KHÔNG	Thái độ và Cảm xúc
tại sao chúng ta không đi ra ngoài và ngắm nhìn khu vườn	CHÚNG TA KHU VƯỜN ĐI RA NGẮM NHÌN KHÔNG TẠI SAO	Du lịch
gia đình tôi có 3 người	GIA ĐÌNH CỦA TÔI NGƯỜI 3	Cuộc sống thường nhật
tôi đang bị xóa sổ cảm ơn bạn	TÔI ỐM CẢM ƠN BẠN	Thái độ và Cảm xúc
chinh phục những ngọn núi cao là niềm đam mê của nhiều người	NHIỀU NGƯỜI CHINH PHỤC NHỮNG NGỌN NÚI CAO RẤT THÍCH	Du lịch
hành động của anh ta ở bữa tiệc thật là vô duyên	ANH TA HÀNH ĐỘNG Ở BỮA TIỆC VÔ DUYÊN	Thái độ và Cảm xúc
tôi nghĩ chúng ta nên gặp bạn sớm	TÔI NGHĨ CHÚNG TA BẠN GẶP NÊN SỚM	Du lịch
tôi có thể hỏi một số câu hỏi liên quan đến các lợi ích xã hội	TÔI VÀI CÂU QUYỀN LỢI XÃ HỘI HỎI CÓ THỂ KHÔNG	Công việc
tôi có thể giúp bạn không	TÔI GIÚP BẠN ĐƯỢC KHÔNG	Công việc
bạn có nghe ai thắng cử không	BẠN AI TRÚNG CỬ NGHE CÓ	Chính trị
ông có thể dành nhiều thời gian hơn với cháu của mình	ÔNG CÓ THỜI GIAN THÊM CHƠI CHÁU	Mối quan hệ
không tôi thích cá	TÔI CÁ ĂN THÍCH HƠN KHÔNG	Cuộc sống thường nhật
không cần phải nói	NÓI KHÔNG CẦN	Cuộc sống thường nhật
bây giờ là phần tay	BÂY GIỜ TAY	Cuộc sống thường nhật
ok bạn có thể thử hoành thánh bắc kinh sau đó	BẠN MÓN HOÀNH THÁNH BẮC KINH THỬ	Cuộc sống thường nhật
anh nên nghỉ ngơi đi	ANH NGHỈ NGƠI ĐI	Mối quan hệ
đội nào thắng	ĐỘI NÀO THẮNG	Mối quan hệ
đó là một buổi sáng rất lạnh	ĐÓ BUỔI SÁNG LẠNH	Cuộc sống thường nhật
đó là beethoven bạn có thích nó không	ĐÓ BẢN NHẠC BEETHOVEN ĐẤY BẠN THÍCH KHÔNG	Mối quan hệ
có chúng tôi có một máy pha cà phê và một số đồ uống khác trong phòng nghỉ	PHÒNG NGHỈ MÁY PHA CÀ PHÊ ĐỒ UỐNG VÀI LOẠI CÓ	Công việc
anh ấy luôn phấn đấu không ngừng để đạt được mục tiêu	ANH ẤY PHẤN ĐẤU KHÔNG NGỪNG ĐỂ MỤC TIÊU ĐẠT ĐƯỢC	Thái độ và Cảm xúc
bạn sẽ sớm đến đây thôi chúng ta phải chia bánh với cô ấy	BẠN ĐẾN ĐÂY SỚM CHÚNG TA CÔ ẤY BÁNH CHIA SẺ	Mối quan hệ
không cảm ơn tôi không có thời gian bao nhiêu	KHÔNG THỜI GIAN KHÔNG CÓ TIỀN BAO NHIÊU	Cuộc sống thường nhật
vâng gấu bông là của tôi	GẤU BÔNG CỦA TÔI	Cuộc sống thường nhật
có lẽ bạn nói đúng nhưng tôi vẫn cần một chút thời gian để hồi phục sau thất bại	CÓ THỂ BẠN NÓI ĐÚNG NHƯNG TÔI CẦN THỜI GIAN VƯỢT QUA THẤT BẠI NÀY	Mối quan hệ
vâng làm ơn bạn có vui lòng mở vali lớn này không	GIÚP TÔI VALI LỚN MỞ NHÉ	Du lịch
bạn ấy luôn đứng đầu lớp về thành tích học tập xuất sắc	BẠN ẤY THÀNH TÍCH KẾT QUẢ HỌC TẬP ĐỨNG ĐẦU SUẤT SẮC	Cuộc sống học đường
vâng đó là tôi và bạn là julie ashley bạn khỏe không	BẠN KHỎE KHÔNG	Mối quan hệ
bạn có mua sắm trực tuyến nhiều không	BẠN TRỰC TUYẾN ĐI MUA ĐỒ NHIỀU CÓ KHÔNG	Mối quan hệ
khối lượng công việc hôm nay của tôi quá nhiều	HÔM NAY TÔI KHỐI LƯỢNG CÔNG VIỆC NHIỀU	Công việc
tôi thích cả hai tôi có thể xem một số mẫu không	TÔI CẢ HAI THÍCH TÔI MẪU XEM CÓ THỂ	Tài chính
à tôi hiểu rồi tôi nghe nói bạn đã kết hôn chúc mừng nhé	À TÔI HIỂU RỒI TÔI NGHE BẠN KẾT HÔN CHÚC MỪNG	Mối quan hệ
ok bạn sẽ ở lại bao lâu	OK BẠN Ở LẠI BAO LÂU	Du lịch
thật đáng tiếc	ĐÁNG TIẾC	Thái độ và Cảm xúc
cái gì quá nhiều	CÁI GÌ NHIỀU	Mối quan hệ
bạn có thể cho tôi biết một cái gì đó về công việc trước đây của bạn	CÔNG VIỆC TRƯỚC CỦA BẠN CHO BIẾT TÔI ĐIỀU GÌ	Công việc
tôi thực sự cảm thấy rằng dịch vụ đặc biệt tốt	DỊCH VỤ ĐÂY TỐT THẬT SỰ TÔI THẤY	Mối quan hệ
thời tiết hôm nay chắc chắn là tốt đẹp	HÔM NAY THỜI TIẾT TỐT ĐẸP CHẮC CHẮN	Mối quan hệ
vâng tôi biết vấn đề là tôi không thể tìm thấy nó bạn đã đặt nó ở đâu	TÔI BIẾT VẤN ĐỀ NÓ TÌM THẤY KHÔNG THỂ BẠN ĐẶT Ở ĐÂU	Du lịch
em đã để quên quyển sách toán ở trên lớp học rồi	EM SÁCH TOÁN QUÊN Ở LỚP RỒI	Cuộc sống học đường
xin chào bạn có nhớ tôi không tôi đã mua một số bình hoa từ bạn ngày hôm qua	CHÀO BẠN TÔI NHỚ CÓ TÔI BÌNH HOA CỦA BẠN MUA HÔM QUA	Cuộc sống thường nhật
chính phủ đã đưa ra nhiều biện pháp hỗ trợ	CHÍNH PHỦ BIỆN PHÁP GIẢI PHÁP HỖ TRỢ ĐƯA RA NHIỀU	Chính trị
tôi đã gặp một cơn ác mộng khủng khiếp vào đêm hôm qua	ĐÊM HÔM QUA TÔI GẶP ÁC MỘNG KHỦNG KHIẾP	Sức khỏe
bạn có thể chọn trà hoặc cà phê cho bữa sáng nhé	BỮA SÁNG NAY TRÀ HOẶC CÀ PHÊ CÓ BẠN CHỌN GÌ	Cuộc sống thường nhật
phải nhưng để sức khỏe nghỉ ngơi này đã đủ lâu	NGHỈ NGƠI ĐỦ RỒI	Thái độ và Cảm xúc
nhưng cảnh sát cũng giúp đỡ chúng ta rất nhiều	NHƯNG CẢNH SÁT GIÚP CHÚNG TA NHIỀU	Chính trị
còn từ đây về nhà thì sao	TỪ ĐÂY VỀ NHÀ THẾ NÀO	Cuộc sống thường nhật
là vâng tôi có thể thử mẫu miễn phí không	TÔI MẪU MIỄN PHÍ THỬ ĐƯỢC KHÔNG	Công việc
quốc tử giám là trường đại học đầu tiên của việt nam	QUỐC TỬ GIÁM TRƯỜNG ĐẠI HỌC VIỆT NAM ĐẦU TIÊN	Văn hóa và Giáo dục
nó dễ dàng hơn cho tôi để đi làm vào buổi chiều	NÓ DỄ DÀNG CHO TÔI ĐI LÀM BUỔI CHIỀU	Cuộc sống thường nhật
1 tuần có mấy ngày	1 TUẦN NGÀY MẤY	Cuộc sống thường nhật
nước việt nam có hình chữ s rất đặc trưng	NƯỚC VIỆT NAM HÌNH CHỮ S ĐẶC ĐIỂM CÓ	Văn hóa và Giáo dục
con gái của họ có hòa thuận với bố mẹ chồng không	CON GÁI CỦA HỌ GIA ĐÌNH CHỒNG HÒA THUẬN CÓ	Mối quan hệ
chữ â là một nguyên âm trong bảng chữ cái tiếng việt	BẢNG CHỮ CÁI TIẾNG VIỆT CHỮ Â LÀ NGUYÊN ÂM	Văn hóa và Giáo dục
cảm ơn bạn đã nói như vậy	BẠN NÓI RỒI CẢM ƠN	Thái độ và Cảm xúc
trông bạn có vẻ rất hào hứng về điều gì đó	BẠN TRÔNG HÀO HỨNG GÌ	Cuộc sống thường nhật
cảm ơn nhân tiện nói với vợ bạn rằng cô ấy tổ chức một bữa tiệc tuyệt vời	VỢ CỦA BẠN LỜI KHEN GỬI BỮA TIỆC TỔ CHỨC TUYỆT	Mối quan hệ
mẹ mua loại xà phòng giặt mới có hương thơm dịu nhẹ	MẸ XÀ PHÒNG MỚI HƯƠNG THƠM DỊU NHẸ MUA	Cuộc sống thường nhật
bạn vừa trở lại ngày hôm qua bạn nên nghỉ ngơi nhiều hơn nữa	BẠN TRỞ LẠI NGÀY HÔM QUA BẠN NGHỈ NGƠI NHIỀU HƠN NÊN	Công việc
cơn mưa rào mùa hạ thường kèm theo cả sấm sét rất lớn	MÙA HÈ CƠN MƯA RÀO SẤM SÉT LỚN CÓ	Cuộc sống thường nhật
bạn biết tôi vừa chải tóc thế nào không	BẠN BIẾT TÔI CHẢI TÓC THẾ NÀO	Mối quan hệ
mục đích chuyến thăm của bạn là gì	CHUYẾN THĂM CỦA BẠN MỤC ĐÍCH LÀ GÌ	Du lịch
bạn ơi bạn có kế hoạch gì cho chiều thứ bảy không	BẠN ƠI THỨ BẢY CHIỀU BẠN KẾ HOẠCH GÌ	Mối quan hệ
tôi học bài chăm chỉ để có kết quả thi thật tốt	TÔI HỌC BÀI CHĂM CHỈ ĐỂ THI KẾT QUẢ TỐT	Cuộc sống học đường
khi nào là sinh nhật của bạn	BẠN SINH NHẬT KHI NÀO	Mối quan hệ
bạn muốn cắt tóc kiểu gì	BẠN CẮT TÓC KIỂU MUỐN GÌ	Cuộc sống thường nhật
ông bà đã trải qua nhiều năm tháng gian khổ	ÔNG BÀ NĂM THÁNG GIAN KHỔ TRẢI QUA CHỊU ĐỰNG CHỨNG KIẾN NHIỀU	Thái độ và Cảm xúc
tôi đã có hai vé cho một bộ phim mới được phát hành bạn có muốn xem nó với tôi	TÔI VÉ HAI CỦA BỘ PHIM MỚI CÓ BẠN XEM VỚI TÔI MUỐN	Mối quan hệ
chắc chắn không có vấn đề gì chúng ta có thể sửa thời gian để nói chuyện sau không	CHẮC CHẮN KHÔNG SAO CHÚNG TA THỜI GIAN NÓI CHUYỆN SAU THAY ĐỔI	Công việc
đang nói	TÔI NGHE BÂY GIỜ	Cuộc sống thường nhật
bệnh nhân được đưa vào khu vực cách ly để theo dõi thêm	BỆNH NHÂN KHU CÁCH LY ĐƯA VÀO THEO DÕI THÊM	Sức khỏe
vâng bạn jones	TÔI JONES	Cuộc sống học đường
ồ xin lỗi tôi không để ý	TÔI Ý ĐỂ KHÔNG XIN LỖI	Mối quan hệ
bạn lại đây ngay	BẠN LẠI ĐÂY NGAY	Cuộc sống thường nhật
chúng ta nên xem anh ta có ổn không	CHÚNG TA XEM ANH ẤY ỔN CÓ KHÔNG	Sức khỏe
loại yêu thích của bạn là gì	BẠN LOẠI NÀO THÍCH NHẤT	Cuộc sống thường nhật
tôi muốn mua ít thịt	TÔI MUA THỊT MỘT ÍT MUỐN	Cuộc sống thường nhật
ông ngoại bạn khỏe không	ÔNG NGOẠI CỦA BẠN KHỎE KHÔNG	Sức khỏe
hai bên cần đối thoại thẳng thắn để giải quyết mâu thuẫn	HAI BÊN NÓI CHUYỆN RÕ RÀNG MÂU THUẪN GIẢI QUYẾT	Mối quan hệ
mẹ tôi bị đau tay do làm việc nhà quá nhiều	MẸ TÔI TAY ĐAU DO LÀM VIỆC NHIỀU Ở NHÀ	Sức khỏe
bạn không uống cà phê mỗi khi bạn làm việc được không 	BẠN CÀ PHÊ UỐNG KHÔNG KHI BẠN LÀM VIỆC ĐƯỢC KHÔNG	Thái độ và Cảm xúc
đưa tôi đến địa chỉ này làm ơn	TÔI ĐỊA CHỈ NÀY CHỞ ĐẾN	Cuộc sống thường nhật
 chỉ tay  cái này đây	CÁI NÀY ĐÂY	Sức khỏe
được rồi về nhà thôi	ĐƯỢC RỒI VỀ NHÀ THÔI	Cuộc sống thường nhật
tôi có thể hỏi bạn điều này không	TÔI BẠN HỎI CÓ KHÔNG	Mối quan hệ
không chỉ hôm nay đi tập thể dục hàng ngày	KHÔNG HẰNG NGÀY ĐI TẬP THỂ DỤC	Cuộc sống thường nhật
dưới đại dương có vô vàn loài sinh vật kỳ thú đa dạng	DƯỚI BIỂN ĐỘNG VẬT KÌ LẠ CÓ NHIỀU	Văn hóa và Giáo dục
tôi cần thêm thời gian để suy nghĩ về lời đề nghị	TÔI SUY NGHĨ LỜI ĐỀ NGHỊ THỜI GIAN CẦN THÊM	Công việc
cậu bé nói ngập ngừng khi thú nhận lỗi lầm của mình	CẬU BÉ NÓI NGẬP NGỪNG DO DỰ KHI CẬU BÉ LỖI LẦM LỖI SAI THÚ NHẬN NÓI RA	Thái độ và Cảm xúc
không vấn đề gì tôi có thể xem giấy tờ tùy thân của bạn không	KHÔNG SAO GIẤY TỜ TÙY THÂN CHO TÔI XEM	Tài chính
 xin lỗi đường dây của cô ấy đang bận tôi có thể nhận tin nhắn không	XIN LỖI CÔ ẤY ĐIỆN THOẠI BẬN TIN NHẮN TÔI NHẬN CÓ KHÔNG	Cuộc sống học đường
vào ngày tết hàn thực nhà tôi thường làm bánh trôi bánh chay	NGÀY TẾT HÀN THỰC NHÀ TÔI BÁNH TRÔI BÁNH CHAY LÀM	Văn hóa và Giáo dục
xin chào đây là thanh tôi muốn nói chuyện với ông tú	XIN CHÀO TÔI THANH ÔNG TÚ TÔI NÓI CHUYỆN MUỐN ĐƯỢC KHÔNG	Cuộc sống thường nhật
tôi nhận ra nó vẫn còn ướt	TÔI NÓ NHẬN RA ƯỚT VẪN CÒN	Cuộc sống thường nhật
và hoa đang nở rộ	HOA NỞ RỘ	Mối quan hệ
tôi có một bất ngờ đặc biệt cho bạn	TÔI BẤT NGỜ ĐẶC BIỆT CHO BẠN	Cuộc sống thường nhật
chúng tôi sẽ nhận được tiền lương vào những ngày cuối tháng	CHÚNG TÔI TIỀN LƯƠNG NHẬN VÀO NHỮNG NGÀY CUỐI THÁNG	Tài chính
không có gì là sự hài lòng của bạn	BẠN HÀI LÒNG KHÔNG CÓ	Thái độ và Cảm xúc
du khách rất thích chụp ảnh trên cầu thê húc màu son	DU KHÁCH CẦU THÊ HÚC CHỤP ẢNH THÍCH	Du lịch
không vấn đề gì tôi sẽ làm điều đó cho bạn	KHÔNG SAO TÔI LÀM CHO BẠN	Cuộc sống thường nhật
vâng chúng tôi có tranh phong cảnh tranh vẽ và tranh hoa và chim	CHÚNG TÔI TRANH PHONG CẢNH VẼ HOA VÀ CHIM	Cuộc sống thường nhật
vâng để cho bạn biết sự thật có	CHO BẠN BIẾT SỰ THẬT CÓ	Cuộc sống thường nhật
ông ấy có tư tưởng bảo thủ và không thích sự thay đổi	ÔNG ẤY SUY NGHĨ CŨ CÓ THAY ĐỔI THÍCH KHÔNG	Thái độ và Cảm xúc
tôi hiểu rồi khi nào tôi nên để cô ấy gọi lại cho bạn	TÔI HIỂU RỒI KHI NÀO CÔ ẤY GỌI LẠI TÔI BẢO BẠN	Cuộc sống học đường
thông tin của người gửi được ghi rõ ràng trên góc trái phong bì	NGƯỜI GỬI THÔNG TIN GHI RÕ TRÊN GÓC TRÁI PHONG BÌ	Công việc
đây là tất cả các phương tiện	ĐÂY TẤT CẢ PHƯƠNG TIỆN	Cuộc sống thường nhật
tôi thích đi tàu hơn nhưng tôi cho rằng anh muốn tôi đi xe hơi	TÔI ĐI TÀU THÍCH NHƯNG ANH MUỐN TÔI XE HƠI ĐI	Du lịch
trẻ em háo hức đi rước đèn trong đêm hội trăng rằm	ĐÊM HỘI TRĂNG RẰM TRẺ EM ĐI RƯỚC ĐÈN RẤT VUI VẺ	Văn hóa và Giáo dục
làm thế nào để đăng ký	LÀM SAO ĐĂNG KÝ	Cuộc sống học đường
sao bạn không ăn gì khác	BẠN ĂN KHÁC KHÔNG TẠI SAO	Cuộc sống thường nhật
mùa thu hà nội thơm ngát hương cốm làng vòng	MÙA THU HÀ NỘI HƯƠNG CỐM LÀNG VÒNG THƠM NGÁT CÓ	Văn hóa và Giáo dục
tôi sẵn sàng đợi cho đến khi bạn đã đi đến một quyết định	TÔI BẠN QUYẾT ĐỊNH XONG ĐẾN KHI ĐỢI SẴN SÀNG	Công việc
bảo tàng trưng bày nhiều tác phẩm nghệ thuật có giá trị cao	BẢO TÀNG TÁC PHẨM NGHỆ THUẬT GIÁ TRỊ NHIỀU TRƯNG BÀY	Văn hóa và Giáo dục
bạn hãy tóm tắt lại nội dung chính của bài học hôm nay	BẠN NỘI DUNG CHÍNH CỦA BÀI HỌC HÔM NAY TÓM TẮT LẠI	Cuộc sống học đường
áo của bạn có mấy màu	ÁO CỦA BẠN MÀU MẤY	Cuộc sống thường nhật
ngoài khung cửa sổ là cả một bầu trời đầy sao lấp lánh	NGOÀI CỬA SỔ LÀ BẦU TRỜI SAO LẤP LÁNH	Cuộc sống thường nhật
công ty cần tuyển một số lớn nhân viên cho dự án mới	CÔNG TY NHÂN VIÊN MỚI NHIỀU TUYỂN CẦN CHO DỰ ÁN MỚI	Công việc
bà ngoại vừa hái một quả mít rất to ngoài vườn	BÀ NGOẠI NGOÀI VƯỜN QUẢ MÍT TO HÁI	Cuộc sống thường nhật
bạn trồng những thứ gì trong vườn của bạn	BẠN VƯỜN NHÀ TRỒNG GÌ	Mối quan hệ
bạn muốn xem gì đầu tiên	BẠN ĐẦU TIÊN XEM GÌ	Du lịch
cô có muốn đi với tôi không tôi sợ bệnh viện	BẠN VỚI TÔI ĐI KHÔNG TÔI BỆNH VIỆN SỢ	Mối quan hệ
bạn có muốn nó luộc nướng hoặc chiên 	BẠN MUỐN NÓ LUỘC NƯỚNG HOẶC CHIÊN	Cuộc sống thường nhật
bạn bè và gia đình anh sẽ đến đây tối nay và chúng ta vẫn cần nhiều thứ	BẠN BÈ GIA ĐÌNH CỦA BẠN SẼ ĐẾN TỐI NAY CHÚNG TA NHIỀU THỨ CẦN VẪN	Cuộc sống thường nhật
những người lính đang ngày đêm canh giữ đảo trường sa thân yêu	NHỮNG NGƯỜI LÍNH NGÀY ĐÊM CANH GIỮ ĐẢO TRƯỜNG SA THÂN YÊU	Chính trị
bạn có thích công việc của bạn	BẠN THÍCH CÔNG VIỆC MÌNH KHÔNG	Công việc
cô gái ngại ngùng liếc nhìn chàng trai ngồi đối diện	CÔ GÁI LIẾC NHÌN CHÀNG TRAI NGỒI ĐỐI DIỆN NGẠI NGÙNG	Mối quan hệ
bạn hỏi tôi có muốn làm nhân viên bán báo không	BẠN HỎI TÔI LÀM NHÂN VIÊN BÁO BÁN MUỐN KHÔNG	Cuộc sống thường nhật
vết mèo cào cần được sát trùng cẩn thận để tránh nhiễm trùng	VẾT MÈO CÀO SÁT TRÙNG CẦN ĐƯỢC CẨN THẬN ĐỂ NHIỄM TRÙNG TRÁNH	Sức khỏe
bao nhiêu là nhãn dán hàng tháng	MỖI THÁNG BAO NHIÊU NHÃN DÁN	Cuộc sống thường nhật
cho tôi xin 200 đô  la được không	TÔI ĐỔI 200 000 Đ CHO ĐƯỢC KHÔNG	Cuộc sống thường nhật
xin chào bạn đó là một chiếc váy đẹp mà bạn có bạn đang đi đâu vậy	ĐÓ MỘT CHIẾC VÁY ĐẸP BẠN CÓ BẠN ĐI ĐÂU	Mối quan hệ
tôi sẽ cố gắng hết sức để chậm lại	TÔI CỐ GẮNG CHẬM LẠI	Công việc
tên của bạn là một danh từ riêng nên cần viết hoa	TÊN BẠN LÀ DANH TỪ RIÊNG VIẾT HOA CẦN	Văn hóa và Giáo dục
thợ sửa chữa tôi có thể vào không	TÔI THỢ SỬA CHỮA TÔI VÀO ĐƯỢC KHÔNG	Du lịch
cả hai người cần cùng nhau vun đắp cho tình yêu này	CẢ HAI NGƯỜI TÌNH YÊU NÀY VUN ĐẮP CẦN	Mối quan hệ
vâng vâng chúng tôi làm ngay tại đây	CHÚNG TÔI LÀM TẠI ĐÂY	Tài chính
bát phở bò nóng hổi là món ăn sáng ưa thích của tôi	TÔI BÁT PHỞ BÒ NÓNG MÓN ĂN SÁNG ƯA THÍCH	Cuộc sống thường nhật
con thật sự không biết phải cảm ơn mẹ thế nào	MẸ THẾ NÀO CON CẢM ƠN KHÔNG BIẾT	Mối quan hệ
tỉnh an giang nổi tiếng với nhiều địa điểm du lịch tâm linh	AN GIANG TỈNH ĐỊA ĐIỂM DU LỊCH TÂM LINH CHÙA NỔI TIẾNG NHIỀU	Du lịch
anh họ của tôi đang làm việc tại một công ty lớn	ANH HỌ TÔI LÀM VIỆC TẠI CÔNG TY LỚN 1	Mối quan hệ
anh nhân viên bồi bàn đang nhanh nhẹn phục vụ khách hàng	ANH NHÂN VIÊN KHÁCH HÀNG PHỤC VỤ NHANH NHẸN	Công việc
chúng tôi thích khám phá những vùng đất mới và hoang sơ	CHÚNG TÔI NHỮNG VÙNG ĐẤT MỚI VÀ HOANG SƠ KHÁM PHÁ TÌM HIỂU THÍCH	Du lịch
bạn thường sắp xếp thời gian như thế nào sau khi nghỉ hưu	KHI NGHỈ HƯU BẠN THỜI GIAN SẮP XẾP NHƯ THẾ NÀO	Mối quan hệ
hôm nay là một ngày đẹp trời	HÔM NAY MỘT NGÀY TRỜI ĐẸP	Cuộc sống thường nhật
họ quyết định huỷ chuyến bay vì thời tiết rất xấu	HỌ CHUYẾN BAY QUYẾT ĐỊNH HUỶ VÌ THỚI TIẾT XẤU	Du lịch
người nông dân đang vác trên vai một bao lúa nặng	NGƯỜI NÔNG DÂN BAO LÚA NẶNG VÁC	Cuộc sống thường nhật
chúng tôi được chia thành từng nhóm để thảo luận về bài tập	CHÚNG TÔI NHÓM CHIA ĐƯỢC ĐỂ BÀI TẬP THẢO LUẬN	Cuộc sống học đường
sao không để tuần sau nhỉ	TUẦN SAU KHÔNG TẠI SAO	Cuộc sống thường nhật
haha hẹn gặp lại	HẸN GẶP LẠI	Mối quan hệ
bên trên trần nhà có một chiếc quạt trần đang quay	TRÊN TRẦN NHÀ QUẠT TRẦN 1 QUAY CÓ	Cuộc sống thường nhật
chạy bộ	CHẠY BỘ ĐI À	Cuộc sống thường nhật
tôi không quan tâm đến việc thử lại nhà hàng này	NHÀ HÀNG NÀY THỬ LẠI MUỐN KHÔNG	Mối quan hệ
đó là tốt chúc một ngày tốt lành	TỐT LẮM MỘT NGÀY VUI VẺ CHÚC NHÉ	Du lịch
chúng ta ở đây	CHÚNG TA Ở ĐÂY	Cuộc sống thường nhật
chợ bến thành là một địa điểm không thể bỏ qua khi đến sài gòn	KHI ĐẾN SÀI GÒN CHỢ BẾN THÀNH ĐỊA ĐIỂM BỎ QUA KHÔNG THỂ	Du lịch
chúng ta cần một muỗng cà phê muối	CHÚNG TA THÌA CÀ PHÊ MUỐI MỘT	Cuộc sống thường nhật
las vegas ở đâu	LAS VEGAS Ở ĐÂU	Cuộc sống học đường
nghe có vẻ thú vị làm thế nào tôi có thể nhận được dịch vụ này	THÚ VỊ QUÁ TÔI NHẬN DỊCH VỤ LÀM THẾ NÀO	Tài chính
bạn thật tốt bụng khi kể cho tôi những điều đó	CÔ TỐT KHI KỂ CHO TÔI	Công việc
cảm ơn nhưng tôi vừa ăn xong một ít anh đào phủ sô cô la	CẢM ƠN NHƯNG TÔI QUẢ ANH ĐÀO SOCOLA PHỦ LÊN ĂN XONG	Du lịch
những quả bong bóng xà phòng bay lơ lửng trong không khí	NHỮNG BONG BÓNG XÀ PHÒNG LƠ LỬNG BAY TRONG KHÔNG KHÍ	Cuộc sống thường nhật
du khách rất thích thú khi được cưỡi con voi ở bản đôn	KHI CƯỠI VOI BẢN ĐÔN DU KHÁCH THÍCH THÚ	Du lịch
gặp nhau ở đâu	MÌNH GẶP ĐÂU	Mối quan hệ
bao nhiêu cho những bản ghi bạn có chữ ký	BẢN CHỮ KÝ BẠN CÓ GIÁ BAO NHIÊU	Cuộc sống thường nhật
chiếc cầu vượt mới giúp giảm ùn tắc giao thông đáng kể	CHIẾC CẦU VƯỢT MỚI GIÚP TẮC ĐƯỜNG GIẢM NHIỀU	Cuộc sống thường nhật
tôi đã nghe nói về tầng ozone nhưng bạn có thể giải thích chính xác nó là gì không	TÔI NGHE NÓI OZONE NHƯNG BẠN GIẢI THÍCH CHÍNH XÁC NÓ GÌ	Mối quan hệ
vâng có dải dính ở mặt sau bạn có thể dán chúng ở bất cứ đâu	DẢI DÍNH Ở MẶT SAU BẠN DÁN CHÚNG Ở BẤT CỨ ĐÂU	Mối quan hệ
cô ấy có khuôn mặt dài và mái tóc đen óng ả	CÔ ẤY KHUÔN MẶT DÀI VÀ MÁI TÓC ĐEN MƯỢT CÓ	Cuộc sống thường nhật
bạn đang làm việc ở đâu	BẠN LÀM VIỆC ĐÂU	Công việc
mọi việc diễn ra rất thuận lợi theo đúng kế hoạch đã đề ra	MỌI VIỆC THUẬN LỢI DIỄN RA KẾ HOẠCH ĐỀ RA ĐÚNG	Công việc
tốt tốt thôi còn bạn	TỐT CÒN BẠN	Mối quan hệ
làm thế nào để bạn làm bạn chào mừng	CHÀO MỪNG BẠN LÀM THẾ NÀO	Mối quan hệ
lãi suất hiện tại là bao nhiêu	LÃI SUẤT HIỆN TẠI BAO NHIÊU	Tài chính
tôi thích mùa đông nhưng đôi khi trời rất lạnh	TÔI MÙA ĐÔNG THÍCH NHƯNG TRỜI RẤT LẠNH	Mối quan hệ
chiếc vòng tay được làm từ những hạt cườm nhiều màu sắc	CHIẾC VÒNG TAY NHỮNG HẠT CƯỜM MÀU SẮC NHIỀU LÀM ĐƯỢC	Văn hóa và Giáo dục
tôi sẽ đi mua sắm	TÔI MUA SẮM ĐI	Mối quan hệ
truyền thuyết lạc long quân và âu cơ giải thích nguồn gốc dân tộc	LẠC LONG QUÂN ÂU CƠ TRUYỀN THUYẾT GIẢI THÍCH NGUỐN GỐC DÂN TỘC	Văn hóa và Giáo dục
anh ấy luôn chào đàng hoàng và lịch sự với tất cả mọi người	ANH ẤY TẤT CẢ MỌI NGƯỜI CHÀO ĐÀNG HOÀNG LỊCH SỬ	Thái độ và Cảm xúc
vâng tôi muốn mua một chiếc tv màu	TÔI TV MÀU MUA MUỐN	Cuộc sống thường nhật
chữ c là chữ cái thứ ba trong bảng chữ cái tiếng việt	TRONG BẢNG CHỮ CÁI TIẾNG VIỆT CHỮ C ĐỨNG VỊ TRÍ THỨ 3	Văn hóa và Giáo dục
đồ đạc trong phòng bị vứt lung tung rất bừa bộn	TRONG PHÒNG ĐỒ ĐẠC VỨT LUNG TUNG BỪA BỘN	Cuộc sống thường nhật
chúng ta đi kiếm gì uống được không	MÌNH ĐI UỐNG GÌ ĐÓ NHÉ	Cuộc sống thường nhật
không cảm ơn tôi có thể để lại tin nhắn cho ông smith không	TÔI ANH ẤY LỜI NHẮN ĐỂ LẠI CÓ THỂ KHÔNG	Công việc
anh chị em trong nhà phải biết yêu thương và đùm bọc lẫn nhau	ANH CHỊ EM NHÀ YÊU THƯƠNG BẢO VỆ PHẢI	Mối quan hệ
trẻ nghe có thể nghe thấy tiếng còi và biết an toàn khi băng qua đường	TRẺ NGHE TIẾNG CÒI NGHE ĐƯỢC AN TOÀN BIẾT ĐƯỜNG BĂNG QUA	Sức khỏe
ồ em cũng thích xem đấm bốc trên tv tiếc là tối qua em bỏ lỡ mất	EM ĐẤM BỐC TV XEM THÍCH TỐI QUA EM BỎ LỠ TIẾC	Cuộc sống thường nhật
trời mưa rất nhiều	TRỜI MƯA RẤT NHIỀU	Cuộc sống thường nhật
tối qua trời mưa	HÔM QUA TỐI TRỜI MƯA	Cuộc sống thường nhật
bạn có biết anh ấy muốn cái nào không	BẠN BIẾT ANH ẤY CÁI NÀO MUỐN KHÔNG	Cuộc sống thường nhật
bạn được tự do bạn có thể đi ngay bây giờ	BẠN TỰ DO BẠN ĐI BÂY GIỜ	Cuộc sống thường nhật
tôi biết dũng đã hồi phục	TÔI BIẾT DŨNG ỐM KHỎI RỒI	Thái độ và Cảm xúc
đợi một chút để tôi mặc áo len	ĐỢI MỘT CHÚT ĐỂ TÔI ÁO LEN MẶC	Cuộc sống thường nhật
wow hôm nay bạn dậy sớm thế sáng nay ăn gì vậy	HÔM NAY BẠN DẬY SỚM QUÁ SÁNG NAY ĂN GÌ	Cuộc sống thường nhật
tôi đi học bằng xe buýt	TÔI ĐI HỌC XE BUÝT	Cuộc sống học đường
bài tập toán hôm nay yêu cầu vẽ một đường tròn hoàn hảo	HÔM NAY TOÁN BÀI TẬP YÊU CẦU VẼ ĐƯỜNG TRÒN HOÀN HẢO ĐẸP 1	Cuộc sống học đường
nhìn này rùa	NHÌN NÀY CON RÙA	Cuộc sống thường nhật
thời gian gần đây bạn có gặp vấn đề gì không	THỜI GIAN GẦN BẠN VẤN ĐỀ GẶP GÌ	Sức khỏe
từ nhà anh đến đây mất bao lâu	TỪ NHÀ CỦA BẠN ĐẾN ĐÂY THỜI GIAN BAO NHIÊU	Công việc
ngắm hoàng hôn trên biển là một trải nghiệm thật tuyệt vời	HOÀNG HÔN TRÊN BIỂN NGẮM TRẢI NGHIỆM TUYỆT VỜI	Du lịch
buôn bán ngà voi là một hành vi vi phạm pháp luật	NGÀ VOI BUÔN BÁN LÀ VI PHẠM PHÁP LUẬT	Chính trị
tôi đang ghi nó vào danh sách mua sắm	TÔI DANH SÁCH MUA SẮM VIẾT	Cuộc sống thường nhật
mất bao lâu	BAO LÂU XONG	Cuộc sống thường nhật
nhìn tất cả mọi người đang đến lớp kìa	TẤT CẢ LỚP ĐẾN NHÌN KÌA	Cuộc sống học đường
nghe có vẻ thú vị nhưng tôi không thể uống rượu với thứ thuốc tôi đang uống	NGHE HẤP DẪN ĐẤY NHƯNG TÔI UỐNG RƯỢU KHÔNG THỂ THUỐC DÙNG ĐANG VÌ	Mối quan hệ
tôi biết thức ăn thế nào	TÔI BIẾT THỨC ĂN THẾ NÀO	Mối quan hệ
xe đẩy em bé đâu rồi	XE ĐẨY EM BÉ Ở ĐÂU	Cuộc sống thường nhật
chắc chắn rồi chúng tôi sẽ mong chờ ngày đó	ĐÚNG CHÚNG TÔI NGÀY ĐÓ MONG	Mối quan hệ
còn kinh nghiệm của bạn thì sao	KINH NGHIỆM LÀM VIỆC CỦA BẠN THÌ SAO	Công việc
bạn nói đúng nếu tôi muốn sống một mình tôi phải độc lập	BẠN NÓI ĐÚNG NẾU TÔI SỐNG MỘT MÌNH TỰ LẬP	Cuộc sống thường nhật
bạn em nghĩ sao về bữa tối này	BẠN CỦA EM BỮA TỐI NGHĨ GÌ	Thái độ và Cảm xúc
ồ hồi đó chúng ta vui lắm phải không	Ồ TRƯỚC CHÚNG TA VUI PHẢI	Cuộc sống thường nhật
à chúng tôi có một số lựa chọn thay thế nếu bạn quan tâm	NẾU BẠN QUAN TÂM CHÚNG TÔI LỰA CHỌN THAY THẾ CÓ	Du lịch
bạn có muốn uống gì với thứ đó không	BẠN GÌ THỨ ĐÓ VỚI UỐNG MUỐN KHÔNG	Cuộc sống thường nhật
ông thường kể cho chúng tôi nghe những câu chuyện từ ngày xưa	ÔNG KỂ CHO CHÚNG TÔI NHỮNG CÂU CHUYỆN NGÀY XƯA	Văn hóa và Giáo dục
thật tốt bao lâu bạn thực sự cần chúng	RẤT TỐT BẠN CHÚNG CẦN BAO LÂU	Công việc
chúng tôi có thể liên hệ với bạn bằng cách nào	CHÚNG TÔI BẠN LIÊN LẠC NHƯ THẾ NÀO	Công việc
thuê sa thải đào tạo bảo hiểm phúc lợi kế hoạch hưu trí tiền lương kỳ nghỉ	THUÊ SA THẢI ĐÀO TẠO BẢO HIỂM ƯU TIÊN KẾ HOẠCH HƯU TRÍ TIỀN LƯƠNG KỲ NGHỈ	Công việc
ôi hẳn là đau lắm	ĐAU CHẮC CHẮN	Công việc
bạn có đi du thuyền không	BẠN DU THUYỀN ĐI CÓ KHÔNG	Du lịch
nhưng tôi nghe nói doanh thu phòng vé đã tăng lên 15 triệu trong tuần đầu tiên	TÔI NGHE NÓI DOANH THU PHÒNG VÉ TUẦN ĐẦU TĂNG 15 TRIỆU	Mối quan hệ
thời tiết thật kinh khủng	THỜI TIẾT KINH KHỦNG	Cuộc sống thường nhật
tôi đã xem tin tức sớm hơn một chút họ nói có lẽ ngày mai sẽ có tuyết	TÔI TIN TỨC XEM SỚM HƠN MỘT CHÚT HỌ NÓI TUYẾT NGÀY MAI CÓ	Mối quan hệ
tôi có cần visa không	TÔI XIN VISA CẦN KHÔNG	Du lịch
gia đình tôi dự định đi du lịch côlômbia vào mùa hè này	GIA ĐÌNH TÔI CÔ LÔM BI A DỰ ĐỊNH DU LỊCH MÙA HÈ NÀY	Du lịch
mẹ tôi thương cho vài nhánh tỏi để món ăn ngon hơn	MẸ TÔI VÀI NHÁNH TỎI CHO ĐỂ MÓN ĂN NGON HƠN	Cuộc sống thường nhật
được rồi anh kiếm được bao nhiêu từ công việc hiện tại nếu anh không phiền tôi hỏi	CÔNG VIỆC HIỆN TẠI TIỀN LƯƠNG BAO NHIÊU	Công việc
tôi nghĩ vậy một phút tôi cảm thấy khá tỉnh táo và tiếp theo tôi thấy rất mệt mỏi	TÔI CŨNG NGHĨ THẾ LÚC TÔI TỈNH TÁO LẮM CÓ RỒI LẠI MỆT NGAY SAU ĐÓ	Mối quan hệ
thầy giáo chủ nhiệm rất nghiêm khắc nhưng rất yêu thương học sinh	THẦY GIÁO CHỦ NHIỆM NGHIÊM KHẮC NHƯNG HỌC SINH VẪN YÊU THƯƠNG	Cuộc sống học đường
chào bạn có phải bạn không	CHÀO BẠN PHẢI KHÔNG	Cuộc sống thường nhật
xin lỗi làm sao tôi có thể tới được khách sạn grand	XIN LỖI TÔI KHÁCH SẠN GRAND ĐẾN THẾ NÀO	Mối quan hệ
ồ tối qua tôi đã ăn tối ngon nhất vợ tôi làm món xào và nó thật tuyệt vời	Ồ TỐI QUA TÔI ĂN TỐI NGON NHẤT VỢ CỦA TÔI MÓN XÀO NÓ TUYỆT VỜI	Cuộc sống thường nhật
vâng người đó là vận động viên giàu kinh nghiệm nhất trong lĩnh vực này	VÂNG NGƯỜI ĐÓ VẬN ĐỘNG VIÊN GIÀU KINH NGHIỆM NHẤT LĨNH VỰC NÀY TRONG LÀ	Mối quan hệ
anh có muốn biết tôi lấy nó từ đâu không	BẠN BIẾT MUỐN TÔI LẤY ĐÂU KHÔNG	Cuộc sống thường nhật
bạn đang nộp đơn xin học tập hoặc làm việc ở nước ngoài	BẠN ĐANG NỘP ĐƠN ĐI HỌC ĐI LÀM NƯỚC NGOÀI À	Văn hóa và Giáo dục
bạn có thường xuyên đến thư viện không	BẠN THƯ VIỆN ĐẾN THƯỜNG XUYÊN CÓ KHÔNG	Cuộc sống học đường
bạn nhảy đẹp quá	BẠN NHẢY ĐẸP THẬT	Mối quan hệ
chất liệu của chiếc váy này là gì	VÁY NÀY CHẤT LIỆU GÌ BẰNG LÀM VẬY	Cuộc sống thường nhật
chiếc bình hoa pha lê lấp lánh dưới ánh đèn vàng ấm áp	CHIẾC BÌNH HOA PHA LÊ DƯỚI ÁNH ĐÈN VÀNG ẤM ÁP LẤP LÁNH	Cuộc sống thường nhật
vâng con thích nó bố ạ	VÂNG CON THÍCH LẮM BỐ	Mối quan hệ
anh ấy đã thề sẽ không bao giờ lặp lại sai lầm đó	ANH ẤY THỀ SAI LẦM ĐÓ LẶP LẠI KHÔNG BAO GIỜ	Thái độ và Cảm xúc
được rồi tôi đã quyết định tôi sẽ bật câu hỏi	TÔI QUYẾT ĐỊNH RỒI PHẦN CÂU HỎI BẬT	Cuộc sống thường nhật
bạn làm gì vào mùa đông	MÙA ĐÔNG BẠN LÀM GÌ	Mối quan hệ
mỗi người đều có không gian riêng tư nên chúng ta cần tôn trọng	MỖI NGƯỜI KHÔNG GIAN RIÊNG TƯ CÓ NÊN CHÚNG TA TÔN TRỌNG CẦN	Mối quan hệ
ông nội thường kể cho tôi nghe những câu chuyện cổ tích	ÔNG NỘI TÔI CHUYỆN CỔ TÍCH KỂ THƯỜNG	Mối quan hệ
câu ghép thường có ít nhất 2 câu đơn	CÂU GHÉP CÓ ÍT NHẤT CÂU ĐƠN 2	Cuộc sống học đường
xin vui lòng xử lý các mặt hàng cẩn thận	CÁC MẶT HÀNG XỬ LÍ CẨN THẬN	Cuộc sống thường nhật
vâng điều đó là có thể	BẠN CHUYỆN ĐÓ CÓ THỂ	Cuộc sống thường nhật
hãy đi mua một cái	ĐI MUA MỘT CÁI HÃY	Mối quan hệ
tôi nghĩ rằng sơn mới và làm sạch sẽ giúp nó trông đẹp hơn một chút	TÔI SƠN LẠI DỌN DẸP TRÔNG KHÁ HƠN NGHĨ	Cuộc sống thường nhật
tôi muốn mua một số vải để làm rèm cái nào tốt hơn	TÔI VẢI MUA LÀM RÈM MUỐN CÁI NÀO TỐT HƠN	Cuộc sống thường nhật
đôi môi của em bị nứt nẻ vì thời tiết hanh khô mùa đông	ĐÔI MÔI EM NỨT NẺ THỜI TIẾT MÙA ĐÔNG HANH KHÔ	Sức khỏe
nếu anh quyết định đi tôi có thể gặp anh ở đó lúc 1 giờ	NẾU ANH ĐI QUYẾT ĐỊNH TÔI 1 GIỜ GẶP Ở ĐÓ	Mối quan hệ
được rồi chúng ta sẽ làm thế trên đường về nhà để không phải mang nó suốt	CHÚNG TA ĐƯỜNG VỀ TRÊN LUÔN LÀM ĐƯỢC RỒI ĐỠ MANG THEO PHẢI	Cuộc sống thường nhật
không chúng tôi vẫn có 10 ngày nghỉ có lương mỗi năm	KHÔNG CHÚNG TÔI 1 NĂM NGÀY NGHỈ LƯƠNG CÓ	Công việc
bố tôi dùng xe máy để đi làm mỗi ngày trong tuần	BỐ TÔI XE MÁY DÙNG ĐỂ ĐI LÀM MỖI NGÀY TRONG TUẦN	Cuộc sống thường nhật
giáo dục điều dưỡng của bạn thì sao	GIÁO DỤC Y TẾ CỦA BẠN THÌ SAO	Công việc
này anh đã được thăng chức lên làm chủ tịch bộ	BẠN LÊN CHỨC CHỦ TỊCH RỒI	Công việc
kế hoạch của anh bây giờ là gì khi anh được thả ra	KHI BẠN THẢ RA ĐƯỢC KẾ HOẠCH CỦA BẠN BÂY GIỜ GÌ	Chính trị
tôi hiểu ý anh ấy	TÔI Ý CỦA ANH ẤY HIỂU	Cuộc sống thường nhật
tôi đang tình nguyện cho hoạt động hiến máu	TÔI TÌNH NGUYỆN HOẠT ĐỘNG HIẾN MÁU	Chính trị
được rồi tôi sẽ cho anh biết khi nào tôi qua được	ĐƯỢC RỒI TÔI CHO BẠN BIẾT TÔI ĐẾN KHI NÀO	Công việc
vùng đất tây nguyên nổi tiếng với những đồn điền cà phê bạt ngàn	TÂY NGUYÊN VÙNG ĐẤT NHỮNG ĐỒN ĐIỀN VƯỜN CÀ PHÊ RỘNG LỚN NỔI TIẾNG	Du lịch
xin vui lòng cho tôi thêm một chút thời gian để suy nghĩ	XIN VUI LÒNG TÔI THỜI GIAN THÊM 1 CHÚT ĐỂ SUY NGHĨ	Công việc
tôi đã làm một chiếc bánh	TÔI CHIẾC BÁNH MỘT LÀM	Cuộc sống thường nhật
cậu bé bị ngã xe đạp nên không may bị gãy tay	CẬU BÉ XE ĐẠP NGÃ GÃY TAY CÓ	Sức khỏe
nhìn đĩa xoài xanh chấm muối ớt tôi thèm rỏ dãi	TÔI ĐĨA XOÀI XANH NHÌN THÈM	Thái độ và Cảm xúc
xin lỗi đường đông quá	XIN LỖI ĐƯỜNG KẸT QUÁ	Cuộc sống thường nhật
bạn cần một kỳ nghỉ	BẠN NGHỈ NGƠI CẦN	Mối quan hệ
bạn lan được trao huy hiệu cháu ngoan bác hồ vì thành tích học tập	BẠN LAN HUY HIỆU CHÁU NGOAN BÁC HỒ ĐƯỢC TRAO VÌ HỌC TỐT	Cuộc sống thường nhật
ok và có tiệm giặt gần đây không	GẦN ĐÂY TIỆM GIẶT CÓ KHÔNG OK	Cuộc sống thường nhật
giáo viên đang đánh giá bài kiểm tra cuối kỳ của học sinh	GIÁO VIÊN CHẤM ĐIỂM BÀI KIỂM TRA CUỔI KÌ CỦA HỌC SINH	Cuộc sống học đường
nó trông thật đáng yêu	NÓ TRÔNG ĐÁNG YÊU	Cuộc sống thường nhật
có một trò chơi	TRÒ CHƠI 1	Cuộc sống thường nhật
tưới vườn	VƯỜN TƯỚI	Cuộc sống thường nhật
tội ác diệt chủng là một vết nhơ trong lịch sử nhân loại	CHIẾC NỒI ÁP SUẤT GIÚP HẦM XƯƠNG NHỪ NHANH HƠN NHIỀU	Cuộc sống thường nhật
em cố gắng ghi nhớ những công thức toán học quan trọng	EM TOÁN HỌC NHỮNG CÔNG THỨC CỐ GẮNG GHI NHỚ QUAN TRỌNG	Cuộc sống học đường
luật pháp nghiêm cấm việc săn bắn các loài động vật hoang dã	LUẬT PHÁP CÁC LOÀI ĐỘNG VẬT HOANG DÃ SĂN BẮN NGHIÊM CẤM	Chính trị
tôi có thể xem giấy phép của bạn xin vui lòng	TÔI GIẤY PHÉP ANH XEM CHO ĐƯỢC KHÔNG	Cuộc sống thường nhật
bạn sẽ sớm quen với nó nó không khó vâng đây là xe buýt may mắn thay nó không đầy	BẠN QUEN SỚM THÔI KHÓ KHÔNG VÂNG ĐÂY XE BUÝT MAY ĐÔNG CHƯA	Cuộc sống thường nhật
cả gia đình quây quần bên mâm cơm ấm cúng buổi tối	GIA ĐÌNH MÂM CƠM ẤM CÚNG QUÂY QUẦN TỤ TẬP BUỔI TỐI	Cuộc sống thường nhật
súp cua khá ngon nó luôn là một yêu thích với khách hàng của chúng tôi	SÚP CUA NGON KHÁ MÓN KHÁCH HÀNG YÊU THÍCH LUÔN LÀ ĐÓ	Cuộc sống thường nhật
dừng lại là tốt nhất	DỪNG LẠI TỐT NHẤT	Cuộc sống thường nhật
cô ấy mũm mĩm không	CÔ ẤY MŨM MĨM CÓ KHÔNG	Mối quan hệ
cảm ơn ngài rất nhiều tôi sẽ bỏ áo sơ mi và áo khoác vào túi cho ngài	TÔI ÁO SƠ MI ÁO KHOÁC NGÀI TÚI XẾP	Cuộc sống thường nhật
ừ nhưng tôi mua lúc giảm giá giảm 50 so với giá gốc bạn thấy sao	Ừ NHƯNG TÔI TIỀN GIẢM 50 MUA BẠN THẤY THẾ NÀO	Thái độ và Cảm xúc
tôi đang đứng đúng hướng	TÔI ĐỨNG HƯỚNG ĐÚNG À	Sức khỏe
mùa hè nóng nực nhà tôi phải bật điều hòa suốt cả ngày	MÙA HÈ NÓNG NHÀ TÔI ĐIỀU HOÀ BẬT CẢ NGÀY	Cuộc sống thường nhật
lấy cả hai đi chúng ta cũng cần cà phê có trong danh sách của anh không	HAI CÁI LẤY THÊM CÀ PHÊ NỮA DANH SÁCH ANH CÓ CÁI ĐÓ KHÔNG	Cuộc sống thường nhật
họ là những người bạn thân thiết của tôi từ thời đại học	TỪ THỜI ĐẠI HỌC TÔI HỌ BẠN THÂN	Mối quan hệ
ôi chuyện gì vậy carole	ÔI CHUYỆN GÌ VẬY	Mối quan hệ
vâng bạn đã đọc nó chưa	VÂNG BẠN ĐỌC NÓ RỒI À	Mối quan hệ
đội công binh đang thực hiện nhiệm vụ nổ mìn để phá đá	ĐỘI CÔNG BINH NHIỆM VỤ NỔ MÌN PHÁ ĐÁ THỰC HIỆN	Công việc
cô ấy có phong cách thời trang rất thanh lịch và tinh tế	CÔ ẤY PHONG CÁCH THỜI TRANG PHÙ HỢP	Cuộc sống thường nhật
cái này trông đẹp nó có gần trường đại học không	CÁI NÀY ĐẸP NÓ TRƯỜNG ĐẠI HỌC GẦN CÓ KHÔNG	Cuộc sống thường nhật
cá voi xanh là loài động vật lớn nhất trên hành tinh	CÁ VOI XANH LÀ LOÀI ĐỘNG VẬT LỚN NHẤT TRÊN HÀNH TINH	Văn hóa và Giáo dục
bạn có thể nói tiếng anh lưu loát	BẠN TIẾNG ANH NÓI LƯU LOÁT KHÔNG	Công việc
thật không thể tin được có phải là giả không	CÁI ĐÓ THẬT KHÔNG TIN NỔI	Cuộc sống thường nhật
tôi hy vọng bạn sẽ có suy nghĩ khác	TÔI HY VỌNG BẠN SUY NGHĨ KHÁC CÓ	Thái độ và Cảm xúc
trẻ em cần biết rằng cảnh sát luôn ở đây để giúp đỡ chúng	TRẺ EM PHẢI BIẾT CẢNH SÁT Ở ĐÂY GIÚP	Cuộc sống thường nhật
xin chào jenny có chuyện gì vậy	XIN CHÀO CHUYỆN GÌ	Cuộc sống thường nhật
chị võ thị sáu là một nữ anh hùng của dân tộc việt nam	CHỊ VÕ THỊ SÁU NỮ ANH HÙNG DÂN TỘC VIỆT NAM	Văn hóa và Giáo dục
thật sao bây giờ không còn nhiều	THẬT SAO BÂY GIỜ NHIỀU CÒN KHÔNG	Mối quan hệ
bạn có thể cho tôi xem một số ngọc bích làm ơn	BẠN NGỌC BÍCH CHO TÔI XEM CÓ THỂ	Cuộc sống thường nhật
làm thế nào để bạn dành thời gian của bạn sau khi làm việc hoặc trong kỳ nghỉ	THỜI GIAN CỦA BẠN CÓ SAU KHI LÀM VIỆC HOẶC KỲ NGHỈ LÀM THẾ NÀO	Mối quan hệ
vâng tôi có một số séc du lịch và hai thẻ tín dụng	TÔI VÉ DU LỊCH VÀ THẺ TÍN DỤNG HAI	Du lịch
họ sẽ có một cái thang lớn để có thể leo lên dễ dàng	HỌ THANG LỚN 1 CÓ GIÚP LEO LÊN DỄ	Cuộc sống thường nhật
xin lỗi bạn có thể cho tôi hỏi bây giờ là mấy giờ	XIN LỖI BÂY GIỜ GIỜ MẤY BAN BIẾT KHÔNG	Cuộc sống thường nhật
tôi đang làm một số keo nó rất dính	TÔI KEO LÀM NÓ DÍNH	Công việc
đám khói bốc lên từ gian bếp của nhà hàng xóm	NHÀ HÀNG XÓM GIAN BẾP KHÓI BỐC LÊN	Cuộc sống thường nhật
trái cây của chúng tôi rất tươi ngày hôm nay bạn có muốn một số	TRÁI CÂY HÔM NAY CHÚNG TÔI TƯƠI RẤT BẠN MUA ÍT MUỐN KHÔNG	Cuộc sống thường nhật
tôi sẽ mời anh một ly	TÔI BẠN LY MỘT MỜI	Mối quan hệ
sáng thứ hai tới	SÁNG THỨ HAI ĐẾN	Công việc
hey bạn tôi thực sự xin lỗi về đêm qua tôi không nên nói những điều đó với bạn	NÀY TÔI TỐI QUA CHUYỆN VỀ THẬT SỰ LỖI CÓ THẤY TÔI LỜI ĐÓ BẠN NÓI KHÔNG NÊN	Thái độ và Cảm xúc
chúng ta đang ở đâu	CHÚNG TA Ở ĐÂU	Cuộc sống thường nhật
tôi không nghĩ rằng kỳ thi sẽ rất khó khăn	TÔI KỲ THI NÀY QUÁ KHÓ NGHĨ KHÔNG	Cuộc sống học đường
vâng chúng tôi có tất cả các loại màu sắc cho nó	CHÚNG TÔI TẤT CẢ MÀU SẮC CHO NÓ CÓ	Cuộc sống thường nhật
anh ấy vui mừng thông báo mình đã trúng thưởng giải đặc biệt	ANH ẤY VUI MỪNG THÔNG BÁO ANH GIẢI THƯỞNG ĐẶC BIỆT TRÚNG	Tài chính
người thợ thêu đang tỉ mỉ hoàn thành bức tranh lụa tinh xảo	NGƯỜI THỢ THÊU BỨC TRANH LỤA TINH XẢO HOÀN THÀNH TỈ MỈ	Công việc
cảm ơn bạn tôi rất vui mừng	CẢM ƠN BẠN TÔI RẤT VUI MỪNG	Mối quan hệ
môn tin học giúp em biết cách sử dụng máy tính hiệu quả	MÔN TIN HỌC EM MÁY TÍNH BIẾT SỬ DỤNG HIỆU QUẢ	Cuộc sống học đường
tỉnh long an nổi tiếng với những cánh đồng lúa bát ngát	TINH LONG AN NHỮNG CÁNH ĐỒNG BÁT NGÁT RỘNG LỚN NỔI TIẾNG	Du lịch
không cơ thể tôi hơi lạnh	KHÔNG TÔI CƠ THỂ LẠNH	Sức khỏe
bạn được chào đón có một chuyến bay tốt đẹp	CHÚC BẠN CHUYẾN BAY VUI VẺ	Du lịch
bạn có nghĩ tôi nên mặc thứ gì khác không	BẠN NGHĨ TÔI MẶC KHÁC CÓ KHÔNG	Mối quan hệ
yup tốt hơn cho môi trường và tốt cho chúng tôi	VỪA TỐT MÔI TRƯỜNG VỪA CÓ LỢI MÌNH	Cuộc sống thường nhật
nhà hàng của chúng tôi nổi tiếng với hải sản	NHÀ HÀNG CỦA CHÚNG TÔI HẢI SẢN NỔI TIẾNG	Cuộc sống thường nhật
oh hôm nay là ngày quốc tế lao động đây có phải là ngày làm việc của chúng tôi	Ô HÔM NAY NGÀY QUỐC TẾ LAO ĐỘNG CHÚNG TÔI LÀM VIỆC HÔM NAY PHẢI	Mối quan hệ
bồi bàn	BỒI BÀN	Cuộc sống thường nhật
mở cửa	MỞ CỬA	Cuộc sống thường nhật
hãy đoán xem	ĐOÁN XEM NÀO	Cuộc sống thường nhật
phải anh là người lái tàu	PHẢI ANH NGƯỜI LÁI TÀU	Cuộc sống thường nhật
bảo vệ môi trường là trách nhiệm chung của cả địa cầu	BẢO VỆ MÔI TRƯỜNG LÀ TRÁCH NHIỆM CỦA CẢ THẾ GIỚI	Chính trị
bạn có thể cho tôi một số ý tưởng về những gì bạn muốn	BẠN TÔI Ý TƯỞNG VÀI MUỐN GỢI KHÔNG	Cuộc sống thường nhật
cuối tuần này bạn định đi đâu	CUỐI TUẦN NÀY BẠN ĐỊNH ĐI ĐÂU	Mối quan hệ
cha bạn sao rồi	BỐ CỦA BẠN THẾ NÀO RỒI	Mối quan hệ
bạn muốn giữ nó trong bao lâu	BẠN NÓ GIỮ BAO LÂU	Mối quan hệ
chuyến đi đến đất mũi cà mau thật là đáng nhớ	CHUYẾN ĐI CÀ MAU THẬT ĐÁNG NHỚ	Du lịch
ồ tôi xin lỗi đã làm phiền bạn	TÔI XIN LỖI VÌ LÀM PHIỀN BẠN	Cuộc sống thường nhật
hôm nay tôi có thể giúp gì cho bạn	HÔM NAY TÔI GIÚP BẠN GÌ	Cuộc sống thường nhật
tôi gọi để hỏi về căn hộ mà anh đã quảng cáo	TÔI GỌI HỎI CĂN HỘ ANH ĐĂNG TIN	Cuộc sống thường nhật
tôi thích nhạc pop bạn có	TÔI NHẠC POP THÍCH BẠN THÌ SAO	Mối quan hệ
tôi đồng ý tôi đã ăn trưa ở đó tuần trước	TÔI ĐỒNG Ý TÔI TUẦN TRƯỚC ĂN TRƯA Ở ĐÓ RỒI	Mối quan hệ
công ty bảo hiểm sẽ bồi thường toàn bộ thiệt hại cho khách hàng	CÔNG TY BẢO HIỂM TOÀN BỘ KHÁCH HÀNG THIỆT HẠI BỒI THƯỜNG	Tài chính
cẩn thận với những trang web giả mạo ngân hàng để lừa đảo	NHỮNG TRANG WEB GIẢ MẠO NGÂN HÀNG LỪA ĐẢO CẨN THẬN CẦN	Tài chính
cả lớp đang chăm chú làm bài tập	CẢ LỚP LÀM BÀI TẬP CHĂM CHÚ	Công việc
tôi có thể chỉ cho bạn	TÔI BẠN CHỈ CHO	Cuộc sống thường nhật
làm thế nào để bạn hòa hợp với những người có tính cách khác với bạn	BẠN NHỮNG NGƯỜI TÍNH CÁCH KHÁC ĐỐI VỚI BẠN HÒA HỢP LÀM THẾ NÀO	Công việc
còn cái cây ở đây thì sao	CÂY Ở ĐÂY THẾ NÀO	Du lịch
bạn thấy sao vừa đẹp vừa rẻ	BẠN THẤY THẾ NÀO ĐẸP RẺ	Cuộc sống thường nhật
tôi không biết 	TÔI KHÔNG BIẾT	Cuộc sống thường nhật
7 giờ có hợp với anh không	7H ĐƯỢC KHÔNG	Mối quan hệ
tôi hiểu thưa ông ngày mai tôi sẽ mang giấy báo của bác sĩ đến tôi xin lỗi ông douglas	TÔI HIỂU RỒI NGÀY MAI TÔI MANG GIẤY BÁC SĨ ĐẾN XIN LỖI	Công việc
tôi đã đi đến bác sĩ ngày hôm qua	TÔI BÁC SĨ ĐI ĐẾN NGÀY HÔM QUA RỒI	Sức khỏe
em học sinh đang chăm chú giải một phép tính cộng rất khó	EM HỌC SINH PHÉP TÍNH CỘNG KHÓ 1 TẬP TRUNG LÀM	Cuộc sống học đường
loại đất trồng cây này rất tơi xốp và màu mỡ	ĐẤT LOẠI CÂY NÀY TRỒNG TƠI XỐP MỀM NHẸ MÀU MỠ	Cuộc sống thường nhật
bạn sẽ lấy mẫu đơn cho bạn ở trường vào ngày mai	NGÀY MAI BẠN MẪU ĐƠN TRƯỜNG LẤY	Cuộc sống thường nhật
chúng ta có nên nghỉ ở đây không tôi mệt rồi	CHÚNG TA NGHỈ Ở ĐÂY CÓ KHÔNG TÔI MỆT RỒI	Cuộc sống thường nhật
sao anh vẫn còn thức	ANH THỨC VẪN TẠI SAO	Mối quan hệ
bạn thực sự tin rằng thế giới đang cải thiện mỗi năm	BẠN TIN THẾ GIỚI TỐT LÊN TỪNG NĂM THẬT À	Mối quan hệ
nó có nhận bất kỳ kênh kỹ thuật số nào không	NÓ THÔNG TIN NÀO NHẬN CÓ KHÔNG	Cuộc sống thường nhật
ừm miếng bít tết này tôi yêu cầu phải tái vừa phải	MIẾNG BÍT TẾT NÀY TÔI GỌI TÁI VỪA	Cuộc sống thường nhật
tôi biết điều này sẽ xảy ra một ngày nào đó	TÔI BIẾT ĐIỀU NÀY XẢY RA SẼ	Mối quan hệ
bạn có ngửi thấy mùi gì không mùi thơm quá	BẠN NGỬI GÌ THƠM	Cuộc sống thường nhật
đứa bé có khuôn mặt bầu bĩnh trông thật kháu khỉnh đáng yêu	ĐỨA BÉ KHUÔN MẶT BẦU BĨNH CÓ TRÔNG KHÁU KHỈNH ĐÁNG YÊU	Cuộc sống thường nhật
đầu tư vào giáo dục mang lại lợi ích lâu dài cho tương lai	GIÁO DỤC ĐẦU TƯ LỢI ÍCH MANG LẠI LÂU DÀI CHO TƯƠNG LAI	Tài chính
có vẻ như tôi có thời gian để lau sạch cửa sổ bẩn trên cửa	TÔI THỜI GIAN CÓ NHỮNG CỬA SỔ BẨN LAU SẠCH	Cuộc sống thường nhật
bạn chúng ta có thể thay đổi kênh không	MÌNH ĐỔI KÊNH ĐƯỢC KHÔNG	Cuộc sống thường nhật
chiếc xe cẩu đang làm việc tại công trường xây dựng	CHIẾC XE CẨU CÔNG TRƯỜNG XÂY DỰNG LÀM VIỆC	Công việc
mùa đông ở bắc bán cầu thường lạnh và có tuyết rơi nhiều	BẮC BÁN CẦU MÙA ĐÔNG LẠNH VÀ TUYẾT CÓ NHIỀU	Du lịch
trẻ bị bệnh đao cần được quan tâm và chăm sóc đặc biệt	TRẺ BỊ BỆNH ĐAO QUAN TÂM CHĂM SÓC ĐẶC BIỆT CẦN	Sức khỏe
làm bơ thật sự rất vui	BƠ LÀM VUI VẺ	Cuộc sống thường nhật
vâng đây là bạn tôi muốn đặt phòng hai phòng cho tối nay	ĐÂY TÔI HAI PHÒNG TỐI NAY ĐẶT MUỐN	Du lịch
ok cảm ơn bạn rất nhiều vì rắc rối của bạn	ĐƯỢC RỒI CẢM ƠN BẠN GIÚP TÔI NHIỀU	Cuộc sống học đường
cậu bé ấy học kém vì mải chơi không tập trung	CẬU BÉ ẤY HỌC KÉM VÌ MẢI CHƠI TẬP TRUNG KHÔNG	Cuộc sống học đường
chúng em vừa có một tiết học lịch sử vô cùng thú vị	CHÚNG EM TIẾT HỌC LỊCH SỬ CÓ THÚ VỊ VÔ CÙNG	Cuộc sống học đường
đây là một chiếc cân thăng bằng	CÂN THĂNG BẰNG MỘT	Cuộc sống thường nhật
chúng ta nên hỏi bố trước	CHÚNG TA BỐ HỎI TRƯỚC	Cuộc sống thường nhật
chuyến bay của tôi phải quá cảnh tại sân bay singapore	TÔI CHUYẾN BAY SÂN BAY SINGAPORE QUÁ CẢNH	Du lịch
đây là phòng 1019 tôi muốn gọi bữa sáng	ĐÂY PHÒNG 1019 TÔI BỮA SÁNG GỌI MUỐN	Du lịch
tôi đi siêu thị đây anh có muốn đi cùng tôi không	TÔI SIÊU THỊ ĐI ANH ĐI CÙNG MUỐN KHÔNG	Mối quan hệ
được rồi tôi sẽ lấy bốn làm ơn anh đã cứu tôi rất nhiều	BỐN LẤY CẢM ƠN	Cuộc sống thường nhật
không nếu bạn giỏi làm việc trên mạng bạn có muốn gặp gỡ những người mới không	BẠN LÀM VIỆC TRÊN MẠNG GIỎI KHÔNG BẠN NGƯỜI MỚI GẶP GỠ MUỐN	Mối quan hệ
bạn đã bao giờ thử tập các bài tập thư giãn trước khi đi ngủ chưa	TRƯỚC ĐI NGỦ BẠN CÁC BÀI TẬP THƯ GIÃN TẬP THỬ CHƯA	Sức khỏe
bạn có thích bánh quy không	BẠN BÁNH QUY THÍCH KHÔNG	Cuộc sống thường nhật
công nhân đang lắp ráp các linh kiện điện tử trong nhà máy	TRONG NHÀ MÁY CÔNG NHÂN LINH KIỆN ĐIỆN TỬ LẮP RÁP	Công việc
bé đang học thuộc lòng bảng cộng trong sách	BÉ SÁCH BẢNG CỘNG HỌC THUỘC LÒNG	Cuộc sống học đường
chúng tôi ngồi nướng ngô bên bếp lửa trại thật ấm cúng	CHÚNG TÔI NGỒI NƯỚNG NGÔ TRÊN BẾP LỬA TRẠI ẤM CÚNG	Cuộc sống thường nhật
hỏi người khác xem	NGƯỜI KHÁC HỎI XEM	Mối quan hệ
bún mắm là một món ăn đặc sản của miền tây	BÚN MẮM LÀ MÓN ĂN MIỀN TÂY RẤT NGON	Du lịch
bạn sẽ ở đâu	BẠN Ở ĐÂU	Du lịch
xin chào đặt phòng tôi có thể giúp gì cho bạn	XIN CHÀO BỘ PHẬN ĐẶT PHÒNG TÔI GIÚP GÌ	Du lịch
trong toán học hai là một số tự nhiên lớn hơn một	TRONG TOÁN HỌC HAI LÀ SỐ TỰ NHIÊN 1 LỚN HƠN 1	Cuộc sống học đường
người thợ máy đang sửa chữa động cơ của chiếc ô tô	NGƯỜI THỢ MÁY SỬA CHỮA ĐỘNG CƠ Ô TÔ	Công việc
phải họ rất am hiểu	PHẢI HỌ HIỂU RÕ	Cuộc sống thường nhật
khung cảnh ngôi nhà hoang tàn trông thật buồn thảm và cô liêu	NGÔI NHÀ KHUNG CẢNH HÌNH ẢNH HOANG TÀN ĐỔ NÁT TRÔNG BUỒN CÔ LIÊU	Thái độ và Cảm xúc
tôi xin lỗi nhưng tôi không thể tìm thấy chìa khóa bạn phải có nó	XIN LỖI TÔI KHÔNG THẤY CHÌA KHÓA CHẮC BẠN GIỮ NÓ	Cuộc sống thường nhật
chính phủ thực sự rất quan tâm phải không	CHÍNH PHỦ RẤT QUAN TÂM THẬT SỰ PHẢI KHÔNG	Tài chính
chùa một cột là một biểu tượng văn hóa độc đáo của hà nội	CHÙA MỘT CỘT BIỂU TƯỞNG VĂN HOÁ HÀ NỘI ĐỘC ĐÁO	Du lịch
chúng ta hãy đi chợ đêm sau giờ làm tối nay	TỐI NAY LÀM XONG CHÚNG TA CHỢ ĐÊM ĐI	Mối quan hệ
cùng ở đây gần đây bạn có xem bộ phim mới nào không	TÔI GIỐNG GẦN ĐÂY BẠN PHIM MỚI XEM CÓ KHÔNG	Mối quan hệ
thật sao với ai	THẬT SAO VỚI AI	Mối quan hệ
chiều nay tôi sẽ về quê thăm ông bà sau nhiều tháng	CHIỀU NAY TÔI VỀ THĂM ÔNG BÀ SAU NHIỀU THÁNG	Mối quan hệ
bệnh nhân sốt cao và mất nước nên bác sĩ đã chỉ định truyền dịch	VÌ BỆNH NHÂN SỐT CAO NÊN BÁC SĨ TRUYỀN DỊCH CHỈ ĐỊNH	Sức khỏe
cảnh sát đang điều tra về cái xác chết được tìm thấy hôm qua	HÔM QUA CẢNH SÁT ĐIỀU TRA VỀ CÁI XÁC CHẾT TÌM THẤY ĐƯỢC	Công việc
tôi quan tâm đến việc tham quan sydney	TÔI VIỆC THAM QUAN SYDNEY QUAN TÂM ĐẾN	Du lịch
bạn nhớ khép cửa cẩn thận trước khi ra khỏi phòng	BẠN PHÒNG ĐI RA CỬA KHÉP CẨN THẬN NHỚ	Cuộc sống thường nhật
đêm nay trăng tròn và sáng vằng vặc trên bầu trời	ĐÊM NAY TRĂNG TRÒN SÁNG TRÊN BẦU TRỜI	Cuộc sống thường nhật
ca phẫu thuật cổ của bệnh nhân đã thành công tốt đẹp	CA PHẪU THUẬT CỔ BỆNH NHÂN THÀNH CÔNG TỐT ĐẸP	Sức khỏe
vài tháng	VÀI THÁNG RỒI	Mối quan hệ
tôi không biết chúng ta cần gì	TÔI KHÔNG BIẾT CHÚNG TA CẦN GÌ	Cuộc sống thường nhật
tôi đã tự tay làm một tấm thiệp sinh nhật để tặng bạn thân	TÔI TẤM THIỆP SINH NHẬT BẠN THÂN TẶNG TỰ TAY LÀM	Mối quan hệ
có cùng một dịch vụ và thực phẩm như vào buổi tối	DỊCH VỤ VÀ THỨC ĂN NHƯ BUỔI TỐI	Cuộc sống thường nhật
con ngõ nhỏ dẫn vào nhà bà ngoại thật yên tĩnh	NHÀ BÀ NGOẠI NGÕ NHỎ LỐI VÀO YÊN TĨNH	Cuộc sống thường nhật
hoa hồng sẽ ổn thôi	HOA HỒNG OK	Cuộc sống thường nhật
bây giờ chúng ta chỉ cần ngồi và xem chúng phát triển	BÂY GIỜ CHÚNG TA NGỒI XEM CHÚNG PHÁT TRIỂN	Cuộc sống thường nhật
công ty chúng tôi được thành lập từ năm hai nghìn	CHÚNG TÔI CÔNG TY THÀNH LẬP ĐƯỢC TỪ NĂM 2000	Công việc
này nhìn cái thứ dính này này	NÀY NHÌN DÍNH NÀY	Cuộc sống thường nhật
con trai bạn đã đi học chưa	CON TRAI ANH ĐI HỌC CHƯA	Mối quan hệ
tối nay chúng ta sẽ ăn tôm hùm	TỐI NAY CHÚNG TA TÔM HÙM ĂN	Cuộc sống thường nhật
bà tôi dạy em gái cách thêu những họa tiết trên khăn tay	BÀ TÔI EM GÁI DẠY CÁCH THÊU CÁC HOẠ TIẾT KHĂN TAY	Văn hóa và Giáo dục
ca sĩ đã lên những nốt cao độ một cách xuất sắc đầy nội lực	CA SĨ NỐT NHẠC CAO LÊN XUẤT SẮC	Văn hóa và Giáo dục
bạn có thể lấy hai cái	BẠN LẤY 2	Cuộc sống thường nhật
vấn đề là gì	VẤN ĐỀ GÌ	Cuộc sống thường nhật
tôi phải khen ngợi bạn cho sự khiêm tốn và siêng năng của bạn kế hoạch tiếp theo là gì	BẠN KHIÊM TỐN CHĂM CHỈ TÔI KHEN KẾ HOẠCH TIẾP THEO CỦA BẠN GÌ	Công việc
1 tháng có 30 hoặc 31 ngày	1 THÁNG NGÀY 30 HOẶC 31	Cuộc sống thường nhật
chắc chắn có những cách khác để tiết kiệm tiền	CHẮC CHẮN NHỮNG CÁCH KHÁC TIỀN TIẾT KIỆM	Thái độ và Cảm xúc
cảm ơn bạn tôi chắc chắn sẽ đến	CẢM ƠN TÔI ĐẾN CHẮC CHẮN	Mối quan hệ
tôi có thể mang nó đi đâu	TÔI NÓ MANG ĐI ĐÂU	Cuộc sống thường nhật
tôi rất vui vì anh đã nói với tôi	TÔI RẤT VUI VÌ BẠN NÓI VỚI TÔI RỒI	Cuộc sống thường nhật
chủ tịch hồ chí minh là một danh nhân văn hóa thế giới	CHỦ TỊCH HỒ CHÍ MINH LÀ DANH NHÂN VĂN HOÁ THẾ GIỚI	Văn hóa và Giáo dục
cơn bão đã dập tắt hy vọng về một vụ mùa bội thu	HI VỌNG VỤ MÙA BỘI THU THU HOẠCH NHIỀU CƠN BÃO ĐÃ DẬP TẮT ĐÃ PHÁ HỎNG	Thái độ và Cảm xúc
bạn có xem nhiều phim không	BẠN PHIM XEM THƯỜNG KHÔNG	Cuộc sống thường nhật
có điều gì đáng xem trên kênh khác không	XEM KÊNH TIVI KHÁC CÓ KHÔNG	Mối quan hệ
tuyệt tôi sẽ gặp lại bạn vào ngày 7	NGÀY 7 TÔI BẠN GẶP LẠI	Công việc
tôi cần in tài liệu này ra giấy để chuẩn bị họp	TÔI TÀI LIỆU NÀY IN CẦN ĐỂ CHUẨN BỊ HỌP	Công việc
đó là một thế giới nhỏ bé phải không	THẾ GIỚI NÀY NHỎ ĐÚNG KHÔNG	Mối quan hệ
thật sao tôi ngạc nhiên	THẬT SAO TÔI NGẠC NHIÊN	Mối quan hệ
tôi biết bạn cũng thích chơi thể thao	TÔI BIẾT BẠN THỂ THAO CHƠI THÍCH CŨNG	Sức khỏe
xin lỗi có phòng tập thể dục ở đây không	XIN LỖI PHÒNG TẬP THỂ DỤC CÓ KHÔNG	Du lịch
cuộc sống bụi đời của anh ta đầy rẫy những khó khăn	ANH TA CUỘC SỐNG NGOÀI ĐƯỜNG KHÓ KHĂN CÓ NHIỀU	Cuộc sống thường nhật
ồ tôi vừa nhớ ra là tôi có một báo cáo phải viết	TÔI NHỚ BÁO CÁO VIẾT PHẢI	Công việc
bạn có thể hoàn thành nó vào lúc nào 	BẠN HOÀN THÀNH LÚC NÀO	Công việc
vậy thì đến cửa hàng đó nhé	CỬA HÀNG ĐÓ ĐẾN	Công việc
ồ đó là polo nó có logo ở mặt sau và ở phía dưới ở góc bên trái	ÁO POLO LOGO PHÍA SAU GÓC DƯỚI TRÁI	Du lịch
rất cám ơn vì đã dẫn tôi đi tham quan	CẢM ƠN ANH DẪN TÔI THAM QUAN	Du lịch
hai anh em có vóc dáng cao thấp rất khác biệt với nhau	ANH EM HAI HÌNH DẠNG CÓ CAO THẤP KHÁC NHAU	Cuộc sống thường nhật
xin lỗi bạn mang cho tôi ít nước sốt thịt nướng được không	XIN LỖI BẠN MANG CHO TÔI ÍT NƯỚC SỐT THỊT NƯỚNG ĐƯỢC KHÔNG	Cuộc sống thường nhật
tôi không biết anh ấy đã đi đâu	TÔI KHÔNG BIẾT ANH ẤY ĐI ĐÂU	Cuộc sống thường nhật
giá xăng dạo này lại tiếp tục tăng cao khiến nhiều người lo lắng	DẠO NÀY NHIỀU NGƯỜI LO LẮNG VÌ XĂNG GIÁ TĂNG CAO	Cuộc sống thường nhật
bạn nghĩ gì sẽ là số tiền phải tip	BẠN TIỀN BO TIỀN THÊM PHẢI NGHĨ GÌ	Mối quan hệ
cô có thứ gì khác tôi có thể thay thế không	CÔ MÓN KHÁC TÔI THAY THẾ CÓ KHÔNG	Cuộc sống thường nhật
chắc chắn bạn muốn đi đâu	CHẮC CHẮN BẠN MUỐN ĐI ĐÂU	Mối quan hệ
không bạn có thể ở lại và tôi sẽ đi lấy sinh tố	KHÔNG BẠN Ở LẠI TÔI SINH TỐ ĐI LẤY	Mối quan hệ
tôi sẽ lấy hai bữa ăn giá trị	TÔI PHẦN ĂN COMBO HAI LẤY	Cuộc sống thường nhật
nghe có vẻ thú vị tôi có thể đi và xem nó không	NGHE THÚ VỊ TÔI ĐI XEM CÓ THỂ	Cuộc sống thường nhật
tiền mặt thẻ tín dụng hoặc thẻ ghi nợ	TIỀN MẶT THẺ TÍN DỤNG HOẶC THẺ VAY CHỌN CÁI NÀO	Cuộc sống thường nhật
hàng năm người dân cả nước đều hướng về lễ giỗ tổ đền hùng	HÀNG NĂM NGƯỜI DÂN CẢ NƯỚC HƯỚNG VỀ LỄ GIỖ TỔ ĐỀN HÙNG	Văn hóa và Giáo dục
anh ấy đã nhập ngũ và phục vụ trong quân đội	DU KHÁCK ĐẾN NINH BÌNH THAM QUA RẤT THÍCH THÚ	Chính trị
tôi hiểu công ty sẽ cung cấp đào tạo	TÔI HIỂU CÔNG TY CUNG CẤP ĐÀO TẠO	Công việc
vâng cảm ơn đã nói chuyện	VÂNG CẢM ƠN NÓI CHUYỆN	Mối quan hệ
chúng ta cần phải bình tĩnh để xử lý mọi tình huống bất ngờ	CHÚNG TA BÌNH TĨNH CẦN ĐỂ XỬ LÝ MỌI TÌNH HUỐNG BẤT NGỜ	Thái độ và Cảm xúc
thầy hiệu trưởng là tấm gương của chúng em	THẦY HIỆU TRƯỞNG LÀ TẤM GƯƠNG CHÚNG EM NÓI THEO	Văn hóa và Giáo dục
không cảm ơn bạn bây giờ tôi ổn	KHÔNG CẢM ƠN GIỜ TÔI ỔN RỒI	Mối quan hệ
anh ấy là một người rất hài hước và dí dỏm	ANH ẤY LÀ NGƯỜI HÀI HƯỚC DÍ DỎM VUI VẺ	Mối quan hệ
bạn đang nói gì vậy báo động của tôi vẫn chưa tắt	BẠN NÓI GÌ BÁO ĐỘNG CỦA TÔI TẮT CHƯA	Cuộc sống thường nhật
thủ tướng đã có bài phát biểu quan trọng trước quốc hội	THỦ TƯỚNG BÀI PHÁT BIỂU QUAN TRỌNG TRƯỚC QUỐC HỘI CÓ	Chính trị
hai người sống chung à	HAI NGƯỜI SỐNG CHUNG À	Mối quan hệ
tại sao có máy tính mới nào tuyệt vời trên thị trường không	TẠI SAO THỊ TRƯỜNG MÁY TÍNH MỚI TUYỆT VỜI CÓ KHÔNG	Mối quan hệ
tôi biết ý anh là gì tôi phải mặc quần áo đúng lúc	TÔI Ý BẠN HIỂU RỒI ĐỒ THAY KỊP GIỜ	Công việc
tốt lắm cứ từ từ	TỐT LẮM BÌNH TĨNH	Cuộc sống thường nhật
giờ chúng ta sẽ tự làm chậu đất sét	BÂY GIỜ CHÚNG TA CHẬU ĐẤT SÉT TỰ LÀM	Cuộc sống thường nhật
bác sĩ phát hiện một khối u lành tính trong cơ thể	TRONG CƠ THỂ BÁC SĨ PHÁT HIỆN 1 KHỐI U LÀNH TÍNH	Sức khỏe
có vậy thì tốt	CÓ TỐT	Thái độ và Cảm xúc
em rể tôi là một kỹ sư xây dựng rất tài giỏi	EM RỂ TÔI KỸ SƯ 1 XÂY DỰNG TÀI GIỎI	Mối quan hệ
dù tôi rất muốn nhưng tôi sợ tuần sau tôi không rảnh tôi có rất nhiều việc phải làm	TÔI MUỐN NHƯNG TUẦN TỚI BẬN QUÁ NHIỀU VIỆC LÀM	Mối quan hệ
nó ngắn hơn một chút	NÓ NGẮN HƠN MỘT CHÚT	Cuộc sống thường nhật
tôi có thể bắt xe buýt ở đâu	TÔI XE BUÝT BẮT Ở ĐÂU	Cuộc sống thường nhật
bạn muốn có gì	BẠN MUỐN GÌ	Cuộc sống thường nhật
đôi khi bạn có thể cảm thấy chóng mặt nhưng hiện tượng này không phổ biến	ĐÔI KHI BẠN CẢM THẤY CHÓNG MẶT NHƯNG PHỔ BIẾN KHÔNG	Sức khỏe
mùa hè nóng nực ăn quả dưa hấu rất mát lạnh	MÙA HÈ NÓNG DƯA HẤU ĂN MÁT	Cuộc sống thường nhật
em hãy dùng thước kẻ để đo chiều dài của hình chữ nhật	EM THƯỚC KẺ DÙNG ĐO CHIỀU DÀI HÌNH CHỮ NHẬT	Cuộc sống học đường
chú thợ điện đang kiểm tra lại hệ thống cầu giao tổng	CHÚ THỢ ĐIỆN HỆ THỐNG CẦU GIAO TỔNG KIỂM TRA	Công việc
bữa tiệc tuyệt vời phải không	BỮA TIỆC NÀY VUI ĐÚNG KHÔNG	Mối quan hệ
công viên rực rỡ sắc màu với những chùm bóng bay khổng lồ	CÔNG VIÊN RỰC RỠ SẮC MÀU VỚI NHỮNG CHÙM BÓNG BAY KHỔNG LỒ	Du lịch
tôi đang tự hỏi liệu bạn có muốn đi xem kịch sau không	TÔI TỰ HỎI BẠN ĐI XEM KỊCH SAU MUỐN KHÔNG	Mối quan hệ
cả nhóm đang tìm cách ra khỏi khu rừng	CẢ NHÓM KHU RỪNG RA KHỎI TÌM CÁCH	Công việc
bạn chen tôi hút thuốc được không	TÔI HÚT THUỐC ĐƯỢC KHÔNG	Công việc
cảm giác ức chế kéo dài có thể ảnh hưởng xấu đến sức khỏe	CẢM GIÁC CẢM XÚC ỨC CHẾ BỰC BỘI KHÓ CHỊU KÉO DÀI SỨC KHOẺ ẢNH HƯỞNG XẤU	Thái độ và Cảm xúc
con đường này dài hơn so với con đường chúng ta đã đi qua	CON ĐƯỜNG NÀY DÀI HƠN CON ĐƯỜNG CHÚNG TA ĐI QUA	Cuộc sống thường nhật
cha mẹ đóng vai trò quan trọng trong việc giáo dục con cái	CHA MẸ CON CÁI GIÁO DỤC QUAN TRỌNG	Mối quan hệ
đội tuyển bóng đá braxin đã năm lần vô địch thế giới	ĐỘI TUYỂN BÓNG ĐÁ BRAXIN VÔ ĐỊCH LẦN 5 THẾ GIỚI	Văn hóa và Giáo dục
hành lý của hành khách đang được đưa ra trên băng chuyền sân bay	KHÁCH HÀNG HÀNH LÝ ĐƯA RA TRÊN SÂN BAY BĂNG CHUYỀN	Du lịch
mẹ tôi luôn để một hộp giấy ăn trên bàn ăn gia đình	MẸ TÔI Ở NHÀ TRÊN BÀN ĂN HỘP GIẤY ĂN THƯỜNG ĐỂ	Cuộc sống thường nhật
vâng tôi có thể giúp gì cho bạn không	VÂNG TÔI GIÚP BẠN GÌ	Công việc
bạn có muốn đến đó không	BẠN ĐẾN ĐÓ MUỐN KHÔNG	Mối quan hệ
tôi rất ấn tượng	TÔI ẤN TƯỢNG	Mối quan hệ
anh ta đã cố ý làm hỏng đồ đạc của người khác	ANH TA LÀM HỎNG ĐỒ ĐẠC NGƯỜI KHÁC Ý ĐỊNH CÓ	Thái độ và Cảm xúc
con mèo ăn cá	MÈO CÁ ĂN	Cuộc sống thường nhật
để xem tôi có thể lấy một ít bí ngòi chiên không	XEM TÔI BÍ NGÒI CHIÊN LẤY 1 ÍT CÓ THỂ	Cuộc sống thường nhật
được rồi tôi có nên làm nóng chảo không	ĐƯỢC RỒI TÔI CHẢO LÀM NÓNG CÓ KHÔNG	Cuộc sống thường nhật
bạn có chắc không	BẠN CHẮC CHẮN CÓ KHÔNG	Thái độ và Cảm xúc
công việc của anh ta là gì	CÔNG VIỆC CỦA ANH TA LÀ GÌ	Mối quan hệ
bạn xem điểm mạnh của mình là gì	BẠN ĐIỂM MẠNH MÌNH GÌ NGHĨ	Công việc
được rồi cảm ơn vừa rồi bạn đã giúp tôi rất nhiều	RỒI CẢM ƠN BẠN GIÚP TÔI RẤT NHIỀU	Mối quan hệ
bạn định làm gì với nó	BẠN NÓ ĐỊNH VỚI LÀM GÌ	Cuộc sống thường nhật
thật ra đây sẽ là lần đầu tiên tôi gặp cô ấy	HÔM NAY LẦN ĐẦU TIÊN TÔI CÔ ẤY GẶP	Mối quan hệ
bơi lội thường xuyên giúp cơ thể khỏe mạnh và dẻo dai	BƠI LỢI THƯỜNG XUYÊN GIÚP CƠ THỂ KHOẺ MẠNH VÀ DẺO DAI	Sức khỏe
bé an rất thích ngồi chơi ghép hình cùng với các bạn	BÉ AN NGỒI GHÉP HÌNH CÙNG CÁC BẠN THÍCH	Cuộc sống thường nhật
tôi có hẹn uốn tóc lúc 3 giờ	TÔI UỐN TÓC HẸN LÚC 3 GIỜ CHIỀU	Cuộc sống thường nhật
gia đình họ trở nên giàu có nhờ kinh doanh giỏi	GIA ĐÌNH HỌ TRỞ NÊN GIÀU NHỜ KINH DOANH GIỎI	Tài chính
ngày ngôn ngữ kí hiệu quốc tế là 239 	NGÀY NGÔN NGỮ KÍ HIỆU QUỐC TẾ LÀ 23 9	Văn hóa và Giáo dục
tôi có thể giúp cô một tay không	TÔI GIÚP CÔ ĐƯỢC KHÔNG	Cuộc sống thường nhật
họ có thức ăn tươi ngon nhất ở đó	HỌ THỨC ĂN NGON NHẤT	Cuộc sống thường nhật
bạn có muốn đặt hàng ngay bây giờ hoặc chờ một thời gian	BẠN ĐẶT HÀNG BÂY GIỜ HOẶC CHỜ CHÚT MUỐN KHÔNG	Cuộc sống thường nhật
khoảng 15 điểm dừng	ĐIỂM DỪNG KHOẢNG 15	Cuộc sống thường nhật
cảm ơn bạn chúng tôi rất mong được thử nhà hàng này	CẢM ƠN CHÚNG TÔI NHÀ HÀNG NÀY THỬ MONG	Cuộc sống thường nhật
nhìn vào chiếc xe đạp leo núi này nó chỉ là 330 bảng bạn có thích nó không	XE ĐẠP NHÌN XE ĐẠP NÚI LEO NÀY 330 NGHÌN ĐỒNG BẠN THÍCH CÓ KHÔNG	Cuộc sống thường nhật
tỉnh ninh thuận nổi tiếng với những vườn nho trĩu quả	TỈNH NINH THUẬN VƯỜN NHO TRĨU QUẢ NỔI TIẾNG	Du lịch
chúng ta nên đi mua trái cây trước	CHÚNG TA TRÁI CÂY MUA TRƯỚC NÊN	Cuộc sống thường nhật
tôi có rất nhiều xăng	TÔI XĂNG CÒN NHIỀU	Cuộc sống thường nhật
những chiếc bàn hiên nhà mới phải không liệu có thể ngồi ngoài đó	BÀN NGOÀI HIÊN MỚI À MÌNH NGỒI NGOÀI ĐÓ CÓ THỂ KHÔNG	Mối quan hệ
nhưng chúng tôi vừa ăn xong bữa trưa	NHƯNG CHÚNG TÔI VỪA ĂN TRƯA XONG	Mối quan hệ
mẹ nấu một nồi canh bí ngô hầm xương rất thơm ngon bổ dưỡng	MẸ NỒI CANH BÍ ĐỎ HẦM XƯƠNG THƠM NGON BỔ DƯỠNG NẤU	Cuộc sống thường nhật
anh ấy có bóng mới	ANH ẤY QUẢ BÓNG MỚI CÓ	Cuộc sống thường nhật
bạn đòi bao nhiêu cho cái này	CÁI NÀY BẠN BÁN BAO NHIÊU	Công việc
làm tròn khoảng bảy	GẦN BẰNG BẢY KHOẢNG	Cuộc sống thường nhật
bạn có tập trung làm việc không 	BẠN TẬP TRUNG LÀM VIỆC CÓ KHÔNG	Mối quan hệ
vé vé gì	VÉ HẢ VÉ GÌ CƠ	Du lịch
đây là danh thiếp của tôi	ĐÂY THẺ TÊN CỦA TÔI	Cuộc sống thường nhật
cậu bé đã giúp một cụ già qua đường an toàn	CẬU BÉ CỤ GIÀ GIÚP QUA ĐƯỜNG AN TOÀN	Cuộc sống thường nhật
bạn muốn tôi giặt bao nhiêu bộ quần áo	BẠN GIẶT QUẦN ÁO BAO NHIÊU BỘ	Cuộc sống thường nhật
phần thú vị nhất trong công việc của bạn là gì	CÔNG VIỆC CỦA BẠN THÚ VỊ NHẤT GÌ	Công việc
vâng tôi muốn một tách cà phê khác	TÔI CÀ PHÊ MỘT TÁCH THÊM CHO	Cuộc sống thường nhật
được thôi lí do lần này là gì	ĐƯỢC LẦN NÀY LÍ DO GÌ	Cuộc sống học đường
hôm nay chúng em được học cách pha trộn bảng màu cơ bản	HÔM NAY CHÚNG EM HỌC ĐƯỢC BẢNG MÀU PHA TRỘN CƠ BẢN	Cuộc sống học đường
ôi không bạn ví của tôi đâu	VÍ CỦA TÔI ĐÂU	Cuộc sống thường nhật
hàng xóm láng giềng thường xuyên qua lại thăm hỏi động viên nhau	HÀNG XÓM THĂM HỎI QUA LẠI ĐỘNG VIÊN CÙNG NHAU THƯỜNG XUYÊN	Mối quan hệ
em yêu em có rảnh không	EM RẢNH CÓ KHÔNG	Mối quan hệ
ai đóng vai ai	AI VAI NÀO ĐÓNG	Mối quan hệ
thật tuyệt tôi sẽ xem nó	TÔI XEM THỬ	Cuộc sống thường nhật
bạn có thường xuyên mua tạp chí	BẠN TẠP CHÍ MUA HAY KHÔNG	Thái độ và Cảm xúc
vậy còn bảo tàng mỹ thuật thì sao	CÒN BẢO TÀNG MỸ THUẬT THÌ SAO	Mối quan hệ
xin lỗi nhưng tôi thích sữa	XIN LỖI NHƯNG TÔI SỮA THÍCH	Cuộc sống thường nhật
cảm ơn bạn đã khuyến khích	CẢM ƠN BẠN KHUYẾN KHÍCH	Cuộc sống học đường
xin lỗi bạn ngủ quên đồng hồ báo thức của tôi không tắt sáng nay	TÔI NGỦ QUÊN SÁNG NAY ĐỒNG HỒ BÁO THỨC KHÔNG REO	Thái độ và Cảm xúc
tôi cảm thấy không khỏe vì vậy tôi ở nhà	TÔI CẢM THẤY KHỎE KHÔNG TÔI Ở NHÀ	Mối quan hệ
bạn đã làm việc trong một tổ chức từ thiện	BẠN TỔ CHỨC TỪ THIỆN LÀM VIỆC	Công việc
hôm qua chủ nhật ngày 21 tháng 7 năm 2013	HÔM QUA CHỦ NHẬT NGÀY 21 THÁNG 7 NĂM 2013	Cuộc sống thường nhật
buổi trưa tôi thường ăn cơm bình dân gần công ty	BUỔI TRƯA TÔI CƠM BÌNH DÂN GẦN CÔNG TY ĂN	Cuộc sống thường nhật
tôi lấy nó ở nhà ăn	TÔI NHÀ ĂN LẤY	Cuộc sống thường nhật
có bao giờ mưa vào mùa hè không	MÙA HÈ ĐÂY MƯA BAO GIỜ KHÔNG	Mối quan hệ
để tôi cân cho anh 15 đô	TÔI CÂN ANH CHO MỘT ĐÔ RƯỠI	Cuộc sống thường nhật
con sẽ dẫn họ đi	CON DẪN ĐI	Cuộc sống thường nhật
ngay bây giờ thưa ngài	NGAY BÂY GIỜ THƯA NGÀI	Du lịch
tôi rất tiếc khi nghe điều đó	TÔI NGHE CHUYỆN ĐÓ TIẾC	Mối quan hệ
chào bạn tôi đang tự hỏi tối mai bạn có rảnh không	CHÀO BẠN TÔI TỰ HỎI NGÀY MAI TỐI BẠN RẢNH CÓ KHÔNG	Mối quan hệ
ồ vâng bạn bao nhiêu tuổi	ĐÚNG RỒI BẠN TUỔI BAO NHIÊU	Công việc
ông lão tin rằng số mệnh của mình đã đến lúc tận số	ÔNG LÃO TIN ÔNG SỐ MỆNH CUỘC SỐNG ĐẾN KẾT THÚC	Thái độ và Cảm xúc
cô ấy thực sự rất thông minh và cư xử tốt	CÔ ẤY THÔNG MINH VÀ ĐỐI XỬ TỐT THẬT	Cuộc sống thường nhật
mọi người cần chung tay bảo vệ môi trường sống quanh chúng ta	MỌI NGƯỜI MÔI TRƯỜNG SỐNG XUNG QUANH CHÚNG TA BẢO VỆ CẦN	Mối quan hệ
tôi muốn một phòng đôi	TÔI MỘT PHÒNG ĐÔI MUỐN	Du lịch
vâng mèo chắc chắn độc lập hơn	MÈO ĐỘC LẬP HƠN THẬT	Cuộc sống thường nhật
chúng tôi đã có chuyến tham quan làng gốm bát tràng rất thú vị	CHÚNG TÔI CHUYẾN THAM QUAN LÀNG GỐM BÁT TRÀNG THÚ VỊ CÓ	Du lịch
tôi biết bạn có tiền lẻ nào cho tôi mượn không	TÔI BIẾT BẠN TIỀN LẺ CÓ CHO TÔI MƯỢN	Cuộc sống thường nhật
tôi nghĩ có ai đó đang theo dõi tôi	TÔI NGHĨ AI ĐÓ THEO DÕI TÔI CÓ	Thái độ và Cảm xúc
bạn có yêu tôi không	BẠN YÊU TÔI CÓ KHÔNG	Thái độ và Cảm xúc
mẹ tôi thường chiên trứng cho bữa sáng của cả nhà	MẸ TÔI BỮA SÁNG TRỨNG RÁN LÀM CHO CẢ NHÀ THƯỜNG XUYÊN	Cuộc sống thường nhật
làm thế nào bạn sẽ ngồi chúng	BẠN NGỒI CHÚNG LÀM THẾ NÀO	Công việc
ông tôi từng là một người lính ở chiến khu việt bắc	ÔNG TÔI NGƯỜI LÍNH CHIẾN KHU VIỆT BẮC TỪNG	Chính trị
vâng nó sẽ đến đây vào tối mai	NGÀY MAI TỐI NÓ ĐẾN ĐÂY	Mối quan hệ
tôi không thể hứa nhưng tôi sẽ cố hết sức	TÔI HỨA KHÔNG THỂ NHƯNG TÔI CỐ GẮNG SẼ	Cuộc sống thường nhật
chắc chắn bạn cần làm gì ở đó	BẠN Ở ĐÓ CẦN LÀM GÌ	Mối quan hệ
bạn có kế hoạch gì không	BẠN KẾ HOẠCH CÓ GÌ	Mối quan hệ
ông có thể ký vào mặt sau của tấm séc không	ÔNG MẶT SAU TỜ SÉC KÝ ĐƯỢC KHÔNG	Tài chính
bạn thích nhảy kiểu gì	BẠN ĐIỆU NHẢY THÍCH GÌ	Mối quan hệ
tiếp theo xin vui lòng xin chào làm thế nào tôi có thể giúp bạn	TIẾP THEO CHÀO TÔI GIÚP BẠN GÌ	Du lịch
cảm ơn bạn đã gọi cho chúng tôi chúng tôi sẽ gặp bạn vào thứ hai tuần sau	BẠN GỌI CHO CHÚNG TÔI CẢM ƠN TUẦN SAU THỨ HAI CHÚNG TÔI BẠN GẶP	Cuộc sống thường nhật
nghi phạm ở hàng này à	NGHI PHẠM HÀNG NÀY	Chính trị
dê mẹ đang âu yếm chăm sóc đàn con mới sinh của mình	DÊ MẸ ĐÀN DÊ CON MỚI SINH ÂU YÊU CHĂM SÓC	Cuộc sống thường nhật
vui lòng ngồi đây bạn muốn làm tóc như thế nào	NGỒI ĐÂY BẠN LÀM TÓC MUỐN THẾ NÀO	Cuộc sống thường nhật
coi nào	XEM NÀO	Cuộc sống thường nhật
tôi có thể xem thẻ căn cước của bạn không	TÔI XEM THẺ CĂN CƯỚC CỦA BẠN ĐƯỢC KHÔNG	Du lịch
thường thì họ rất bận rộn	HỌ RẤT BẬN RỘN THƯỜNG THƯỜNG	Mối quan hệ
khi nào sẽ mở văn phòng chi nhánh	KHI NÀO VĂN PHÒNG CHI NHÁNH MỞ	Công việc
ai đã bắt đầu thế vận hội hiện đại	ĐẠI HỘI THỂ THAO THẾ GIỚI HIỆN ĐẠI BẮT ĐẦU AI	Mối quan hệ
tôi cần cung cấp những thông tin gì để xin trợ cấp thất nghiệp	TRỢ CẤP THẤT NGHIỆP TÔI CUNG CẤP NHỮNG THÔNG TIN GÌ	Công việc
hai người bạn thân đang ngồi chuyện trò vui vẻ	HAI NGƯỜI BẠN THÂN NGỒI NÓI CHUYỆN VUI VẺ	Mối quan hệ
khi nào tôi có thể được nhận	TÔI NHẬN ĐƯỢC KHI NÀO	Công việc
trình độ chuyên môn cần thiết cho vị trí đó là gì	TRÌNH ĐỘ CHUYÊN MÔN CẦN THIẾT CHO VỊ TRÍ NÀY GÌ	Công việc
tôi sẽ mang danh thiếp đến cảm ơn rất nhiều	TÔI DANH THIẾP MANG ĐẾN CẢM ƠN NHIỀU	Sức khỏe
cảm ơn mẹ cảm ơn	MẸ CẢM ƠN CẢM ƠN	Cuộc sống thường nhật
vâng thỉnh thoảng tôi tới đây	TÔI ĐÂY ĐẾN THỈNH THOẢNG VÂNG	Mối quan hệ
giàn hoa giấy trước cổng nhà nở rộ những bông hoa rực rỡ	GIÀN HOA GIẤY NHỮNG BÔNG HOA RỰC RỠ NỞ RỘ TRƯỚC CỔNG NHÀ	Cuộc sống thường nhật
không tôi nghĩ một nửa lít sẽ là đủ	TÔI NGHĨ MỘT NỬA LÍT ĐỦ	Cuộc sống thường nhật
tôi đang tìm một cái chảo tôi có thể sử dụng trong nhà bếp của mình	NHÀ BẾP CỦA TÔI TÌM CÁI CHẢO MỘT SỬ DỤNG CÓ THỂ	Cuộc sống thường nhật
anh ấy đã hứa sẽ không bao giờ lặp lại sai lầm	ANH ẤY SAI LẦM LẶP LẠI HỨA KHÔNG BAO GIỜ	Mối quan hệ
tôi nên làm gì sau khi nộp đơn	TÔI NỘP ĐƠN SAU LÀM GÌ	Công việc
anh đã làm bạn thất vọng anh sẽ bù đắp cho bạn bằng cách nào đó	ANH EM BUỒN LÀM MÌNH BIẾT BÙ LẠI TÌM CÁCH SẼ	Công việc
rất vui được gặp bạn bạn tina	VUI GẶP BẠN	Công việc
sáng nay các bạn ra ngoài tìm tôi	SÁNG NAY CÁC BẠN RA NGOÀI TÌM TÔI	Mối quan hệ
được rồi hãy xem khi nào bộ phim tiếp theo được phát	PHIM TIẾP THEO CHIẾU KHI NÀO XEM ĐƯỢC RỒI	Mối quan hệ
tạm biệt alice	TẠM BIỆT BẠN	Mối quan hệ
tôi thích chơi cờ	TÔI CỜ CHƠI THÍCH	Mối quan hệ
tỉnh bình thuận nổi tiếng với những bãi biển rất đẹp	TỈNH BÌNH THUẬN NHỮNG BÃI BIỂN ĐẸP NỔI TIẾNG CÓ	Du lịch
ồ vâng cánh tay tốt bạn có thể cho tôi biết tên của bạn xin vui lòng	BẠN TÊN CHO BIẾT CÓ THỂ	Công việc
đồng hồ này có chức năng gì	ĐỒNG HỒ NÀY CHỨC NĂNG GÌ CÓ THẾ	Cuộc sống thường nhật
tôi tự hỏi bây giờ ai đang ở đây	TÔI TỰ HỎI BÂY GIỜ Ở ĐÂY AI	Cuộc sống thường nhật
con chó là người bạn trung thành nhất của con người	VỚI CON NGƯỜI CON CHÓ LÀ NGƯỜI BẠN TRUNG THÀNH NHẤT	Mối quan hệ
2 giờ và chúng ta sẽ gặp nhau bên cạnh xe buýt của chúng tôi nó ở đằng kia	HAI GIỜ NHÉ XE BUÝT CHÚNG TA CẠNH GẶP NHAU Ở NGAY ĐẰNG KIA	Du lịch
bạn có thể làm cho nó lên bằng cách tham dự phần khác của tôi trong tuần này	BẠN TUẦN NÀY GIÚP TÔI HOÀN THÀNH PHẦN VIỆC KHÁC ĐƯỢC KHÔNG	Cuộc sống học đường
hiện tại cả hai đều ổn đối với tôi vậy bạn cần gì nhất	HIỆN TẠI CẢ HAI ĐỀU ỔN VỚI TÔI BẠN CẦN GÌ	Công việc
bạn đùa à nó không thể là sự thật được	BẠN ĐÙA NÓ THẬT KHÔNG THỂ	Mối quan hệ
giờ thì thổi vào ống hút đi	BÂY GIỜ ỐNG HÚT THỔI	Cuộc sống thường nhật
cơn bão đã làm gãy đổ một vài cây cột điện	CƠN BÃO CỘT ĐIỆN VÀI LÀM GÃY ĐỔ	Cuộc sống thường nhật
hành vi của anh ta là không thể chấp nhận được	ANH TA HÀNH VI HÀNH ĐỘNG CƯ XỬ CHẤP NHẬN KHÔNG	Thái độ và Cảm xúc
không là thịt bò	KHÔNG THỊT BÒ	Cuộc sống thường nhật
đừng lo tôi sẽ lấy nó	LO LẮNG ĐỪNG TÔI LẤY NÓ	Cuộc sống thường nhật
báo cáo này phân tích tình hình kinh tế hiện nay	BÁO CÁO NÀY TÌNH HÌNH KINH TẾ PHÂN TÍCH HIỆN NAY	Tài chính
không vấn đề gì bạn gái hẹn gặp lại bạn lần sau	KHÔNG SAO LẦN SAU BẠN HẸN GẶP LẠI	Thái độ và Cảm xúc
anh ấy thích lướt ván trên những con sóng lớn ở biển	ANH ẤY LƯỚT VÁN SÓNG LỚN NGOÀI BIỂN THÍCH	Du lịch
wow chiếc xe đó gần như đâm vào tôi	CHIẾC XE ĐÓ SẮP ĐÂM VÀO TÔI	Cuộc sống thường nhật
sao bạn không đi làm muộn	BẠN ĐI LÀM MUỘN KHÔNG TẠI SAO	Chính trị
tôi không nghĩ rằng chúng ta có thể đi ra ngoài và đi chơi	TÔI NGHĨ CHÚNG TA ĐI RA NGOÀI ĐI CHƠI KHÔNG	Cuộc sống thường nhật
ok hãy làm như vậy nếu bạn không thấy phiền	OK LÀM NHƯ VẬY NẾU BẠN PHIỀN KHÔNG	Du lịch
rất tốt thưa ông đơn đặt hàng của bạn sẽ sẵn sàng trong một tuần	RẤT TỐT ĐƠN ĐẶT HÀNG CỦA BẠN SẴN SÀNG MỘT TUẦN	Cuộc sống thường nhật
bạn đang có kế hoạch tìm kiếm một ở đâu	BẠN KẾ HOẠCH TÌM KIẾM Ở ĐÂU	Cuộc sống thường nhật
bạn có thể cho chúng tôi một ví dụ được không	BẠN CHO CHÚNG TÔI VÍ DỤ MỘT ĐƯỢC KHÔNG	Cuộc sống học đường
vâng cho tôi xin danh thiếp của bà được không	DANH THIẾP CỦA BÀ XIN CHO TÔI ĐƯỢC KHÔNG	Du lịch
sáu giờ rưỡi sáng mai	6H30 SÁNG MAI	Du lịch
người lao động cần hiểu rõ quyền lợi của mình trong hợp đồng	NGƯỜI LAO ĐỘNG HỢP ĐỒNG QUYỀN LỢI HIỂU PHẢI	Công việc
hành vi gian lận trong thi cử sẽ bị nhà trường xử lý nghiêm khắc	HÀNH VI THI CỬ GIAN LẬN GIAN DỐI NHÀ TRƯỜNG NGHIÊM KHẮC XỬ LÝ	Cuộc sống học đường
chỉ có vậy thôi	TẤT CẢ RỒI	Cuộc sống học đường
anh ấy quyết không lùi bước trước những khó khăn và thử thách	ANH ẤY NHỮNG KHÓ KHĂN THỬ THÁCH ĐỐI MẶT LUÔN	Thái độ và Cảm xúc
cô ấy rất buồn vì bị mất chiếc vòng tay kỷ niệm quý giá	CÔ ẤY BUỒN VÌ VÒNG TAY KỶ NIỆM BỊ MẤT	Thái độ và Cảm xúc
bạn biết cầu thủ bóng đá nổi tiếng nào	BẠN CẦU THỦ BÓNG ĐÁ NỔI TIẾNG BIẾT NÀO	Cuộc sống thường nhật
chúng tôi đang trang trí lại và tôi sẽ thêm một số điều	CHÚNG TÔI SỬA SANG LẠI CHI TIẾT MỚI THÊM VÀI	Công việc
nhà thờ có kiến trúc mái vòm cổ kính rất độc đáo	NHÀ THỜ KIẾN TRÚC MÁI VÒM CỔ KÍNH ĐỘC ĐÁO	Văn hóa và Giáo dục
tủ lạnh đặc biệt này là một lựa chọn rất tốt	TỦ LẠNH ĐẶC BIỆT LỰA CHỌN RẤT TỐT	Cuộc sống thường nhật
chúng tôi muốn có một ngôi nhà nhỏ ấm cúng hơn với 2 phòng ngủ và 1 phòng tắm	CHÚNG TÔI CĂN NHÀ NHỎ ẤM CÚNG HAI PHÒNG NGỦ MỘT PHÒNG TẮM MUỐN	Cuộc sống thường nhật
anh phục vụ mang thực đơn cho tôi nhé	ANH PHỤC VỤ THỰC ĐƠN MANG CHO TÔI	Cuộc sống thường nhật
chiếc quạt treo tường trong phòng học đã bị hỏng rồi	TRONG PHÒNG HỌC QUẠT TREO TƯỜNG HỎNG	Cuộc sống học đường
tôi đi ngủ đây	BÂY GIỜ TÔI ĐI NGỦ	Cuộc sống thường nhật
vâng đó là một vấn đề	ĐÓ VẤN ĐỀ 1	Mối quan hệ
nó nằm dưới gầm bàn	GẦM BÀN DƯỚI	Cuộc sống thường nhật
bạn đã có được vị trí bạn muốn	ANH VỊ TRÍ MONG MUỐN CÓ CHƯA ĐƯỢC	Tài chính
trái đất là hành tinh duy nhất có sự sống trong hệ mặt trời	TRÁI ĐẤT HÀNH TINH DUY NHẤT SỰ SỐNG CÓ TRONG HỆ MẶT TRỜI	Văn hóa và Giáo dục
có gì khác biệt	KHÁC BIỆT GÌ	Tài chính
chúng tôi sẽ thảo luận về điều này khi bạn đặt hàng với chúng tôi	CHÚNG TA BÀN THÊM KHI ANH ĐẶT HÀNG	Công việc
bài văn của bạn có ý tưởng tốt nhưng chưa thực sự mạch lạc	BÀI VĂN CỦA BẠN Ý TƯỞNG TỐT CÓ NHƯNG MẠCH LẠC CHƯA	Cuộc sống học đường
ồ tôi không quan tâm đến điều đó	Ồ TÔI ĐIỀU ĐÓ QUAN TÂM KHÔNG	Cuộc sống thường nhật
bạn đã cho chó con ăn chưa	BẠN CHÓ ĂN CHO CHƯA	Mối quan hệ
không sao bạn đã gửi cv của mình cho bất kỳ ai chưa	KHÔNG SAO BẠN HỒ SƠ GỬI CHƯA	Mối quan hệ
tôi không nghe thấy anh tiếng nhạc quá lớn	TÔI KHÔNG NGHE RÕ NHẠC TO QUÁ	Mối quan hệ
cả nhà quây quần ăn tối mừng ngày của cha thật ấm cúng	BUỔI TỐI CẢ NHÀ ĂN QUÂY QUẦN ẤM CÚNG CHÚC MỪNG NGÀY CỦA CHA	Mối quan hệ
diễn xuất của cô ấy ổn	CÔ ẤY DIỄN XUẤT ỔN	Mối quan hệ
rất tốt cảm ơn bạn parker	RẤT TỐT CẢM ƠN BẠN	Mối quan hệ
bé gái thích nghe kể chuyện về nàng công chúa và hoàng tử	BÉ GÁI CÂU CHUYỆN CÔNG CHÚA VÀ HOÀNG TỬ NGHE THÍCH	Văn hóa và Giáo dục
tất nhiên là bố muốn rồi dạo này nó khá được yêu thích	TẤT NHIÊN BỐ MUỐN DẠO NÀY NÓ YÊU THÍCH ĐƯỢC	Mối quan hệ
cả nhà cùng nhau phá cỗ đêm rằm trung thu	CẢ NHÀ PHÁ CỖ ĐÊM RẰM TRUNG THU CÙNG NHAU	Văn hóa và Giáo dục
bạn lúc nào cũng tốt với tôi	BẠN VỚI TÔI TỐT LUÔN LUÔN	Cuộc sống thường nhật
cậu bé ấy đã mồ côi cha mẹ từ khi còn nhỏ	CẬU BÉ ẤY CHA MẸ MỒ CÔI KHI NHỎ RỒI	Mối quan hệ
ông có thể cho tôi biết giờ không	ÔNG TÔI NÓI MẤY GIỜ BIẾT ĐƯỢC KHÔNG	Mối quan hệ
ồ tôi hiểu rồi khi nào bạn rời đi	TÔI HIỂU RỒI BẠN ĐI KHI NÀO	Tài chính
hãy đi ăn ở ngoài	ĐI ĂN NGOÀI	Cuộc sống thường nhật
điều đó thật tuyệt họ cung cấp cho chúng tôi sự lựa chọn thuận tiện	TUYỆT QUÁ HỌ MANG ĐẾN CHÚNG TÔI NHIỀU LỰA CHỌN TIỆN LỢI	Công việc
ông tôi có một chiếc ấm trà bằng gốm rất đẹp	ÔNG TÔI CHIẾC ẤM TRÀ GỐM CÓ ĐẸP	Cuộc sống thường nhật
ồ bạn có không điều đó rất dễ làm	BẠN CÓ À CÁI ĐÓ LÀM DỄ	Thái độ và Cảm xúc
thầy giáo viết công thức toán học lên trên bảng đen	BẢNG ĐEN THẦY GIÁO CÔNG THỨC TOÁN HỌC VIẾT	Cuộc sống học đường
chúng tôi có thể làm điều đó	CHÚNG TÔI ĐIỀU ĐÓ LÀM CÓ THỂ	Cuộc sống thường nhật
cây chổi lông gà giúp quét sạch bụi bẩn trên bàn thờ	TRÊN BÀN THỜ CÂY CHỔI LÔNG GÀ BỤI BẨN QUÉT SẠCH	Cuộc sống thường nhật
đức tính thật thà của anh ấy được mọi người yêu quý	MỌI NGƯỜI ANH ẤY YÊU QUÝ VÌ THẬT THÀ	Thái độ và Cảm xúc
bạn có muốn đi đến đền thờ với tôi	BẠN CHÙA VỚI TÔI ĐI ĐẾN MUỐN	Mối quan hệ
bạn sẽ thưởng thức những gì	BẠN MÓN GÌ THƯỞNG THỨC	Cuộc sống thường nhật
cảm ơn bạn đã gọi đến công ty tôi có thể giúp gì cho bạn	BẠN CÔNG TY GỌI ĐẾN CẢM ƠN TÔI GIÚP BẠN GÌ	Công việc
làm việc trong phòng tập thể dục là một cách rất tốt để giảm cân	LÀM VIỆC PHÒNG TẬP THỂ DỤC TRONG GIẢM CÂN TỐT	Cuộc sống thường nhật
charles bạn có con không	ANH CÓ CON CHƯA	Mối quan hệ
em rất yêu quý người chú đã dạy em học bơi	EM YÊU QUÝ NGƯỜI CHÚ EM DẠY HỌC BƠI	Mối quan hệ
ồ cảm ơn anh nhưng anh viết thế nào nhỉ	Ồ CẢM ƠN NHƯNG ANH VIẾT THẾ NÀO	Cuộc sống thường nhật
tại sao không	TẠI SAO	Mối quan hệ
nhìn thấy bốn hòn đảo	HÒN ĐẢO 4 NHÌN THẤY	Du lịch
tại sao bạn không uống nước lọc hoặc nước trái cây để không bị mất nước	NƯỚC LỌC HOẶC NƯỚC TRÁI CÂY BẠN NƯỚC KHÔNG TẠI SAO	Cuộc sống thường nhật
xin lỗi bồi bàn tôi vừa thả muỗng xuống đất bạn có thể mang cho tôi một cái khác không	THÌA CỦA TÔI RƠI BẠN CÁI KHÁC MANG CHO TÔI ĐƯỢC KHÔNG	Cuộc sống thường nhật
xe của tôi đã sẵn sàng chưa	XE TÔI CHUẨN BỊ XONG CHƯA	Mối quan hệ
chuyến du lịch trung quốc để lại nhiều kỷ niệm đẹp	CHUYẾN DU LỊCH TRUNG QUỐC KỶ NIỆM ĐẸP CÓ NHIỀU	Du lịch
cơn lốc xoáy bất ngờ đã gây ra nhiều thiệt hại nặng nề	CƠN LỐC XOÁY BẤT NGỜ THIỆT HẠI NẶNG NỀ GÂY RA NHIỀU	Cuộc sống thường nhật
tôi có nên làm gì khác không	TÔI LÀM KHÁC NÊN CÓ KHÔNG	Sức khỏe
bao nhiêu đô la	ĐÔ LA BAO NHIÊU	Du lịch
anh ấy luôn ở trong thế bị động trước mọi tình huống	ANH ẤY BỊ ĐỘNG BỐI RỐI LUÔN TRƯỚC MỌI TÌNH HUỐNG	Thái độ và Cảm xúc
tác giả của cuốn tiểu thuyết này là một nhà văn nổi tiếng	CUỐN TIỂU THUYẾT TRUYỆN NÀY TÁC GIẢ NHÀ VĂN NỔI TIẾNG 1	Văn hóa và Giáo dục
xin chào bạn có chuyện gì vậy	XIN CHÀO CHUYỆN GÌ	Thái độ và Cảm xúc
cảm ơn trời đẹp quá tiếc là tôi đang trực	CẢM ƠN TRỜI ĐẸP QUÁ TIẾC TÔI TRỰC	Mối quan hệ
có một số chỗ ngồi ở tầng lửng phía sau	CHỖ NGỒI VÀI TẦNG LỬNG PHÍA SAU CÓ	Mối quan hệ
tôi nên chèn bao nhiêu tiền vào khe	TÔI BAO NHIÊU TIỀN KHE BỎ NÊN	Cuộc sống thường nhật
vào lúc 1030	10H 30 PHÚT	Du lịch
mấy luống rau cải bị con sâu ăn lá trông thật xơ xác	LUỐNG RAU CẢI LÁ CON SÂU ĂN TRÔNG HỎNG	Cuộc sống thường nhật
bắt đầu nào	BẮT ĐẦU HÃY	Cuộc sống thường nhật
ông tôi đặt một cái bẫy chuột ở góc nhà kho	ÔNG TÔI BẪY CHUỘT CÁI 1 ĐẶT Ở NHÀ KHO GÓC	Cuộc sống thường nhật
buổi lễ khai mạc diễn ra trang trọng vào sáng hôm qua	SÁNG HÔM QUA BUỔI LỄ KHAI MẠC DIỄN TRANG TRỌNG NGHIÊM TÚC	Văn hóa và Giáo dục
vâng đó là những gì tôi mong muốn	ĐÓ LÀ NHỮNG GÌ TÔI MONG MUỐN	Du lịch
sáng mai tôi muốn gặp huấn luyện viên	SÁNG MAI TÔI HUẤN LUYỆN VIÊN GẶP MUỐN	Du lịch
điều gì khác là quan trọng để giữ sức khỏe	ĐIỀU KHÁC QUAN TRỌNG GIỮ SỨC KHỎE CÒN CÓ KHÔNG	Sức khỏe
cảm ơn rất nhiều vì đã phỏng vấn tôi tối nay	CẢM ƠN RẤT NHIỀU VÌ PHỎNG VẤN TÔI TỐI NAY	Công việc
có mang cho tôi một cái khăn tắm là tốt nhất	CÓ KHĂN TẮM MANG CHO TÔI TỐT NHẤT	Du lịch
chúng ta cần chuẩn bị kỹ lưỡng cho kỳ thi cuối kỳ	CHÚNG TA KÌ THI CUỐI KÌ CHUẨN BỊ KĨ LƯỠNG CẦN PHẢI	Cuộc sống học đường
chắc chắn rồi số của bạn là 5458897 và bạn sống ở 908 mulbury street	SỐ BẠN 545 8897 SỐNG ĐƯỜNG MULBURY 908 ĐÚNG RỒI	Công việc
tôi đã chờ đợi một thời gian dài	TÔI CHỜ THỜI GIAN DÀI RỒI	Cuộc sống thường nhật
ra ngoài ý kiến của bạn là gì	RA NGOÀI Ý KIẾN CỦA BẠN LÀ GÌ	Mối quan hệ
trang phục truyền thống của dân tộc mường có nhiều nét đặc sắc riêng	DÂN TỘC MƯỜNG TRANG PHỤC TRUYỀN THỐNG NÉT ĐẶC SẮC RIÊNG CÓ NHIỀU	Văn hóa và Giáo dục
vâng tôi cảm thấy sảng khoái	TÔI SẢNG KHOÁI CẢM THẤY	Du lịch
mùa đông thì sao	MÙA ĐÔNG THÌ SAO	Mối quan hệ
tôi muốn đi một mình	TÔI ĐI MỘT MÌNH MUỐN	Mối quan hệ
tôi chủ yếu làm kế hoạch quảng cáo	TÔI LÀM KẾ HOẠCH QUẢNG CÁO CHỦ YẾU	Công việc
bạn có muốn tôi chỉ cho bạn chỗ tôi tìm thấy chúng không	TÔI CHỈ CHO BẠN CHỖ TÌM THẤY MUỐN KHÔNG	Cuộc sống thường nhật
bạn có phàn nàn gì không	BẠN HÀI LÒNG KHÔNG GÌ	Mối quan hệ
sức khỏe tâm thần cũng quan trọng như sức khỏe thể chất vậy	SỨC KHỎE TINH THẦN SỨC KHỎE THỂ CHẤT QUAN TRỌNG NHƯ NHAU	Sức khỏe
hmm tại sao bạn nghĩ rằng họ đã đưa nó cho anh ta và không cho bạn	BẠN NGHĨ HỌ ĐƯA NÓ CHO ANH ẤY VÀ KHÔNG CHO BẠN TẠI SAO	Mối quan hệ
tôi thích một người làm việc chăm chỉ tôi không thích những người lười biếng	TÔI NGƯỜI CHĂM CHỈ THÍCH KẺ LƯỜI BIẾNG KHÔNG ƯA	Công việc
hành khách nhanh chóng lên xe buýt để kịp giờ đi làm	HÀNH KHÁCH XE BUÝT LÊN NHANH CHÓNG ĐỂ ĐI LÀM ĐÚNG GIỜ	Cuộc sống thường nhật
không tôi thích ở bên ngoài tôi đã đi bộ đường dài và đạp xe leo núi	KHÔNG TÔI Ở NGOÀI THÍCH TÔI ĐƯỜNG DÀI ĐI BỘ ĐẠP XE LEO NÚI	Cuộc sống thường nhật
không có gì chủ nhà trả tiền	KHÔNG SAO CHỦ NHÀ TIỀN TRẢ	Cuộc sống thường nhật
bạn đang học ngôn ngữ nào ở đây	BẠN NGÔN NGỮ HỌC NÀO	Văn hóa và Giáo dục
không có gì rẻ hơn sao	KHÔNG CÓ GÌ RẺ HƠN	Mối quan hệ
anh ta rơi vào tuyệt vọng khi biết mình đã mất tất cả	ANH TA TUYỆT VỌNG CHÁN KHI MẤT TẤT CẢ	Thái độ và Cảm xúc
khi mây dày đặc trời sẽ mưa	KHI ĐÁM MÂY DÀY ĐẶC TRỜI MƯA	Cuộc sống thường nhật
thứ hai tuần sau thì sao	THỨ HAI TUẦN SAU ĐƯỢC KHÔNG	Công việc
tôi muốn đặt vé một chiều	TÔI VÉ MỘT CHIỀU ĐẶT	Du lịch
ngôi trường ptcs cũ của tôi đã được xây lại khang trang	TÔI NGÔI TRƯỜNG PTCS CẤP 2 CŨ XÂY DỰNG ĐƯỢC KHANG TRANG TO LỚN	Cuộc sống học đường
à tôi chưa sẵn sàng	À TÔI SẴN SÀNG CHƯA	Cuộc sống thường nhật
tại sao tôi đã ở lại 3 đêm	TẠI SAO TÔI 3 ĐÊM Ở LẠI	Du lịch
giờ có đau không	BÂY GIỜ ĐAU KHÔNG	Mối quan hệ
cô ấy đang cẩn thận gói quà sinh nhật cho bạn của mình	CÔ ẤY QUÀ SINH NHẬT BẠN GÓI CẨN THẬN	Mối quan hệ
mọi người cùng nhau cầu nguyện cho thế giới được hòa bình	MỌI NGƯỜI CÙNG NHAU CẦU NGUYỆN CHO THẾ GIỚI HOÀ BÌNH	Thái độ và Cảm xúc
đồ trang sức	ĐỒ TRANG SỨC À	Công việc
cảm xúc của tôi lúc này thật lẫn lộn khó tả	TÔI CẢM XÚC LÚC NÀY BÂY GIỜ LUNG TUNG KHÓ TÁ NÓI RA KHÓ	Thái độ và Cảm xúc
đứng lên đẹp và thẳng	ĐỨNG LÊN THẲNG ĐẸP	Cuộc sống thường nhật
đừng lo kẹt xe sẽ sớm qua thôi	KẸT XE HẾT CHẮC SẮP ĐỪNG LO	Cuộc sống thường nhật
um ai trong số họ là người đánh máy tốt hơn	HỌ TRONG AI ĐÁNH MÁY TỐT CÓ KHÔNG	Mối quan hệ
tôi xin lỗi bạn tôi để quên ở nhà sáng mai tôi sẽ mang trả lại	TÔI Ở NHÀ ĐỂ QUÊN RỒI SÁNG MAI TÔI MANG TRẢ LẠI	Công việc
bố ơi	BỐ ƠI	Cuộc sống thường nhật
bạn đúng là một người bạn đang cần giúp đỡ	BẠN ĐẾN LÚC TÔI CẦN GIÚP ĐÚNG	Mối quan hệ
nghe có vẻ tuyệt vời tôi đã mơ ước được đến đó trong nhiều tháng	TUYỆT VỜI NHIỀU THÁNG TÔI MƠ ƯỚC	Du lịch
anh ấy đang chờ ai đó	ANH ẤY AI ĐÓ CHỜ	Mối quan hệ
tôi thích đi du lịch cùng gia đình	TÔI ĐI DU LỊCH CÙNG GIA ĐÌNH THÍCH	Chính trị
vâng còn bao nhiêu vé	VÉ CÒN BAO NHIÊU	Du lịch
chi tiết	CHI TIẾT À	Mối quan hệ
bữa sáng của tôi hôm nay là một đĩa bánh cuốn nóng hổi	BỮA SÁNG HÔM NAY TÔI ĐĨA BÁNH CUỐN NÓNG	Cuộc sống thường nhật
cảm ơn bạn thật may mắn khi tôi có một đối tác tốt	TÔI NGƯỜI CỘNG SỰ TỐT CÓ MAY MẮN THẬT CẢM ƠN BẠN	Mối quan hệ
tôi đã có chiếc mũ rộng vành để giữ cho mặt trời khỏi mặt tôi	TÔI MŨ RỘNG VÀNH CÓ RỒI MẶT TRỜI NẮNG TRÁNH	Sức khỏe
thật sao bạn đã đọc sách về nó ok sau đó nhưng chỉ khi bạn muốn	BẠN SÁCH ĐÓ ĐỌC CHƯA MIỄN BẠN MUỐN	Mối quan hệ
tiếng chuông nhà reo lên báo hiệu có khách đến chơi	NHÀ TIẾNG CHUÔNG REO LÊN BÁO HIỆU KHÁCH ĐẾN CHƠI	Cuộc sống thường nhật
oh đó là rất tốt của bạn cảm ơn bạn rất nhiều tôi phải đi	TỐT BỤNG THẬT CẢM ƠN BẠN NHIỀU TÔI ĐI RỒI	Công việc
cảm ơn bạn và có một ngày tuyệt vời	CHÚC BẠN NGÀY TUYỆT VỜI CÓ	Cuộc sống thường nhật
nhà thờ đức bà là một biểu tượng của thành phố hồ chí minh	NHÀ THỜ ĐỨC BÀ LÀ BIỂU TƯỢNG CỦA THÀNH PHỐ HỒ CHÍ MINH	Du lịch
tiếng anh của bạn tốt như thế nào	TIẾNG ANH CỦA BẠN TỐT THẾ NÀO	Công việc
ăn xoài như thế nào	XOÀI ĂN NHƯ THẾ NÀO	Cuộc sống thường nhật
tên của khách hàng là gì và số phòng của anh ta là bao nhiêu	KHÁCH HÀNG TÊN LÀ GÌ SỐ PHÒNG CỦA ANH ẤY BAO NHIÊU	Công việc
xin chào daniel bạn đang cầm cự như thế nào tôi rất xin lỗi vì mất mát của bạn	CHÀO DANIEL BẠN DẠO NÀY ỔN KHÔNG TÔI MẤT MÁT BẠN TIẾC RẤT	Thái độ và Cảm xúc
vâng tôi nghi ngờ điều đó	TÔI NGHI NGỜ ĐIỀU ĐÓ	Công việc
quân đội quyết tâm tiêu diệt mọi kẻ thù xâm lược bờ cõi	QUÂN ĐÔI QUYẾT TÂM TIÊU DIỆT MỌI KẺ THÙ	Chính trị
không chỉ cần đến đây	ĐẾN CẦN	Mối quan hệ
đây là nhà hàng chúng ta sẽ gặp nhau	ĐÂY NHÀ HÀNG CHÚNG TA GẶP NHAU	Mối quan hệ
chờ chút	CHỜ CHÚT	Cuộc sống thường nhật
vâng bất cứ điều gì là tốt hơn so với không có gì chờ đợi và xem	VÂNG TỐT HƠN SO VỚI KHÔNG CÓ GÌ CHỜ ĐỢI XEM	Công việc
bạn có vẻ buồn bã có gì đằng sau bạn	BẠN BUỒN BẠN PHÍA SAU CÓ GÌ	Công việc
đó là tốt có biển báo trên đường đi trong trường hợp chúng ta bị lạc không	TỐT TRÊN ĐƯỜNG ĐI BIỂN CHỈ DẪN CÓ KHÔNG PHÒNG KHI CHÚNG TA LẠC	Du lịch
dù chưa dám nói ra nhưng tôi yêu bạn ấy rất nhiều	DÙ NÓI CHƯA DÁM NHƯNG TÔI YÊU BẠN ẤY RẤT NHIỀU	Mối quan hệ
đi dọc theo con đường này đến đèn giao thông	ĐI THẲNG THEO CON ĐƯỜNG ĐẾN ĐÈN GIAO THÔNG	Cuộc sống thường nhật
chào mừng đến với hạ long tôi có thể làm gì cho bạn	CHÀO MỪNG ĐẾN HẠ LONG TÔI CÓ THỂ LÀM GÌ CHO BẠN	Cuộc sống thường nhật
vâng tôi tự đóng gói nó	VÂNG TÔI TỰ ĐÓNG GÓI RỒI	Mối quan hệ
nếu nó vượt quá công suất thì sao	NẾU NÓ NĂNG LỰC VƯỢT TRỘI THÌ SAO	Công việc
vui lên nada bạn sẽ ổn thôi	VUI LÊN BẠN SẼ ỔN THÔI	Mối quan hệ
thái độ lười học sẽ dẫn đến kết quả học tập kém	NẾU HỌC LƯỜI THÌ KẾT QUẢ KÉM	Cuộc sống học đường
bạn học sinh bị đau bụng đã được đưa xuống phòng y tế	HỌC SINH ĐAU BỤNG PHÒNG Y TẾ ĐƯA XUỐNG RỒI	Sức khỏe
ý anh là bangkok	Ý BẠN BANGKOK PHẢI KHÔNG	Mối quan hệ
các chú cảnh sát đang đi tuần tra để đảm bảo an ninh	CÁC CHÚ CẢNH SÁT TUẦN TRA ĐI ĐỂ AN NINH ĐẢM BẢO	Công việc
nhiều bạn trẻ việt nam có ước mơ được đi du học	BẠN TRẺ VIỆT NAM ƯỚC MƠ ĐI DU HỌC CÓ NHIỀU	Văn hóa và Giáo dục
ông ấy đã đi ra ngoài	ÔNG ẤY ĐI RA NGOÀI RỒI	Công việc
bạn có nghĩ rằng họ sẽ trở nên hòa giải	BẠN NGHĨ HỌ TRỞ NÊN THÂN THIẾT À	Mối quan hệ
cô ấy thoa một lớp son môi đỏ thắm trước khi ra ngoài	CÔ ẤY LỚP SON ĐỎ THẮM THOA TRƯỚC KHI RA NGOÀI	Cuộc sống thường nhật
bạn mặc thử cái váy này được không	BẠN CHIẾC VÁY NÀY MẶC THỬ ĐƯỢC KHÔNG	Cuộc sống thường nhật
hiệu trưởng trường bạn 50 tuổi hiền tốt	TRƯỜNG CỦA BẠN HIỆU TRƯỞNG TUỔI 50 HIỀN TỐT	Văn hóa và Giáo dục
chắc chắn rồi tôi rất muốn	CHẮC CHẮN RỒI TÔI RẤT MUỐN	Mối quan hệ
có gì trong túi bạn có phiền mở túi không	TÚI TRONG GÌ BẠN TÚI MỞ ĐỒNG Ý CÓ KHÔNG	Du lịch
không khí thành phố buổi đêm thật yên tĩnh và trong lành	BUỔI ĐÊM THÀNH PHỐ KHÔNG KHÍ YÊN TĨNH VÀ TRONG LÀNH	Cuộc sống thường nhật
chúng ta có cần một chiếc thuyền không	CHÚNG TA CHIẾC THUYỀN MỘT CẦN	Cuộc sống thường nhật
ok anh yêu có một số pizza khoai tây chiên xúc xích và rất nhiều pho mát	ANH YÊU PIZZA KHOAI TÂY CHIÊN XÚC XÍCH PHÔ MAI NHIỀU NHÉ	Cuộc sống thường nhật
trường có nhiều phòng chức năng như phòng thí nghiệm thư viện	TRƯỜNG PHÒNG CHỨC NĂNG CÓ NHIỀU VÍ DỤ PHÒNG THÍ NGHIỆM PHÒNG THƯ VIỆN	Cuộc sống học đường
sau đó bật đèn lên làm ơn	SAU ĐÓ ĐÈN BẬT LÊN HÃY	Cuộc sống thường nhật
tốt nhân tiện ai sẽ nấu thịt	THỊT NẤU AI	Cuộc sống thường nhật
tôi đang cố gắng làm quen với những người bạn mới trong lớp	TÔI NHỮNG NGƯỜI BẠN MỚI CỐ GẮNG LÀM QUEN TRONG LỚP	Mối quan hệ
tôi không muốn bị ướt	TÔI ƯỚT MUỐN KHÔNG	Sức khỏe
chủ nhật này chúng ta đi xem phim được không mẹ	CHỦ NHẬT NÀY CHÚNG TA ĐI XEM PHIM ĐƯỢC	Mối quan hệ
chúng tôi ngồi ở toa xe số năm trên chuyến tàu	CHÚNG TÔI CHUYẾN TÀU TOA XE SỐ 5 NGỒI Ở	Du lịch
bạn biết không tôi không thể không ngủ được	BẠN BIẾT KHÔNG TÔI NGỦ PHẢI	Cuộc sống thường nhật
vâng nếu bạn nghĩ rằng tôi có thể giúp đỡ hãy cho tôi biết	BẠN NGHĨ TÔI GIÚP ĐƯỢC GÌ NÓI NHÉ	Mối quan hệ
phân số này có mẫu số bé hơn tử số	PHÂN SỐ NÀY MẪU SỐ TỬ SỐ BÉ HƠN CÓ	Văn hóa và Giáo dục
còn bao nhiêu trận nữa trong mùa giải này	TRẬN BAO NHIÊU CÒN MÙA GIẢI HẾT	Mối quan hệ
tôi nghĩ anh sẽ làm được nếu chúng ta không bị kẹt xe	TÔI NGHĨ BẠN LÀM ĐƯỢC NẾU CHÚNG TA TẮC ĐƯỜNG KHÔNG	Cuộc sống thường nhật
tôi muốn một chai xin vui lòng	TÔI CHAI 1 MUỐN	Cuộc sống thường nhật
vậy khi nào bốn mươi tư tới nó sẽ sớm đến đây chứ	44 TỚI NÓ ĐẾN ĐÂY SỚM KHI NÀO	Cuộc sống thường nhật
hôm nay ở trường thế nào rồi bạn	HÔM NAY Ở TRƯỜNG THẾ NÀO	Cuộc sống học đường
đó sẽ là tất cả cảm ơn rất nhiều	TẤT CẢ CẢM ƠN NHIỀU	Tài chính
bác sĩ khuyên tôi nên đi bơi để cải thiện sức khỏe	BÁC SĨ KHUYÊN TÔI ĐI BƠI ĐỂ SỨC KHOẺ TỐT HƠN	Sức khỏe
bạn ơi nó ở đằng kia	ƠI ĐẰNG KIA	Cuộc sống thường nhật
chúng ta nên để anh ta yên	ANH ẤY YÊN TĨNH	Mối quan hệ
anh ta để bạn lái xe ô tô à	ANH ẤY BẠN LÁI XE Ô TÔ À	Mối quan hệ
xin chào rất vui được gặp bạn ở đây trông bạn thật tuyệt	XIN CHÀO BẠN GẶP Ở ĐÂY VUI BẠN TRÔNG THẬT TUYỆT	Mối quan hệ
bạn muốn tặng hoa gì	BẠN HOA TẶNG MUỐN GÌ	Cuộc sống thường nhật
khi nào tôi có thể xem căn hộ một phòng ngủ	TÔI XEM CĂN HỘ PHÒNG NGỦ MỘT KHI NÀO	Cuộc sống thường nhật
bạn có cảm thấy tốt hơn	BẠN ĐỠ CHƯA	Mối quan hệ
không có gì	KHÔNG CÓ GÌ	Cuộc sống thường nhật
anh làm món này thế nào vậy	ANH MÓN NÀY LÀM THẾ NÀO	Mối quan hệ
nước ả rập có nền văn hoá độc đáo và đa dạng	Ả RẬP NỀN VĂN HOÁ ĐỘC ĐÁO VÀ ĐA DẠNG	Văn hóa và Giáo dục
ông thật tốt ông lee cảm ơn ông	ÔNG TỐT CẢM ƠN	Cuộc sống thường nhật
tôi sẽ quay lại lúc 3 giờ chiều	3 GIỜ CHIỀU TÔI QUAY LẠI	Du lịch
anh đã ăn bao nhiêu viên đá rồi	ANH VIÊN ĐÁ ĂN BAO NHIÊU	Sức khỏe
chắc chắn rồi còn thứ hai thì sao	THỨ HAI SAO	Mối quan hệ
cậu bé rất năng động	CẬU BÉ NĂNG ĐỘNG	Cuộc sống thường nhật
thủ đô oasinhtơn là trung tâm chính trị của nước mỹ	THỦ ĐÔ OA SINH TƠN LÀ TRUNG TÂM CHÍNH TRỊ NƯỚC MỸ	Chính trị
bạn đang tìm kiếm loại chương trình nào toàn thời gian hay bán thời giờ	BẠN CHƯƠNG TRÌNH LOẠI NÀO TÌM TOÀN THỜI GIAN HAY BÁN THỜI GIAN	Cuộc sống học đường
à vậy thì tôi không biết số điện thoại của bạn là gì bạn có thể kiểm tra giúp tôi được không	TÔI SỐ ĐIỆN THOẠI CỦA BẠN KHÔNG BIẾT BẠN KIỂM TRA GIÚP TÔI ĐƯỢC KHÔNG	Công việc
tốt cảm ơn bạn khỏe không	TỐT CẢM ƠN BẠN KHỎE KHÔNG	Cuộc sống học đường
bà thường cho tôi những chiếc kẹo ngọt ngào thơm thảo	BÀ CHO TÔI KẸO NGỌT VÀ THƠM	Mối quan hệ
con người cần tìm thế mạnh của bản thân	CON NGƯỜI THẾ MẠNH TÌM CẦN CHO BẢN THÂN	Thái độ và Cảm xúc
hẹn gặp lại lần sau	HẸN GẶP LẠI SAU	Cuộc sống thường nhật
vậy chúng ta nên đi đâu	CHÚNG TA ĐI ĐÂU	Mối quan hệ
cô ấy nhìn anh bằng một ánh mắt rất trìu mến	CÔ ẤY ANH ÁNH MẮT TRÌU MẾN NHÌN	Mối quan hệ
vâng chúng tôi muốn ở lại khu học chánh abc	KHU HỌC ABC CHÚNG TÔI Ở LẠI MUỐN	Cuộc sống thường nhật
chuyến bay đến hà nội bị hoãn hành khách vui lòng đợi trong phòng chờ	CHUYẾN BAY ĐẾN HÀ NỘI HOÃN HÀNH KHÁCH CHỜ ĐỢI TRONG PHÒNG CHỜ PHẢI KHÔNG	Du lịch
công việc này đòi hỏi nhân viên phải có tư duy sáng tạo	CÔNG VIỆC NÀY NHÂN VIÊN ĐÒI HỎI TƯ DUY NGHĨ SÁNG TẠO CÓ	Công việc
bạn nói bạn muốn cao hơn	BẠN NÓI BẠN CAO HƠN MUỐN	Cuộc sống thường nhật
vườn nhà bà ngoại có cây quả ổi rất sai trái	NHÀ BÀ NGOẠI VƯỜN ỔI TRĨU QUẢ QUẢ NHIỀU	Cuộc sống thường nhật
bạn sẽ nấu nó tất nhiên	BẠN NẤU SẼ	Cuộc sống thường nhật
đeo khẩu trang giúp ngăn ngừa vi khuẩn lây bệnh qua không khí	KHẨU TRANG ĐEO GIÚP NGĂN NGỪA VI KHUẨN LÂY BỆNH QUA KHÔNG KHÍ	Sức khỏe
bạn nhớ đậy chặt nắp chai nước sau khi uống	SAU KHI UỐNG BẠN NẮP CHAI XOAY CHẶT NHỚ	Cuộc sống thường nhật
oh tôi chưa từng học lớp âm nhạc trước đây	Ồ TÔI LỚP NHẠC HỌC CHƯA TỪNG	Cuộc sống học đường
được rồi bạn khi nào chúng ta phải ở đó	RỒI CHÚNG TA Ở ĐÓ PHẢI KHI NÀO	Cuộc sống thường nhật
và tôi phải trở lại trường học	TÔI TRƯỜNG QUAY LẠI PHẢI ĐÚNG KHÔNG	Cuộc sống thường nhật
tôi chỉ trả hai đô la cho cái của tôi	TÔI CÁI TÔI 50 000Đ TRẢ CHỈ	Mối quan hệ
sẽ không tốt nếu trời lạnh vào cuối tuần này	KHÔNG TỐT NẾU TRỜI LẠNH VÀO CUỐI TUẦN NÀY	Mối quan hệ
cà vạt của anh đẹp quá	ANH CÀ VẠT ĐẸP QUÁ	Mối quan hệ
ok tiếp theo	RỒI TIẾP THEO LÀ GÌ	Cuộc sống học đường
angkor wat ở campuchia là một nơi du lịch nổi tiếng thế giới	ANGKOR WAT LÀ NƠI DU LỊCH NỔI TIẾNG THẾ GIỚI Ở CAM PU CHIA	Du lịch
đậy nắp lại	NẮP ĐẬY	Cuộc sống thường nhật
không vấn đề gì tôi không có chó hay mèo	KHÔNG SAO TÔI CHÓ MÈO NUÔI KHÔNG	Cuộc sống thường nhật
đây có phải là american airlines	ĐÂY HÃNG VIETNAM AIRLINES PHẢI KHÔNG	Công việc
gia đình tôi trang trí cây thông rất đẹp dịp giáng sinh	GIÁNG SINH GIA ĐÌNH TÔI CÂY THÔNG TRANG TRÍ RẤT ĐẸP	Cuộc sống thường nhật
cô bé trông thật đáng yêu với bím tóc đuôi sam	CÔ BÉ BÍM TÓC ĐUÔI SAM TRÔNG ĐÁNG YÊU	Cuộc sống thường nhật
tuyệt vời được rồi	TUYỆT VỜI RỒI	Cuộc sống thường nhật
con đường bê tông mới làm rất bằng phẳng và dễ đi lại	CON ĐƯỜNG MỚI BẰNG PHẲNG ĐI DỄ	Cuộc sống thường nhật
tôi có thể gửi tin nhắn cho cô ấy không	TÔI CÔ ẤY NHẮN TIN CHO ĐƯỢC KHÔNG	Công việc
công ty có thể cung cấp loại bảo hiểm nào cho nhân viên của mình	CÔNG TY BẢO HIỂM LOẠI NÀO NHÂN VIÊN CUNG CẤP	Công việc
chúng tôi sẽ ghé thăm các điểm nổi tiếng nói chung	CHÚNG TÔI ĐI THĂM HẦU HẾT ĐIỂM NỔI TIẾNG	Du lịch
thế nào rồi chúng ta thắng chưa	SAO RỒI MÌNH THẮNG CHƯA	Mối quan hệ
bạn bị sao vậy mary trông bạn hơi xanh xao	BẠN THẾ NÀO NHÌN BẠN XANH XAO	Sức khỏe
tôi không tâng bốc bạn bạn tràn đầy năng lượng mỗi ngày	TÔI NỊNH KHÔNG BẠN NĂNG LƯỢNG TRÀN ĐẦY THẬT	Thái độ và Cảm xúc
điều đó nghe có vẻ tốt với tôi	ĐIỀU ĐÓ NGHE CÓ VẺ TỐT ĐỐI VỚI TÔI	Du lịch
chúng tôi đã hẹn nhau đi rạp chiếu phim vào cuối tuần	CUỐI TUẦN CHÚNG TÔI ĐI XEM PHIM HẸN	Cuộc sống thường nhật
tại sao chúng ta không xem một số trẻ em làm đồ chơi từ gỗ	CHÚNG TA XEM TRẺ EM ĐỒ CHƠI BẰNG GỖ LÀM KHÔNG TẠI SAO	Cuộc sống thường nhật
tôi chỉ cần phải đi đến lớp học vào chiều mai	CHIỀU MAI TÔI LỚP HỌC ĐI ĐẾN PHẢI	Mối quan hệ
tôi sẽ không phiền một cái burger	TÔI BURGER MỘT CÁI ĂN NGẠI KHÔNG	Cuộc sống thường nhật
mẹ ơi bạn sẽ đội mũ bảo hiểm và lái xe bình thường bạn hứa	MẸ ĐỘI MŨ BẢO HIỂM NHỚ LÁI XE CẨN THẬN HỨA NHÉ	Cuộc sống thường nhật
đó là nơi tôi dạy bạn tiếng trung và đổi lại bạn dạy tôi tiếng anh	ĐÓ NƠI TÔI DẠY BẠN TIẾNG TRUNG ĐỔI LẠI BẠN DẠY TÔI TIẾNG ANH	Thái độ và Cảm xúc
à tôi đã đến pháp nhưng tôi không thích ở đó	TÔI PHÁP ĐẾN RỒI NHƯNG TÔI KHÔNG THÍCH	Mối quan hệ
đoàn làm phim đang quay phim tại một bối cảnh cổ	ĐOÀN PHIM QUAY BỐI CẢNH CỔ	Công việc
để tôi nói chuyện với quản lý của tôi được chứ	TÔI QUẢN LÝ NÓI CHUYỆN VỚI ĐƯỢC CHỨ	Thái độ và Cảm xúc
không tôi chỉ kiểm tra cân nặng của tôi tôi đang béo lên	CÂN NẶNG KIỂM TRA CÂN NẶNG TĂNG	Mối quan hệ
con mèo mun đang nằm sưởi nắng trên nóc nhà	CON MÈO MUN NẰM SƯỞI NẮNG PHƠI NẮNG TRÊN NÓC NHÀ MÁI NHÀ	Cuộc sống thường nhật
chúng ta sẽ gặp nhau lúc tám giờ đúng không	CHÚNG TA GẶP LÚC TÁM GIỜ ĐÚNG KHÔNG	Mối quan hệ
tôi đang dùng nước để luộc trứng	TÔI NƯỚC TRỨNG LUỘC	Cuộc sống thường nhật
anh ấy là một nhà báo chuyên viết bài báo điều tra	ANH ẤY LÀ NHÀ BÁO CHUYÊN VIẾT BÀI BÁO ĐIỀU TRA	Công việc
anh còn màu nào khác không	ANH MÀU KHÁC CÒN KHÔNG	Cuộc sống thường nhật
đứa bé vừa chào đời đã cất tiếng khóc rất to và rõ	ĐỨA BÉ CHÀO ĐỜI SINH RA TIẾNG KHÓC TO RÕ	Cuộc sống thường nhật
bài toán này yêu cầu học sinh phải quy đồng mẫu số trước	BÀI TOÁN NÀY HỌC SINH YÊU CẦU PHẢI MẪU SỐ QUY ĐỒNG TRƯỚC	Cuộc sống học đường
mẹ cần mua máy tính mới	MẸ MÁY TÍNH MỚI MUA CẦN	Công việc
bạn đã học được những gì	BẠN HỌC GÌ	Cuộc sống học đường
được rồi tiếp tục nào	RỒI TIẾP TỤC	Cuộc sống thường nhật
vì mùa hè đang đến tôi nghĩ bơi lội là một cách tốt để bạn làm	VÌ MÙA HÈ ĐẾN TÔI NGHĨ BƠI LỘI TỐT NHẤT CHO BẠN	Cuộc sống thường nhật
tôi sẽ cần nó cài đặt sớm hơn thế	TÔI NÓ CÀI ĐẶT SỚM HƠN CẦN	Cuộc sống thường nhật
hôm nay là một ngày đặc biệt	HÔM NAY NGÀY ĐẶC BIỆT	Cuộc sống thường nhật
tôi sẽ tốn bao nhiêu tiền để mua một chiếc máy tính mới	TÔI MÁY TÍNH MỚI MUA TIỀN BAO NHIÊU	Cuộc sống thường nhật
số của tôi là 6265551739	SỐ CỦA TÔI 626 555 1739	Du lịch
bạn không có vấn đề gì với vẻ ngoài của nó sao	BẠN KHÔNG SAO VẺ NGOÀI CỦA NÓ VỚI À	Cuộc sống thường nhật
bạn có cá tươi không	BẠN CÁ TƯƠI CÓ KHÔNG	Cuộc sống thường nhật
chú mèo rón rén bước lại gần con chuột đang say ngủ	CHÚ MÈO CON CHUỘT SAY NGỦ GẦN TIẾN LẠI RÓN RÉN	Cuộc sống thường nhật
hôm nay chúng tôi học công thức tính diện tích hình hộp	HÔM NAY CHÚNG TÔI HÌNH HỘP DIỆN TÍCH CÔNG THỨC HỌC	Cuộc sống học đường
vâng đi thôi	OK ĐI	Mối quan hệ
trong đầu tôi luôn có một dấu hỏi lớn về tương lai	TÔI TRONG ĐẦU CÂU HỎI LỚN VỀ TƯƠNG LAI LUÔN CÓ	Thái độ và Cảm xúc
thật à bạn vừa ôn lại bài học cả tháng rồi à có hiệu quả không	THẬT BẠN BÀI HỌC ÔN LẠI CẢ THÁNG RỒI HIỆU QUẢ CÓ KHÔNG	Cuộc sống học đường
ngày lễ đang đến nên chúng ta cần hoàn thành nhiệm vụ của mình	NGÀY LỄ ĐẾN CHÚNG TA NHIỆM VỤ HOÀN THÀNH CẦN	Công việc
cám ơn tôi sẽ ngồi đằng kia	CẢM ƠN TÔI NGỒI BÊN KIA SẼ NHÉ	Cuộc sống học đường
đúng vậy đó là hoa hồng phải không	HOA HỒNG ĐÚNG KHÔNG	Mối quan hệ
việc học nhóm giúp chúng tôi trao đổi kiến thức hiệu quả hơn	HỌC NHÓM GIÚP CHÚNG TÔI TRAO ĐỔI KIẾN THỨC HIỆU QUẢ HƠN	Cuộc sống học đường
có lẽ ngài sẽ không phải chờ ai cả thưa ngài	BẠN CHỜ AI KHÔNG PHẢI	Du lịch
còn wifi thì sao	WIFI THẾ NÀO	Cuộc sống thường nhật
không tôi chưa bao giờ đến đó	TÔI ĐẾN ĐÓ CHƯA BAO GIỜ	Mối quan hệ
tôi nghĩ đó là người đưa thư bạn sẽ đi và mở cửa chứ	TÔI NGƯỜI ĐƯA THƯ NGHĨ ĐÓ BẠN CỬA MỞ ĐI	Mối quan hệ
bao nhiêu là máy quay video	MÁY QUAY VIDEO GIÁ BAO NHIÊU	Cuộc sống thường nhật
bà đang luộc mấy bắp ngô cho cả nhà ăn	BÀ BẮP NGÔ LUỘC CHO CẢ NHÀ ĂN	Cuộc sống thường nhật
tôi nghĩ chúng ta không cần mua thêm chiếc áo này đâu	TÔI NGHĨ CHÚNG TA CHIẾC ÁO NÀY MUA THÊM CẦN KHÔNG	Cuộc sống thường nhật
nó là loại gì	ĐÓ LOẠI NÀO	Cuộc sống thường nhật
rất tốt bạn không vội phải không	BẠN VỘI KHÔNG	Cuộc sống thường nhật
bữa tiệc tối nay có rất nhiều khách mời quan trọng	TỐI NAY BỮA TIỆC KHÁCH MỜI QUAN TRỌNG CÓ NHIỀU	Mối quan hệ
vâng hãy bắt đầu ngày hôm nay	HÔM NAY BẮT ĐẦU	Sức khỏe
cô giáo dặn chúng em không được đánh bạn trong lớp	Ở LỚP CÔ GIÁO CHÚNG EM DẶN ĐÁNH NHAU KHÔNG	Cuộc sống học đường
tuyệt chúng ta đi một mình hay đi nhóm	TUYỆT CHÚNG TA ĐI MỘT MÌNH ĐI NHÓM HAY	Du lịch
thực ra hôm qua tôi đã ăn quá nhiều thịt lợn tôi thích một sự thay đổi	HÔM QUA TÔI THỊT LỢN ĂN NHIỀU QUÁ RỒI BÂY GIỜ MÓN ĐỔI MUỐN	Cuộc sống thường nhật
ồ tôi cá là nó thực sự yên tĩnh nhưng có nhiều việc phải làm ở đó không	TÔI CHẮC CHẮN NÓ TIẾNG ỒN KHÔNG CÓ NHƯNG VIỆC NHIỀU CÓ KHÔNG	Mối quan hệ
tôi nên báo cáo với ai	TÔI BÁO CÁO AI	Công việc
chúng em học về chuyển động quay của trái đất quanh mặt trời	CHÚNG EM HỌC MẶT TRỜI TRÁI ĐẤT CHUYỂN ĐỘNG QUAY QUANH	Cuộc sống học đường
tôi sẽ lo việc trả tiền thuê nhà ngay bây giờ	TÔI THUÊ NHÀ TRẢ TIỀN CHUẨN BỊ NGAY BÂY GIỜ	Cuộc sống thường nhật
tôi nghĩ hôm nay gió to quá	TÔI NGHĨ HÔM NAY GIÓ TO	Cuộc sống thường nhật
tôi có thể cho bạn biết nơi tôi có nếu bạn muốn	TÔI CHO BẠN BIẾT NƠI CÓ NẾU BẠN MUỐN	Cuộc sống thường nhật
thật sao sau đó tôi đoán sống cùng nhau sẽ là một ý tưởng tốt	THẬT À SAU ĐÓ TÔI ĐOÁN SỐNG CÙNG NHAU Ý TƯỞNG TỐT	Mối quan hệ
bạn có muốn có một perm	BẠN MUỐN UỐN TÓC KHÔNG CÓ	Cuộc sống thường nhật
vâng đó là một loại rượu mạnh rất nổi tiếng ở mexico mọi người uống nó với muối và chanh	RƯỢU NỔI TIẾNG MEXICO NGƯỜI TA UỐNG VỚI MUỐI CHANH ĐÓ ĐÚNG	Cuộc sống thường nhật
anh đặt trước cho tôi một bản được không	TÔI BẢN SAO ĐẶT TRƯỚC 1 ĐƯỢC KHÔNG	Cuộc sống học đường
bánh mì chấm sữa đặc là món ăn sáng quen thuộc	BÁNH MÌ CHẤM SỮA ĐẶC MÓN SÁNG QUEN	Cuộc sống thường nhật
anh ấy là một nhân viên xuất sắc của công ty	Ở CÔNG TY ANH ẤY LÀ NHÂN VIÊN XUẤT SẮC	Công việc
thực sự bởi vì thức ăn cay là yêu thích của tôi	ĐỒ ĂN CAY RẤT THÍCH	Sức khỏe
gà quay giòn và thịt bò cay là đặc sản của chúng tôi	ĐẶC SẢN CỦA CHÚNG TÔI GÀ QUAY GIÒN THỊT BÒ CAY	Cuộc sống thường nhật
tôi soi mình trong cái gương trước khi ra khỏi nhà	TÔI SOI GƯƠNG KĨ TRƯỚC KHI RA NGOÀI	Cuộc sống thường nhật
để tôi giúp bạn một tay bạn đang mang rất nhiều sách	TÔI GIÚP BẠN TÔI SÁCH MANG NHIỀU	Cuộc sống học đường
vâng cho con xin một loại đồ uống không cồn nhé	CHO CON XIN ĐỒ UỐNG KHÔNG CỒN MỘT	Cuộc sống thường nhật
tôi nghe nói thời tiết ở đây rất lý tưởng giống như mùa xuân hầu hết trong năm	TÔI NGHE NÓI THỜI TIẾT ĐÂY QUANH NĂM DỄ CHỊU GẦN NHƯ MÙA XUÂN SUỐT	Mối quan hệ
tôi nghĩ rằng bài phát biểu của bạn là tuyệt vời	TÔI BÀI PHÁT BIỂU BẠN HAY NGHĨ	Mối quan hệ
được rồi họ đây rồi	RỒI HỌ ĐÂY RỒI	Cuộc sống thường nhật
làm ơn đợi tôi bảy phút	ĐỢI PHÚT 7 LÀM ƠN	Du lịch
cuối cùng tóc tôi khô	CUỐI CÙNG TÓC CỦA TÔI KHÔ	Sức khỏe
cô giáo dạy chúng em cách đọc thơ với ngữ điệu thật diễn cảm	CÔ GIÁO CHÚNG EM DẠY ĐỌC THƠ DIỄN CẢM	Văn hóa và Giáo dục
bạn có phiền không nếu tôi đi nhờ xe của bạn	NẾU TÔI XE CỦA BẠN ĐI CÙNG BẠN PHIỀN CÓ KHÔNG	Cuộc sống thường nhật
chắc chắn rồi một lời hứa là một hứa	CHẮC CHẮN RỒI HỨA GIỮ LỜI PHẢI	Mối quan hệ
tôi chắc vợ anh sẽ thích chúng	TÔI VỢ ANH MẤY MÓN ĐÓ THÍCH CHẮC	Cuộc sống thường nhật
vậy mục tiêu của bạn là gì	BẠN MỤC TIÊU CỦA GÌ	Công việc
cảm ơn xin vui lòng cho biết tên và số điện thoại của bạn	CẢM ƠN BẠN TÊN VÀ SỐ ĐIỆN THOẠI GÌ	Cuộc sống thường nhật
anh ta bị bắt giam vì tái phạm lỗi lầm cũ	ANH TA BẮT GIAM VÌ LỖI LẦM CŨ LÀM LẠI	Chính trị
nó không quan trọng tôi có thể đi với bạn đến siêu thị để chọn một cặp mới	NÓ QUAN TRỌNG KHÔNG TÔI BẠN ĐI VỚI SIÊU THỊ ĐẾN ĐỂ CHỌN MỘT CẶP MỚI CÓ THỂ	Du lịch
tốt miễn là bạn hiểu điều đó	TỐT MIỄN LÀ BẠN ĐIỀU ĐÓ HIỂU	Công việc
có một thời gian tốt	THỜI GIAN TỐT CÓ	Du lịch
tốt lắm phòng đẹp đấy	TỐT PHÒNG ĐẸP	Cuộc sống thường nhật
vâng tôi cần một bàn tay với máy fax fax của tôi không đi qua	MÁY FAX GIÚP TÔI CHÚT GỬI KHÔNG ĐƯỢC	Công việc
chúng tôi đã mời một chuyên gia về tư vấn cho dự án	CHÚNG TÔI CHUYÊN GIA 1 MỜI VỀ DỰ ÁN TƯ VẤN	Công việc
em bé mới sinh chỉ nặng khoảng ba nghìn g thôi	EM BÉ MỚI SINH NẶNG 3000 G 3KG THÔI	Sức khỏe
tuyệt vời gia đình tôi đến thăm tôi	TUYỆT VỜI GIA ĐÌNH TÔI ĐẾN THĂM	Mối quan hệ
cả hai đều rất tốt cảm ơn	CẢ HAI ĐỀU TỐT CẢM ƠN	Mối quan hệ
tôi không biết bạn đi với ai	TÔI KHÔNG BIẾT BẠN ĐI CÙNG AI	Thái độ và Cảm xúc
xin chào bạn có thể gọi taxi đón tôi trước 10 giờ sáng không	CHÀO BẠN TAXI GỌI ĐÓN SÁNG GIỜ 10 TRƯỚC CÓ THỂ	Cuộc sống thường nhật
tôi biết chơi đàn piano	TÔI ĐÀN PIANO CHƠI BIẾT	Văn hóa và Giáo dục
đầu gối của tôi bị đau sau khi chơi thể thao	TÔI ĐẦU GỐI ĐAU KHI THỂ THAO CHƠI	Sức khỏe
thuý đã sinh một bé trai ngày hôm qua	HÔM QUA THUÝ BÉ TRAI SINH	Mối quan hệ
bạn sẽ thấy giá của chúng tôi rất thuận lợi	BẠN SẼ THẤY GIÁ CỦA CHÚNG TÔI RẤT HỢP LÝ	Công việc
bữa sáng của tôi hôm nay là một đĩa cơm rang dưa bò	HÔM NAY TÔI BỮA SÁNG ĐĨA CƠM RANG DƯA BÒ 1	Cuộc sống thường nhật
tôi không thích rắn	TÔI RẮN KHÔNG THÍCH	Cuộc sống thường nhật
trông tuyệt vời phải không	TRÔNG TUYỆT VỜI PHẢI KHÔNG	Cuộc sống thường nhật
cô kế toán đang bận rộn tính toán sổ sách cuối tháng	CÔ KẾ TOÁN BẬN RỘN TÍNH TOÁN SỔ SÁCH CUỐI THÁNG	Công việc
chắc ông ấy vui lắm	ÔNG ẤY VUI LẮM CHẮC CHẮN	Mối quan hệ
với niềm vui bạn thích màu gì	VUI VỚI BẠN MÀU THÍCH GÌ	Cuộc sống thường nhật
nó vẫn còn quá nhiều anh có thể làm nó rẻ hơn không	NÓ ĐẮT VẪN BẠN LÀM RẺ HƠN ĐƯỢC KHÔNG	Cuộc sống thường nhật
bạn muốn nạp tiền vào tài khoản nào	BẠN TÀI KHOẢN NÀO TIỀN NẠP MUỐN	Tài chính
chúng ta sẽ làm gì tôi không thể lấy xe ra khỏi mương này tôi bị mắc kẹt	BÂY GIỜ TÔI LÀM THẾ NÀO XE MẮC KẸT TÔI LÁI RA KHÔNG ĐƯỢC	Cuộc sống thường nhật
chính xác là gì	CHÍNH XÁC GÌ	Cuộc sống thường nhật
tôi giặt quần áo rồi	TÔI QUẦN ÁO GIẶT RỒI	Cuộc sống thường nhật
học sinh đi học muộn sẽ phải nhận hình phạt thích đáng	HỌC SINH ĐI HỌC MUỘN PHẠT	Cuộc sống học đường
làm thế nào để bạn thích nó ở đây so với pcc	BẠN NÓ THÍCH SO SÁNH VỚI PCC LÀM THẾ NÀO	Văn hóa và Giáo dục
tôi sẽ gặp bạn trong nhà bếp sau	TÔI BẠN GẶP NHÀ BẾP SAU	Cuộc sống thường nhật
giờ ra chơi các bạn học sinh xin phép cô ra ngoài đi vệ sinh	GIỜ RA CHƠI HỌC SINH RA NGOÀI VỆ SINH XIN PHÉP CÔ GIÁO PHẢI	Cuộc sống học đường
ồ cảm ơn bạn nhân dịp gì vậy	Ồ CẢM ƠN NHÂN DỊP GÌ	Công việc
còn số người trên đường phố thì sao	CÒN NGƯỜI ĐƯỜNG PHỐ THÌ SAO	Mối quan hệ
không lần này là do tôi	KHÔNG LẦN NÀY LỖI TÔI LÀ	Cuộc sống thường nhật
công nhân phải đeo găng tay để đảm bảo an toàn lao động	CÔNG NHÂN GĂNG TAY ĐEO PHẢI LAO ĐỘNG AN TOÀN ĐẢM BẢO BẢO VỆ	Công việc
bao lâu nữa đến chuyến bay tiếp theo tới úc 	CHUYẾN BAY TIẾP THEO ĐẾN ÚC BAO LÂU	Du lịch
bạn dự định sử dụng loại bao bì nào cho lô hàng này	BẠN QUYẾT ĐỊNH HỘP NÀO SỬ DỤNG CHO HÀNG HÓA NÀY	Công việc
chào buổi sáng thưa ông bạn có đặt phòng không	BUỔI SÁNG CHÀO BẠN PHÒNG ĐẶT CÓ KHÔNG	Cuộc sống thường nhật
sức khỏe của tôi cũng không tốt lắm	SỨC KHỎE CỦA TÔI KHÔNG TỐT CŨNG	Mối quan hệ
tốt tiếp tục đi	TỐT TIẾP TỤC ĐI	Công việc
mẹ vừa bày một đĩa hoa quả tươi ngon lên bàn thờ	MẸ ĐĨA HOA QUẢ TƯƠI NGON 1 ĐẶT LÊN TRÊN BÀN THỜ	Cuộc sống thường nhật
ok bạn muốn đặt ngày nào	BẠN NGÀY NÀO ĐẶT MUỐN OK	Du lịch
tôi nhận được một email từ mẹ ngày hôm nay	TÔI E MAIL CỦA MẸ NHẬN ĐƯỢC NGÀY HÔM NAY	Cuộc sống thường nhật
ngon quá phải không	NGON PHẢI KHÔNG	Cuộc sống thường nhật
đây là phòng 504	PHÒNG TÔI 504	Du lịch
có vẻ như vẻ đẹp bên trong cũng rất quan trọng	VẺ ĐẸP BÊN TRONG QUAN TRỌNG CŨNG	Mối quan hệ
tôi có thể lấy lại cái áo len anh mượn không	ÁO LEN CỦA TÔI BẠN MƯỢN TÔI LẤY ĐƯỢC KHÔNG	Mối quan hệ
hùng có ở đó không	HÙNG Ở ĐÓ CÓ KHÔNG	Công việc
bạn đã áp dụng bất cứ nơi nào chưa	BẠN ÁP DỤNG NƠI CÓ KHÔNG	Cuộc sống học đường
bạn phải ăn sáng trước để đảm bảo có đủ năng lượng	BẠN ĂN SÁNG TRƯỚC NĂNG LƯỢNG ĐẦY ĐỦ CÓ	Sức khỏe
trong hình học đường thẳng được kéo dài vô tận về hai phía	TRONG HÌNH HỌC ĐƯỜNG THẲNG 2 PHÍA KÉO DÀI MÃI	Cuộc sống học đường
bạn có muốn chúng tôi giao nệm cho bạn không	BẠN CHÚNG TÔI NỆM GIAO ĐẾN NHÀ MUỐN KHÔNG	Công việc
không anh có thể hỏi cảnh sát ở đó	KHÔNG ANH CẢNH SÁT Ở ĐÓ HỎI	Tài chính
có thể uống bia không	UỐNG BIA CÓ KHÔNG	Cuộc sống thường nhật
nhẫn cưới của bạn đấy à	NHẪN CƯỚI CỦA BẠN	Cuộc sống thường nhật
cuộc sống của họ khá bập bênh sau khi mất việc làm	HỌ CUỘC SỐNG KHÓ KHĂN KHI CÔNG VIỆC MẤT	Cuộc sống thường nhật
mẹ dạy tôi cách dùng đũa để gắp thức ăn gọn gàng	MẸ DẠY TÔI DÙNG ĐŨA ĐỂ THỨC ĂN GẮP GỌN GÀNG	Văn hóa và Giáo dục
chơi bóng đá rồi hãy đến đây	BÓNG ĐÁ CHƠI RỒI ĐẾN ĐÂY	Cuộc sống thường nhật
vâng chúng tôi sẽ xem xét đề xuất của bạn	CHÚNG TÔI ĐỀ XUẤT BẠN XEM XÉT SẼ VÂNG	Công việc
không tôi không nghĩ là tôi cần nó	TÔI NÓ CẦN KHÔNG ĐÂU	Mối quan hệ
tôi nghĩ sáng nay tôi thích uống trà hơn	SÁNG NAY TÔI TRÀ UỐNG THÍCH HƠN	Cuộc sống thường nhật
mẹ dịu dàng ôm con vào lòng để an ủi	MẸ ÔM CON DỊU DÀNG VÀ AN ỦI	Mối quan hệ
ngành công nghiệp dầu khí đóng vai trò quan trọng cho kinh tế	NGÀNH CÔNG NGHIỆP DẦU KHÍ TRONG KINH TẾ VAI TRÒ QUAN TRỌNG CÓ	Công việc
mọi nhân viên phải tuân thủ quy định của công ty	NHÂN VIÊN PHẢI TUÂN THỦ QUY ĐỊNH CÔNG TY	Công việc
tôi hy vọng bạn thích	TÔI HI VỌNG BẠN THÍCH	Du lịch
con đường này đã bị phong toả để phục vụ thi công	CON ĐƯỜNG NÀY PHONG TOẢ ĐỂ PHỤC VỤ THI CÔNG	Cuộc sống thường nhật
căn hộ của tôi nằm ở trên lầu năm của chung cư	TÔI CĂN HỘ CHUNG CƯ LẦU NĂM TẦNG 5 NẰM VỊ TRÍ Ở	Cuộc sống thường nhật
bây giờ chúng ta chỉ cần thêm muối	BÂY GIỜ CHÚNG TA MUỐI THÊM	Cuộc sống thường nhật
một tá	MỘT TÁ	Mối quan hệ
vâng điều đó khá khó khăn đối với tôi	ĐIỀU ĐÓ KHÁ KHÓ KHĂN ĐỐI VỚI TÔI	Cuộc sống thường nhật
thói quen nhổ tóc bạc có thể gây hại cho da đầu	TÓC BẠC NHỔ LÀ THÓI QUEN GÂY HẠI CHO DA ĐẦU	Sức khỏe
cô bé luôn tin rằng sẽ có phép mầu xảy ra với mình	CÔ BÉ TIN SỰ MAY MẮN XẢY RA	Thái độ và Cảm xúc
chỉ là những thứ chúng ta cần cho buổi dã ngoại ngày mai	CHỈ MẤY MÓN CẦN BUỔI DÃ NGOẠI NGÀY MAI THÔI	Cuộc sống thường nhật
cô bé cảm thấy tủi thân vì không được mẹ mua cho đồ chơi	CÔ BÉ TỦI THÂN BUỒN VÌ MẸ ĐỒ CHƠI MUA KHÔNG	Thái độ và Cảm xúc
xin chào tôi muốn đặt một cuộc hẹn để xem nhà	CHÀO ANH TÔI MUỐN HẸN LỊCH XEM NHÀ	Cuộc sống thường nhật
cô bé đang tập chơi một bản nhạc pianô rất du dương	CÔ BÉ BẢN NHẠC PI A Ô DU DƯƠNG TẬP CHƠI	Văn hóa và Giáo dục
làm thế nào để tôi đến đó bằng cách đi bộ	TÔI ĐI BỘ ĐẾN ĐÓ LÀM THẾ NÀO	Cuộc sống thường nhật
tôi yêu trang phục của bạn ngay bây giờ	TÔI TRANG PHỤC CỦA BẠN THÍCH BÂY GIỜ	Mối quan hệ
thật ra bây giờ tôi đã ba mươi	TÔI TUỔI 30 RỒI	Công việc
bạn có thư giới thiệu không	BẠN THƯ GIỚI THIỆU CÓ KHÔNG	Công việc
cái kia màu trắng	CÁI KIA MÀU TRẮNG	Cuộc sống thường nhật
chiếc lá vàng nhẹ nhàng rơi xuống mặt hồ	CHIẾC LÁ VÀNG MẶT HỒ RƠI XUỐNG NHẸ NHÀNG	Cuộc sống thường nhật
cháu chỉ cho chú mẹ cháu được không	CHÁU CHỈ MẸ CỦA CHÁU ĐÂU	Mối quan hệ
hmm họ trông thú vị bạn có thể có một bản sao của tài liệu quảng cáo của bạn	HỌ THÚ VỊ THẬT TỜ RƠI GIỚI THIỆU BẠN CÓ KHÔNG	Tài chính
tôi thực sự thích tìm hiểu về các loại gương khác nhau	TÔI GƯƠNG KHÁC NHAU TÌM HIỂU THÍCH	Cuộc sống thường nhật
vâng tôi có tôi đang ở nhà ngay bây giờ mà không có gì nhiều để làm	TÔI CÓ TÔI Ở NHÀ NGAY BÂY GIỜ VÀ RẢNH RỖI	Mối quan hệ
khá tốt	KHÁ TỐT	Mối quan hệ
mi có nghĩa là gì	MI NGHĨA LÀ GÌ	Cuộc sống thường nhật
hôm nay anh đến đây làm gì	HÔM NAY BẠN ĐẾN VIỆC GÌ	Chính trị
tôi sẽ tôi có thể để hành lý ở đâu tôi thực sự muốn rời đi sau bữa trưa	TÔI GỬI HÀNH LÝ ĐÂU MUỐN ĐI NGAY SAU BỮA TRƯA	Du lịch
ok cảm ơn bạn tạm biệt	OK CẢM ƠN TẠM BIỆT	Cuộc sống thường nhật
à tôi hết giấy rồi ông còn giấy nào không	À TÔI GIẤY HẾT RỒI ÔNG GIẤY CÒN KHÔNG	Công việc
tại sao bạn cảm thấy chán nản	BẠN CHÁN NẢN CẢM THẤY TẠI SAO	Thái độ và Cảm xúc
được rồi càng sớm càng tốt	ĐƯỢC RỒI CÀNG SỚM CÀNG TỐT	Công việc
en tôi đang tìm kiếm cửa hàng bạn có thể cho tôi biết nó ở đâu không	TÔI CỬA HÀNG TÌM BẠN ĐƯỜNG CHỈ CÓ THỂ KHÔNG	Du lịch
bạn có kinh nghiệm quản lý không	BẠN KINH NGHIỆM QUẢN LÝ CÓ KHÔNG	Công việc
xin chào bạn đang xem gì	XIN CHÀO BẠN XEM GÌ	Cuộc sống thường nhật
vâng nhưng nó ở trung tâm thành phố tôi muốn xem cái này	NHƯNG NÓ TRUNG TÂM THÀNH PHỐ TÔI XEM CÁI NÀY MUỐN	Cuộc sống thường nhật
bạn nghĩ chúng ta nên để lại bao nhiêu tiền boa	BẠN NGHĨ CHÚNG TA TIỀN TIP ĐỂ LẠI BAO NHIÊU	Mối quan hệ
nhìn chú chim này xem	CON CHIM NHÌN KÌA	Cuộc sống thường nhật
sông nile được xem là con sông dài nhất trên thế giới	SÔNG NILE LÀ CON SÔNG DÀI NHẤT THẾ GIỚI	Văn hóa và Giáo dục
bạn cô làm ơn sao 10 bản báo cáo này được không	BẠN BÁO CÁO NÀY 10 BẢN PHÔ TÔ ĐƯỢC KHÔNG	Công việc
tôi thấy rằng bạn có một số kinh nghiệm viết ấn tượng	TÔI BẠN KINH NGHIỆM VIẾT ẤN TƯỢNG NHIỀU THẤY	Công việc
cả lớp hoan hô khi cô giáo thông báo tin vui	CẢ LỚP HOAN HÔ KHI CÔ GIÁO THÔNG BÁO TIN VUI	Cuộc sống học đường
còn gì nữa trong đó vậy	BÊN TRONG CÒN GÌ	Cuộc sống thường nhật
bạn khá bận rộn mỗi ngày	BẠN BẬN RỘN KHÁ MỖI NGÀY	Mối quan hệ
nhà trường tổ chức buổi họp phụ huynh vào cuối học kỳ	NHÀ TRƯỜNG PHỤ HUYNH TỔ CHỨC BUỔI HOP VÀO CUỐI HỌC KỲ	Cuộc sống học đường
9 giờ sáng mai được không	SÁNG MAI 9 GIỜ ĐƯỢC KHÔNG	Tài chính
ma cao nổi tiếng với ngành công nghiệp sòng bạc và du lịch	MA CAO NỔI TIẾNG VỚI NGÀNH CÔNG NGHIỆP SÒNG BẠC VÀ DU LỊCH	Du lịch
tôi thích bộ đồ ngực đơn	TÔI BỘ ĐỒ MÀU XANH THÍCH	Cuộc sống thường nhật
xin lỗi bạn có nói tiếng anh không	XIN LỖI BẠN TIẾNG ANH NÓI CÓ	Du lịch
có ai trong số họ có hình người nhảy múa không	TRONG SỐ ĐÓ CÁI NÀO HÌNH NGƯỜI NHẢY MÚA CÓ	Cuộc sống thường nhật
cậu ấy vô tình làm vỡ chiếc cốc trên bàn	CẬU ẤY CHIẾC CỐC TRÊN BÀN LÀM VỠ	Cuộc sống thường nhật
vâng tôi khá cởi mở và thân thiện	TÔI CỞI MỞ THÂN THIỆN KHÁ	Cuộc sống thường nhật
hắn ta có một ánh mắt vô cùng tàn nhẫn và ác độc	ANH TA ÁNH MẮT LẠNH LÙNG ÁC ĐỘC CÓ	Thái độ và Cảm xúc
còn một cây nữa ở đằng kia cầm lấy cây đó	CÂY 1 CÒN ĐẰNG KÌA CẦM LẤY	Cuộc sống thường nhật
chúng ta cần giữ gìn sức khỏe để tránh xa bệnh tật	CHÚNG TA SỨC KHOẺ GIỮ GÌN CẦN ĐỂ BỆNH TẬT TRÁNH XA	Sức khỏe
khách hàng rất hài lòng với chất lượng dịch vụ của chúng tôi	KHÁCH HÀNG HÀI LÒNG VUI VẺ VỚI DỊCH VỤ CHẤT LƯỢNG CỦA CHÚNG TÔI	Thái độ và Cảm xúc
wow tôi rất muốn	WOW TÔI RẤT MUỐN THỬ	Mối quan hệ
tôi sẽ cử người đến sửa ngay	TÔI BẢO NGƯỜI ĐẾN SỬA	Cuộc sống thường nhật
vâng đó là một hệ thống tuyệt vời	HỆ THỐNG TUYỆT VỜI	Cuộc sống thường nhật
mọi người thích đi đến bãi biển	MỌI NGƯỜI BÃI BIỂN ĐẾN THÍCH	Du lịch
bạn có thể cho tôi biết tại sao bạn muốn bỏ thuốc lá	BẠN CÓ THỂ NÓI CHO TÔI BIẾT LÝ DO BẠN MUỐN BỎ THUỐC KHÔNG	Công việc
vâng tôi đã có một giáo viên như thế trước đây	ĐÃ GIÁO VIÊN GIỐNG CÓ	Cuộc sống học đường
vâng tôi đang tìm một chiếc áo khoác	VÂNG TÔI ĐANG TÌM MỘT ÁO KHOÁC	Cuộc sống thường nhật
thật tuyệt anh đúng là cứu tinh	ANH CỨU TINH TÔI ĐÚNG THẬT TUYỆT	Tài chính
hai người đã hẹn hò chưa	HAI NGƯỜI HẸN HÒ CHƯA	Mối quan hệ
ồ đẹp quá	ĐẸP QUÁ	Cuộc sống thường nhật
bạn có nhớ con sâu bướm trông như thế nào không	BẠN NHỚ CON SÂU BƯỚM TRÔNG NHƯ THẾ NÀO	Cuộc sống thường nhật
cô bé cảm thấy vô cùng vui sướng với món quà mới	CÔ BÉ NHẬN ĐƯỢC MÓN QUÀ MỚI RẤT VUI SƯỚNG	Thái độ và Cảm xúc
thánh địa mỹ sơn là một di sản văn hóa thế giới	THÁNH ĐỊA NHÀ CHAMPA MỸ SƠN DI SẢN VĂN HOÁ THẾ GIỚI	Văn hóa và Giáo dục
chất lượng đồ nội thất như thế nào	ĐỒ NỘI THẤT CHẤT LƯỢNG NHƯ THẾ NÀO	Cuộc sống thường nhật
bệnh cúm có thể lây nhiễm rất nhanh qua đường hô hấp	BỆNH CÚM ĐƯỜNG HÔ HẤP LÂY NHIỄM RẤT NHANH	Sức khỏe
bạn có thể có một phòng trên tầng hai	BẠN PHÒNG MỘT Ở TẦNG HAI CÓ	Du lịch
tuyệt vời tôi không muốn trở lại	TÔI TRỞ LẠI MUỐN KHÔNG	Mối quan hệ
nó sẽ trông giống như một hình chữ nhật	NÓ TRÔNG HÌNH CHỮ NHẬT GIỐNG	Cuộc sống thường nhật
ở vn lũ lụt xảy ra nhiều nhất ở đâu 	VIỆT NAM LŨ LỤT XẢY RA NHIỀU NHẤT Ở ĐÂU	Cuộc sống thường nhật
mọi người gọi anh ấy là gì	MỌI NGƯỜI ANH ẤY GỌI GÌ	Mối quan hệ
vâng thưa ông xin vui lòng đợi một lát đây là hóa đơn	ĐỢI MỘT CHÚT HÓA ĐƠN ĐÂY	Cuộc sống thường nhật
có cách nào đảm bảo chúng ta sẽ có đủ thời gian cho cuộc đàm phán không	CÓ CÁCH ĐẢM BẢO CHÚNG TA THỜI GIAN ĐỦ BUỔI ĐÀM PHÁN KHÔNG	Công việc
cây hoa ngoài ban công đã khô héo vì thiếu nước nhiều ngày	CÂY HOA BAN CÔNG NHIỀU NGÀY THIẾU NƯỚC KHÔ HÉO	Cuộc sống thường nhật
căn phòng của anh ấy có một giá sách lớn chứa đầy sách hay	ANH ẤY CĂN PHÒNG GIÁ SÁCH LỚN SÁCH CÓ NHIỀU	Cuộc sống thường nhật
bạn đến đây vì công việc phải không	BẠN ĐẾN ĐÂY VÌ CÔNG VIỆC PHẢI KHÔNG	Du lịch
tôi không thấy bất cứ điều gì sai trái với nó	TÔI KHÔNG THẤY CÓ GÌ SAI	Cuộc sống thường nhật
mẹ chỉ cho tôi cách khâu lại chiếc cúc áo bị đứt	MẸ TÔI HƯỚNG DẪN CHIẾC CÚC ÁO ĐỨT KHÂU LẠI	Cuộc sống thường nhật
to và nhỏ	TO NHỎ	Cuộc sống thường nhật
ừ chuyến đi không dài lắm đâu	CHUYẾN ĐI NÀY DÀI KHÔNG	Cuộc sống thường nhật
ở ngoại ô	Ở NGOẠI Ô	Mối quan hệ
tôi nghĩ bánh dâu tây với kem pho mát là yêu thích của bạn	TÔI BÁNH DÂU KEM PHÔ MAI MÓN BẠN THÍCH NHẤT ĐÚNG ĐOÁN KHÔNG	Cuộc sống thường nhật
các bác sĩ đã nỗ lực cứu sống người bệnh nhân	CÁC BÁC SĨ NGƯỜI BỆNH NHÂN CỨU SỐNG NỖ LỰC	Sức khỏe
bạn sử dụng máy tính của bạn để làm gì	BẠN MÁY TÍNH CỦA BẠN LÀM GÌ	Mối quan hệ
bạn nên chủ động học hỏi để nâng cao kiến thức chuyên môn	BẠN HỌC CHĂM CHỈ ĐỂ KIẾN THỨC CHUYÊN MÔN GIỎI HƠN	Công việc
tôi cũng sẽ gói nước hoa trong hộp quà tặng cho bạn	TÔI NƯỚC HOA GÓI TRONG HỘP QUÀ TẶNG BẠN CHO	Cuộc sống thường nhật
liên kết nào	LIÊN KẾT NÀO	Cuộc sống thường nhật
tốt bây giờ thưa ông bạn có sở thích hút thuốc hay không	BÂY GIỜ BẠN HÚT THUỐC THÍCH KHÔNG	Du lịch
bạn vẫn có thể lái xe không có vấn đề	BẠN XE LÁI ĐƯỢC KHÔNG	Cuộc sống thường nhật
không đầu tiên ổng đi giày rồi mặc áo khoác rồi quàng khăn choàng và đội mũ len	KHÔNG ĐẦU TIÊN ÔNG ĐI GIÀY MẶC ÁO KHOÁC QUÀNG KHĂN ĐỘI MŨ LEN	Cuộc sống thường nhật
khá tốt học kỳ này bạn sống ở đâu	TỐT HỌC KÌ NÀY BẠN SỐNG Ở ĐÂU	Cuộc sống học đường
bánh đúc là món ăn dân dã quen thuộc của làng quê việt nam	BÁNH ĐÚC MÓN ĂN DÂN DÃ GIẢN DỊ QUEN THUỘC VIỆT NAM LÀNG QUÊ	Cuộc sống thường nhật
và sau đó	SAU ĐÓ THÌ SAO	Cuộc sống thường nhật
tôi đánh giá cao sự thẳng thắn của bạn bạn có biết gì về công ty chúng tôi không	TÔI SỰ THẲNG THẮN BẠN TRÂN TRỌNG RẤT BẠN CÔNG TY TÔI BIẾT GÌ KHÔNG	Công việc
chúng ta sẽ đến nhà bà smith để giúp bà ấy làm vườn	CHÚNG TA NHÀ CỦA CÔ ẤY ĐẾN ĐỂ GIÚP LÀM VƯỜN	Cuộc sống thường nhật
tôi biết bạn rất thích giúp đỡ	TÔI BIẾT BẠN GIÚP ĐỠ THÍCH	Cuộc sống thường nhật
đó là loại mát mẻ nhưng mẹo có nghĩa là gì	NGẦU LÀM GIỐNG BẠN NHƯ THẾ NÀO	Mối quan hệ
cảm ơn tôi có phải đóng thuế nếu muốn mua gì đó không	CẢM ƠN NẾU TÔI MUỐN MUA GÌ ĐÓ TÔI THUẾ ĐÓNG PHẢI KHÔNG	Du lịch
anh ấy có rất nhiều bạn bè ủng hộ	ANH ẤY CÓ NHIỀU BẠN THÂN	Thái độ và Cảm xúc
ông tôi từng là chủ tịch xã trong nhiều năm liền	ÔNG TÔI LÀ CHỦ TỊCH XÃ NHIỀU NĂM	Chính trị
các nhà khoa học đang nghiên cứu một loại vắc xin mới	NHÀ KHOA HỌC VẮC XIN MỚI NGHIÊN CỨU	Công việc
bà tôi đang ngồi xe từng sợi chỉ để dệt thành vải	BÀ TÔI TỪNG SỢI CHỈ NGỒI XE ĐỂ DỆT VẢI	Văn hóa và Giáo dục
oh đó là một chiếc vòng cổ đáng yêu	VÒNG CỔ XINH	Mối quan hệ
cảm ơn tôi sẽ cần một thời gian để lựa chọn	CẢM ƠN TÔI THỜI GIAN LỰA CHỌN CẦN	Cuộc sống thường nhật
làm thế nào về bạn và tom mấy giờ đám cưới của bạn	ĐÁM CƯỚI BẠN MẤY GIỜ	Mối quan hệ
tôi sẽ xem xét các quảng cáo trên tờ báo này đầu tiên	TÔI CÁC QUẢNG CÁO TỜ BÁO XEM XÉT ĐẦU TIÊN	Công việc
bạn đã làm gì	BẠN LÀM GÌ	Thái độ và Cảm xúc
hôm nay là sinh nhật quan trọng	HÔM NAY SINH NHẬT QUAN TRỌNG	Tài chính
vâng thưa ông sản phẩm thép không gỉ luôn phổ biến	VÂNG THƯA ÔNG SẢN PHẨM THÉP LUÔN ƯA CHUỘNG	Cuộc sống thường nhật
rất vui được gặp bạn đoán rằng chúng tôi sẽ làm việc cùng nhau	RẤT VUI GẶP BẠN ĐOÁN CHÚNG TÔI LÀM VIỆC CÙNG NHAU	Công việc
còn nước mỹ thì sao bạn đã bao giờ đến hoa kỳ chưa	NƯỚC MỸ SAO BẠN ĐẾN CHƯA	Mối quan hệ
các nhà khoa học làm việc trong phòng thí nghiệm hiện đại	CÁC NHÀ KHOA HỌC PHÒNG THÍ NGHIỆM HIỆN ĐẠI LÀM VIỆC	Công việc
bây giờ tôi lại bối rối vấn đề là gì	BÂY GIỜ TÔI BỐI RỐI VẤN ĐỀ LÀ GÌ	Du lịch
tôi có thể đặt bàn cho thứ bảy ngày 16 tháng 9 lúc 8 giờ tối không	TÔI BÀN ĐẶT THỨ BẢY NGÀY 16 THÁNG 9 TỐI GIỜ 8 ĐƯỢC KHÔNG	Cuộc sống thường nhật
bạn có gì đó đang cháy bạn có ngửi thấy không	CÓ GÌ ĐÓ ĐANG CHÁY BẠN NGỬI THẤY KHÔNG NÀY	Cuộc sống thường nhật
tôi sẽ xử lý khảo sát và sẽ trả lời bạn sau	TÔI KHẢO SÁT XỬ LÍ TRẢ LỜI SAU	Thái độ và Cảm xúc
mấy giờ theo đồng hồ của bạn	ĐỒNG HỒ CỦA BẠN GIỜ MẤY	Mối quan hệ
đất nước hà lan nổi tiếng với những cánh đồng hoa tulip rực rỡ	ĐẤT NƯỚC HÀ LAN NHỮNG CÁNH ĐỒNG HOA TULIP RỰC RỠ NỔI TIẾNG	Du lịch
rau quả của bạn thế nào	RAU QUẢ HÔM NAY THẾ NÀO	Mối quan hệ
tất cả mọi người trong lớp của chúng tôi rất thích nó quá nó rất thú vị	MỌI NGƯỜI TRONG LỚP CỦA CHÚNG TÔI NÓ RẤT THÍCH NÓ RẤT THÚ VỊ	Mối quan hệ
chúng ta cần nước	CHÚNG TA NƯỚC CẦN	Cuộc sống thường nhật
thế còn một con cá trong bể cá thì sao	BỂ BÊN TRONG CON CÁ MỘT CÒN THẾ NÀO	Cuộc sống thường nhật
cứ năm phút một lần	NĂM PHÚT MỘT LẦN	Cuộc sống thường nhật
bạn có thể nhìn thấy gì từ xe điện hoặc hai tầng	XE ĐIỆN HAI TẦNG TỪ BẠN THẤY GÌ	Thái độ và Cảm xúc
thôi nào chúng ta sẽ trễ mất	NHANH LÊN KHÔNG TRỄ MẤT	Cuộc sống thường nhật
được rồi chúng ta cần một quả bóng bãi biển	ĐƯỢC CHÚNG TA QUẢ BÓNG BÃI BIỂN MỘT CẦN	Du lịch
pakixtan là một quốc gia có nền văn hóa đa dạng	PA KI TAN QUỐC GIA 1 NỀN VĂN HOÁ ĐA DẠNG CÓ	Văn hóa và Giáo dục
bạn đã chuyển đến căn hộ mới của bạn	BẠN CHUYỂN SANG CĂN HỘ MỚI CHƯA	Mối quan hệ
mỗi bản sẽ tốn của ông một xu thưa ông	MỖI BẢN IN ÔNG MỘT XU TỐN THÔI	Du lịch
trông ông rất vui vẻ tôi thấy ánh mắt ông lấp lánh	ÔNG TRÔNG VUI VẺ TÔI THẤY ÁNH MẮT CỦA ÔNG LẤP LÁNH	Mối quan hệ
hình ảnh bụi phấn rơi trên mái tóc thầy thật cảm động	HÌNH ẢNH BỤI PHẤN RƠI MÁI TÓC THẦY THẬT CẢM ĐỘNG	Cuộc sống học đường
chào buổi sáng thêm khách sạn tại dịch vụ của bạn	KHÁCH SẠN THÊM DỊCH VỤ CỦA BẠN	Du lịch
vâng nó là nhiều hơn một chút so với kế hoạch của chúng tôi	NÓ SO NHIỀU HƠN CHÚNG TA KẾ HOẠCH CHÚT	Công việc
người vận động viên có thân hình vạm vỡ và khỏe mạnh	NGƯỜI VẬN ĐỘNG VIÊN THÂN HÌNH VẠM VỠ KHOẺ MẠNH CÓ	Sức khỏe
tôi không thấy có vấn đề gì chỉ có chiếc xe hơi cũ	TÔI KHÔNG SAO CHIẾC XE HƠI CŨ	Thái độ và Cảm xúc
cảnh sát giao thông đã chặn chiếc xe vi phạm luật lệ	CẢNH SÁT GIAO THÔNG CHIẾC XE VI PHẠM LUẬT ĐÃ CHẶN	Cuộc sống thường nhật
chờ chút tên anh ta là david	CHỜ CHÚT ANH TA TÊN ĐỨC	Mối quan hệ
rất vui được giúp bạn	BẠN GẶP VUI	Công việc
10 giờ sáng vào thứ sáu tới  được không 	10 GIỜ SÁNG VÀO THỨ SÁU TIẾP THEO ĐƯỢC KHÔNG	Công việc
hãy tìm số tự nhiên n thỏa mãn điều kiện của bài toán	SỐ TỰ NHIÊN N ĐIỀU KIỆN BÀI TOÁN THỎA MÃN TÌM	Cuộc sống học đường
bạn có chơi nhiều trò chơi khi còn nhỏ không	HỒI NHỎ BẠN TRÒ CHƠI CHƠI NHIỀU KHÔNG	Mối quan hệ
có cơ hội sử dụng điện thoại của bạn	TÔI ĐIỆN THOẠI BẠN DÙNG ĐƯỢC KHÔNG	Thái độ và Cảm xúc
chúng tôi dùng kính lúp để quan sát vật nhỏ	CHÚNG TÔI KÍNH LÚP DÙNG ĐỂ QUAN SÁT VẬT NHỎ	Cuộc sống học đường
tối qua trời mưa như trút nước nhưng sáng hôm sau trời quang mây tạnh	TỐI QUA TRỜI MƯA NHƯ TRÚT NƯỚC NHƯNG SÁNG HÔM SAU TRỜI QUANG MÂY TẠNH	Cuộc sống thường nhật
lối đi nào có sản phẩm	LỐI ĐI NÀO BÁN SẢN PHẨM NÀY	Cuộc sống thường nhật
tôi đã hiểu ra vấn đề sau khi được bạn giải thích	KHI BẠN GIẢI THÍCH VẤN ĐỀ TÔI HIỂU RỒI	Cuộc sống học đường
các bạn nhỏ rất thích thú với giờ học tô màu	CÁC BẠN NHỎ GIỜ HỌC TÔ MÀU THÍCH THÚ	Cuộc sống học đường
máy tính của tôi bị hỏng một lần nữa	MÁY TÍNH CỦA TÔI HỎNG MỘT LẦN THÊM	Công việc
các em học sinh xếp hàng ngang để chuẩn bị chào cờ	CÁC EM HỌC SINH HÀNG NGANG XẾP ĐỂ CHUẨN BỊ CHÀO CỜ	Cuộc sống học đường
được rồi những gì tiếp theo	RỒI TIẾP THEO GÌ	Cuộc sống thường nhật
tôi bị vấp và đau ở ngón chân út	TÔI VẤP NGÃ NGÓN CHÂN ÚT ĐAU	Sức khỏe
căn phòng này của tôi có chiều dài khoảng năm mét	TÔI CĂN PHÒNG NÀY CHIỀU DÀI NĂM MÉT KHOẢNG CÓ	Cuộc sống thường nhật
mẹ đang luộc rau muống cho bữa trưa của cả nhà	MẸ RAU MUỐNG LUỘC CHO BỮA TRƯA CỦA CẢ NHÀ	Cuộc sống thường nhật
mất bao lâu để may được cái áo khoác bình thường	CÁI ÁO KHOÁC BÌNH THƯỜNG MAY BAO LÂU	Cuộc sống học đường
những sản phẩm thủ công luôn có vẻ đẹp rất riêng biệt	NHỮNG SẢN PHẨM THỦ CÔNG VẺ ĐẸP RIÊNG BIỆT LUÔN CÓ	Văn hóa và Giáo dục
cung cấp cây cối giúp chúng phát triển	CÂY CUNG CẤP CHO GIÚP PHÁT TRIỂN	Cuộc sống thường nhật
này lên đây với tôi nhé	NÀY LÊN ĐÂY TÔI CÙNG	Cuộc sống thường nhật
chắc chắn rồi bạn đã giúp đỡ tôi rất nhiều trong những ngày qua	MẤY NGÀY QUA BẠN GIÚP TÔI NHIỀU	Mối quan hệ
chúng tôi muốn anh thực hiện lệnh đầu tiên trước ngày 31	CHÚNG TÔI MUỐN BẠN LỆNH ĐẦU TIÊN NGÀY 31 TRƯỚC	Công việc
không chúng tôi sống ở ngoại ô còn bạn thì sao	BỌN TÔI NGOẠI Ô Ở KHÔNG BẠN SAO	Mối quan hệ
cánh đồng lúa rộng lớn trải dài đến tận chân trời	CÁNH ĐỒNG LÚA TRẢI DÀI RỘNG LỚN ĐẾN TẬN CHÂN TRỜI	Du lịch
bạn có muốn đi uống vài chai bia sau bữa tối không	BẠN BIA VÀI CHAI UỐNG BỮA TỐI SAU MUỐN KHÔNG	Thái độ và Cảm xúc
bạn đã sẵn sàng để chuyển đến một trường mới vào ngày mai	NGÀY MAI BẠN SẴN SÀNG CHUYỂN TRƯỜNG MỚI CHƯA	Văn hóa và Giáo dục
làn da trắng của cô ấy là do di truyền và chăm sóc	VÌ DI TRUYỀN VÀ CHĂM SÓC CÔ ẤY LÀN DA TRẮNG CÓ	Sức khỏe
oh thôi nào tôi có mười sáu mục cắt cho tôi một số chùng được không	ÔI THÔI TÔI MƯỜI SÁU MÓN CÓ TÔI VÀI MÓN CẮT CHO ĐƯỢC KHÔNG	Công việc
bánh táo là món tráng miệng yêu thích của tôi	BÁNH TÁO MÓN TRÁNG MIỆNG YÊU THÍCH CỦA TÔI	Cuộc sống thường nhật
bạn đã hứa với tôi là sẽ lấy bánh mì chưa	BẠN VỚI TÔI HỨA BÁNH MÌ LẤY CHƯA	Cuộc sống thường nhật
vâng rất dễ dàng nhưng nó ở trên đầu bạn	VÂNG DỄ NHƯNG NÓ ĐẦU CỦA BẠN TRÊN	Mối quan hệ
tôi thích mèo	TÔI MÈO THÍCH	Cuộc sống thường nhật
có một căn nhà mở cửa cuối tuần này	CUỐI TUẦN NÀY CĂN NHÀ MỞ CỬA KHÁCH THAM QUAN	Cuộc sống thường nhật
thứ nhất là chăm chỉ hai là phải có phương pháp học tập	THỨ NHẤT CHĂM CHỈ HAI PHƯƠNG PHÁP HỌC TẬP CÓ	Cuộc sống học đường
có ai nói với bạn về bữa tiệc sắp tới của jessica chưa	AI NÓI BẠN BỮA TIỆC SẮP TỚI CHƯA	Mối quan hệ
và sau đó tôi làm bữa trưa	TÔI BỮA TRƯA LÀM SAU ĐÓ	Cuộc sống thường nhật
bạn nói đúng chúng ta không nên làm gì lén lút	BẠN ĐÚNG CHÚNG TA LÀM LÉN LÚT KHÔNG NÊN	Mối quan hệ
công ty tổ chức cho nhân viên đi nghỉ mát ở đà nẵng	CÔNG TY NHÂN VIÊN TỔ CHỨC ĐI NGHỈ MÁT Ở ĐÀ NẴNG	Du lịch
chào buổi sáng bạn tôi lâu rồi tôi không gặp	CHÀO BUỔI SÁNG BẠN CỦA TÔI LÂU RỒI GẶP KHÔNG	Sức khỏe
điều quan trọng nhất là họ rất khỏe mạnh	QUAN TRỌNG NHẤT HỌ KHỎE MẠNH	Sức khỏe
bài phát biểu của hiệu trưởng hôm nay rất ngắn gọn	HÔM NAY BÀI PHÁT BIỂU HIỆU TRƯỞNG NGẮN GỌN	Cuộc sống học đường
người nông dân phun thuốc để diệt trừ sâu bọ	NGƯỜI NÔNG DÂN THUỐC PHUN ĐỂ DIỆT TRỪ SÂU BỌ	Công việc
cô thường làm gì với tư cách là y tá trưởng	Y TÁ TRƯỞNG VAI TRÒ CÔ THƯỜNG LÀM NHỮNG GÌ	Công việc
điều quan trọng là phải gấp quần áo gọn gàng	QUAN TRỌNG QUẦN ÁO GẤP GỌN GÀNG	Cuộc sống thường nhật
chắc chắn cảm ơn tôi cũng mang cho bạn một chai rượu vang	CẢM ƠN TÔI RƯỢU VANG CHAI MANG BẠN	Mối quan hệ
anh ấy muốn nghỉ một thời gian phải không	ANH ẤY NGHỈ THỜI GIAN ĐÚNG KHÔNG	Công việc
tôi hoàn toàn đáng yêu cảm ơn bạn	TÔI ĐÁNG YÊU CẢM ƠN	Mối quan hệ
tớ sẽ gặp cậu ở phòng tập lúc 3 30	TỚ PHÒNG TẬP GẶP CẬU 3 30 CHIỀU	Cuộc sống thường nhật
mẹ nhờ tôi mua hai trăm gam thịt bò để nấu phở	MẸ NHỜ TÔI THỊT BÒ HAI TRĂM GAM MUA ĐỂ PHỞ NẤU	Cuộc sống thường nhật
này julie con muốn đi ăn gì không	NÀY JULIE CON ĂN GÌ ĐI MUỐN KHÔNG	Cuộc sống thường nhật
tội nghiệp cậu bé cậu bé có thích không	CẬU BÉ TỘI NGHIỆP CẬU BÉ THÍCH CÓ KHÔNG	Cuộc sống thường nhật
vâng lưng tôi đau	Ừ TÔI LƯNG ĐAU ĐANG	Sức khỏe
chú tôi là bộ đội đang canh giữ vùng biên cương	CHÚ TÔI BỘ ĐỘI BIÊN GIỚI CANH GIỮ	Chính trị
trời ơi có chuyện gì vậy	TRỜI ƠI CHUYỆN GÌ	Cuộc sống thường nhật
bạn lấy trứng ở đâu vậy	BẠN TRỨNG LẤY Ở ĐÂU	Cuộc sống thường nhật
mẹ tôi nấu món canh cua đồng rất ngon và bổ dưỡng	MẸ TÔI MÓN CANH CUA ĐỒNG NẤU NGON VÀ BỔ DƯỠNG	Cuộc sống thường nhật
lấy kính ra	KÍNH LẤY RA	Cuộc sống thường nhật
bánh dừa và cà rốt bổ dưỡng	BÁNH DỪA CÀ RỐT BỔ DƯỠNG	Sức khỏe
vâng nếu điều đó phù hợp với bạn	NẾU BẠN TIỆN THẤY	Mối quan hệ
tất nhiên vui lòng ký tên của bạn ở đây	TẤT NHIÊN KÝ TÊN CỦA BẠN HÃY	Du lịch
và đích đến của bạn	ĐIỂM ĐẾN BẠN LÀ ĐÂU	Du lịch
tôi phải về nhà bây giờ cảm ơn ông đã mời tôi đến	BÂY GIỜ TÔI VỀ NHÀ ÔNG TÔI MỜI ĐẾN CẢM ƠN	Mối quan hệ
xin chào bạn vào đi diane vẫn chưa sẵn sàng vì vậy bạn sẽ phải chờ vài phút	BẠN CHÀO VÀO ĐI DIANE CHƯA SẴN SÀNG BẠN ĐỢI CHÚT NHÉ	Mối quan hệ
tốt hơn nhiều so với ngày hôm qua	TỐT HƠN NHIỀU SO VỚI HÔM QUA	Cuộc sống học đường
cho tôi xem khăn trải bàn được không	TÔI KHĂN TRẢI BÀN XEM ĐƯỢC KHÔNG	Cuộc sống thường nhật
mỗi kí hiệu trên bản đồ đều mang một ý nghĩa riêng biệt	KÝ HIỆU BẢN ĐỒ MANG Ý NGHĨA RIÊNG	Văn hóa và Giáo dục
có bạn làm	CÓ BẠN CÓ	Thái độ và Cảm xúc
chắc chắn rồi ngồi xuống bạn muốn biết gì	BẠN NGỒI BẠN MUỐN HỎI GÌ	Mối quan hệ
giữ lưng thẳng và nhìn về phía trước tốt làm khoảng 3 bộ 20	GIỮ LƯNG THẲNG NHÌN PHÍA TRƯỚC TỐT LÀM BA HIỆP MỖI HIỆP HAI MƯƠI LẦN	Cuộc sống thường nhật
tôi có giấy chứng nhận nghỉ ốm của anh hôm nay anh thấy thế nào	TÔI GIẤY CHỨNG NHẬN NGHỈ ỐM CỦA ANH CÓ HÔM NAY ANH THẾ NÀO	Mối quan hệ
vâng bạn phòng 609	VÂNG BẠN PHÒNG 609	Du lịch
hôm nay chúng em học bài về phân số thập phân	HÔM NAY CHÚNG EM BÀI PHÂN SỐ THẬP PHÂN HỌC	Cuộc sống học đường
được rồi vậy bây giờ chúng ta cần gì	RỒI BÂY GIỜ CHÚNG TA CẦN GÌ	Cuộc sống thường nhật
ông ấy có tầm nhìn tuyệt vời phải không	ÔNG ẤY TẦM NHÌN XA THẬT ĐÚNG KHÔNG	Mối quan hệ
bạn có thể giới thiệu một	BẠN GIỚI THIỆU MỘT CÓ THỂ	Cuộc sống thường nhật
vâng điều đó có cần thiết không	VÂNG THẬT SỰ CẦN THIẾT KHÔNG CÓ	Tài chính
không sao đâu tôi không phiền bận rộn đâu	KHÔNG SAO TÔI BẬN RỘN PHIỀN KHÔNG	Mối quan hệ
được rồi ông muốn tôi ký vào đâu	RỒI ÔNG MUỐN TÔI KÍ Ở ĐÂU	Công việc
bạn nhớ tắt công tắc đèn trước khi ra khỏi phòng nhé	BẠN ĐÈN CÔNG TẮC TẮT TRƯỚC KHI PHÒNG RA KHỎI NHÉ	Cuộc sống thường nhật
tôi có nó ngay đây	TÔI CÓ NGAY ĐÂY	Chính trị
tôi xin lỗi chúng tôi không có hồ sơ về việc đó đến	XIN LỖI CHÚNG TÔI KHÔNG CÓ HỒ SƠ VIỆC ĐÓ	Tài chính
có chúng tôi đã kiểm tra ngay bây giờ	VÂNG CHÚNG TÔI KIỂM TRA XONG VỪA	Du lịch
tôi muốn nó ngắn	TÔI KIỂU TÓC NGẮN MUỐN	Cuộc sống thường nhật
ông tôi phải đeo kính lão khi đọc báo mỗi sáng	ÔNG TÔI BUỔI SÁNG ĐỌC BÁO KÍNH LÃO ĐEO	Sức khỏe
chúng tôi trải thảm đỏ để chào đón anh ấy về nhà	CHÚNG TÔI VUI MỪNG CHÀO ĐÓN ANH ẤY VỀ NHÀ	Thái độ và Cảm xúc
giá chỉ 5 đô la thôi	TIỀN 5 ĐÔ LA	Cuộc sống học đường
ừ anh ta ra sao rồi	ANH TA SAO	Mối quan hệ
bạn nghĩ là tôi sẽ quên làm việc đó sao	BẠN NGHĨ TÔI LÀM VIỆC QUÊN	Cuộc sống thường nhật
tất nhiên là không hãy nói chuyện với anh ấy một cách rất thân thiện	TẤT NHIÊN KHÔNG NÓI CHUYỆN ANH ẤY RẤT THÂN THIỆN HÃY	Mối quan hệ
vâng thưa bà bà muốn loại găng tay nào	VÂNG THƯA BÀ BÀ GĂNG TAY LOẠI NÀO MUỐN	Cuộc sống thường nhật
tại câu lạc bộ của chúng tôi	CÂU LẠC BỘ CỦA CHÚNG TÔI	Mối quan hệ
có bạn muốn kích thước nào	CÓ BẠN KÍCH THƯỚC MUỐN NÀO	Cuộc sống thường nhật
đại học tại sao bạn hỏi tôi năm ngoái	ĐẠI HỌC TẠI SAO BẠN HỎI TÔI NĂM NGOÁI	Mối quan hệ
tác phẩm văn học này đã để lại ấn tượng sâu sắc	TÁC PHẨM VĂN HỌC NÀY ẤN TƯỢNG SÂU SẮC ĐỂ LẠI	Văn hóa và Giáo dục
bây giờ tôi có thể nhìn thấy mặt trời	BÂY GIỜ TÔI MẶT TRỜI NHÌN THẤY CÓ THỂ	Mối quan hệ
tiếng chuông nhà thờ ngân vang báo hiệu buổi lễ bắt đầu	NHÀ THỜ TIẾNG CHUÔNG NGÂN VANG BÁO HIỆU BUỔI LỄ BẮT ĐẦU	Văn hóa và Giáo dục
chúng tôi nghỉ ngơi dưới vòm lá xanh mát của cây cổ thụ	CHÚNG TÔI CÂY CỔ THỤ LÁ XANH VÒM NGỒI NGHỈ NGƠI MÁT	Du lịch
cô ta đòi bao nhiêu	CÔ ẤY MUỐN BAO NHIÊU	Cuộc sống thường nhật
chào hãy để chúng ta đi ra ngoài	CHÀO CHÚNG TA RA NGOÀI ĐI	Cuộc sống thường nhật
bạn đã kết hôn chưa	BẠN KẾT HÔN CHƯA	Công việc
bạn có nhiều bài tập về nhà không	BẠN BÀI TẬP VỀ NHÀ NHIỀU CÓ KHÔNG	Mối quan hệ
tôi muốn học quan thoại và quan hệ công chúng	TÔI TIẾNG QUAN THOẠI NGÀNH QUAN HỆ CÔNG CHÚNG HỌC MUỐN	Mối quan hệ
bạn có muốn mua một chiếc xe máy cho mình không	BẠN XE MÁY 1 MUA MUỐN KHÔNG	Mối quan hệ
môn đấu vật đòi hỏi sức mạnh và kỹ thuật cao	MÔN ĐẤU VẬT ĐÒI HỎI YÊU CẦU SỨC MẠNH VÀ KỸ THUẬT CAO	Văn hóa và Giáo dục
còn lễ hội lịch sử thì sao	CÒN LỄ HỘI LỊCH SỬ THÌ SAO	Mối quan hệ
bạn không cần phải giảm cân	BẠN GIẢM CÂN KHÔNG CẦN	Cuộc sống thường nhật
nhưng bây giờ đã là giờ ăn trưa rồi	NHƯNG BÂY GIỜ GIỜ TRƯA ĂN RỒI	Mối quan hệ
tôi đang xem cuộc hẹn của bạn ngay bây giờ bạn thích ngày nào hơn	TÔI LỊCH HẸN ANH XEM ĐANG ANH NGÀY NÀO HƠN MUỐN	Sức khỏe
chúng tôi tình cờ gặp lại nhau sau rất nhiều năm	SAU NHIỀU NĂM CHÚNG TÔI GẶP LẠI TÌNH CỜ	Mối quan hệ
những người lính cứu hỏa rất gan dạ khi lao vào đám cháy	NHỮNG NGƯỜI LÍNH CỨU HOẢ GAN DẠ KHI ĐÁM CHÁY LAO VÀO	Công việc
bạn bị sa thải à	BẠN BỊ SA THẢI À	Công việc
chào mary lâu lắm rồi không gặp	CHÀO LÂU RỒI KHÔNG GẶP	Mối quan hệ
anh em trong nhà phải biết yêu thương nhường nhịn lẫn nhau	TRONG GIA ĐÌNH ANH EM YÊU THƯƠNG NHƯỜNG NHỊN PHẢI BIẾT	Mối quan hệ
nó đã sẵn sàng để trồng cà rốt	CÀ RỐT TRỒNG SẴN SÀNG RỒI	Cuộc sống thường nhật
có vẻ như bạn sẽ có một ngày tốt đẹp vào ngày mai	NGÀY MAI BẠN NGÀY THẬT ĐẸP CÓ VẺ CÓ SẼ	Mối quan hệ
được rồi chúng ta đã thống nhất 900	ĐƯỢC RỒI CHÚNG TA THỐNG NHẤT 900	Công việc
vâng tôi thấy một chương trình khoa học nó khá thú vị	TÔI THẤY CHƯƠNG TRÌNH KHOA HỌC NÓ THÚ VỊ	Mối quan hệ
học sinh tiểu học thường tập viết bằng bút máy	HỌC SINH TIỂU HỌC BÚT MỰC DÙNG TẬP VIẾT	Cuộc sống học đường
mẹ tôi đang nấu cơm	MẸ TÔI NẤU CƠM	Cuộc sống học đường
bạn có muốn duỗi chân không	BẠN CHÂN DUỖI MUỐN	Mối quan hệ
mẹ tôi dạy tôi cách nấu những món ăn truyền thống	MẸ DẠY TÔI NẤU CÁC MÓN ĂN TRUYỀN THỐNG	Văn hóa và Giáo dục
cuộc hẹn của tôi là vào thứ hai	CUỘC HẸN CỦA TÔI THỨ HAI	Sức khỏe
thế còn cái này	CÒN CÁI NÀY	Cuộc sống thường nhật
tôi sẽ sẵn sàng cho điều đó	ĐIỀU ĐÓ TÔI SẴN SÀNG	Cuộc sống thường nhật
bạn không thích màu gì	BẠN MÀU KHÔNG THÍCH GÌ	Cuộc sống thường nhật
không nó là khóa thắt lưng và có khóa ở phía trước	KHÔNG THẮT LƯNG KHÓA KHÓA PHÍA TRƯỚC	Du lịch
ngọn lửa bùng cháy sưởi ấm cả căn phòng trong đêm đông	NGỌN LỬA BÙNG CHÁY SƯỞI ẤM CẢ CĂN PHÒNG TRONG ĐÊM ĐÔNG	Cuộc sống thường nhật
ok tôi sẽ nói với anh ta	OK ANH TA TÔI NÓI	Công việc
mới hôm qua thôi tôi vẫn đang làm quen	HÔM QUA TÔI LÀM QUEN VẪN	Mối quan hệ
tất nhiên họ rất thân thiện	HỌ THÂN THIỆN RẤT	Cuộc sống học đường
tôi thích đi du lịch gọn nhẹ nên tôi chỉ mang theo thứ này	TÔI ĐI DU LỊCH GỌN NHẸ THÍCH NÊN THỨ NÀY MANG THEO	Mối quan hệ
trong đó có tất cả các loại rau khác nhau	ĐÓ TRONG TẤT CẢ RAU CÓ	Cuộc sống thường nhật
vâng tôi nghĩ truyền hình cáp tốt hơn	TÔI NGHĨ TRUYỀN HÌNH CÁP TỐT HƠN	Tài chính
hôm nay con có đi học không	HÔM NAY CON ĐI HỌC CÓ KHÔNG	Mối quan hệ
vâng nó thực sự rất đẹp với tất cả những thứ được bao phủ bởi tuyết	NÓ THỰC SỰ RẤT ĐẸP KHI TẤT CẢ TUYẾT CHE PHỦ	Mối quan hệ
có rất nhiều người chơi kỷ lục ở đây thật khó để lựa chọn	TAY CHƠI KỶ LỤC NHIỀU QUÁ CHỌN KHÓ THẬT	Cuộc sống thường nhật
kết thúc một câu kể chúng ta phải sử dụng dấu chấm	CHÚNG TA CÂU KỂ KẾT THÚC DẤU CHẤM SỬ DỤNG PHẢI	Văn hóa và Giáo dục
còn nhà hàng và giải trí thì sao	CÒN NHÀ HÀNG VÀ PHÒNG HÁT THÌ SAO	Mối quan hệ
không vấn đề gì tôi có thể chờ	KHÔNG SAO TÔI CHỜ ĐƯỢC	Công việc
vâng tôi có mua họ làm rất tốt	TÔI MUA CÓ HỌ LÀM RẤT TỐT	Mối quan hệ
có ai nói với anh ấy về chuyện này không	CHUYỆN NÀY NÓI VỚI ANH ẤY AI	Công việc
tôi đã làm bánh dâu tây	TÔI BÁNH DÂU TÂY LÀM XONG VỪA	Cuộc sống thường nhật
ồ vâng	Ồ VÂNG	Mối quan hệ
anh ấy bị gãy chân do tai nạn giao thông	ANH ẤY TAI NẠN GIAO THÔNG GÃY CHÂN	Sức khỏe
mẹ chia đều bánh cho mấy chị em chúng tôi	MẸ CHIA ĐỀU BÁNH CHỊ EM TÔI	Mối quan hệ
bạn có thấy bất cứ điều gì mà bạn thích	BẠN THÍCH GÌ THẤY KHÔNG	Cuộc sống thường nhật
này anh làm gì ở đây	NÀY ANH LÀM GÌ	Cuộc sống thường nhật
bạn đang tìm kiếm một số sô cô la tự làm như một món quà	BẠN SÔ CÔ LA TỰ LÀM NHƯ MỘT MÓN QUÀ TÌM KIẾM	Cuộc sống thường nhật
được rồi còn gì tôi có thể lấy cho anh không	CÒN TÔI LẤY CHO BẠN GÌ	Sức khỏe
hơi nước giống như khi bạn đun nước trong ấm	HƠI NƯỚC GIỐNG KHI ẤM NƯỚC ĐUN SÔI	Cuộc sống thường nhật
tôi không biết tôi chỉ cần thử nó một lần tôi đang rất cần tập thể dục để giảm cân	TÔI KHÔNG BIẾT TÔI THỬ MỘT LẦN CẦN TÔI TẬP THỂ DỤC CẦN ĐỂ GIẢM CÂN	Cuộc sống thường nhật
cái này phẳng và cái kia cong	CÁI NÀY BẰNG PHẲNG CÁI KIA CONG	Cuộc sống thường nhật
chúng ta cần đề phòng kẻ gian đột nhập vào nhà	CHÚNG TA ĐỀ PHÒNG CẦN KẺ GIAN NHÀ ĐỘT NHẬP ĐI VÀO	Cuộc sống thường nhật
tôi đồng ý nó chỉ là không bao giờ đúng giờ	TÔI ĐỒNG Ý NÓ ĐÚNG GIỜ BAO GIỜ KHÔNG	Cuộc sống thường nhật
bạn sẽ vào trường đại học nào	BẠN TRƯỜNG ĐẠI HỌC NÀO HỌC ĐỊNH	Mối quan hệ
bà nội rất yêu thương cháu nội	BÀ CHÁU NỘI RẤT YÊU THƯƠNG	Mối quan hệ
không bao giờ được từ bỏ ước mơ của chính mình	TÔI ƯỚC MƠ TỪ BỎ KHÔNG BAO GIỜ	Thái độ và Cảm xúc
tôi đã nhận được nó cảm ơn bạn rất nhiều	TÔI NÓ NHẬN RỒI CẢM ƠN BẠN RẤT NHIỀU	Công việc
chúng tôi có thể làm gì để bảo vệ môi trường	MÔI TRƯỜNG BẢO VỆ CHÚNG TÔI LÀM GÌ	Mối quan hệ
bữa tối chúng ta ăn gì	BỮA TỐI CHÚNG TA ĂN GÌ	Cuộc sống thường nhật
tôi muốn anh cắt tóc tôi ngắn hơn	MUỐN BẠN TÓC CỦA TÔI CẮT NGẮN HƠN	Thái độ và Cảm xúc
một chiếc xe tư nhân huh không taxi là okay	XE RIÊNG À THÔI TAXI ĐƯỢC RỒI	Du lịch
tôi chỉ nhìn thôi	TÔI NHÌN	Cuộc sống thường nhật
bên ngoài trời lạnh vì vậy đừng quên mặc áo khoác	BÊN NGOÀI TRỜI LẠNH MẶC ÁO KHOÁC QUÊN ĐỪNG	Cuộc sống thường nhật
tuyệt tôi là đồng nghiệp may mắn của bạn rồi	TUYỆT TÔI ĐỒNG NGHIỆP MAY MẮN CỦA ANH RỒI	Mối quan hệ
chúng rất nhỏ nhưng giờ đã lớn rất đẹp	CHÚNG NHỎ NHƯNG BÂY GIỜ LỚN ĐẸP	Cuộc sống thường nhật
tôi có thể mua vé ở đây tại nhà ga không	NHÀ GA TÔI MUA VÉ CÓ KHÔNG	Du lịch
tất cả học sinh đứng nghiêm khi làm lễ chào cờ đầu tuần	TẤT CẢ HỌC SINH LỄ CHÀO CỜ ĐẦU TUẦN ĐỨNG NGHIÊM	Cuộc sống học đường
hầu hết thời gian đó là những gì tôi thích	TÔI THỜI GIAN ĐÓ THÍCH NHẤT	Công việc
ok tiền gửi là bao nhiêu	TIỀN ĐẶT CỌC BAO NHIÊU ĐƯỢC RỒI	Cuộc sống thường nhật
vui lòng cho tôi xem lại thực đơn	THỰC ĐƠN CHO TÔI XEM LẠI	Cuộc sống thường nhật
tôi không chắc chắn tỷ lệ ngày hôm nay là bao nhiêu	HÔM NAY TỶ GIÁ BAO NHIÊU	Tài chính
là em út trong nhà cậu bé được mọi người hết mực yêu thương	LÀ EM ÚT CỦA GIA ĐÌNH NÊN CẬU BÉ YÊU THƯƠNG ĐƯỢC NHIỀU	Mối quan hệ
sự kiên trì đã giúp anh ấy đạt được thành công	ANH TA SỰ KIÊN TRÌ GIÚP THÀNH CÔNG	Công việc
thật sao tôi đã hút thuốc hơn một năm nay	THẬT SAO TÔI HÚT THUỐC HƠN MỘT NĂM RỒI	Mối quan hệ
tôi sẽ mang lại cho bạn một kích thước lớn hơn	TÔI LẤY CHO BẠN SIZE LỚN HƠN	Cuộc sống thường nhật
bọn trẻ rất cẩn thận	BỌN TRẺ CẨN THẬN	Cuộc sống thường nhật
bạn ơi chưa có ai đến lấy bóng cả	BÓNG ĐẾN LẤY AI CHƯA	Mối quan hệ
bạn nói đúng vâng chỉ có hai người	BẠN NÓI ĐÚNG VÂNG NGƯỜI 2	Cuộc sống thường nhật
hy vọng chúng ta có may mắn	CHÚNG TA MAY MẮN CÓ HY VỌNG	Cuộc sống thường nhật
chúc vui vẻ	CHÚC VUI VẺ	Cuộc sống thường nhật
số điện thoại của bạn là gì	SỐ ĐIỆN THOẠI CỦA BẠN LÀ GÌ	Công việc
không tôi chưa có xe	TÔI XE CÓ CHƯA	Cuộc sống học đường
chúng ở ngay đằng kia cạnh mấy cuốn từ điển	CHÚNG Ở KIA MẤY CUỐN TỪ ĐIỂN CẠNH	Cuộc sống thường nhật
hãng ô tô đó vừa cho ra mắt một mẫu xe điện mới	HÃNG Ô TÔ MẪU XE ĐIỆN MỚI 1 RA MẮT	Công việc
nhà trường mua giúp sách giáo khoa cho cho học sinh	NHÀ TRƯỜNG SÁCH GIAO KHOA CHO HỌC SINH MUA GIÚP	Văn hóa và Giáo dục
bạn đã học những ngôn ngữ máy tính nào	BẠN NGÔN NGỮ LẬP TRÌNH HỌC ĐÃ NHỮNG	Công việc
sau nhiều năm gắn bó cuối cùng họ đã quyết định chia tay	SAU NHIỀU NĂM GẮN BÓ HỌ QUYẾT ĐỊNH CHIA TAY CUỐI CÙNG	Mối quan hệ
còn nĩa và thìa	CÒN DĨA VÀ THÌA THÌ SAO	Cuộc sống thường nhật
ông thật là hào phóng tôi nghĩ thế cũng được	ÔNG THẬT HÀO PHÓNG TÔI NGHĨ VẬY ĐƯỢC RỒI	Mối quan hệ
xuống một tầng là được	XUỐNG TẦNG MỘT ĐƯỢC	Du lịch
nó đang dính ở phía dưới	NÓ Ở PHÍA DƯỚI DÍNH	Cuộc sống thường nhật
bạn sẽ bay hạng nào lớp đầu tiên hạng thương gia hoặc hạng phổ thông	BẠN BAY HẠNG NÀO LỚP ĐẦU TIÊN HẠNG TIỀN NHIỀU HOẶC TIỀN BÌNH THƯỜNG	Du lịch
trông khá ổn	TRÔNG ỔN KHÁ	Cuộc sống học đường
nếu em bị lạc cứ hỏi ai đó trong tòa nhà chỉ đường nhé	NẾU EM LẠC TÒA NHÀ TRONG AI ĐÓ HỎI ĐƯỜNG CHỈ	Cuộc sống học đường
chúng tôi đã đặt một khoang tàu riêng cho chuyến đi du lịch này	CHÚNG TÔI CHUYẾN DU LỊCH NÀY KHOANG TÀU RIÊNG ĐẶT	Du lịch
xin chào bạn đang làm gì bây giờ	BÂY GIỜ BẠN LÀM GÌ	Cuộc sống thường nhật
có lẽ chúng ta cần có nhiều em bé hơn	CHÚNG TA EM BÉ CÓ NHIỀU HƠN	Cuộc sống thường nhật
hân hạnh được gặp ông để tôi giúp ông xách hành lý	ÔNG GẶP VUI TÔI TÚI XÁCH GIÚP	Mối quan hệ
tôi sẽ nấu súp bí ngô 	VÌ TÔI BÍ NGÔ SÚP LÀM	Cuộc sống thường nhật
bạn nghĩ chuyện gì sẽ xảy ra với anh ấy	BẠN CHUYỆN GÌ XẢY RA VỚI ANH ẤY NGHĨ	Mối quan hệ
nghe hay đấy tôi sẽ nghe	NGHE HAY ĐẤY TÔI SẼ NGHE THỬ	Du lịch
chúng tôi đang học công thức tính thể tích của hình trụ	CHÚNG TÔI HÌNH TRỤ CÔNG THỨC THỂ TÍCH HỌC TÍNH	Cuộc sống học đường
sao mọi người lại ăn mặc như thế	MỌI NGƯỜI MẶC TẠI SAO	Mối quan hệ
chính phủ đang tuyên truyền về việc bảo vệ môi trường sống	CHÍNH PHỦ VIỆC BẢO VỆ MÔI TRƯỜNG SỐNG TUYÊN TRUYỀN	Chính trị
nhưng cái này thì mềm	NHƯNG CÁI NÀY MỀM	Cuộc sống thường nhật
tôi muốn đến nhà ga làm ơn	TÔI MUỐN ĐẾN NHÀ GA	Cuộc sống thường nhật
những con chip này đang được bán	NHỮNG CON CHIP NÀY ĐƯỢC BÁN	Cuộc sống thường nhật
tôi đoán vậy còn bạn thì sao	TÔI ĐOÁN BẠN THẾ NÀO	Cuộc sống học đường
nét mặt của cô ấy lộ rõ vẻ lo lắng và mệt mỏi	CÔ ẤY NÉT MẶT LO LẮNG VÀ MỆT MỎI	Thái độ và Cảm xúc
hôm nay trời có tuyết không	HÔM NAY TUYẾT RƠI KHÔNG	Mối quan hệ
tôi độc thân	TÔI ĐỘC THÂN	Công việc
bạn ăn tối chưa	BẠN ĂN TỐI CHƯA	Mối quan hệ
điều đó làm việc cho tôi tôi sẽ gọi cho bạn khi tôi vào thị trấn để xác nhận lại	TÔI THÀNH PHỐ VỀ GỌI LẠI XÁC NHẬN	Công việc
tất cả những gì bạn phải làm là nấu một ít gạo trắng	BẠN NẤU GẠO TRẮNG PHẢI	Cuộc sống thường nhật
một người bán hàng giỏi cần có kỹ năng giao tiếp tốt	NGƯỜI BÁN HÀNG 1 GIỎI GIAO TIẾP KỸ NĂNG CÓ TỐT	Công việc
nước từ quả dừa tươi là thức uống giải nhiệt mùa hè	QUẢ DỪA TƯƠI MỚI NƯỚC THỨC UỐNG GIẢI NHIỆT LÀM MÁT MÙA HÈ	Cuộc sống thường nhật
tôi biết bạn đang trên đường đến	TÔI BIẾT BẠN ĐƯỜNG ĐẾN	Mối quan hệ
vâng tôi đã không nhìn thấy bạn trong bốn nămlàm thế nào thời gian bay	VÂNG LÂU RỒI KHÔNG GẶP BỐN NĂM THỜI GIAN TRÔI NHANH THẬT	Mối quan hệ
anh ấy đề nghị một giải pháp mới cho vấn đề đang gặp phải	ANH ẤY GIẢI PHÁP MỚI VẤN ĐỀ GẶP PHẢI ĐỀ XUẤT	Công việc
vui lên nào ít nhất bạn còn có tôi	VUI LÊN NÀO ÍT NHẤT BẠN TÔI CÓ	Mối quan hệ
hai người công nhân đang khiêng một tấm kính rất lớn	NGƯỜI CÔNG NHÂN TẤM KÍNH 2 RẤT LỚN KHIÊNG	Công việc
tôi sẽ cho người lên ngay	TÔI CHO NGƯỜI LÊN NGAY	Du lịch
đó là tuyệt vời cảm ơn tất cả sự giúp đỡ của bạn	CẢM ƠN BẠN GIÚP ĐỠ NHIỀU NHƯ VẬY TUYỆT QUÁ	Du lịch
tôi yêu việt nam	TÔI VIỆT NAM YÊU	Tài chính
này em em chơi bóng đá với anh được không	NÀY EM ANH BÓNG ĐÁ VỚI ĐƯỢC	Mối quan hệ
bạn nghĩ bên trong có gì	BẠN NGHĨ BÊN TRONG GÌ	Cuộc sống thường nhật
hôm nay có gì tốt	HÔM NAY TỐT CÓ GÌ	Cuộc sống thường nhật
chị gái tôi vừa đi uốn tóc xoăn ở tiệm làm đẹp về	CHỊ GÁI TÔI TÓC UỐN XOĂN VỪA XONG Ở CỬA HÀNG LÀM ĐẸP	Cuộc sống thường nhật
tôi đang nghĩ rằng chúng ta có thể thêm một số hương vị	TÔI NGHĨ CHÚNG TA HƯƠNG VỊ THÊM CÓ THỂ	Cuộc sống thường nhật
em bé đã có thể tự mình xúc cơm ăn	EM BÉ CƠM XÚC TỰ MÌNH	Cuộc sống thường nhật
tôi muốn làm việc trong bộ phận kế hoạch	BỘ PHẬN KẾ HOẠCH LÀM MUỐN	Công việc
tất nhiên tôi đã làm bánh táo sáng nay vì vậy nó rất đáng yêu và tươi mới	TÔI LÀM BÁNH TÁO SÁNG NAY NÓ ĐÁNG YÊU VÀ SÁNG TẠO	Cuộc sống thường nhật
tôi muốn đi xem phim hơn	TÔI XEM PHIM MUỐN ĐI	Cuộc sống thường nhật
ông có thích ở lại đây không	ÔNG Ở LẠI ĐÂY THÍCH KHÔNG	Công việc
sự không bình đẳng giới vẫn còn tồn tại ở nhiều nơi	Ở NHIỂU NƠI SỰ CÔNG BẰNG VỀ QUYỀN LƠI CỦA NAM VÀ NỮ KHÔNG CÓ	Chính trị
chúng ta không nên chèn ép những người yếu thế hơn mình	CHÚNG TA NGƯỜI YẾU HƠN MÌNH CHÈN ÉP BẮT NẠT KHÔNG	Mối quan hệ
bạn có biết ai cần bạn cùng phòng không	BẠN BIẾT AI TÌM NGƯỜI Ở GHÉP KHÔNG	Cuộc sống thường nhật
tôi có một đôi bông tai ngọc trai	TÔI BÔNG TAI NGỌC TRAI CÓ	Thái độ và Cảm xúc
không nó quá xa hãy lái xe	XA QUÁ KHÔNG LÁI XE ĐI THÔI	Cuộc sống thường nhật
người lái xe buýt đã dừng lại đúng trạm cho khách	NGƯỜI LÁI XE BUÝT TRẠM DỪNG LẠI ĐÚNG CHO KHÁCH	Cuộc sống thường nhật
tôi đến đây để nghỉ mát	TÔI ĐẾN ĐÂY DU LỊCH	Mối quan hệ
để tôi kiểm tra đó là 380 m	TÔI KIỂM TRA RỒI 3 8M	Công việc
karlis thì sao	BẠN THÌ SAO	Cuộc sống thường nhật
lần cuối bạn nói chuyện với bố mẹ là khi nào	LẦN CUỐI BẠN BỐ MẸ NÓI CHUYỆN KHI NÀO	Mối quan hệ
tôi cần giúp tìm quà cho con gái tôi	TÔI QUÀ CON GÁI CỦA TÔI CHO TÌM GIÚP	Cuộc sống thường nhật
con đường này dẫn đến hang động chúng ta có thể nhìn vào bên trong hang không	CON ĐƯỜNG NÀY DẪN ĐẾN HANG ĐỘNG MÌNH CÓ THỂ VÀO XEM BÊN TRONG KHÔNG	Du lịch
tôi thấy tôi nghĩ vấn đề môi trường lớn nhất ở nước tôi là ô nhiễm không khí	TÔI BIẾT TÔI NGHĨ VẤN ĐỀ MÔI TRƯỜNG LỚN NHẤT Ở NƯỚC TÔI Ô NHIỄM KHÔNG KHÍ	Mối quan hệ
tôi sẽ chỉ cho bạn cách làm một cái gì đó đặc biệt với sô cô la	TÔI DẠY CÁI GÌ ĐẶC BIỆT VỚI SOCOLA LÀM	Cuộc sống thường nhật
tom bây giờ thế nào	TÂM BÂY GIỜ THẾ NÀO	Mối quan hệ
các quan thần đang cúi đầu bẩm báo tin tức với bệ hạ	TRƯỚC BỆ HẠ VUA CÁC QUAN THẦN CÚI ĐẦU BẨM BÁO	Chính trị
mặt cậu bé tím tái vì lạnh sau khi tắm mưa quá lâu	MẶT CẬU BÉ TẮM MƯA LÂU LẠNH TÍM TÁI	Sức khỏe
màu gì vậy	MÀU GÌ	Cuộc sống thường nhật
oh chào pam khi nào bạn trở về từ canada nó thế nào	BẠN TRỞ VỀ TỪ MỸ KHI NÀO NÓ THẾ NÀO	Mối quan hệ
cảm ơn bạn	CẢM ƠN	Cuộc sống thường nhật
đầu làng có một cây cổ thụ tỏa bóng mát rượi	ĐẦU LÀNG MỘT CÂY CỔ THỤ TOẢ BÓNG MÁT RƯỢI CÓ	Cuộc sống thường nhật
đồ ăn ở đó ngon tuyệt	Ở ĐÓ ĐỒ ĂN NGON TUYỆT	Cuộc sống thường nhật
sau đó chúng ta chia đôi các lá bài	SAU ĐÓ CHÚNG TA BÀI CHIA 2	Cuộc sống thường nhật
tôi cũng vậy gửi cho bạn một nụ hôn	NỤ HÔN MỘT GỬI BẠN	Mối quan hệ
tôi sẽ ra phía sau và tập giữ thăng bằng	TÔI ĐI RA PHÍA SAU THĂNG BẰNG TẬP	Cuộc sống thường nhật
bố ơi con rất thích ngôi nhà nông trại hạnh phúc này nó thật sự rất vui	BỐ ƠI CON NGÔI NHÀ NÔNG TRẠI HẠNH PHÚC NÀY THÍCH NÓ VUI THẬT	Cuộc sống thường nhật
tôi đang xem tivi	TÔI XEM TIVI	Mối quan hệ
tôi cũng muốn nhuộm tóc	TÔI TÓC NHUỘM MUỐN CŨNG	Cuộc sống thường nhật
tôi xin lỗi bạn là khá bận rộn ngay bây giờ tôi có thể vượt qua bạn tin nhắn	BẠN BẬN TÔI BIẾT TÔI LỜI NHẮN MỘT ĐỂ LẠI ĐƯỢC KHÔNG	Công việc
hắn đang làm gì vậy	HẮN LÀM GÌ VẬY	Mối quan hệ
và bố mẹ cậu không vui à	BỐ MẸ CẬU VUI KHÔNG	Mối quan hệ
một ly rượu vang trắng sẽ là tốt cảm ơn bạn	VANG TRẮNG LY MỘT CẢM ƠN	Mối quan hệ
bạn nghĩ tôi nên nhận công việc gì	BẠN NGHĨ TÔI CÔNG VIỆC NHẬN GÌ	Công việc
bức ảnh này là một kỉ niệm đẹp của chúng tôi	BỨC ẢNH NÀY CHÚNG TÔI KỈ NIỆM ĐẸP	Mối quan hệ
đội tuyển đã giành chiến thắng thuyết phục trong trận chung kết	TRẬN CHUNG KẾT ĐỘI TUYỂN CHIẾN THẮNG THUYẾT PHỤC GIÀNH ĐƯỢC	Cuộc sống thường nhật
có vấn đề với nó	VẤN ĐỀ GÌ	Tài chính
anh ấy đã thuyết phục khách hàng ký hợp đồng thành công	ANH ẤY KHÁCH HÀNG THUYẾT PHỤC NÓI CHUYỆN HỢP ĐỒNG KÝ THÀNH CÔNG	Công việc
ừ tuyệt lắm	TUYỆT	Cuộc sống thường nhật
tôi xin lỗi nhưng làm sao tôi biết tàu điện ngầm đang đi về phía nam	TÔI XIN LỖI NHƯNG TÔI BIẾT TÀU HỎA ĐI VỀ PHÍA NAM LÀM THẾ NÀO	Cuộc sống thường nhật
chị gái dịu dàng bế em bé đang khóc vào lòng dỗ dành	CHỊ GÁI EM BÉ BẾ VÀO LÒNG DỊU DÀNG DỖ DÀNH	Mối quan hệ
anh ruột của tôi luôn quan tâm và chăm sóc gia đình	ANH TRAI TÔI LUÔN QUAN TÂM VÀ CHĂM SÓC GIA ĐÌNH	Mối quan hệ
lực lượng an ninh đang tuần tra để đảm bảo trật tự	LỰC LƯỢNG AN NINH ĐI TUẦN TRA ĐỂ ĐẢM BẢO AN TOÀN CHO NGƯỜI DÂN	Chính trị
mẹ mua một túi quả lê ngọt lịm để cả nhà tráng miệng	MẸ TÚI QUẢ LÊ NGỌT LỊM MUA ĐỂ CẢ NHÀ TRÁNG MIỆNG	Cuộc sống thường nhật
bạn hãy nhớ khóa chặt vòi nước sau khi dùng	BẠN NHỚ VÒI NƯỚC KHOÁ CHẶT SAU KHI DÙNG	Cuộc sống thường nhật
bạn phải dọn dẹp mọi thứ	BẠN DỌN DẸP MỌI THỨ PHẢI	Cuộc sống thường nhật
họa sĩ đang hoàn thành bức chân dung của một cô gái trẻ	HOẠ SĨ BỨC CHÂN DUNG CÔ GÁI TRẺ 1 HOÀN THÀNH	Văn hóa và Giáo dục
bạn năm nay bạn sẽ làm gì	NĂM NAY BẠN ĐỊNH LÀM GÌ	Mối quan hệ
bạn muốn cá không	BẠN CÁ MUỐN KHÔNG	Mối quan hệ
giáo viên đưa ra nhận xét tích cực về bài làm của tôi	GIÁO VIÊN BÀI CỦA TÔI NHẬN XÉT TÍCH CỰC ĐƯA RA	Cuộc sống học đường
vậy tại sao chúng ta không đi dạo trên đồi 	TRÊN NÚI CHÚNG TA ĐI KHÔNG TẠI SAO	Cuộc sống thường nhật
có lẽ bạn nên tìm xung quanh cho một ổ cắm	CÓ LẼ ANH NÊN TÌM QUANH ĐÂY XEM CÓ Ổ CẮM NÀO KHÔNG	Cuộc sống thường nhật
bạn nên biết điều đó	BẠN ĐIỀU ĐÓ BIẾT NÊN	Chính trị
ok nhân tiện sân vận động thật tuyệt vời	SÂN VẬN ĐỘNG ĐÓ TUYỆT	Cuộc sống thường nhật
cháu thích trượt tuyết không bạn	BẠN TRƯỢT TUYẾT THÍCH KHÔNG	Mối quan hệ
vâng làm thế nào để tôi nhìn trong này	TÔI PHẢI XEM THẾ NÀO TRONG NÀY	Cuộc sống thường nhật
đứa trẻ cười khúc khích khi bị mẹ cù vào nách	ĐỨA TRẺ CƯỜI VUI KHI MẸ CÙ NÁCH	Mối quan hệ
chắc chắn rồi chỉ một phút thôi để tôi lấy máy ảnh ra	CHẮC CHẮN RỒI CHỜ MỘT PHÚT TÔI MÁY ẢNH LẤY RA	Du lịch
chuyện này xảy ra khi nào	CHUYỆN NÀY XẢY RA KHI NÀO	Chính trị
tôi đi mua vài thứ cho buổi dã ngoại	TÔI ĐỒ VẬT MUA BUỔI DÃ NGOẠI CHO	Du lịch
ông ấy chăm chú lắng nghe và liên tục gật gù tỏ vẻ đồng tình	ÔNG Ý LẮNG NGHE CHĂM CHÚ VÀ GẬT ĐẦU ĐỒNG Ý LIÊN TỤC	Thái độ và Cảm xúc
bạn đã tìm được việc làm phù hợp chưa	BẠN VIỆC LÀM PHÙ HỢP TÌM ĐƯỢC CHƯA	Mối quan hệ
cứ bình tĩnh xem đã mọi chuyện rồi sẽ có cách giải quyết	BÌNH TĨNH MỌI CHUYỆN GIẢI QUYẾT CÓ	Thái độ và Cảm xúc
bạn đang đi đường nào	EM ĐI ĐƯỜNG NÀO	Cuộc sống thường nhật
chắc chắn rồi làm thế nào về chúng ta về nhà và chuẩn bị một vài bánh sandwich	TẤT NHIÊN VỀ NHÀ VÀI SANDWICH LÀM	Cuộc sống thường nhật
vâng chúng tôi vẫn còn khoảng 15 phút nữa	VÂNG CHÚNG TA PHÚT 15 CÒN	Du lịch
tôi cần thẻ thư viện của bạn	TÔI THẺ THƯ VIỆN CỦA BẠN CẦN	Cuộc sống học đường
bác nông dân đặt nồi cơm nóng hổi lên chiếc rế tre	BÁC NÔNG DÂN NỒI CƠM NÓNG HỔI RẾ TRE ĐẶT LÊN	Cuộc sống thường nhật
tôi thường ăn ngũ cốc nhưng đôi khi tôi nấu một bữa sáng truyền thống của bạn	TÔI NGŨ CỐC THƯỜNG ĂN NHƯNG BỮA SÁNG KIỂU TRUYỀN THỐNG ĐÔI KHI NẤU NHƯ CÁC BẠN	Mối quan hệ
nó là một chút đắt tiền nhưng nó đẹp	NÓ ĐẮT TIỀN MỘT CHÚT NHƯNG NÓ ĐẸP	Cuộc sống thường nhật
mọi người trong khu phố mới của tôi đều rất thân thiện	KHU PHỐ MỚI CỦA TÔI MỌI NGƯỜI THÂN THIỆN	Mối quan hệ
tôi xin lỗi thưa ông nhưng tôi sẽ phải đưa cho ông một vé	TÔI BẠN ĐƯA CHO VÉ MỘT PHẢI	Cuộc sống thường nhật
con đường này dẫn thẳng ra bờ biển với khung cảnh thật tuyệt vời	CON ĐƯỜNG NÀY DẪN RA BỜ BIỂN KHUNG CẢNH TUYỆT VỜI CÓ	Du lịch
người dân đang vớt rác trên dòng sông bị ô nhiễm	TRÊN SÔNG Ô NHIỄM NGƯỜI DÂN RÁC VỚT LÊN DỌN DẸP	Cuộc sống thường nhật
origami là tên của loại giấy gấp	ORIGAMI TÊN CỦA GIẤY GẤP	Văn hóa và Giáo dục
anh nên thay nó đi nó xấu lắm	ANH CÁI ĐÓ THAY NÊN NHÌN XẤU LẮM	Mối quan hệ
có nhưng không quá cứng phải không	CÓ NHƯNG CỨNG KHÔNG PHẢI KHÔNG	Du lịch
trước tiên bạn phải rửa tay rồi chúng ta có thể chia bánh quy	ĐẦU TIÊN BẠN RỬA TAY RỒI CHÚNG TA BÁNH QUY CHIA SẺ	Cuộc sống thường nhật
bạn đang vội vã chuyện gì à	BẠN VỘI VÃ GÌ	Mối quan hệ
chú bé cưỡi con ngựa gỗ trông rất đáng yêu	CHÚ BÉ CON NGỰA GỖ CƯỠI TRÔNG ĐÁNG YÊU	Cuộc sống thường nhật
uống một ly nước chanh muối giúp bạn giảm đau họng hiệu quả	LY CHANH MUỐI 1 UỐNG BẠN HỌNG GIẢM ĐAU HIỆU QUẢ	Sức khỏe
cô ấy rất thích mặc những chiếc váy dạ hội có màu đen	CÔ ẤY NHỮNG CHIẾC VÁY DẠ HỘI MÀU ĐEN MẶC THÍCH	Cuộc sống thường nhật
con muốn đăng ký một khóa học	CON KHÓA HỌC ĐĂNG KÍ MUỐN	Cuộc sống học đường
không không hề nó trông thực sự sang trọng trên bạn bạn lấy nó ở đâu	NÓ TRÔNG XỊN THỰC SỰ CÙNG BẠN BẠN LẤY Ở ĐÂU	Thái độ và Cảm xúc
cảm ơn vì lời cảnh báo hẹn gặp lại vào ngày mai	CẢM ƠN VÌ CẢNH BÁO HẸN GẶP LẠI NGÀY MAI	Mối quan hệ
cảm ơn vì tách trà ngon	CẢM ƠN VÌ TÁCH TRÀ NGON	Cuộc sống thường nhật
tôi không chắc tôi phải kiểm tra lịch trình của tôi bạn đang đi đâu	TÔI CHẮC KHÔNG TÔI KIỂM TRA KẾ HOẠCH PHẢI BẠN ĐI ĐÂU	Thái độ và Cảm xúc
anh ấy làm nghề công nhân	ANH ẤY LÀ CÔNG NHÂN	Công việc
chúng ta còn có thể làm gì khác	CHÚNG TA LÀM KHÁC CÓ THỂ	Chính trị
ôi đau quá  bạn có phải nói đến tên cô ấy không	ÔI ĐAU QUÁ BẠN NÓI TÊN CÔ ẤY PHẢI KHÔNG	Cuộc sống thường nhật
tốt bạn đã chuẩn bị một số giấy và bút chì cho những người tham gia	TỐT BẠN CHUẨN BỊ GIẤY BÚT CHÌ CHO NHỮNG NGƯỜI THAM GIA	Công việc
tôi chỉ yêu mái tóc của bạn như vậy	TÔI MÁI TÓC CỦA BẠN YÊU	Mối quan hệ
năm bước	BƯỚC 5	Cuộc sống thường nhật
vâng nhưng nó là gì	VÂNG NHƯNG NÓ GÌ	Cuộc sống thường nhật
bài kiểm tra toán hôm nay tôi chỉ được điểm 5	HÔM NAY TÔI BÀI KIỂM TRA TOÁN ĐIỂM 5	Cuộc sống học đường
giá vàng hôm nay trên thị trường đã tăng nhẹ trở lại	HÔM NAY TRÊN THỊ TRƯỜNG GIÁ VÀNG TĂNG NHẸ TRỞ LẠI	Tài chính
bạn có thể mời cô ấy đi uống cafe sau giờ làm	BẠN CÔ ẤY MỜI CAFE GIỜ LÀM VIỆC XONG	Mối quan hệ
thôi nào	THÔI	Cuộc sống thường nhật
tôi có thể tìm nó ở đâu	TÔI NÓ Ở ĐÂU TÌM CÓ THỂ	Cuộc sống học đường
sáng mai anh có bận không	SÁNG MAI ANH BẬN CÓ KHÔNG	Công việc
bạn muốn uống gì không tôi có trà và nước nho ép	BẠN UỐNG MUỐN GÌ TÔI TRÀ NƯỚC NHO ÉP CÓ	Mối quan hệ
tôi thích đồ ăn ở whole foods hơn	TÔI ĐỒ ĂN WHOLE FOODS THÍCH HƠN	Cuộc sống thường nhật
bây giờ chúng ta cần thêm một cái gì đó ngọt ngào như mật ong	BÂY GIỜ CHÚNG TA THÊM CÁI GÌ ĐÓ NGỌT NGÀO NHƯ MẬT ONG	Cuộc sống thường nhật
có vẻ cô bị cúm để tôi đo nhiệt độ cho cô	CÔ BỊ CÚM TÔI NHIỆT ĐỘ ĐO CHO CÔ	Sức khỏe
lòng tham biến một người hiền lành trở nên hung ác	LÒNG THAM BIẾN NGƯỜI HIỀN LÀNH TRỞ NÊN HUNG ÁC	Thái độ và Cảm xúc
bạn có chơi bài không	BẠN CHƠI BÀI CÓ KHÔNG	Cuộc sống thường nhật
trung tâm thương mại có một bãi đỗ xe ngầm rất rộng rãi	TRUNG TÂM THƯƠNG MẠI NGẦM BÃI ĐỖ XE RẤT RỘNG RÃI CÓ	Cuộc sống thường nhật
chỉ có một	CHỈ CÓ MỘT	Du lịch
những tia nắng ban mai chiếu rọi khắp căn phòng	NHỮNG TIA NẮNG BAN MAI CHIẾU RỌI KHẮP CĂN PHÒNG	Cuộc sống thường nhật
sáng nào con chim chào mào cũng hót líu lo	SÁNG NÀO CHIM CHÀO MÀO HÓT LÍU LO	Cuộc sống thường nhật
trường đua ngựa là một địa điểm giải trí thu hút nhiều người	TRƯỜNG ĐUA NGỰA LÀ ĐỊA ĐIỂM GIẢI TRÍ THU HÚT NHIỀU NGƯỜI	Du lịch
gần hai năm tiếng anh của bạn rất tốt	HAI NĂM GẦN TIẾNG ANH CỦA BẠN RẤT TỐT	Mối quan hệ
hãy lấy thêm một miếng phô mai nữa vậy là đủ rồi	SỮA MỘT LẤY THÊM ĐỦ RỒI	Cuộc sống thường nhật
đội tuyển đã giành thắng lợi vẻ vang trong trận chung kết	ĐỘI TUYỂN THẮNG LỢI GIÀNH ĐƯỢC TRONG TRẬN CHUNG KẾT	Văn hóa và Giáo dục
bạn đã bao giờ trải qua một trận lụt	BẠN LŨ LỤT GẶP BAO GIỜ CHƯA	Mối quan hệ
bức tượng chiến thắng được đặt giữa công viên	BỨC TƯỢNG CHIẾN THẮNG ĐẶT ĐƯỢC GIỮA CÔNG VIÊN	Văn hóa và Giáo dục
có lẽ tôi không muốn cá tôi nghĩ rằng tôi đã có món đậu xanh thay thế	TÔI CÁ KHÔNG MUỐN CÓ LẼ TÔI NGHĨ ĐẬU XANH THAY THẾ RỒI	Cuộc sống thường nhật
vâng rất tiện lợi và giá còn rẻ hơn nữa	RẤT TIỆN LỢI TIỀN RẺ HƠN	Cuộc sống thường nhật
nghe có vẻ là một thỏa thuận tốt	THỎA THUẬN TỐT CÓ VẺ	Cuộc sống thường nhật
tôi rất muốn nhưng tôi có một lớp học ban đêm vào thứ năm	TÔI RẤT MUỐN NHƯNG TÔI LỚP HỌC MỘT BAN ĐÊM VÀO THỨ NĂM	Mối quan hệ
thật ra tôi cần hai cuộc gọi một cuộc lúc 7 giờ và cuộc còn lại lúc 17 giờ 15	TÔI CUỘC GỌI 2 CẦN THỨ 1 GIỜ 7 THỨ 2 GIỜ 17 PHÚT 15	Du lịch
hắn ta đã dùng thủ đoạn tinh vi để chiếm đoạt tài sản công ty	HẮN TA THỦ ĐOẠN ÂM MƯU TINH VI XẤU DÙNG ĐỂ CHIẾM ĐOẠT LẤY HẾT TÀI SẢN CÔNG TY	Tài chính
trong toán học đồ thị hàm số thường có trục tung	TRONG TOÁN HỌC ĐỒ THỊ HÀM SỐ TRỤC TUNG CÓ	Cuộc sống học đường
xin chào chào mừng bạn đến với rental property management tôi có thể giúp gì cho bạn	CHÀO BẠN DỊCH VỤ QUẢN LÝ NHÀ CHO THUÊ ĐẾN TÔI GIÚP GÌ	Cuộc sống thường nhật
chúng mềm	CHÚNG MỀM	Cuộc sống thường nhật
nhưng tôi không có bút tôi có thể dùng bút chì được không	NHƯNG TÔI BÚT KHÔNG TÔI BÚT CHÌ VIẾT ĐƯỢC KHÔNG	Mối quan hệ
những vườn hoa này trông tuyệt vời	NHỮNG VƯỜN HOA TRÔNG TUYỆT VỜI	Cuộc sống thường nhật
bạn có thể cho tôi biết nơi bạn đặt tất cả các nồi và chảo	BẠN ĐỂ NỒI NIÊU XOONG CHẢO Ở ĐÂU CHO TÔI BIẾT ĐƯỢC KHÔNG	Cuộc sống thường nhật
cuối câu nghi vấn chúng ta cần đặt dấu chấm hỏi	CUỐI CÂU NGHI VẤN DẤU CHẤM HỎI ĐẶT CẦN	Cuộc sống học đường
yeah cho chúng tôi xem	YEAH CHÚNG TÔI CHO XEM	Cuộc sống thường nhật
tôi biết bạn của bạn sẽ thích bộ quà tặng đặc biệt là gấu bông	TÔI BIẾT BẠN BẠN QUÀ BỘ NÀY THÍCH ĐẶC BIỆT GẤU BÔNG	Cuộc sống thường nhật
nghệ sĩ dương cầm đang chơi một bản nhạc du dương	NGHỆ SĨ PI A NÔ BẢN NHẠC 1 CHƠI NHẸ NHÀNG	Văn hóa và Giáo dục
tôi giúp bạn mang nó nhé	TÔI MANG GIÚP BẠN	Cuộc sống thường nhật
khoảng nửa tiếng trước	TRƯỚC NỬA TIẾNG THÔI	Chính trị
anh ấy đang cẩn thận buộc dây giày trước khi bắt đầu chạy	TRƯỚC KHI CHẠY ANH ẤY DÂY GIÀY BUỘC CẨN THẬN	Sức khỏe
bạn nên tập thể dục thường xuyên để nâng cao sức khỏe	BẠN TẬP THỂ DỤC THƯỜNG XUYÊN ĐỂ SỨC KHOẺ NÂNG CAO	Sức khỏe
lớp học nào bạn đang làm việc ngay bây giờ	HIỆN GIỜ BẠN LỚP NÀO DẠY	Cuộc sống học đường
có những chiếc xe đang chạy trên những con đường kia	NHỮNG CON ĐƯỜNG KIA NHỮNG CHIẾC XE CHẠY CÓ	Cuộc sống thường nhật
lạ thật	LẠ QUÁ	Văn hóa và Giáo dục
như một ngày tốt lành	NHƯ MỘT NGÀY TỐT LÀNH	Cuộc sống thường nhật
con đom đóm lập lòe trong đêm hè thật là đẹp	TRONG ĐÊM CON ĐOM ĐÓM LẬP LOÈ THẬT ĐẸP	Cuộc sống thường nhật
chỉ cần cho tôi biết những gì bạn muốn xin vui lòng	BẠN MUỐN GÌ CHO TÔI BIẾT CHỈ CẦN NÓI	Du lịch
để tôi đếm nhé được rồi nó phù hợp với lịch trình của tôi cảm ơn bạn rất nhiều	TÔI ĐẾM RỒI LỊCH TRÌNH CỦA TÔI PHÙ HỢP CẢM ƠN NHIỀU	Du lịch
chú và thím tôi sống ở quê nên rất hiền lành	CHÚ VÀ THÍM TÔI SỐNG Ở QUÊ NÊN HIỀN LÀNH	Mối quan hệ
bạn đang gửi bao nhiêu	BẠN GỬI BAO NHIÊU	Tài chính
lớp tôi có 12 bạn nam và 20 bạn nữ	LỚP TÔI BẠN NAM 12 BẠN NỮ 20 CÓ	Cuộc sống học đường
nông dân đã nổi dậy chống lại ách áp bức của bọn địa chủ	NGƯỜI NÔNG DÂN ĐỨNG LÊN CHỐNG LẠI SỰ CAI TRỊ QUẢN LÝ CỦA ĐỊA CHỦ NGƯỜI GIÀU	Chính trị
hoàn hảo tôi muốn có một buổi tối bình thường tối nay	HOÀN HẢO TỐI NAY TÔI BUỔI TỐI BÌNH THƯỜNG MUỐN	Mối quan hệ
bác sĩ khuyên tôi nên nhỏ thuốc vì bị đau mắt đỏ	BÁC SĨ TÔI KHUYÊN NHỎ THUỐC VÌ MẮT ĐỎ ĐAU	Sức khỏe
ừmđó là khó khăn	ĐÓ KHÓ KHĂN	Mối quan hệ
bạn thích ngắm chim	BẠN CHIM NGẮM THÍCH	Cuộc sống thường nhật
tôi sẽ cho vào hai thìa canh	TÔI THÌA CANH CHO VÀO 2	Sức khỏe
và nguyên nhân của điều đó là gì	NGUYÊN NHÂN GÌ	Sức khỏe
chữ i ngắn thường xuất hiện trong nhiều từ tiếng việt	TRONG TỪ TIẾNG VIỆT CHỮ I XUẤT HIỆN NHIỀU	Văn hóa và Giáo dục
tôi có thể phục vụ các món ăn của bạn bây giờ	TÔI CÁC MÓN ĂN CỦA BẠN PHỤC VỤ BÂY GIỜ	Cuộc sống thường nhật
người phụ nữ nắm giữ rất nhiều vị trí quan trong trong chính phủ	PHỤ NỮ VỊ TRÍ QUAN TRỌNG NẮM GIỮ NHIỀU TRONG CHÍNH PHỦ	Văn hóa và Giáo dục
vâng đây là điểm dừng chân của tôi rất vui được nói chuyện với bạn	ĐÂY ĐIỂM DỪNG TÔI VUI NÓI CHUYỆN BẠN	Mối quan hệ
xin lỗi tôi đã đợi món chính khá lâu rồi	XIN LỖI TÔI MÓN ĂN CHÍNH ĐỢI LÂU RỒI	Cuộc sống thường nhật
của bạn đây cảm ơn bạn	CỦA BẠN ĐÂY CẢM ƠN	Tài chính
tay tôi đầy rồi bạn không thấy sao	TAY TÔI ĐẦY RỒI BẠN KHÔNG THẤY À	Cuộc sống thường nhật
bạn có chỗ ngồi nào không	BẠN CHỖ NGỒI CÓ KHÔNG	Du lịch
tôi đánh giá cao sự hợp tác của bạn	TÔI SỰ HỢP TÁC CỦA BẠN RẤT THÍCH	Tài chính
ok cảm ơn bất cứ điều gì tôi có thể làm cho bạn	TÔI GIÚP BẠN CÓ THỂ GÌ CHO CÓ OK CẢM ƠN NHÉ	Tài chính
không tôi vẫn còn độc thân	KHÔNG TÔI VẪN ĐỘC THÂN	Mối quan hệ
ông bà luôn dành tấm lòng yêu thương cho tất cả con cháu	ÔNG BÀ DÀNH CHO TẤT CẢ CON CHÁU TẤM LÒNG YÊU THƯƠNG	Mối quan hệ
từ tiếng việt này cần phải thêm một dấu sắc thì mới đúng	TỪ TIẾNG VIỆT NÀY DẤU SẮC THÊM ĐÚNG	Văn hóa và Giáo dục
có hàng trăm nghìn người tham gia lễ hội đường phố năm nay	NĂM NAY HÀNG TRĂM NGHÌN NGƯỜI THAM GIA LỄ HỘI ĐƯỜNG PHỐ	Văn hóa và Giáo dục
à tôi chỉ nghĩ là nó ở ngay trên phố của tôi	TÔI NGHĨ NÓ PHỐ NHÀ TÔI	Công việc
bố mẹ thay phiên nhau đưa đón em đi học mỗi ngày	BỐ MẸ THAY NHAU ĐƯA ĐÓN EM ĐI HỌC MỖI NGÀY	Mối quan hệ
wow bạn hút thuốc nhiều thật đấy	BẠN THUỐC HÚT NHIỀU THẬT	Mối quan hệ
một héctômét vuông bằng mười nghìn mét vuông các em nhé	MỘT HÉC TÔ MÉT VUÔNG BẰNG 10 000 MÉT VUÔNG BẰNG CÁC EM NHÉ	Cuộc sống học đường
chúng tôi phải đi phà để qua được bờ sông bên kia	CHÚNG TÔI QUA BỜ SÔNG BÊN KIA ĐI PHÀ CẦN	Du lịch
vâng tôi đã đưa ra tất cả các nhà thiết kế thông báo về cuộc họp qua điện thoại	VÂNG TÔI ĐƯA TẤT CẢ CÁC NHÀ THIẾT KẾ THÔNG BÁO CUỘC HỌP ĐIỆN THOẠI	Công việc
chờ một chút tôi sẽ tính toán cho bạn hóa đơn của bạn là 36 đô la	ĐỢI TÔI TÍNH TỔNG CỘNG CỦA BẠN 950 000 Đ	Cuộc sống thường nhật
vâng tôi thích màu trắng  và tôi có thể thấy một màu vàng nhạt không	VÂNG TÔI THÍCH MÀU TRẮNG TÔI XEM MÀU VÀNG NHẠT ĐƯỢC KHÔNG	Cuộc sống thường nhật
tôi nên gặp bạn ở đó lúc mấy giờ	TÔI BẠN GẶP Ở ĐÓ GIỜ MẤY	Mối quan hệ
nghe có vẻ là một ý tưởng tuyệt vời	NGHE Ý TƯỞNG TUYỆT VỜI LÀ CÓ VẺ	Mối quan hệ
có nhiều tiếp xúc cơ thể hơn trong bóng bầu dục phải không	BÓNG BẦU DỤC NHIỀU VA CHẠM HƠN CÓ ĐÚNG KHÔNG	Mối quan hệ
chiếc nón lá là biểu tượng văn hóa của người việt nam	CHIẾC NÓN LÁ VĂN HOÁ VIỆT NAM LÀ BIỂU TƯỢNG ĐẶC ĐIỂM	Văn hóa và Giáo dục
bây giờ bạn có thể đặt chúng vào máy xay sinh tố	BÂY GIỜ BẠN CHÚNG MÁY XAY SINH TỐ ĐẶT VÀO CÓ THỂ	Cuộc sống thường nhật
anh sẽ bình luận thế nào về bài viết này	BÀI VIẾT NÀY ANH BÌNH LUẬN THẾ NÀO	Cuộc sống thường nhật
món ăn này có vị tuyệt vời bạn có muốn thử một chút không nó hơi nóng nhưng rất tốt	MÓN NÀY NGON TUYỆT BẠN THỬ CHÚT KHÔNG HƠI CAY NGON	Mối quan hệ
điều đó sẽ làm thật là một bức tranh thú vị nó bao nhiêu tuổi	ĐIỀU ĐÓ LÀM BỨC TRANH THÚ VỊ QUÁ NÓ TUỔI BAO NHIÊU	Công việc
không chỉ vậy thôi cảm ơn rất nhiều	ĐỦ RỒI CẢM ƠN	Du lịch
bạn có loại da nào	DA CỦA BẠN LOẠI GÌ	Cuộc sống thường nhật
tôi đang trên đường đi lấy thêm cà chua cho món salad	TÔI ĐƯỜNG ĐI CÀ CHUA LẤY THÊM SALAD CHO	Cuộc sống thường nhật
tôi muốn thuê một bộ đồ trang trọng ở đây bạn có một chiếc váy màu tím đây	TÔI Ở ĐÂY THUÊ BỘ ĐỒ ĐẸP MUỐN BẠN CHIẾC VÁY MÀU TÍM MỘT CÓ KHÔNG	Công việc
thật tuyệt gần đây bạn có đi xem phim không	BẠN PHIM XEM ĐI DẠO NÀY CÓ KHÔNG TUYỆT QUÁ	Mối quan hệ
bạn có sở hữu các pha nguy hiểm trong phim không	BẠN THỰC HIỆN HÀNH ĐỘNG NGUY HIỂM TRONG PHIM CÓ KHÔNG	Mối quan hệ
cô giáo đang dạy chúng em tập viết từng con chữ thật nắn nót	CÔ GIÁO DẠY CHÚNG EM CHỮ TẬP VIẾT NẮN NÓN	Văn hóa và Giáo dục
tôi tin tưởng họ	TÔI HỌ TIN TƯỞNG	Mối quan hệ
cô ấy thích dành thời gian ở một mình để suy ngẫm	CÔ ẤY MỘT MÌNH NGỒI SUY NGHĨ THÍCH	Thái độ và Cảm xúc
bạn kết hôn với người nước ngoài phải không mọi chuyện thế nào	BẠN NGƯỜI NƯỚC NGOÀI KẾT HÔN PHẢI MỌI CHUYỆN THẾ NÀO	Mối quan hệ
tôi thấy điều đó sẽ có giá bao nhiêu	TÔI HIỂU RỒI GIÁ BAO NHIÊU VẬY	Cuộc sống thường nhật
cho họ vào	HỌ CHO VÀO	Cuộc sống thường nhật
bạn có muốn giới thiệu tôi với bố mẹ bạn không	BẠN GIỚI THIỆU TÔI VỚI BỐ MẸ CỦA BẠN MUỐN KHÔNG	Mối quan hệ
bạn phải chờ đợi để biết kết quả của kỳ thi cuối kỳ	BẠN KẾT QUẢ KỲ THI CUỐI KỲ BIẾT CHỜ PHẢI	Cuộc sống học đường
sẽ mất bao lâu	THỜI GIAN BAO NHIÊU	Cuộc sống thường nhật
xin lỗi chúng ta có bao nhiêu thời gian tham quan	XIN LỖI CHÚNG TA THỜI GIAN THAM QUAN BAO NHIÊU	Du lịch
chú bưu tá giao thư cho gia đình tôi mỗi buổi sáng	CHÚ BƯU TÁ GIA ĐÌNH TÔI THƯ ĐƯA ĐẾN MỖI BUỔI SÁNG	Công việc
nó có thấm nước không	NÓ NGẬP NƯỚC CÓ KHÔNG	Cuộc sống thường nhật
em bé có nụ cười thật trong sáng và dễ thương	EM BÉ NỤ CƯỜI TRONG SÁNG VÀ DỄ THƯƠNG CÓ	Mối quan hệ
chất độc màu da cam để lại hậu quả nặng nề cho nhiều thế hệ	CHẤT ĐỘC MÀU DA CAM HÂU QUẢ NẶNG NỀ ĐỂ LẠI CHO THẾ HỆ NHIỀU	Chính trị
mức thuế là gì	THUẾ SUẤT BAO NHIÊU	Công việc
ở đây có xúc xích ý không	Ở ĐÂY XÚC XÍCH Ý CÓ KHÔNG	Cuộc sống thường nhật
tôi thích gợi ý đó cho tôi xem một cái làm ơn	TÔI Ý TƯỞNG ĐÓ THÍCH TÔI XEM MỘT CÁI MUỐN	Cuộc sống thường nhật
bạn giúp tôi một tay được không tôi không thể mang cái hộp nặng được	BẠN GIÚP TÔI ĐƯỢC KHÔNG TÔI HỘP NẶNG MANG KHÔNG ĐƯỢC	Cuộc sống thường nhật
anh đã đến berlin chưa	ANH BERLIN ĐẾN CHƯA	Mối quan hệ
bạn có dẫn chó đi dạo mỗi ngày không	BẠN DẪN CHÓ ĐI DẠO MỖI NGÀY CÓ KHÔNG	Cuộc sống thường nhật
cái đó nó có hiệu quả không	CÁI ĐÓ HIỆU QUẢ CÓ KHÔNG	Thái độ và Cảm xúc
cảm ơn vì bạn đã bỏ qua	BẠN BỎ QUA CẢM ƠN	Cuộc sống thường nhật
cảm ơn bạn đây là bản sao giấy chứng nhận hướng dẫn viên của tôi	ĐÂY BẢN SAO GIẤY CHỨNG NHẬN HƯỚNG DẪN VIÊN TÔI	Công việc
ồ buồn cười thật	BUỒN CƯỜI	Mối quan hệ
đúng vậy hẹn gặp lại ngày mai	NGÀY MAI HẸN GẶP LẠI	Mối quan hệ
bố mẹ luôn dành tình thương yêu vô bờ bến cho con cái	BỐ MẸ TÌNH THƯƠNG YÊU VÔ BỜ KHÔNG GIỚI HẠN DÀNH CHO CON CÁI	Mối quan hệ
tôi muốn một bộ dụng cụ sửa chữa giá cả thế nào 	TÔI MỘT BỘ DỤNG CỤ SỬA CHỮA MUỐN GIÁ BAO NHIÊU	Du lịch
cũng được tiếp tục làm việc tốt nhé	ĐƯỢC LÀM VIỆC TỐT TIẾP TỤC	Mối quan hệ
bạn bán nó với giá bao nhiêu	BẠN BÁN TIỀN BAO NHIÊU	Cuộc sống thường nhật
bạn có muốn chúng được giao không	BẠN CHÚNG ĐƯỢC GIAO CÓ KHÔNG	Cuộc sống thường nhật
cho tôi biết khi nào anh sẵn sàng gọi đồ ăn	CHO TÔI BIẾT KHI NÀO BẠN ĐỒ ĂN SẴN SÀNG	Cuộc sống thường nhật
món gỏi cuốn không thể thiếu được những tấm bánh tráng	MÓN GỎI CUỐN NHỮNG TẤM BÁNH TRÁNG THIẾU KHÔNG THỂ	Cuộc sống thường nhật
mẹ em nấu món canh chua với con tôm rất ngon	MẸ EM CANH CHUA TÔM NẤU NGON	Cuộc sống thường nhật
vậy thứ tư tuần sau anh sẽ nói gì	THỨ TƯ TUẦN SAU BẠN NÓI GÌ	Mối quan hệ
nhưng mẹ ơi hôm nay chúng ta chơi bóng đá con yêu bóng bầu dục	MẸ ƠI HÔM NAY TỤI CON BÓNG ĐÁ CHƠI MÀ BÓNG BẦU DỤC THÍCH LẮM CON	Sức khỏe
thật tệ vậy có bàn làm việc trong phòng khách không	PHÒNG KHÁCH BÀN LÀM VIỆC CÓ KHÔNG	Cuộc sống thường nhật
niềm vui lớn nhất của cha mẹ là thấy con cái trưởng thành	NIỀM VUI LỚN NHẤT CỦA CHA MẸ LÀ KHI THẤY CON CÁI TRƯỞNG THÀNH	Mối quan hệ
điểm trung bình môn toán của tôi học kỳ này là tám phẩy năm	TÔI MÔN TOÁN HỌC KỲ NÀY ĐIỂM TRUNG BÌNH LÀ 8 5	Cuộc sống học đường
vẫn chưa	VẪN CHƯA	Cuộc sống thường nhật
chào buổi sáng tôi có thể giúp gì cho anh	CHÀO BUỔI SÁNG TÔI GIÚP ANH GÌ	Sức khỏe
tôi cũng vậy bạn đang nghĩ đến điều gì	TÔI CŨNG BẠN NGHĨ GÌ	Mối quan hệ
cảm ơn bây giờ tôi có thể gửi tiền đầy đủ không	BÂY GIỜ TÔI GỬI TIỀN ĐẦY ĐỦ ĐƯỢC KHÔNG	Tài chính
nó sẽ làm cho bạn cảm thấy mát mẻ bên trong vào một ngày rất nóng	1 NGÀY NÓNG NÓ BẠN CHO BÊN TRONG CẢM THẤY MÁT MẺ	Sức khỏe
vòi phun nước tự động tưới cho cả khu vườn	VÒI PHUN NƯỚC TƯỚI TỰ ĐỘNG KHU VƯỜN	Cuộc sống thường nhật
tốt lắm nhưng hãy cho tôi biết cô ấy trông như thế nào	BẠN CÔ ẤY TRÔNG THẾ NÀO TẢ ĐƯỢC KHÔNG	Mối quan hệ
chúng ta cần cung cấp thông tin chính xác cho cơ quan điều tra	CHÚNG TA CƠ QUAN ĐIỀU TRA THÔNG TIN CHÍNH XÁC CUNG CẤP ĐƯA TRAO CẦN	Chính trị
bây giờ anh ta là thám tử	BÂY GIỜ ANH ẤY THÁM TỬ	Mối quan hệ
lợi ích của thương mại điện tử là gì	LỢI ÍCH CỦA THƯƠNG MẠI ĐIỆN TỬ LÀ GÌ	Công việc
bạn đã làm đó là tuyệt vời	BẠN LÀM RỒI ĐÓ TUYỆT VỜI	Mối quan hệ
vâng chúng tôi làm đó là một khoảnh khắc thú vị	CHÚNG TÔI LÀM ĐÓ THỜI GIAN THÚ VỊ	Mối quan hệ
tham quan nhà máy thì sao	NHÀ MÁY THAM QUAN THẾ NÀO	Mối quan hệ
lần sau tôi sẽ mang theo một cái	LẦN SAU MANG THEO 1	Cuộc sống học đường
chúng tôi cũng thích nó	CHÚNG TÔI NÓ THÍCH CŨNG	Mối quan hệ
nó sẽ khởi hành 2 giờ sau đó	NÓ BẮT ĐẦU ĐI 2 GIỜ TIẾP THEO	Du lịch
đó là tuyệt vời xin chúc mừng	TUYỆT VỜI CHÚC MỪNG	Cuộc sống thường nhật
những đống rơm vàng óng được phơi khô trên sân đình	TRÊN SÂN ĐÌNH NHỮNG ĐỐNG RƠM VÀNG ỐNG PHƠI KHÔ ĐƯỢC	Cuộc sống thường nhật
vào đi tôi rất vui vì bạn ở đây chúng tôi đã mong đợi bạn	TÔI RẤT VUI VÌ BẠN Ở ĐÂY CHÚNG TÔI BẠN MONG ĐỢI	Mối quan hệ
tôi thấy nó cảm thấy rất nhẹ trên da	TÔI HIỂU RỒI CẢM GIÁC NÓ RẤT NHẸ TRÊN DA	Cuộc sống thường nhật
lễ hội mùa xuân là lễ hội quan trọng nhất ở trung quốc phải không	LỄ HỘI MÙA XUÂN LÀ QUAN TRỌNG NHẤT Ở TRUNG QUỐC PHẢI KHÔNG	Mối quan hệ
hôm nay tôi đã đến thăm thủy cung	HÔM NAY TÔI CÔNG VIÊN NƯỚC THĂM RỒI	Mối quan hệ
cái gì đây ford mới à	XE FORD MỚI CÁI NÀY GÌ	Mối quan hệ
chờ đã hãy để tôi viết điều này xuống được rồi tôi đã sẵn sàng	CHỜ ĐÃ TÔI VIẾT ĐIỀU NÀY XUỐNG SẴN SÀNG	Cuộc sống thường nhật
điều đó có vẻ ổn tỷ giá hối đoái như ngày hôm nay là bao nhiêu tốt hay xấu	TỶ GIÁ HỐI ĐOÁI HÔM NAY THẾ NÀO TỐT XẤU	Tài chính
năm ngày một tuần quá	BẠN TẬP NĂM NGÀY TUẦN LUÔN À	Cuộc sống học đường
hai hộp nhỏ	HỘP NHỎ 2	Du lịch
tôi rất thích đồ ngọt	TÔI ĐỒ NGỌT RẤT THÍCH	Cuộc sống thường nhật
tốt bây giờ tôi sẽ đổ nước nóng	TỐT BÂY GIỜ TÔI NƯỚC NÓNG ĐỔ	Cuộc sống thường nhật
tôi nghĩ tôi thích cái đó hơn nó được làm bằng vàng phải không	TÔI CÁI ĐÓ THÍCH HƠN NÓ LÀM BẰNG VÀNG PHẢI KHÔNG	Cuộc sống thường nhật
ăn rau diếp cá thường xuyên giúp cơ thể thanh nhiệt giải độc	RAU DIẾP CÁ ĂN THƯỜNG XUYÊN CƠ THỂ THANH NHIỆT GIẢI ĐỘC GIÚP	Sức khỏe
bạn có thể bảo cô ấy gọi lại cho tôi khi cô ta vào được không	KHI CÔ ẤY VÀO BẠN BẢO CÔ ẤY GỌI LẠI TÔI ĐƯỢC KHÔNG	Cuộc sống thường nhật
bạn nói  chúng tôi  là sao	BẠN NÓI CHÚNG TÔI GÌ	Mối quan hệ
bạn có thể cho tôi biết ngày sinh của bạn không	BẠN NGÀY SINH BAO NHIÊU	Mối quan hệ
đây có phải là nơi tôi bắt xe buýt đến sở thú không	Ở ĐÂY TÔI ĐI XE BUÝT ĐẾN SỞ THÚ PHẢI KHÔNG	Cuộc sống thường nhật
tôi sẽ đi xem anh ấy còn thức không	TÔI ĐI XEM ANH TA THỨC CÒN KHÔNG	Cuộc sống thường nhật
mẹ tôi thường nấu canh rau cải với gừng rất ngon	MẸ TÔI CANH RAU CẢI VỚI GỪNG NẤU RẤT NGON	Cuộc sống thường nhật
không cảm ơn tôi đang cố giảm lượng caffeine	CẢM ƠN TÔI CAFE CỐ GẮNG GIẢM	Cuộc sống thường nhật
cuối tuần này chúng tôi sẽ ghé thăm người bạn cũ	CUỐI TUẦN NÀY CHÚNG TÔI NHÀ NGƯỜI BẠN CŨ SẼ ĐẾN THĂM	Mối quan hệ
tôi cũng cần thông tin của anh	TÔI CẦN THÔNG TIN CỦA ANH NỮA	Cuộc sống thường nhật
ngoài lương ra anh còn nguồn thu nhập nào khác không	TIỀN LƯƠNG CÓ RỒI ANH NGUỒN THU NHẬP KHÁC CÓ KHÔNG	Cuộc sống thường nhật
em cần học thuộc công thức hóa học này nhé	EM CÔNG THỨC HOÁ HỌC NÀY HỌC THUỘC CẦN	Cuộc sống học đường
bạn có chắc là bạn có thời gian không	BẠN CHẮC CHẮN THỜI GIAN CÓ KHÔNG	Thái độ và Cảm xúc
tôi dọn dẹp rất nhanh vì tôi cần phải đi chợ	TÔI DỌN DẸP NHANH VÌ TÔI ĐI CHỢ PHẢI	Cuộc sống thường nhật
con quạ thông minh đã biết thả sỏi vào bình để uống nước	CON QUẠ THÔNG MINH BÌNH SỎI THẢ VÀO ĐỂ UỐNG BIẾT	Cuộc sống thường nhật
bạn đang làm gì trên đó vậy	BẠN TRÊN ĐÓ LÀM GÌ	Cuộc sống thường nhật
xin chào	CHÀO	Cuộc sống thường nhật
rừng cây gỗ quý bị khai thác trái phép	RỪNG CÂY GỖ QUÝ KHAI THÁC TRÁI PHÉP BỊ	Cuộc sống thường nhật
tôi có thể giúp gì khác không	TÔI GIÚP KHÁC GÌ	Tài chính
tôi đã lái xe trước đây nhưng chỉ một lần	TÔI LÁI XE TỪNG MỘT LẦN	Cuộc sống thường nhật
bạn sử dụng dịch vụ nào do ngân hàng cung cấp nhiều nhất	BẠN NGÂN HÀNG DỊCH VỤ NÀO SỬ DỤNG THƯỜNG NHẤT	Tài chính
tôi thường chỉ ăn nho và táo	TÔI NHO VÀ TÁO ĂN	Cuộc sống thường nhật
rất vui được gặp bạn tên tôi là alice bạn vừa chuyển đến nhà bên cạnh	GẶP BẠN RẤT VUI TÔI TÊN THUÝ BẠN NHÀ BÊN CẠNH CHUYỂN ĐẾN À	Mối quan hệ
tôi cần ít thuốc lá	THUỐC LÁ ÍT CHO TÔI	Cuộc sống thường nhật
điều đó có ý nghĩa rất nhiều tv có hoạt động tốt không	Ý NGHĨA RẤT NHIỀU TV HOẠT ĐỘNG TỐT KHÔNG	Cuộc sống thường nhật
được rồi bạn sống ở đâu	BẠN SỐNG Ở ĐÂU	Cuộc sống thường nhật
hôm nay tôi sẽ chụp nhiều ảnh hơn	HÔM NAY TÔI CHỤP ẢNH NHIỀU HƠN	Mối quan hệ
ồ tôi suýt quên bài kiểm tra	TÔI BÀI KIỂM TRA SUÝT QUÊN	Cuộc sống thường nhật
anh ta đã kháng cự lại sự bất công một cách mạnh mẽ	ANH TA SỰ CÔNG BẰNG KHÔNG KHÁNG CỰ MẠNH MẼ	Thái độ và Cảm xúc
chào mừng đến với rạp xiếc	CHÀO MỪNG RẠP XIẾC ĐẾN	Du lịch
tôi đã nói chuyện với họ khoảng hai tuần trước vâng mọi thứ đang diễn ra tốt đẹp	TÔI NÓI CHUYỆN HỌ HAI TUẦN TRƯỚC MỌI VIỆC ỔN	Mối quan hệ
tôi giỏi tennis và trượt tuyết còn bạn thì sao	TÔI CHƠI TENNIS VÀ TRƯỢT TUYẾT KHÁ TỐT CÒN BẠN THÌ SAO	Mối quan hệ
vâng anh  ở đâu	ANH Ở ĐÂU	Chính trị
bạn muốn ăn trưa với thịt lợn thịt cừu hay thịt bò	BẠN MUỐN ĂN TRƯA VỚI THỊT HEO THỊT CỪU HAY THỊT BÒ	Mối quan hệ
không đây là số 2517759	KHÔNG 2 5 1 7 7 5 9	Cuộc sống thường nhật
dù có đau lòng chúng ta vẫn phải dũng cảm đối mặt sự thật	CHÚNG TA SỰ THẬT DŨNG CẢM ĐỐI MẶT	Thái độ và Cảm xúc
đài truyền hình đang ghi hình một chương trình thực tế mới	ĐÀI TRUYỀN HÌNH CHƯƠNG TRÌNH THỰC TẾ MỚI GHI HÌNH	Công việc
anh đã trả giá bao nhiêu	ANH ẤY TRẢ GIÁ BAO NHIÊU	Thái độ và Cảm xúc
có xa không	XA CÓ KHÔNG	Cuộc sống thường nhật
vậy laura bạn có thường xuyên đến đây không	BẠN THƯỜNG XUYÊN ĐẾN ĐÂY À	Mối quan hệ
em dùng giấy nháp để giải các bài toán khó trong giờ học	GIỜ HỌC EM GIẤY NHÁP DÙNG ĐỂ LÀM BÀI TOÁN KHÓ	Cuộc sống học đường
bạn thích những cô gái cao hay thấp	BẠN THÍCH CON GÁI CAO HAY THẤP	Mối quan hệ
bạn đã thấy gì	BẠN THẤY GÌ	Chính trị
chờ một chút tiền thừa của anh đây	CHỜ MỘT CHÚT TIỀN THỪA CỦA BẠN ĐÂY	Cuộc sống thường nhật
và bạn có bất kỳ loại thuốc cho bệnh không khí	BẠN THUỐC CHỐNG SAY XE MANG THEO CÓ À	Du lịch
nhìn những bông hoa xinh đẹp này	NHÌN NÀY NHỮNG BÔNG HOA XINH ĐẸP	Cuộc sống thường nhật
bạn ăn hạt dẻ được không	BẠN HẠT DẺ ĂN ĐƯỢC KHÔNG	Cuộc sống thường nhật
bạn chúng ta đang trên xe buýt phải không	CHÚNG TA XE BUÝT ĐI ĐÚNG KHÔNG	Cuộc sống thường nhật
mẹ ơi mũi con đang chảy máu	MẸ ƠI MŨI CON CHẢY MÁU RỒI	Cuộc sống thường nhật
chắc chắn rồi làm thế nào về quán cà phê ngay bên kia đường từ văn phòng của tôi	CHẮC CHẮN RỒI QUÁN CÀ PHÊ ĐƯỜNG VĂN PHÒNG CỦA TÔI BÊN KIA THÌ SAO	Mối quan hệ
không tôi vẫn chưa nhận phòng	KHÔNG TÔI PHÒNG NHẬN CHƯA	Sức khỏe
bạn mặc cỡ nào những chiếc váy này đang được bán	BẠN SIZE NÀO MẶC VÁY NÀY GIẢM GIÁ ĐÓ	Cuộc sống thường nhật
con cháu sum vây về chúc thọ ông bà	CON CHÁU VỀ CHÚC THỌ ÔNG BÀ	Văn hóa và Giáo dục
hôm nay bạn mặc chiếc váy này trông thật xinh đẹp quá	HÔM NAY BẠN CHIẾC VÁY NÀY MẶC TRÔNG XINH ĐẸP	Cuộc sống thường nhật
cô bé vẫy tay chào tạm biệt mọi người ở sân ga	Ở SÂN GA CÔ BÉ VẪY TAY CHÀO TẠM BIỆT MỌI NGƯỜI	Du lịch
chú hề trong rạp xiếc mang lại nhiều tiếng cười cho khán giả	TRONG RẠP XIẾC CHÚ HỀ LÀM CHO MỌI NGƯỜI CƯỜI NHIỀU	Văn hóa và Giáo dục
quán bún ngan ở đầu ngõ lúc nào cũng đông khách	QUÁN BÚN NGAN ĐẦU NGÕ ĐÔNG KHÁCH LUÔN LUÔN	Cuộc sống thường nhật
bộ phim chỉ mới bắt đầu	BỘ PHIM BẮT ĐẦU MỚI	Thái độ và Cảm xúc
con trai tôi muốn tôi mua một món đồ chơi vì vậy tôi nghĩ tôi nên thỏa mãn nó	CON TRAI TÔI MUỐN TÔI MUA ĐỒ CHƠI TÔI NGHĨ NÊN CHIỀU NÓ	Cuộc sống thường nhật
khi nào nó đến	KHI NÀO NÓ ĐẾN SẼ	Du lịch
xin vui lòng cảm ơn bạn rất nhiều vì đã dừng lại	BẠN CẢM ƠN NHIỀU GHÉ QUA	Cuộc sống thường nhật
học sinh cần tuân thủ đúng thời gian biểu của nhà trường	NHÀ TRƯỜNG THỜI GIAN BIỂU HỌC HỌC SINH TUÂN THỦ THỰC HIỆN ĐÚNG CẦN	Cuộc sống học đường
tôi rất thích bữa tiệc của bạn lisa	TÔI BỮA TIỆC CỦA BẠN RẤT THÍCH	Mối quan hệ
xin lỗi nhưng chiếc váy này có bán không	XIN LỖI VÁY NÀY BÁN CÓ KHÔNG	Cuộc sống thường nhật
con mèo khéo léo chui qua hàng rào để vào trong sân	ĐỂ VÀO SÂN CON MÈO HÀNG RÀO CHUI QUA KHÉO LÉO	Cuộc sống thường nhật
trường em tổ chức quyên góp sách vở cho bạn vùng cao	TRƯỜNG EM SÁCH VỞ QUYÊN GÓP CHO CÁC BẠN VÙNG CAO	Cuộc sống học đường
xin chào tôi cần đặt bàn ăn tối	XIN CHÀO TÔI BÀN ĂN TỐI ĐẶT	Mối quan hệ
có loại bảo hành nào đi kèm với âm thanh nổi này	CÓ LOẠI DÀN ÂM THANH NÀY ĐƯỢC BẢO HÀNH THẾ NÀO	Cuộc sống thường nhật
không đùa đâu chúng tôi chỉ có 5 chai bia	ĐÙA KHÔNG CHÚNG TÔI CHAI BIA 5 CÓ	Cuộc sống thường nhật
hãy hỏi tôi bất cứ lúc nào bạn cần giúp đỡ	HỎI TÔI KHI BẠN GIÚP ĐỠ CẦN HÃY	Sức khỏe
bãi tắm này có bờ cát trắng mịn và nước biển trong xanh	BÃI TẮM BỜ CÁT TRẮNG MỊN NƯỚC TRONG XANH CÓ	Du lịch
nếu bạn đang đói sau đó nấu ăn một cái gì đó	NẾU BẠN ĐÓI SAU ĐÓ NẤU ĂN CÁI GÌ ĐÓ	Cuộc sống thường nhật
tôi thích đi tàu hơn mặc dù đắt hơn	TÔI TÀU HỎA ĐI THÍCH HƠN NHƯNG ĐẮT HƠN	Mối quan hệ
30 nghìn đồng làm ơn	30 NGHÌN ĐỒNG LÀM ƠN	Cuộc sống học đường
bạn cần giúp đỡ gì	BẠN CẦN TÔI GIÚP GÌ	Cuộc sống học đường
cô ấy rất thích ăn diện mỗi khi ra ngoài	CÔ ẤY ĂN DIỆN MẶC ĐẸP THÍCH KHI RA NGOÀI	Thái độ và Cảm xúc
thật sao chúc may mắn cho họ	THẬT À CHÚC HỌ MAY MẮN NHÉ	Mối quan hệ
này ra ngoài và mang cái này theo nhé	NÀY RA NGOÀI CÁI NÀY MANG THEO	Cuộc sống thường nhật
con mèo đang nằm sưởi nắng bên cạnh cửa sổ	BÊN CẠNH CỬA SỔ CON MÈO NẰM SƯỞI NẮNG	Cuộc sống thường nhật
tôi nghĩ chúng ta sẽ ổn thôi	NGHĨ MỌI CHUYỆN ỔN	Tài chính
ừ thật thú vị tháng này chúng ta sẽ làm trò chơi ô chữ	Ừ NGHE HAY ĐẤY THÁNG NÀY CHÚNG TA Ô CHỮ CHƠI SẼ	Mối quan hệ
hmm đó là một lựa chọn khó khăn nhưng tôi nghĩ tôi sẽ đi với cái này	LỰA CHỌN KHÓ THẬT TÔI CÁI NÀY CHỌN NGHĨ	Cuộc sống thường nhật
bạn đã đến đúng nơi chúng tôi có những đôi giày tốt nhất trong thị trấn	BẠN ĐÚNG CHỖ ĐẾN RỒI Ở ĐÂY CHÚNG TÔI ĐÔI GIÀY TỐT NHẤT THỊ TRẤN CÓ	Mối quan hệ
vâng tôi là một người hướng ngoại thích ở bên cạnh nhiều bạn bè	VÂNG TÔI NGƯỜI HƯỚNG NGOẠI NHIỀU BẠN THÍCH	Công việc
tôi không thích uống bất kỳ loại thuốc nào mà không cần nói chuyện với bác sĩ trước	TÔI UỐNG THUỐC KHÔNG THÍCH BÁC SĨ NÓI CHUYỆN TRƯỚC CẦN	Sức khỏe
có chuyện gì với bạn vậy	BẠN XẢY RA GÌ	Sức khỏe
vâng rẽ trái ở góc đầu tiên sau ngã tư nó gần góc bạn không thể bỏ lỡ nó	Ừ GÓC ĐẦU TIÊN SAU NGÃ TƯ RẼ TRÁI NÓ GẦN ĐÓ NẰM THÔI BẠN THẤY LIỀN SẼ	Cuộc sống thường nhật
trời sắp mưa rồi bạn nhớ mang theo ô nhé	TRỜI MƯA SẮP BẠN Ô MANG NHỚ	Cuộc sống thường nhật
bình thường cảm ơn bạn còn bạn thì sao	BÌNH THƯỜNG CẢM ƠN BẠN THẾ NÀO	Mối quan hệ
muỗi là một loại côn trùng có thể truyền bệnh sốt xuất huyết	MUỖI LÀ LOẠI CÔN TRÙNG BỆNH SỐT XUẤT HUYẾT TRUYỀN BỆNH	Công việc
tôi sợ bạn phải từ bỏ tiền mặt bạn có được bảo hiểm không	TÔI NGHĨ BẠN TRẢ TIỀN MẶT PHẢI BẠN BẢO HIỂM CÓ KHÔNG	Du lịch
đại tướng võ nguyên giáp là một nhà quân sự thiên tài của việt nam	ĐẠI TƯỚNG VÕ NGUYÊN GIÁP NHÀ QUÂN SỰ VÔ CÙNG GIỎI CỦA VIỆT NAM	Chính trị
thật đơn giản chỉ cần nhấn nút như thế này	ĐƠN GIẢN LẮM NÚT NHƯ THẾ NÀY NHẤN CHỈ CẦN THÔI	Du lịch
bạn sẽ làm gì khi về nhà	BẠN VỀ NHÀ KHI LÀM GÌ SẼ	Cuộc sống học đường
tôi tự hỏi rằng bạn bị ướt hay khô 	TÔI TỰ HỎI BẠN ƯỚT HAY KHÔ	Cuộc sống thường nhật
vâng chắc chắn rồi ông sẽ không thất vọng đâu	CHẮC CHẮN ÔNG THẤT VỌNG KHÔNG	Mối quan hệ
cô ấy đã chứng minh được năng lực của mình qua dự án	CÔ ẤY NĂNG LỰC KHẢ NĂNG TÀI NĂNG CHỨNG MINH ĐƯỢC QUA DỰ ÁN	Công việc
anh có uống thuốc gì không	BẠN UỐNG THUỐC CÓ KHÔNG	Sức khỏe
bạn đã gặp giáo sư smith chưa	GIÁO SƯ BẠN GẶP CHƯA	Mối quan hệ
ngôi nhà mới của bạn nằm ở đâu	NHÀ MỚI CỦA BẠN Ở ĐÂU	Cuộc sống thường nhật
rất buồn cười đi thôi mọi người sẽ ở đây bất cứ phút nào	BUỒN CƯỜI QUÁ ĐI THÔI MỌI NGƯỜI LUÔN LUÔN	Cuộc sống thường nhật
được rồi tôi sẽ quay lại ngay	TÔI QUAY LẠI NGAY	Cuộc sống thường nhật
chuyện đó liên quan gì	CHUYỆN ĐÓ LIÊN QUAN GÌ	Công việc
mẹ chỉ cho một chút đường vào món canh cho dịu vị	MẸ ĐƯỜNG ĂN CHO 1 CHÚT MÓN CANH NGON	Cuộc sống thường nhật
tôi có thể hỏi ngày sinh của bạn	HỎI NGÀY SINH CỦA BẠN	Công việc
công ty đang đào tạo nhân viên mới về quy trình làm việc	CÔNG TY ĐÀO TẠO HƯỚNG DẪN QUY TRÌNH LÀM VIỆC CHO NHÂN VIÊN MỚI	Công việc
ông tôi treo mấy quả bầu hồ lô khô trước hiên nhà	ÔNG TÔI QUẢ BẦU HỒ LÔ KHÔ TREO TRƯỚC HIÊN NHÀ	Cuộc sống thường nhật
ok thẻ này thì sao	THẺ NÀY SAO	Du lịch
à phải rồi tôi cần chi bao nhiêu	ĐÚNG RỒI TÔI TIỀN BAO NHIÊU CHUẨN BỊ CẦN	Tài chính
bạn có bản sao kê cho thẻ của bạn	BẠN BẢN VIẾT LẠI THẺ CỦA BẠN CÓ	Tài chính
tôi thực sự cảm thấy xấu hổ hãy để tôi mua một cái mới cho bạn	TÔI CẢM THẤY XẤU HỔ THẬT SỰ TÔI MỘT CÁI MỚI MUA CHO BẠN HÃY	Mối quan hệ
vâng tất cả các đôi giày được giảm 20	VÂNG GIÀY TẤT CẢ HIỆN GIẢM 20	Cuộc sống thường nhật
tôi nghĩ anh ta chỉ thích nghe thôi	TÔI NGHĨ ANH TA NGHE THÍCH	Cuộc sống thường nhật
được rồi	ĐƯỢC RỒI	Cuộc sống thường nhật
tháp chàm là công trình kiến trúc độc đáo của dân tộc chăm	DÂN TỘC CHĂM THÁP CHÀM CÔNG TRÌNH KIẾN TRÚC ĐỘC ĐÁO	Văn hóa và Giáo dục
vâng tôi ở đây để sửa chữa đường ống của bạn	TÔI SỬA CHỮA ỐNG NƯỚC CỦA BẠN	Cuộc sống thường nhật
vâng tôi nhớ toàn bộ câu chuyện	TÔI CÂU CHUYỆN TOÀN BỘ NHỚ	Cuộc sống thường nhật
chúng tôi muốn một số bánh ngọt hương vị địa phương bạn có thể giới thiệu một ít không	CHÚNG TÔI BÁNH NGỌT MÙI VỊ BẠN GIỚI THIỆU CÓ KHÔNG	Cuộc sống thường nhật
bà tôi rất yêu thương đứa cháu gái bé bỏng của mình	BÀ TÔI ĐỨA CHÁU GÁI BÉ NHỎ RẤT YÊU THƯƠNG	Mối quan hệ
sức khỏe của chúng ta phụ thuộc nhiều vào chế độ ăn	CHÚNG TA SỨC KHOẺ CHẾ ĐỘ ĂN BỮA ĂN PHỤ THUỘC DỰA VÀO NHIỀU	Sức khỏe
ý tưởng hay bạn đã biết trà trứng và khoai tây chưa	Ý TƯỞNG HAY BẠN BIẾT TRÀ TRỨNG KHOAI TÂY CÓ KHÔNG	Cuộc sống thường nhật
và bánh mì nướng của bạn sáng hay tối	BÁNH MÌ NƯỚNG CỦA BẠN SÁNG TỐI HAY	Cuộc sống thường nhật
con hổ vồ lấy con mồi một cách rất nhanh chóng	CON HỔ CON MỒI VỒ LẤY NHANH CHÓNG	Cuộc sống thường nhật
niềng răng là giải pháp hiệu quả cho người bị răng hô	NIỀNG RĂNG GIẢI PHÁP HIỆU QUẢ NGƯỜI BỊ HÔ	Sức khỏe
tối thứ bảy này anh rảnh không	THỨ 7 NÀY TỐI ANH RẢNH CÓ	Mối quan hệ
bọn trẻ con thích thú chạy theo những chiếc chong chóng	BỌN TRẺ CON NHỮNG CHIẾC CHONG CHÓNG CHẠY THEO THÍCH THÚ	Cuộc sống thường nhật
okchăm sóc	BẠN SỨC KHỎE GIỮ GÌN NHÉ	Mối quan hệ
vâng một coke trung bình	VÂNG CHO TÔI MỘT LY COCA CỠ VỪA	Cuộc sống thường nhật
bàn tay mẹ đã chai sần vì làm lụng vất vả	MẸ BÀN TAY CHAI SẦN VÌ LÀM VẤT VẢ	Mối quan hệ
căn bệnh quái ác đã khiến đôi chân ông bị liệt	ÔNG ĐÔI CHÂN BỊ LIỆT VÌ CĂN BỆNH QUÁI ÁC	Sức khỏe
bạn nhớ khoá cửa cẩn thận trước khi đi ra khỏi nhà nhé	BẠN CỬA CẨN THẬN KHÓA NHỚ RA KHỎI NHÀ TRƯỚC	Cuộc sống thường nhật
tôi có thể làm gì cho cô thưa cô	TÔI CHO BẠN LÀM GÌ	Cuộc sống thường nhật
bạn muốn nó như thế nào	BẠN NÓ MUỐN NHƯ THẾ NÀO	Tài chính
mùa hè là mùa của những quả vải thiều ngọt lịm thơm lừng	MÙA HÈ QUẢ VẢI THIỀU NGỌT THƠM CÓ NHIỀU	Cuộc sống thường nhật
vào đúng 7 giờ sáng	BẢY GIỜ SÁNG ĐÚNG	Du lịch
tôi có hẹn đi uống cà phê với bạn cũ	TÔI CÀ PHÊ HẸN ĐI UỐNG CÓ VỚI BẠN CŨ	Mối quan hệ
tôi không biết nữa tôi muốn ra ngoài	TÔI KHÔNG BIẾT TÔI RA NGOÀI MUỐN	Cuộc sống thường nhật
vâng tôi thực sự muốn biết về hệ thống nhà ở trong công ty của bạn	TÔI HỆ THỐNG NHÀ Ở CÔNG TY ANH BIẾT MUỐN RẤT VÂNG	Công việc
đợi chút để tôi xem có tìm được cho anh không	ĐỢI 1 CHÚT TÔI XEM TÌM CHO ANH	Cuộc sống học đường
nhớ luôn cẩn thận với lửa nhé	LỬA CẨN THẬN NHỚ	Cuộc sống thường nhật
đường ống có gây hư hỏng nước không	ĐƯỜNG ỐNG NƯỚC GÂY Ô NHIỄM CÓ KHÔNG	Cuộc sống thường nhật
vận động viên điền kinh đó có khả năng chạy nhanh nhất đội	VẬN ĐỘNG VIÊN ĐIỀN KINH ĐỘI CHẠY NHANH NHẤT NGƯỜI LÀ	Sức khỏe
được rồi bây giờ tôi phải làm gì	ĐƯỢC RỒI BÂY GIỜ TÔI LÀM GÌ	Cuộc sống thường nhật
buổi sáng tiếng con chim hót líu lo thật vui tai	BUỔI SÁNG TIẾNG CON CHIM HÓT LÍU LO VUI TAI	Cuộc sống thường nhật
cô ấy úp chiếc bát xuống bàn sau khi rửa xong	CÔ ẤY CHIẾC BÁT ÚP XUỐNG BÀN KHI RỬA XONG	Cuộc sống thường nhật
xin chào bạn đã gọi dịch vụ diệt côn trùng chưa	BẠN DỊCH VỤ DIỆT CÔN TRÙNG GỌI CHƯA	Cuộc sống thường nhật
mẹ bạn 50 tuổi đẹp và hiền	MẸ CỦA TÔI TUỔI 50 ĐẸP HIỀN	Cuộc sống thường nhật
oh tất cả nghe có vẻ rất tốt chúng ta có thể lấy nước sốt ở bên cạnh không	TẤT CẢ RẤT TỐT CHÚNG TA NƯỚC SỐT LẤY BÊN CẠNH ĐƯỢC KHÔNG	Cuộc sống thường nhật
đó là một cảm giác tuyệt vời	CẢM GIÁC TUYỆT VỜI ĐÓ	Mối quan hệ
để tôi xem vâng còn lại hai phòng như vậy tôi có thể có tên của bạn được không	PHÒNG HAI CÒN TÔI XEM BẠN TÊN CHO TÔI BIẾT ĐƯỢC KHÔNG	Du lịch
để tôi kiểm tra   ồ nó đây nó vừa mới đến vài phút trước	TÔI XEM ĐỂ ĐÂY RỒI NÓ ĐẾN VÀI PHÚT TRƯỚC VỪA À	Công việc
thành phố hồ chí minh là trung tâm kinh tế lớn nhất	THÀNH PHỐ HỒ CHÍ MINH TRUNG TÂM KINH TẾ LỚN NHẤT	Du lịch
bạn đã rất cẩn thận khi chơi trò chơi	KHI CHƠI BẠN CẨN THẬN RỒI	Cuộc sống thường nhật
những chiếc cối xay gió khổng lồ ở hà lan thật đẹp	Ở HÀ LAN CÓ NHỮNG CHIẾC CỐI XAY GIÓ THẬT ĐẸP	Du lịch
phải anh rất giỏi phải không anh cũng kể vài câu chuyện vui nữa	ĐÚNG ANH GIỎI PHẢI KHÔNG ANH CÂU CHUYỆN VUI KỂ THÊM	Mối quan hệ
đúng không ok hiểu rồi	HIỂU RỒI	Cuộc sống thường nhật
tôi có thể gọi cho bạn về quyết định cuối cùng của chúng tôi	TÔI GỌI BẠN THÔNG BÁO QUYẾT ĐỊNH CUỐI CÙNG ĐƯỢC KHÔNG	Công việc
bạn mất bao nhiêu tiền	BẠN TIỀN MẤT BAO NHIÊU	Cuộc sống thường nhật
phong cảnh núi non nơi đây thật vô cùng hùng vĩ	NÚI NON PHONG CẢNH NƠI ĐÂY HÙNG VĨ VÔ CÙNG	Du lịch
hành vi quay cóp trong thi cử là không thể chấp nhận được	TRONG THI CỬ HÀNH VI QUAY CÓP CHÉP TRỘM BÀI ĐƯỢC KHÔNG	Cuộc sống học đường
tôi nên làm gì bây giờ	TÔI LÀM GÌ	Cuộc sống thường nhật
bạn đã làm bạn thích buổi trình diễn thời trang như thế nào	BẠN LÀM RỒI À BUỔI TRÌNH DIỄN THỜI TRANG HÔM ĐÓ BẠN THẤY SAO	Mối quan hệ
có thưởng thả nổi là hình thức thưởng không xác định số tiền như thưởng quý thưởng cuối năm	THƯỞNG THẢ NỔI LOẠI THƯỞNG KHÔNG CỐ ĐỊNH SỐ TIỀN	Công việc
để có sức khỏe tốt bạn cần phải ăn đủ các chất dinh dưỡng	ĐỂ SỨC KHOẺ TỐT CÓ BẠN CÁC CHẤT DINH DƯỠNG ĂN ĐẦY ĐỦ	Sức khỏe
tôi nghĩ rằng tôi sẽ cảm ơn	CÓ SẼ	Cuộc sống thường nhật
thấy gì khác chúng ta cần ở đó không	MÌNH MANG THEO CẦN GÌ NỮA KHÔNG	Cuộc sống thường nhật
mẹ luôn có một ánh mắt dịu dàng nhìn chúng tôi	MẸ CHÚNG TÔI NHÌN ÁNH MẮT DỊU DÀNG CÓ	Mối quan hệ
vâng tôi về nhà lúc 2 giờ	TÔI NHÀ VỀ GIỜ 2	Mối quan hệ
công ty cần đổi mới công nghệ để tăng năng suất	CÔNG TY CÔNG NGHỆ ĐỔI MỚI CẦN ĐỂ NĂNG SUẤT TĂNG	Công việc
tại sao bạn có ý nghĩa rất nhiều với tôi	TẠI SAO BẠN Ý NGHĨA RẤT NHIỀU VỚI TÔI CÓ	Thái độ và Cảm xúc
khi nào rảnh thì ghé qua chơi nhé	KHI NÀO RẢNH TÔI GHÉ CHƠI NHÉ	Mối quan hệ
bạn khỏe không mấy ngày nay tôi không gặp bạn	BẠN KHỎE MẤY HÔM NAY KHÔNG THẤY BẠN ĐÂU	Mối quan hệ
chắc chắn bạn có muốn sữa gầy hoặc sữa nguyên kem không	TẤT NHIÊN RỒI BẠN MUỐN SỮA TÁCH BÉO HAY SỮA NGUYÊN KEM	Cuộc sống thường nhật
tôi không thể tin được trời lạnh đến thế	TRỜI LẠNH TÔI TIN KHÔNG ĐƯỢC	Cuộc sống thường nhật
có một vài thứ mà tôi cần phải mua cho chuyến dã ngoại	TÔI ĐỒ VẬT MUA PHẢI DÃ NGOẠI CHO	Du lịch
tôi có thể gửi thức ăn cho anh ta không	TÔI THỨC ĂN ANH TA GỬI CHO CÓ THỂ	Du lịch
bạn muốn hẹn hò với em à	BẠN TÔI HẸN HÒ MUỐN À	Mối quan hệ
đó là một đĩa mới	ĐĨA NHẠC MỚI ĐÓ	Cuộc sống thường nhật
ý hay đấy	Ý KIẾN HAY ĐẤY	Công việc
anh ta luôn nuôi ý định báo thù kẻ đã hại mình	ANH TA BÁO THÙ KẺ HẠI MÌNH Ý ĐỊNH CÓ	Thái độ và Cảm xúc
vâng chúng tôi sẽ không đi du lịch nữa cho đến tháng 10	CHÚNG TÔI ĐI DU LỊCH KHÔNG ĐẾN THÁNG 10	Mối quan hệ
chính xác thì bạn đang gặp vấn đề gì	BẠN GẶP VẤN ĐỀ CHÍNH XÁC GÌ	Công việc
cô giáo dạy chúng em cách quy đồng để tìm hai phân số bằng nhau	CÔ GIÁO CHÚNG EM DẠY QUY ĐỒNG PHÂN SỐ BẰNG NHAU HAI TÌM	Cuộc sống học đường
chiếc xe cảnh sát hú còi inh ỏi trên đường phố	CHIẾC XE CẢNH SÁT TRÊN ĐƯỜNG PHỐ HÚ CÒI INH ỎI	Cuộc sống thường nhật
chuyến bay nối chuyến lúc mấy giờ	CHUYẾN BAY TIẾP THEO LÚC MẤY GIỜ	Mối quan hệ
mùa đông ở hà nội thường rất lạnh và có gió mùa	HÀ NỘI MÙA ĐÔNG LẠNH GIÓ MÙA CÓ	Cuộc sống thường nhật
cô ấy học đại học ở đâu	CÔ ẤY ĐẠI HỌC Ở ĐÂU	Mối quan hệ
nước mắm là gia vị không thể thiếu trong bữa cơm người việt	NGƯỜI VIỆT BỮA CƠM NƯỚC MẮM GIA VỊ THIẾU KHÔNG THỂ	Cuộc sống thường nhật
dãy nhà mới xây có kiến trúc hiện đại và rất đẹp mắt	DÃY NHÀ MỚI KIẾN TRÚC HIỆN ĐẠI XÂY CÓ VÀ ĐẸP MẮT	Cuộc sống thường nhật
chúng tôi đã có chuyến tham quan bảo tàng lịch sử	CHÚNG TÔI THAM QUAN BẢO TÀNG LỊCH SỬ	Văn hóa và Giáo dục
ai muốn đi đầu tiên allen	AI LÀM TRƯỚC MUỐN	Mối quan hệ
rất hân hạnh chúng ta hãy đi uống một ly	RẤT VUI MỪNG CHÚNG TA MỘT LY UỐNG HÃY	Mối quan hệ
bàn chân của em bé thật nhỏ nhắn và đáng yêu	EM BÉ BÀN CHÂN NHỎ NHẮN ĐÁNG YÊU	Cuộc sống thường nhật
chào bạn đang nói chuyện phải không	CHÀO BẠN NÓI CHUYỆN PHẢI KHÔNG	Mối quan hệ
mỗi buổi sáng tôi đều thức dậy sớm để tập thể dục	MỖI BUỔI SÁNG TÔI THỨC DẠY SỚM ĐỂ TẬP THỂ DỤC	Sức khỏe
tôi sẽ cắt một ít phô mai	TÔI PHÔ MAI MỘT ÍT CẮT	Cuộc sống thường nhật
tuyệt đấy	TUYỆT	Cuộc sống thường nhật
tất nhiên là không cứ tiếp tục đi	KHÔNG ĐI TIẾP	Mối quan hệ
bạn có thể tin các tiêu đề	BẠN CÁC CHỦ ĐỀ TIN TƯỞNG	Mối quan hệ
chắc chắn tất nhiên bạn có loại tiền tệ nào	CHẮC CHẮN BẠN TIỀN CÓ NÀO	Du lịch
tôi có cuốn sách của tôi ở đây làm thế nào để bạn nói từ này	SÁCH CỦA TÔI Ở ĐÂY BẠN NÀY NÓI THẾ NÀO	Cuộc sống học đường
mẹ tôi thường sắc thuốc bắc để bồi bổ sức khỏe	MẸ TÔI THUỐC BẮC SẮC NẤU SỨC KHOẺ BỒI BỔ BỔ SUNG TĂNG CƯỜNG TỐT	Sức khỏe
xin chào tôi là bạn từ công ty abc	CHÀO TÔI BẠN CÔNG TY ABC	Công việc
bạn có nghĩ rằng bạn có thể sửa chữa máy tính của tôi	BẠN MÁY TÍNH TÔI SỬA ĐƯỢC KHÔNG	Cuộc sống thường nhật
vẫn còn một số giải thưởng an ủi chúng ta có thể cố gắng để đạt được những giải thưởng đó	GIẢI THƯỞNG AN ỦI MỘT SỐ CÒN CHÚNG TA CỐ GẮNG GIẢI THƯỞNG ĐÓ ĐẠT ĐƯỢC CÓ THỂ	Công việc
thịt cừu và thịt bò nó sẽ ngon hơn khi chúng ta thêm rau	THỊT CỪU THỊT BÒ NÓ NGON HƠN KHI CHÚNG TA RAU THÊM	Cuộc sống thường nhật
thật sao bạn có sẵn sàng giới thiệu tôi cho vị trí này không	BẠN VỊ TRÍ ĐÓ GIỚI THIỆU GIÚP TÔI ĐƯỢC KHÔNG	Công việc
màu khăn quàng đỏ thắm trên vai người đội viên gương mẫu	KHĂN QUÀNG ĐỎ THẮM TRÊN VAI NGƯỜI ĐỘI VIÊN	Cuộc sống học đường
làm thế nào để áp dụng cho nó	THỰC HIỆN CHO NÓ LÀM THẾ NÀO	Cuộc sống học đường
cảm ơn bạn nhân tiện hôm nay là ngày gì	CẢM ƠN HÔM NAY NGÀY GÌ	Mối quan hệ
và tôi nên mặc gì	TÔI MẶC GÌ	Mối quan hệ
bạn có chắc là bạn đã hoàn thành	BẠN HOÀN THÀNH CHẮC CHƯA LÀ	Thái độ và Cảm xúc
chăm sóc sức khỏe tinh thần cũng quan trọng như thể chất vậy	SỨC KHOẺ TINH THẦN SỨC KHOẺ THỂ CHẤT CHĂM SÓC QUAN TRỌNG GIỐNG NHAU	Sức khỏe
tôi bị đau bụng sau khi ăn đồ ăn lạ ngoài quán	TÔI ĂN ĐỒ LẠ NGOÀI QUÁN ĐAU BỤNG	Sức khỏe
hôm nay là thứ ba	HÔM NAY LÀ THỨ BA	Công việc
tôi rất vui vì tôi bắt gặp bạn ở nhà	TÔI RẤT VUI VÌ GẶP BẠN Ở NHÀ	Cuộc sống thường nhật
nhìn con rắn kia kìa bạn có cảm thấy sợ không	BẠN CON RẮN KIA SỢ KHÔNG	Thái độ và Cảm xúc
tôi tình cờ gặp một người quen cũ trên đường đi làm	TÔI NGƯỜI QUEN CŨ GẶP TÌNH CỜ TRÊN ĐƯỜNG ĐI LÀM	Mối quan hệ
tập thể dục đều đặn giúp cơ thể chúng ta khỏe mạnh hơn	TẬP THỂ DỤC ĐỀU ĐẶN GIÚP CHÚNG TA CƠ THỂ KHOẺ MẠNH HƠN	Sức khỏe
người nông dân đang bón phân cho những luống rau xanh tốt	NGƯỜI NÔNG DÂN BÓN PHÂN CHO NHỮNG LUỐNG RAU XANH TỐT	Cuộc sống thường nhật
nhân viên giao hàng đang mang đồ ăn đến cho tôi	TÔI NHÂN VIÊN GIAO HÀNG ĐỒ ĂN MANG ĐẾN	Cuộc sống thường nhật
vâng làm thế nào để chúng tôi sửa chữa điều đó	VÂNG CHÚNG TÔI ĐIỀU ĐÓ SỬA CHỮA LÀM THẾ NÀO	Công việc
tôi muốn có nhiều hơn thời gian để nghỉ ngơi	TÔI THỜI GIAN NGHỈ NGƠI MUỐN CÓ NHIỀU HƠN	Cuộc sống thường nhật
tôi vừa đọc xong bài báo này  đó là một bài báo rất tốt	TÔI BÀI BÁO NÀY ĐỌC XONG ĐÓ BÀI BÁO RẤT TỐT	Mối quan hệ
khi nào bạn muốn chuyển đến	BẠN CHUYỂN ĐẾN MUỐN KHI NÀO	Cuộc sống thường nhật
bạn trông thật đẹp khi mặc nó	BẠN MẶC TRÔNG ĐẸP	Cuộc sống thường nhật
vâng làm ơn tôi xuống ngay đây	LÀM ƠN TÔI ĐI XUỐNG BÂY GIỜ	Cuộc sống thường nhật
bạn lấy công thức nấu ăn tuyệt vời của bạn ở đâu	BẠN CÔNG THỨC NẤU ĂN TUYỆT VỜI LẤY ĐÂU	Mối quan hệ
cảm ơn vì mọi thứ	CẢM ƠN VÌ TẤT CẢ	Cuộc sống thường nhật
tôi thích phong cảnh và tĩnh vật bạn thích những bức tranh trừu tượng phải không	TÔI THÍCH VẼ PHONG CẢNH TĨNH VẬT CÒN BẠN BẠN THÍCH TRANH TRỪU TƯỢNG ĐÚNG KHÔNG	Mối quan hệ
cảm ơn bạn đã chăm sóc nó một cách nhanh chóng	CẢM ƠN BẠN VÌ NÓ CHĂM SÓC NHANH CHÓNG	Du lịch
chiên làm ơn	RÁN LÀM ƠN	Cuộc sống thường nhật
bây giờ chúng ta cần phải thổi lên một quả bóng	BÂY GIỜ CHÚNG TA QUẢ BÓNG MỘT THỔI	Cuộc sống thường nhật
oh wow có rất nhiều trang web	TRANG WEB NHIỀU QUÁ	Cuộc sống học đường
miền bắc vn có mấy mùa	VIỆT NAM MIỀN BẮC MÙA MẤY	Du lịch
xin lỗi bạn có thể cho tôi biết phố central park ở đâu không	BẠN ĐƯỜNG PHỐ CENTRAL PARK CHỈ CHO TÔI ĐƯỢC KHÔNG	Cuộc sống thường nhật
chúng ta nên tiết kiệm điện nước để bảo vệ môi trường	CHÚNG TA ĐIỆN NƯỚC TIẾT KIỆM NÊN ĐỂ BẢO VỆ MÔI TRƯỜNG	Tài chính
ngôi nhà của tôi ở ngay đằng trước công viên trung tâm	NGÔI NHÀ TÔI CÔNG VIÊN TRUNG TÂM ĐẰNG TRƯỚC	Cuộc sống thường nhật
ồ tôi nghĩ tôi nên thử đọc một cuốn sách 	TÔI NGHĨ ĐỌC CUỐN SÁCH THỬ	Mối quan hệ
vâng bạn có không	BẠN CÓ KHÔNG	Mối quan hệ
tôi có thể xem qua được không	TÔI XEM CÓ THỂ ĐƯỢC KHÔNG	Cuộc sống thường nhật
anh ấy vẫn làm theo ý mình mặc kệ lời khuyên của mọi người	ANH ẤY Ý MÌNH LÀM LỜI KHUYÊN MỌI NGƯỜI MẶC KỆ	Thái độ và Cảm xúc
bạn có bảo hiểm y tế không	BẠN BẢO HIỂM Y TẾ CÓ KHÔNG	Tài chính
xin lỗi thưa ông nhưng không được phép	XIN LỖI NHƯNG ĐƯỢC PHÉP KHÔNG	Du lịch
gió đông nam thổi về mang theo hơi ẩm từ biển cả	GIÓ BIỂN ĐÔNG NAM THỔI VỀ MANG THEO HƠI ẤM	Du lịch
tôi sẽ gọi cho anh nếu tôi bị trễ	NẾU TÔI MUỘN TÔI GỌI BẠN	Mối quan hệ
ôi may mắn chỉ còn hai vé bạn có muốn lấy chúng không	MAY MẮN VÉ 2 CÒN BẠN LẤY MUỐN KHÔNG	Mối quan hệ
bạn có thể mở nắp ra được không	BẠN NẮP MỞ RA ĐƯỢC KHÔNG	Cuộc sống thường nhật
chúng ta có bao nhiêu phòng ban	CHÚNG TA PHÒNG BAN BAO NHIÊU	Công việc
ồ xin lỗi tôi quên mất tôi sẽ mang chúng đến văn phòng của bạn	Ồ XIN LỖI TÔI QUÊN TÔI VĂN PHÒNG CỦA BẠN MANG ĐẾN	Công việc
cửa hàng tiện lợi mở cửa phục vụ khách hàng suốt cả ngày	CỬA HÀNG TIỆN LỢI MỞ CỬA PHỤC VỤ KHÁCH HÀNG CẢ NGÀY	Cuộc sống thường nhật
bạn đã bao giờ nhìn thấy coco	BẠN TRÁI DỪA THẤY BAO GIỜ CHƯA	Mối quan hệ
ý bạn là gì nó sẽ giúp chúng ta thư giãn	Ý BẠN LÀ GÌ NÓ CHÚNG TA GIÚP THƯ GIÃN	Thái độ và Cảm xúc
sau một ngày làm việc mệt mỏi anh ấy đã thiếp đi	SAU MỘT NGÀY LÀM VIỆC MỆT MỎI ANH ẤY THIẾP ĐI NGỦ	Sức khỏe
tôi đã mua vé xem phim cho buổi tối cuối tuần này rồi	TÔI XEM PHIM VÉ TỐI CUỐI TUẦN MUA RỒI	Cuộc sống thường nhật
các ông cụ thường tụ tập chơi cờ tướng dưới gốc đa	CÁC ÔNG CỤ TỤ TẬP CHƠI CỜ TƯỚNG DƯỚI GỐC ĐA	Cuộc sống thường nhật
bạn được chào đón tôi rất ấn tượng bởi khả năng của bạn	KHẢ NĂNG CỦA BẠN TÔI ẤN TƯỢNG	Công việc
tôi không chắc bạn trông quen thuộc	TÔI CHẮC CHẮN KHÔNG BẠN QUEN NHÌN GIỐNG	Mối quan hệ
cám ơn peter	CẢM ƠN PETER	Mối quan hệ
chắc là bạn nói đúng tối nay tôi sẽ bàn với vợ	BẠN NÓI ĐÚNG TỐI NAY TÔI VỢ BÀN BẠC	Cuộc sống thường nhật
vâng tôi cần mua vài thứ	VÂNG TÔI VÀI THỨ MUA CẦN	Cuộc sống thường nhật
cả nhà quây quần bên bữa cơm tối ấm cúng	CẢ NHÀ BỮA CƠM TỐI QUÂY QUẦN ẤM CÚNG	Cuộc sống thường nhật
trò chơi cướp cờ luôn rất sôi động trong giờ thể dục	TRÒ CHƠI CƯỚP CỜ SÔI ĐỘNG NÁO NHIỆT LUÔN TRONG THỂ DỤC GIỜ	Cuộc sống học đường
xin chào tôi có thể giúp gì cho bạn	XIN CHÀO TÔI GIÚP CHO BẠN GÌ	Công việc
tôi về nhà khá muộn khoảng nửa đêm	KHOẢNG ĐÊM TÔI VỀ NHÀ MUỘN	Cuộc sống thường nhật
ông tôi treo chiếc lồng chim sơn ca ở ngoài hiên nhà	NGOÀI HIÊN NHÀ ÔNG TÔI LỒNG CHIM SƠN CA TREO	Cuộc sống thường nhật
tôi về nhà khi tan học	HỌC XONG TÔI VỀ NHÀ	Cuộc sống thường nhật
cô nghĩ mạng lưới thế nào	CÔ NGHĨ MẠNG THẾ NÀO	Mối quan hệ
mẹ dùng quả gấc để thổi xôi có màu đỏ rất đẹp	MẸ TÔI QUẢ GẤC DÙNG ĐỂ XÔI NẤU MÀU ĐỎ ĐẸP	Cuộc sống thường nhật
tin tốt	TIN TỐT	Mối quan hệ
vâng tôi có một số táo tươi trong vali của tôi	TÔI TÁO TƯƠI MỘT SỐ TRONG VALI CỦA TÔI CÓ	Du lịch
chiếc bánh xe đạp của tôi bị xẹp lốp giữa đường đi học	TÔI XE ĐẠP CHIẾC BÁNH XẸP LỐP GIỮA ĐƯỜNG ĐI HỌC	Cuộc sống thường nhật
công thức tính chu vi hình tròn là đường kính nhân bán kính	HÌNH TRÒN TÍNH CHU VI CÔNG THỨC LÀ ĐƯỜNG KÍNH NHÂN BÁN KÍNH	Cuộc sống học đường
đội bóng nào bạn yêu thích	BẠN ĐỘI BÓNG THÍCH NHẤT NÀO	Mối quan hệ
tôi muốn nói chuyện với cô ấy về tình hình chỗ ở của tôi	TÔI CÔ ẤY CHỖ Ở HIỆN TẠI TÔI VỀ NÓI CHUYỆN MUỐN	Công việc
nông dân đang lo lắng vì tình trạng hạn hán kéo dài	NÔNG DÂN LO LẮNG VÌ HẠN HÁN KÉO DÀI	Cuộc sống thường nhật
sao bạn phải đi sớm vậy	BẠN VỀ SỚM SAO PHẢI THẾ	Cuộc sống học đường
đây giống như một trò chơi	TRÒ CHƠI GIỐNG	Cuộc sống thường nhật
bạn không cần phải bật cái đĩa đó to thế phải không	BẠN NHẠC TO THẾ MỞ CẦN KHÔNG ĐÚNG KHÔNG	Thái độ và Cảm xúc
chúng tôi tính phí 5 đô la một thùng	CHÚNG TÔI TÍNH TIỀN MỘT THÙNG 5 ĐÔ LA	Du lịch
tôi đang viết thư cho bạn vào thời gian đó	TÔI CHO BẠN VIẾT THƯ THỜI GIAN	Cuộc sống thường nhật
bạn có uống sữa mỗi ngày không	BẠN MỖI NGÀY UỐNG SỮA CÓ KHÔNG	Mối quan hệ
vâng tất cả mọi thứ chúng tôi đã thảo luận có vẻ là ở đây	TẤT CẢ CHÚNG TÔI THẢO LUẬN CÓ	Công việc
hành vi đua xe máy trái phép sẽ bị cơ quan chức năng xử phạt	HÀNH VI ĐUA XE MÁY VI PHẠM PHÁP LUẬT CƠ QUAN CHỨC NĂNG XỬ PHẠT	Cuộc sống thường nhật
chúng ta có thể giải quyết chuyện này sau được không tôi đang gọi cho công ty bảo hiểm	CHÚNG TA CHUYỆN NÀY GIẢI QUYẾT SAU ĐƯỢC KHÔNG TÔI CÔNG TY BẢO HIỂM GỌI	Cuộc sống thường nhật
bữa tiệc buổi tiệc nào	BỮA TIỆC GÌ	Cuộc sống thường nhật
tôi cũng cảm thấy như vậy	TÔI CẢM THẤY CŨNG	Mối quan hệ
tôi cảm thấy nó là ok và tôi muốn cho nó một thử	TÔI ỔN THẤY THỬ XEM SAO MUỐN	Công việc
bầu trời hôm nay trông thật u ám và sắp mưa	HÔM NAY BẦU TRỜI TRÔNG U ÁM MƯA SẮP CÓ	Thái độ và Cảm xúc
một cây bút chì	BÚT CHÌ 1	Cuộc sống thường nhật
trên bàn bày rất nhiều đồ ăn ngon và hấp dẫn	BÀN ĐỒ ĂN NGON HẤP DẪN CÓ NHIỀU	Cuộc sống thường nhật
nếu không thì sao	NẾU KHÔNG THÌ SAO	Cuộc sống học đường
nghe có vẻ ổn chúng ta cần mang theo những gì	NGHE OK CHÚNG TA MANG THEO GÌ	Mối quan hệ
tôi đồng ý tôi thích những chàng trai có thể làm cho tôi cười	TÔI ĐỒNG Ý TÔI CHÀNG TRAI LÀM TÔI CƯỜI BIẾT CÁCH THÍCH	Mối quan hệ
sao chúng ta không quan sát một số trẻ em đang vẽ và vui chơi	CHÚNG TA TRẺ EM VẼ VUI CHƠI XEM	Cuộc sống thường nhật
sẽ ổn thôi	SẼ ỔN THÔI	Cuộc sống thường nhật
tôi sẽ đi lấy nó	TÔI NÓ ĐI LẤY	Cuộc sống thường nhật
đội tuyển của chúng ta đã vào đến trận chung kết	ĐỘI TUYỂN CỦA CHÚNG TA TRẬN CHUNG KẾT VÀO	Cuộc sống học đường
em dùng bút bi để ghi chép bài giảng của cô giáo	EM BÚT BI DÙNG VIẾT BÀI GIẢNG CỦA CÔ GIÁO	Cuộc sống học đường
bạn có thể giúp tôi mua sách giáo khoa của tôi	BẠN SÁCH GIÁO KHOA MUA GIÚP TÔI	Cuộc sống học đường
sao bạn gãi nhiều thế	BẠN GÃI NHIỀU TẠI SAO	Cuộc sống thường nhật
oh bạn rất dễ gần và thân thiện	BẠN DỄ GẦN THÂN THIỆN	Cuộc sống thường nhật
tôi không đi xe thường xuyên mặc dù còn bạn thì sao	TÔI ĐI XE ÍT CÒN BẠN THÌ SAO	Mối quan hệ
thừa thiên huế nổi tiếng với nhiều di sản văn hóa thế giới	THỪA THIÊN HUẾ DI SẢN VĂN HOÁ THẾ GIỚI NỔI TIẾNG NHIỀU	Du lịch
thưa cô làm ơn cho một cái gì đó để uống	THƯA CÔ TÔI XIN CHÚT GÌ ĐÓ UỐNG NHÉ	Du lịch
chúng ta hãy đến trại động vật	CHÚNG TA TRẠI ĐỘNG VẬT ĐẾN HÃY	Cuộc sống thường nhật
sao bạn lại bị bỏng lần nữa	BẠN BỎNG 1 LẦN TẠI SAO	Mối quan hệ
con lươn là đặc sản nổi tiếng của xứ nghệ	CON LƯƠN LÀ ĐẶC SẢN NỔI TIẾNG CỦA NGHỆ AN	Văn hóa và Giáo dục
anh ấy rất tài giỏi nhưng lại sống rất khiêm tốn	ANH ẤY TÀI GIỎI NHƯNG SỐNG KHIÊM TỐN	Thái độ và Cảm xúc
cảm ơn anh nhớ là thứ bảy này chúng sẽ đi khám thú y	CẢM ƠN THỨ BẢY NÀY CHÚNG THÚ Y ĐI KHÁM NHỚ	Mối quan hệ
tôi sẽ đi với tôm nướng với nước sốt tỏi tôi muốn nước tương ở bên cạnh	TÔI MÓN TÔM NƯỚNG SỐT TỎI GỌI THÊM CHÉN NƯỚC TƯƠNG RIÊNG	Cuộc sống thường nhật
ô nhiễm nước thay vì ô nhiễm thì sao	Ô NHIỄM NƯỚC THAY VÌ SAO	Thái độ và Cảm xúc
vâng tôi cho rằng đó có thể là khí gas	TÔI ĐOÁN ĐÓ KHÍ GAS	Cuộc sống thường nhật
thế còn mùa xuân thì sao	THẾ CÒN MÙA XUÂN THÌ SAO	Mối quan hệ
đó là anh trai tôi	ĐÓ ANH TRAI TÔI	Mối quan hệ
nhân tiện tôi có rất nhiều điều muốn nói	TÔI NÓI MUỐN NHIỀU	Sức khỏe
chúng tôi luôn dành sự chăm sóc đặc biệt cho các khách vip	CHÚNG TÔI KHÁCH VIP CHĂM SÓC ĐẶC BIÊT	Công việc
bản báo cáo cần phải trình bày thật chi tiết và rõ ràng	BẢN BÁO CÁO VIẾT CHI TIẾT RÕ RÀNG CẦN	Công việc
cái gì năm người đó đến từ đâu	CÁI GÌ NĂM NGƯỜI ĐÓ TỪ ĐÂU ĐẾN	Tài chính
để tôi đo nhiệt độ cho cô trước	TÔI ĐO NHIỆT ĐỘ CHO BẠN TRƯỚC	Sức khỏe
những quả xoài trên cây đã chín vàng và tỏa hương thơm ngát	TRÊN CÂY NHỮNG QUẢ XOÀI CHÍN VÀNG TOẢ HƯƠNG THƠM NGÁT	Cuộc sống thường nhật
vị tổng thống đã có bài phát biểu quan trọng trước quốc dân	VỊ TỔNG THỐNG BÀI PHÁT BIỂU QUAN TRỌNG TRƯỚC QUỐC DÂN CÓ	Chính trị
tôi hứa ngày mai tôi sẽ không buồn ngủ	NGÀY MAI TÔI HỨA BUỒN NGỦ KHÔNG	Cuộc sống thường nhật
hút thuốc trên xe buýt có ổn không	XE BUÝT HÚT THUỐC ĐƯỢC KHÔNG	Cuộc sống thường nhật
thầy giáo dùng bút dạ để viết lên tấm bảng trắng	THẦY GIÁO BÚT DẠ DÙNG VIẾT TRÊN BẢNG TRẮNG	Cuộc sống học đường
bạn chắc chắn có thể đến vào thứ ba tuần sau chứ	THỨ BA TỚI BẠN ĐẾN CHẮC CHẮN	Công việc
khoảng bốn mươi	KHOẢNG 40	Cuộc sống thường nhật
945 xin vui lòng chúng tôi muốn có một bảng bên cạnh cửa sổ	GIỜ 9 45 CHÚNG TÔI BẢNG 1 CỬA SỔ BÊN CẠNH MUỐN	Cuộc sống thường nhật
khi nào vậy	KHI NÀO	Cuộc sống học đường
bạn đã nghỉ học một ngày 	BẠN MỘT NGÀY HỌC NGHỈ	Chính trị
chiếc áo sơ mi trắng này rất hợp với quần tây màu đen	ÁO SƠ MI TRẮNG QUẦN TÂY ĐEN RẤT HỢP	Cuộc sống thường nhật
bạn đã có bất kỳ kinh nghiệm với công việc bán hàng	BẠN LĨNH VỰC BÁN HÀNG LÀM VIỆC KINH NGHIỆM CÓ CHƯA	Công việc
gia đình tôi thường đi dã ngoại vào mỗi cuối tuần	MỖI CUỐI TUẦN GIA ĐÌNH TÔI DÃ NGOAI ĐI	Cuộc sống thường nhật
phương pháp chứng minh quy nạp được dạy trong toán học	TOÁN HỌC PHƯƠNG PHÁP CHỨNG MINH QUY NẠP DẠY ĐƯỢC	Văn hóa và Giáo dục
đám trẻ con đang nô đùa ầm ĩ ngoài sân	ĐÁM TRẺ CON NÔ ĐÙA ẦM Ĩ SÂN NGOÀI	Cuộc sống thường nhật
xin lỗi bạn có thể cho tôi biết nếu xe buýt đi bảo tàng lịch sử quốc gia	XIN LỖI BẠN CHO TÔI BIẾT NẾU XE BUÝT ĐI BẢO TÀNG LỊCH SỬ QUỐC GIA	Cuộc sống thường nhật
xe mới của bạn thế nào	XE MỚI CỦA BẠN THẾ NÀO	Thái độ và Cảm xúc
mẹ tôi đang học cắm hoa	ME TÔI HOA CẮM ĐANG HỌC	Công việc
bạn có thể nói bất kỳ ngôn ngữ khác	BẠN NGÔN NGỮ KHÁC NÓI ĐƯỢC KHÔNG	Mối quan hệ
thầy giáo đã giải thích bài toán khó một cách cặn kẽ	THẦY GIÁO BÀI TOÁN KHÓ GIẢI THÍCH CĂN KẼ KỸ CHI TIẾT	Cuộc sống học đường
người máy đang dần thay thế con người trong nhiều công việc	NGƯỜI MÁY CÔNG VIỆC CỦA CON NGƯỜI DẦN THAY THẾ NHIỀU	Công việc
cô ấy luôn ở bên cạnh tôi những lúc khó khăn nhất	CÔ ẤY TÔI BÊN CẠNH NHỮNG LÚC KHÓ KHĂN NHẤT	Mối quan hệ
căn phòng cũ bị ẩm mốc do thiếu ánh sáng mặt trời	CĂN PHÒNG CŨ ẨM MỐC DO MẶT TRỜI ÁNH SÁNG THIẾU	Cuộc sống thường nhật
bạn lấy tiền của tôi trên bàn à	TIỀN CỦA TÔI TRÊN BÀN BẠN LẤY À	Mối quan hệ
chúng ta có thể lấy pin ở đâu	CHÚNG TA PIN LẤY Ở ĐÂU	Du lịch
hm trông đẹp đấy nhưng tôi muốn có thứ gì đó ấm áp cho mùa đông	HM ĐẸP NHÌN CŨNG ĐẤY NHƯNG TÔI MUỐN THỨ ẤM HƠN MÙA ĐÔNG CHO	Cuộc sống thường nhật
vâng chúng tôi cần một ít bạn đã đổi bao nhiêu rồi	CHÚNG TÔI CẦN MỘT ÍT BẠN ĐỔI BAO NHIÊU RỒI	Tài chính
hoàng hôn trên biển thật đẹp	HOÀNG HÔN THẬT ĐẸP TRÊN BIỂN	Du lịch
chúng tôi có rất nhiều đồ cổ và đồ sứ trung quốc bạn có thích chúng không	CHÚNG TÔI ĐỒ CỔ ĐỒ SỨ TRUNG QUỐC NHIỀU BẠN THÍCH KHÔNG	Cuộc sống thường nhật
công ty đang nâng cấp toàn bộ hệ thống máy tính và mạng	CÔNG TY MÁY TÍNH MẠNG NÂNG CẤP TOÀN BỘ	Công việc
họ nói lát nữa chúng ta sẽ có mưa	HỌ NÓI LÁT NỮA MƯA CÓ SẼ	Mối quan hệ
mọi người hãy ngồi xuống và xem	MỌI NGƯỜI NGỒI XUỐNG XEM	Cuộc sống thường nhật
tôi đang ở ngay ngoài phòng	TÔI NGAY NGOÀI PHÒNG Ở	Du lịch
chúng ta sẽ làm một chiếc pizza với nhiều loại topping khác nhau	CHÚNG TA BÁNH PIZZA LỚP TRÊN KHÁC LÀM	Cuộc sống thường nhật
nó rất yên tĩnh và yên bình đây là những gì tôi muốn	CHỖ NÀY YÊN TĨNH BÌNH YÊN THẬT CHÍNH XÁC THỨ TÔI MUỐN	Mối quan hệ
tôi đã rất bận rộn mọi chuyện thế nào	TÔI BẬN NHIỀU MỌI CHUYỆN THẾ NÀO	Mối quan hệ
vâng tôi sẽ ăn súp cà chua và bạn tôi ăn canh nấm	TÔI SÚP CÀ CHUA GỌI BẠN TÔI CANH NẤM GỌI VÂNG	Cuộc sống thường nhật
hầu hết chúng đến từ đâu	CHÚNG NHIỀU ĐẾN TỪ ĐÂU	Cuộc sống thường nhật
mẹ đang bận luộc rau cho bữa tối của cả gia đình	MẸ RAU LUỘC CHO CẢ GIA ĐÌNH BỮA TỐI	Cuộc sống thường nhật
học sinh lớp ba bắt đầu học cách viết các số la mã	HỌC SINH LỚP 3 SỐ LA MÃ CÁCH VIẾT HỌC BẮT ĐẦU	Cuộc sống học đường
bạn có thể mang nó theo	BẠN NÓ MANG THEO CÓ THỂ	Du lịch
tôi thấy nó an toàn hơn sau đó phải không	TÔI HIỂU RỒI NHƯ VẬY AN TOÀN HƠN SẼ ĐÚNG KHÔNG	Mối quan hệ
bạn đã có visa chưa	BẠN VISA CÓ CHƯA	Văn hóa và Giáo dục
chờ chút tôi sẽ hút bụi tấm thảm này thật nhanh	CHỜ CHÚT TÔI PHÒNG NÀY HÚT BỤI RẤT NHANH	Cuộc sống thường nhật
tất nhiên là bọn trẻ	BỌN TRẺ TẤT NHIÊN	Mối quan hệ
chúng ta cần phải xử lý vấn đề này một cách nhanh chóng	CHÚNG TA VẤN ĐỀ NÀY XỬ LÝ NHANH CHÓNG	Công việc
bạn chỉ cần bỏ lỡ một	BẠN CHUYẾN BỎ LỠ VỪA	Du lịch
bọn trẻ đã học được rất nhiều về trồng trọt	NHỮNG ĐỨA TRẺ TRỒNG TRỌT HỌC NHIỀU	Cuộc sống học đường
thôi đừng lo lắng nữa bạn nên nghỉ ngơi đi	LO LẮNG ĐỪNG BẠN NGHỈ NGƠI ĐI	Cuộc sống thường nhật
chúng tôi sẽ gửi nó đến phòng của bạn vào lúc 4 giờ chiều ngày mai	CHÚNG TÔI GỬI NÓ PHÒNG CỦA BẠN ĐẾN LÚC 4 GIỜ CHIỀU MAI	Du lịch
bạn nói đây là điểm dừng đúng	BẠN NÓI ĐIỂM DỪNG ĐÚNG	Cuộc sống thường nhật
họ sẽ đến đó trong khoảng một tiếng nữa	HỌ ĐẾN ĐÓ KHOẢNG MỘT TIẾNG NỮA	Cuộc sống thường nhật
được rồi ngồi xuống và tôi sẽ lấy nó	ĐƯỢC RỒI NGỒI XUỐNG ĐI TÔI LẤY CHO SẼ	Cuộc sống thường nhật
khoảng 5 năm	5 NĂM KHOẢNG	Công việc
và số tiền vay tối đa	SỐ TIỀN VAY TỐI ĐA BAO NHIÊU	Tài chính
chiếc cúc áo trên cùng của tôi vừa bị đứt chỉ	TÔI CHIẾC CÚC ÁO CHỈ ĐỨT	Cuộc sống thường nhật
em bé rất ngoan ngoãn vâng lời cha mẹ và ông bà	EM BÉ RẤT NGOAN VÂNG LỜI ÔNG BÀ BỐ MẸ	Mối quan hệ
từ ngày 7 đến ngày 9 tháng 7	TỪ NGÀY BẢY ĐẾN NGÀY CHÍN THÁNG BẢY	Du lịch
một bát phở nghe hay đấy	MỘT BÁT PHỞ NGON CÓ THỂ	Cuộc sống thường nhật
chào mừng lên tàu bạn đỗ	CHÀO MỪNG LÊN TÀU BẠN ĐỖ	Công việc
tiếng hót của chim chích chòe vang vọng khắp khu vườn	CHIM CHÍCH CHOÈ TIẾNG HÓT KHU VƯỜN VANG KHẮP	Cuộc sống thường nhật
đôi mắt con nai to tròn ngơ ngác nhìn mọi thứ xung quanh	CON NAI MẮT TO TRÒN NGƠ NGÁC NHÌN MỌI THỨ XUNG QUANH	Cuộc sống thường nhật
ngôi nhà của tôi nằm ở ngay cạnh đối diện công viên	NGÔI NHÀ TÔI CÔNG VIÊN ĐỐI DIỆN	Cuộc sống thường nhật
có chuyện gì vậy tôi chỉ đùa với thôi	CHUYỆN GÌ TÔI BẠN ĐÙA	Mối quan hệ
gia đình tôi sắp đi du lịch bà rịa  vũng tàu	GIA ĐÌNH TÔI DU LỊCH BÀ RỊA VŨNG TÀU SẮP ĐI	Du lịch
đừng lo tôi sẽ sắp xếp mọi thứ	LO LẮNG ĐỪNG TÔI MỌI THỨ SẮP XẾP	Mối quan hệ
chúng tôi đi dạo dọc bờ biển đà nẵng vào buổi chiều tà	CHÚNG TÔI ĐÀ NẴNG BỜ BIỂN ĐI DẠO VÀO BUỔI CHIỀU	Du lịch
đợi một lát tôi sẽ đi lấy	ĐỢI MỘT CHÚT TÔI ĐI LẤY SẼ	Cuộc sống thường nhật
gia đình tôi dự định đi du lịch kiên giang vào mùa hè	GIA ĐÌNH TÔI KIÊN GANG DU LỊCH DỰ ĐỊNH MÙA HÈ ĐI	Du lịch
tôi không biết những người còn lại cảm thấy thế nào	TÔI KHÔNG BIẾT NHỮNG NGƯỜI CÒN LẠI CẢM THẤY THẾ NÀO	Công việc
nhiệt độ ngoài trời ban đêm đã giảm xuống 0 độ c	BAN ĐÊM NGOÀI TRỜI NHIỆT ĐỘ GIẢM XUỐNG 0 ĐỘ	Cuộc sống thường nhật
ông thấy nó có phù hợp với tôi không	ÔNG THẤY NÓ TÔI PHÙ HỢP CÓ KHÔNG	Cuộc sống thường nhật
bạn nói đúng chúng thông minh	BẠN ĐÚNG CHÚNG THÔNG MINH	Cuộc sống thường nhật
đó là một chuyến đi 45 phút đến một giờ	ĐI MẤT 45 PHÚT ĐẾN 1 TIẾNG	Cuộc sống thường nhật
tôi đói quá  bạn muốn ăn gì 	TÔI ĐÓI QUÁ BẠN ĂN MUỐN GÌ	Mối quan hệ
tôi chỉ muốn biết bạn có muốn đi chơi vào ngày mai không 	TÔI BIẾT MUỐN NGÀY MAI BẠN ĐI CHƠI MUỐN KHÔNG	Mối quan hệ
bà có lựa chọn chỗ ngồi nào không	BÀ CHỖ NGỒI LỰA CHỌN NÀO	Du lịch
tôi đã lưu số điện thoại của bạn vào danh bạ rồi	SỐ SĐT CỦA BẠN TÔI DANH BẠ LƯU RỒI	Cuộc sống thường nhật
bạn sẽ tham gia khóa học nào vào năm tới	BẠN KHÓA NÀO HỌC ĐỊNH NĂM TỚI	Cuộc sống học đường
tôi muốn cabin hạng nhất cho hai người giá vé là bao nhiêu	TÔI CABIN HẠNG NHẤT HAI NGƯỜI ĐẶT MUỐN GIÁ VÉ BAO NHIÊU	Du lịch
tôi cần một thẻ điện thoại cho chiếc di động mới này	TÔI THẺ CHO ĐIỆN THOẠI MỚI	Cuộc sống thường nhật
bạn đã có một cái mới	BẠN MỚI 1 CÓ	Mối quan hệ
bọn trẻ con đang vui vẻ thả diều trên cánh đồng chiều	TRÊN CÁNH ĐỒNG BỌN TRẺ THẢ DIỀU VUI VẺ	Cuộc sống thường nhật
bạn muốn tiền của bạn sinh lời kiểu gì	BẠN MUỐN TIỀN CỦA BẠN CÓ LÃI BẰNG CÁCH NÀO	Tài chính
chắc chắn rồi nghe hay đấy đi thôi	CHẮN CHẮN NGHE HAY ĐI THÔI	Mối quan hệ
chúng tôi phải xếp hàng từ sớm để mua vé xem hòa nhạc	CHÚNG TÔI XẾP HÀNG SỚM ĐỂ VÉ HOÀ NHẠC MUA XEM	Cuộc sống thường nhật
chiếc đồng hồ trên tường đã chỉ đúng mười hai giờ trưa rồi	TRÊN TƯỜNG ĐỒNG HỒ TRƯA 12H CHỈ	Cuộc sống thường nhật
tôi bảy tuổi	TÔI BẢY TUỔI	Mối quan hệ
ngôi nhà này đã bị bỏ hoang từ rất nhiều năm	NGÔI NHÀ NÀY BỎ HOANG BỎ TRỐNG BỎ PHÍ NĂM NHIỀU	Cuộc sống thường nhật
tôi có thể nói chuyện với ông hoàng xin vui lòng	TÔI NÓI CHUYỆN VỚI ÔNG HOÀNG ĐƯỢC KHÔNG	Công việc
đó là những gì chúng tôi muốn	ĐÓ CHÚNG TÔI ĐỢI	Công việc
tệ thật chắc anh ta đang chán nản	TỆ THẬT ANH ẤY BUỒN ĐANG CHẮC	Mối quan hệ
bạn vẫn cần ăn sáng tắm rửa và thay đồ	BẠN ĂN SÁNG TẮM RỬA THAY ĐỒ CẦN	Cuộc sống thường nhật
cảm ơn bạn tôi không nghĩ rằng nó sẽ đơn giản như vậy	MỌI THỨ ĐƠN GIẢN NHƯ VẬY NGỜ KHÔNG	Du lịch
mẹ dịu dàng vỗ về an ủi khi em bé khóc	MẸ VỖ VỀ DỖ DÀNH AN ỦI DỊU DÀNG EM BÉ KHÓC	Mối quan hệ
bạn lớp trưởng luôn gương mẫu trong học tập và rèn luyện	BẠN LỚP TRƯỞNG HỌC TẬP VÀ RÈN LUYỆN GƯƠNG MẪU	Cuộc sống học đường
bạn nói đúng chúng tôi không còn phòng trống cho tối nay	BẠN NÓI ĐÚNG TỐI NAY CHÚNG TÔI HẾT PHÒNG RỒI	Du lịch
còn bảo hiểm du lịch thì sao	BẢO HIỂM DU LỊCH THẾ NÀO	Cuộc sống thường nhật
cho đến cuối tháng	ĐẾN HẾT THÁNG	Công việc
chắc chắn rồi bạn và cả gia đình luôn được chào đón ở đây	CHẮC CHẮN BẠN CẢ GIA ĐÌNH Ở ĐÂY CHÀO ĐÓN LUÔN LUÔN	Cuộc sống thường nhật
tôi đang tìm kiếm một công việc phù hợp với bản thân	TÔI CÔNG VIỆC PHÙ HỢP VỚI BẢN THÂN TÌM KIẾM	Công việc
ngoài marathon còn gì khác trong danh sách	TRONG DANH SÁCH NGOÀI MARATHON KHÁC CÒN GÌ	Công việc
tia chớp loé lên trên bầu trời báo hiệu cơn mưa sắp đến	BẦU TRỜI TIA CHỚP LOÉ LÊN CƠN MƯA BÁO HIỆU SẮP ĐẾN	Cuộc sống thường nhật
có lẽ cô nên nói chuyện với giáo viên	BẠN GIÁO VIÊN NÓI CHUYỆN VỚI NÊN CÓ LẼ	Cuộc sống học đường
hôm nay trời nóng chúng ta sẽ đi ngâm mình ở bãi biển chứ	TRỜI NÓNG QUÁ BIỂN TẮM RA ĐI CHỨ	Cuộc sống thường nhật
bạn muốn đăng ký trong bao lâu	BẠN ĐĂNG KÝ TRONG BAO LÂU	Cuộc sống thường nhật
nghe có vẻ thú vị tôi sẽ đi với bạn vào tối mai	NGHE THÚ VỊ MAI TỐI TÔI BẠN ĐI CÙNG	Cuộc sống học đường
dũng trở về từ nhật bản tuần trước bạn có biết điều đó không	TUẦN TRƯỚC DŨNG TRỞ VỀ TỪ NHẬT BẢN BẠN BIẾT CÓ KHÔNG	Mối quan hệ
tôi có ô của tôi	TÔI Ô CỦA TÔI CÓ	Cuộc sống thường nhật
bố vừa đóng một cái thùng gỗ để đựng đồ đạc cũ	BỐ CÁI THÙNG GỖ 1 ĐÓNG ĐỂ ĐỒ ĐẠC CŨ ĐỰNG CHO VÀO	Cuộc sống thường nhật
cậu bé ấy khá nhát gan khi gặp người lạ	CẬU BÉ ẤY NHÁT GAN KHI NGƯỜI LẠ GẶP	Thái độ và Cảm xúc
tôi luyện tập rất chăm chỉ	TÔI LUYỆN TẬP CHĂM CHỈ	Sức khỏe
ý tôi là ở đâu	Ý CỦA TÔI Ở ĐÂU	Mối quan hệ
chính xác sẽ không tốt nếu trời bắt đầu mưa nó quá nóng	CHÍNH XÁC TỐT KHÔNG NẾU TRỜI MƯA BẮT ĐẦU NÓ QUÁ NÓNG	Mối quan hệ
các chiến sĩ đang ngày đêm canh gác đường biên giới	CÁC CHIẾN SĨ ĐƯỜNG BIÊN GIỚI CANH GÁC NGÀY ĐÊM	Chính trị
tôi muốn thử trên cặp sách này	TÔI THỬ CẶP SÁCH MUỐN	Cuộc sống thường nhật
tuần trước cả gia đình tôi đã có chuyến đi chơi	TUẦN TRƯỚC GIA ĐÌNH TÔI CHUYẾN ĐI CHƠI CÓ	Cuộc sống thường nhật
tôi là một thành viên trong nhóm thể dục nhịp điệu ở trường đại học	TÔI LÀ THÀNH VIÊN NHÓM THỂ DỤC NHỊP ĐIỆU Ở TRƯỜNG ĐẠI HỌC	Công việc
chưa đến lúc thức dậy đâu	DẬY LÚC ĐẾN CHƯA	Cuộc sống thường nhật
bạn đã nghĩ đến ngôi nhà lý tưởng của mình chưa	BẠN NGHĨ NGÔI NHÀ LÍ TƯỞNG CỦA BẠN CHƯA	Mối quan hệ
tôi có thể làm gì cho bạn thưa bạn	TÔI LÀM CHO BẠN GÌ	Cuộc sống thường nhật
ổng ấy còn nói gì nữa	ỔNG ẤY CÒN NÓI GÌ NỮA	Cuộc sống thường nhật
mẹ vừa mua một chai dầu gội đầu có hương thơm dịu nhẹ	MẸ CHAI DẦU GỘI 1 MUA HƯƠNG THƠM DỊU NHẸ CÓ	Cuộc sống thường nhật
bữa tối hôm nay nhà tôi sẽ ăn lẩu hải sản	TỐI NAY GIA ĐÌNH TÔI LẨU HẢI SẢN ĂN	Cuộc sống thường nhật
có thể bạn vẫn còn đang nằm trên giường	BẠN GIƯỜNG NẰM VẪN	Cuộc sống thường nhật
nó có giá bao nhiêu	NÓ GIÁ BAO NHIÊU	Cuộc sống thường nhật
chắc chắn rồi bạn có muốn thẻ american express của tôi không	CHẮC CHẮN BẠN THẺ CỦA TÔI MUỐN KHÔNG	Du lịch
cây lim là một loại cây thân gỗ rất quý hiếm	CÂY LIM LOẠI CÂY THÂN GỖ 1 QUÝ VÀ ÍT	Văn hóa và Giáo dục
nửa phút	PHÚT NỬA	Cuộc sống thường nhật
làm thế nào bạn có được nó	BẠN NÓ CÓ LÀM THẾ NÀO	Cuộc sống thường nhật
mẹ tôi có thể làm một số thực phẩm trung quốc	MẸ TÔI MÓN TRUNG HOA VÀI NẤU	Cuộc sống thường nhật
có thương hiệu cụ thể nào ông thích không thưa ông	ÔNG THƯƠNG HIỆU ƯA THÍCH CÓ KHÔNG	Du lịch
bạn thật hào phóng cảm ơn lời đề nghị của bạn	BẠN RẤT TUYỆT VỜI CẢM ƠN VÌ LỜI ĐỀ NGHỊ CỦA BẠN	Thái độ và Cảm xúc
trước hết cảm ơn bạn đã chấp nhận công việc này	TRƯỚC HẾT CẢM ƠN BẠN CÔNG VIỆC NÀY NHẬN	Công việc
tôi muốn biết ai đã để lá thư này trên bàn tôi	TÔI AI LÁ THƯ NÀY BÀN TÔI ĐỂ ĐÃ BIẾT MUỐN	Mối quan hệ
được rồi tôi biết chuyện này kết thúc như thế nào rồi	TÔI BIẾT CHUYỆN NÀY KẾT THÚC THẾ NÀO RỒI	Cuộc sống thường nhật
bạn vừa đọc gì vậy	BẠN ĐỌC GÌ	Mối quan hệ
bạn có phải không màn trình diễn của bạn là tuyệt vời	BẠN MÀN TRÌNH DIỄN CỦA BẠN TUYỆT VỜI	Thái độ và Cảm xúc
không sao 15 inch là đủ tốt được rồi tôi sẽ lấy nó	15 CM ỔN TÔI LẤY CÁI ĐÓ	Cuộc sống thường nhật
cảm ơn bạn rất nhiều vì đã giải thích cho tôi sữa đến từ đâu	BẠN CẢM ƠN NHIỀU VÌ GIẢI THÍCH CHO TÔI SỮA ĐẾN ĐÂU	Cuộc sống thường nhật
tôi cần nó được thực hiện ngày hôm nay	TÔI NÓ THỰC HIỆN HÔM NAY CẦN	Cuộc sống thường nhật
dậy đi đến giờ đi học rồi	DẬY ĐI GIỜ ĐI HỌC ĐẾN RỒI	Cuộc sống thường nhật
bạn có đến phòng tắm cô dâu cho jane không	BẠN PHÒNG TRANG ĐIỂM CÔ DÂU ĐẾN KHÔNG	Mối quan hệ
cô giáo giao cho mỗi nhóm một chủ đề bài học khác nhau	CÔ GIÁO MỖI NHÓM GIAO CHỦ ĐỀ BÀI HỌC KHÁC NHAU 1	Cuộc sống học đường
vâng xin vui lòng và tôi muốn một số keo	VÂNG CHO TÔI THÊM KEO ÍT	Công việc
môn mĩ thuật giúp học sinh phát triển khả năng sáng tạo	MÔN MĨ THUẬT PHÁT TRIỂN KHẢ NĂNG SÁNG TẠO CỦA HỌC SINH	Văn hóa và Giáo dục
nhờ đức tính chuyên cần cậu ấy đã đạt kết quả cao	CẬU ẤY KẾT QUẢ CAO VÌ ĐỨC TÍNH CHĂM CHỈ CÓ	Thái độ và Cảm xúc
món súp củ khoai tây hầm xương rất bổ dưỡng và thơm ngon	MÓN SÚP CỦ KHOAI TÂY XƯƠNG NẤU BỔ DƯỠNG THƠM NGON	Cuộc sống thường nhật
biểu đồ cột thể hiện doanh thu tăng trưởng của công ty	BIỂU ĐỒ CỘT DOANH THU TĂNG TRƯỞNG THỂ HIỆN CỦA CÔNG TY	Công việc
các nạn nhân trong vụ tai nạn đã được đưa đi cấp cứu	TRONG VỤ TAI NẠN CÁC NẠN NHÂN ĐI CẤP CỨU ĐƯỢC RỒI	Sức khỏe
bạn có muốn đi trượt băng với tôi chiều nay không	BẠN TÔI TRƯỢT BĂNG VỚI CHIỀU NAY MUỐN KHÔNG	Cuộc sống học đường
bạn có phiền giặt quần áo của tôi	BẠN TÔI QUẦN ÁO GIẶT GIÚP ĐƯỢC KHÔNG	Cuộc sống thường nhật
đây là danh thiếp của tôi	ĐÂY DANH THIẾP TÔI	Cuộc sống thường nhật
này chúng ta đã sẵn sàng ăn chưa	NÀY CHÚNG TA ĂN SẴN SÀNG CHƯA	Cuộc sống thường nhật
có gì đặc biệt ở đây	Ở ĐÂY ĐẶC BIỆT GÌ	Cuộc sống thường nhật
việt nam xuất khẩu rất nhiều nông sản ra thế giới	VIỆT NAM NÔNG SẢN XUẤT KHẨU RA THẾ GIỚI NHIỀU	Tài chính
tôi có thể mua miễn thuế không	TÔI MIỄN THUẾ MUA KHÔNG	Cuộc sống thường nhật
ok đừng quên lấy vé của bạn ba ngày trước	VÉ LẤY TRƯỚC BA NGÀY NHỚ ĐƯỢC RỒI	Du lịch
ai biết bơi	BƠI BIẾT AI	Sức khỏe
cha mẹ rât yêu thơng con cái	CHA MẸ CON CÁI DÀNH CHO TÌNH YÊU THƯƠNG ĐIỀU KIỆN KHÔNG	Mối quan hệ
trong ngày cưới mọi người chúc cô dâu chú rể hạnh phúc	MỌI NGƯỜI CHÚC CÔ DÂU CHÚ RỂ HẠNH PHÚC TRONG NGÀY CƯỚI	Mối quan hệ
cô ấy sẽ rất hài lòng với những bông hồng này	CÔ ẤY RẤT HÀI LÒNG VỚI NHỮNG BÔNG HOA HỒNG NÀY	Cuộc sống thường nhật
công ty bảo đảm cung cấp môi trường làm việc an toàn cho nhân viên	CÔNG TY ĐẢM BẢO CUNG CẤP MANG ĐẾN CÔNG NHÂN MÔI TRƯỜNG LÀM VIỆC AN TOÀN	Công việc
đôi khi cảnh sát đến trường và giải thích cho trẻ em công việc của họ	THỈNH THOẢNG CẢNH CÁT TRƯỜNG ĐẾN GIẢI THÍCH CÔNG VIỆC CỦA HỌ TRẺ EM CHO	Cuộc sống học đường
sinh viên thường ăn mỳ tôm vào những ngày cuối tháng	SINH VIÊN MỲ TÔM ĂN NHỮNG NGÀY CUỐI THÁNG	Cuộc sống học đường
thật sao không không tôi không biết bạn thật tốt bụng	THẬT KHÔNG TÔI KHÔNG BẠN TỐT	Cuộc sống thường nhật
tôi có thể làm cho một đề nghị	TÔI ĐỀ NGHỊ MỘT ĐƯA RA ĐƯỢC KHÔNG	Công việc
bây giờ tôi hiểu nhưng tôi không hút thuốc hoặc uống vì vậy tôi phải mua gì ở đây	GIỜ THÌ TÔI HIỂU RỒI NHƯNG TÔI KHÔNG HÚT THUỐC HAY UỐNG RƯỢU VẬY TÔI NÊN MUA GÌ Ở ĐÂY	Mối quan hệ
cảm ơn bạn đã chọn bruno chúng tôi mong được gặp bạn vào ngày 2	CẢM ƠN BẠN CHỌN BRUNO CHÚNG TÔI MONG GẶP NGÀY HAI	Công việc
mọi người đều bận rộn chuẩn bị cho dịp lễ cuối năm	MỌI NGƯỜI BẬN RỘN CHUẨN BỊ LỄ CUỐI NĂM	Cuộc sống thường nhật
gia đình tôi đã có chuyến du lịch đến phố cổ hội an	GIA ĐÌNH TÔI HỘI AN PHỔ CỔ CHUYẾN DU LỊCH ĐẾN CÓ	Du lịch
chúng tôi có thịt thăn ngoại bít tết tiêu và thịt bò	CHÚNG TÔI BÍT TẾT VÀ THỊT BÒ CÓ	Cuộc sống thường nhật
tiếng còi xe cứu thương vang lên inh ỏi trên đường phố	TRÊN ĐƯỜNG PHỐ TIẾNG CÒI XE CỨU THƯƠNG VANG LÊN	Sức khỏe
bệnh nhân đã có thể cử động nhẹ các ngón tay sau phẫu thuật	BỆNH NHẬN CÁC NGÓN TAY CỬ ĐỘNG HOẠT ĐỘNG NHẸ SAU PHẪU THUẬT	Sức khỏe
bạn có đôi giày nào như thế này không	BẠN ĐÔI GIÀY NHƯ THẾ NÀO	Cuộc sống thường nhật
một quả bóng trên một sợi dây	QUẢ BÓNG 1 TRÊN SỢI DÂY	Cuộc sống thường nhật
chúng ta nên tính toán để không mua thừa thực phẩm	CHÚNG TA TÍNH TOÁN NÊN ĐỂ THỰC PHẨM THỪA MUA KHÔNG	Tài chính
tôi thực sự thích ở bên cô ấy	CÔ ẤY Ở BÊN TÔI THÍCH	Mối quan hệ
tôi cũng thích bánh táo	TÔI BÁNH TÁO THÍCH CŨNG	Cuộc sống thường nhật
chúng ta đang đứng trên mặt đất ngắm trăng	CHÚNG TA TRÁI ĐẤT ĐỨNG MẶT TRĂNG NHÌN	Cuộc sống thường nhật
anh sẽ làm ngay lập tức	BẠN LÀM ĐI	Cuộc sống thường nhật
tranh của học sinh được trưng bày trong phòng mĩ thuật	HỌC SINH TRANH TRƯNG BÀY TRONG PHÒNG MĨ THUẬT	Cuộc sống học đường
ồ cảnh sát đang đến	Ồ CẢNH SÁT ĐẾN	Cuộc sống thường nhật
có nhiều tai nạn trong thành phố mỗi ngày	THÀNH PHỐ MỖI NGÀY TAI NẠN NHIỀU CÓ	Cuộc sống thường nhật
tôi đã quên mang theo chìa khóa nhà khi đi ra ngoài	TÔI KHI RA NGOÀI CHÌA KHOÁ NHÀ MANG THEO QUÊN	Cuộc sống thường nhật
chiếc áo sơ mi này giá bao nhiêu 	CHIẾC ÁO SƠ MI GIÁ BAO NHIÊU	Cuộc sống thường nhật
bà tôi thích mèo	BÀ TÔI MÈO THÍCH	Chính trị
tôi thích nhìn bọn trẻ chơi với đủ loại xe tải khác nhau trong hố cát	TÔI NHÌN BỌN TRẺ CHƠI VỚI TẤT CẢ XE TẢI KHÁC NHAU HỐ CÁT TRONG THÍCH	Cuộc sống thường nhật
anh ấy đang ứng tuyển vào một vị trí quản lý cấp cao	ANH ẤY VỊ TRÍ QUẢN LÝ CẤP CAO ỨNG TUYỂN	Công việc
vâng chắc chắn rồi mấy giờ đám cưới sẽ bắt đầu	VÂNG TẤT NHIÊN ĐÁM CƯỚI BẮT ĐẦU LÚC MẤY GIỜ	Mối quan hệ
cánh đồng ruộng lúa chín vàng trải dài đến tận chân trời	CÁNH ĐỒNG LÚA CHÍN VÀNG TRẢI DÀI CHÂN TRỜI	Cuộc sống thường nhật
tôi nghĩ chiếc xe buýt này sẽ đi xuống đường hùng vương	TÔI NGHĨ CHIẾC XE BUÝT NÀY ĐƯỜNG HÙNG VƯƠNG ĐI XUỐNG	Cuộc sống thường nhật
không tôi có lá	KHÔNG TÔI LÁ CÓ	Cuộc sống thường nhật
em yêu anh xin lỗi vì lúc nào anh cũng quá bận rộn	EM À ANH XIN LỖI DẠO NÀY ANH BẬN QUÁ	Cuộc sống thường nhật
đối với anh ấy việc sửa xe chỉ là chuyện nhỏ mà thôi	ANH ẤY SỬA XE VIỆC CHUYỆN NHỎ THÔI	Thái độ và Cảm xúc
giá của chiếc váy là bao nhiêu	CHIẾC VÁY GIÁ BAO NHIÊU	Du lịch
lớp tôi các bạn thích học toán	LỚP TÔI CÁC BẠN TOÁN HỌC THÍCH	Cuộc sống học đường
ý bà là với tiết mục trình diễn của tôi à	BÀ NÓI TIẾT MỤC TRÌNH DIỄN CỦA TÔI	Mối quan hệ
dòng sông quê em hiền hòa chảy qua cánh đồng lúa	QUÊ EM DÒNG SÔNG HIỀN HOÀ CHẢY QUA CÁNH ĐỒNG LÚA	Cuộc sống thường nhật
điều kiện kinh tế của công ty đang gặp nhiều khó khăn	KINH TẾ CÔNG TY KHÓ KHĂN GẶP NHIỀU	Tài chính
xin lỗi bạn có biết đường tắt nào đến công viên không	XIN LỖI ĐƯỜNG CÔNG VIÊN ĐẾN NGẮN BẠN BIẾT KHÔNG	Du lịch
tiếng trống trường vang lên báo hiệu đã đến giờ vào lớp	TRƯỜNG TIẾNG TRỐNG VANG LÊN BÁO HIỆU GIỜ VÀO LỚP ĐẾN	Cuộc sống học đường
chỉ cần chỉ vào nó nếu bạn không biết tên	NẾU TÊN KHÔNG BIẾT BẠN NÓ VÀO	Cuộc sống thường nhật
tôi có thể được hoàn lại tiền không	TÔI TIỀN TRẢ LẠI ĐƯỢC KHÔNG	Cuộc sống thường nhật
xin chào hãy để tôi giới thiệu bản thân mình tên tôi là nancy	XIN CHÀO TÔI NANCY TỰ GIỚI THIỆU	Mối quan hệ
đây là hội thảo viết kinh nghiệm chào mừng bạn	ĐÂY LÀ HỘI THẢO VIẾT KINH NGHIỆM CHÀO MỪNG BẠN	Công việc
vâng tất nhiên đây thực sự là một điều tốt	VÂNG ĐÂY TỐT THẬT	Cuộc sống thường nhật
nó có thể giữ súp	NÓ SÚP GIỮ	Cuộc sống thường nhật
tôi muốn kiểm tra tạp chí này	TÔI KIỂM TRA BÁO NÀY MUỐN	Cuộc sống học đường
bao nhiêu thưa bà	BAO NHIÊU	Du lịch
các vua hùng vương đã có công dựng nước và giữ nước	CÁC VUA HÙNG CÔNG CÓ XÂY DỰNG VÀ BẢO VỆ ĐẤT NƯỚC	Văn hóa và Giáo dục
vâng tôi đã gặp một cô gái cách đây 3 tuần và chúng tôi có nhiều điểm chung	VÂNG TUẦN 3 TRƯỚC TÔI CÔ GÁI 1 GẶP CHÚNG TÔI ĐẶC ĐIỂM CHUNG NHIỀU	Mối quan hệ
tôi vừa cắt quả dứa và cho vào bát	TÔI QUẢ DỨA CẮT BÁT CHO VÀO	Cuộc sống thường nhật
giá của bạn có thể thương lượng không	GIÁ CỦA BẠN THẢO LUẬN ĐƯỢC KHÔNG	Tài chính
nghe có vẻ như một ý tưởng tốt tôi sẽ phải thử điều đó	CÓ Ý TƯỞNG TỐT TÔI THỬ PHẢI	Thái độ và Cảm xúc
góc nhọn là góc có số đo nhỏ hơn chín mươi độ	GÓC NHỌN GÓC SỐ ĐO 90 ĐỘ NHỎ HƠN CÓ	Cuộc sống học đường
tất nhiên rồi dễ thôi không có gì đâu	CHẮC CHẮN RỒI DỄ KHÔNG CÓ GÌ	Mối quan hệ
hôm nay chúng ta sẽ làm gì	HÔM NAY CHÚNG TA LÀM GÌ	Cuộc sống thường nhật
mức phạt là bao nhiêu	TIỀN PHẠT BAO NHIÊU	Cuộc sống thường nhật
tôi sẽ chỉ nhớ rằng chuyến đi khinh khí cầu và có khung cảnh đẹp	TÔI NHỚ CHUYẾN ĐI KHINH KHÍ CẦU KHUNG CẢNH ĐẸP	Du lịch
có một chiếc taxi ở đằng kia ngay bên ngoài cổng	MỘT CHIẾC TAXI Ở ĐẰNG KIA BÊN NGOÀI CỔNG CÓ	Cuộc sống thường nhật
đàn bò đang gặm cỏ trên đổng cỏ xanh	TRÊN ĐỒNG CỎ XANH ĐÀN BÒ GẶM CỎ ĂN CỎ	Cuộc sống thường nhật
thật là một ngày cuối tuần tuyệt vời	MỘT NGÀY CUỐI TUẦN TUYỆT VỜI	Mối quan hệ
chắc chắn rồi hãy bắt đầu bằng cách soạn thảo một hợp đồng mới	BẮT ĐẦU VIỆC SOẠN THẢO HỢP ĐỒNG MỚI ĐƯỢC RỒI	Cuộc sống thường nhật
số liền sau của số mười chín là số hai mươi	SỐ LIỀN SAU CỦA 19 LÀ 20	Cuộc sống học đường
cô ấy rất chú trọng đến ngoại hình mỗi khi ra ngoài đường	CÔ ẤY NGOẠI HÌNH QUAN TÂM KHI ĐI RA NGOÀI ĐƯỜNG	Cuộc sống thường nhật
này cái gì vậy	NÀY CÁI GÌ	Cuộc sống thường nhật
vâng chắc chắn họ đây rồi hãy dành thời gian của bạn để xem qua chúng tôi không vội	CHẮC CHẮN HỌ RỒI THỜI GIAN CỦA BẠN XEM QUA HÃY TÔI VỘI KHÔNG	Tài chính
tại sao bạn không nướng nó	BẠN NƯỚNG KHÔNG TẠI SAO	Cuộc sống thường nhật
sẽ xong trong 10 phút nữa và tôi sẽ gọi lại ngay khi xong	10 PHÚT XONG TÔI GỌI LẠI KHI XONG RỒI	Cuộc sống thường nhật
hướng dẫn viên du lịch đang chỉ dẫn đường đi cho cả đoàn	HƯỚNG DẪN VIÊN DU LỊCH ĐƯỜNG ĐI CHỈ DẪN CHO DU KHÁCH	Du lịch
tôi muốn đăng ký vị trí của một người mở cửa trong nhà hàng của bạn	NHÀ HÀNG NGƯỜI MỞ CỬA CỦA BẠN TÔI ĐĂNG KÝ	Công việc
ba mươi phần trăm	30 PHẦN TRĂM	Cuộc sống thường nhật
bạn muốn đặt hàng gì	BẠN ĐẶT HÀNG GÌ	Cuộc sống thường nhật
cô ấy mạnh bạo đứng lên bảo vệ ý kiến của mình	CÔ ẤY ĐỨNG LÊN BẢO VỆ Ý KIẾN CỦA MÌNH	Thái độ và Cảm xúc
tôi rất yêu quý và thường chơi đùa cùng em trai của mình	TÔI YÊU QUÝ CHƠI ĐÙA THƯỜNG XUYÊN VỚI EM TRAI	Mối quan hệ
chúng là gì	CHÚNG GÌ	Công việc
nhân vật lão hạc để lại nhiều ấn tượng sâu sắc cho người đọc	NGƯỜI ĐỌC NHÂN VẬT LÃO HẠC THÍCH	Văn hóa và Giáo dục
nó ở đằng kia gần băng ghế	ĐẰNG KIA BĂNG GHẾ GẦN	Cuộc sống thường nhật
được rồi khi nào chúng ta có thể gặp lại để biết thêm chi tiết cụ thể cô chi	ĐƯỢC RỒI KHI NÀO CHÚNG TA CÓ THỂ GẶP LẠI ĐỂ BÀN THÊM CHI TIẾT CÔ CHI	Tài chính
thật á hôm qua anh mất bao lâu để tìm được chỗ vậy	THẬT HÔM QUA ANH CHỖ NÀY TÌM ĐƯỢC LÂU BAO NHIÊU	Cuộc sống thường nhật
cuộc hẹn của bạn với anh ấy thế nào	CUỘC HẸN CỦA BẠN VỚI ANH ẤY THẾ NÀO	Mối quan hệ
không bây giờ đến lượt bạn cảm ơn bạn	KHÔNG BÂY GIỜ ĐẾN BẠN CẢM ƠN	Du lịch
tín ngưỡng thờ cúng tổ tiên là nét đẹp văn hóa người việt	TÍN NGƯỠNG THỜ CÚNG TỔ TIÊN LÀ NÉT ĐẸP VĂN HOÁ NGƯỜI VIỆT	Văn hóa và Giáo dục
căn phòng mới này bé hơn căn phòng cũ của tôi	CĂN PHÒNG MỚI NÀY TÔI CĂN PHÒNG CŨ BÉ HƠN	Cuộc sống thường nhật
nhưng không may cô ấy bị thương ở chân	NHƯNG MAY KHÔNG CÔ ẤY CHÂN ĐAU	Sức khỏe
cha mẹ luôn quan tâm đến việc học hành và sức khỏe của con cái	CHA MẸ QUAN TÂM HỌC HÀNH SỨC KHOẺ CỦA CON CÁI	Mối quan hệ
tớ mua pizza còn cậu mua burger nhé	TỚ MUA PIZZA CÒN CẬU LO PHẦN BURGER NHÉ	Cuộc sống thường nhật
không khí trong lành ở vùng quê khiến tôi cảm thấy dễ chịu	KHÔNG KHÍ TRONG LÀNH Ở VÙNG QUÊ TÔI CẢM THẤY DỄ CHỊU	Thái độ và Cảm xúc
tôi thích dã ngoại	TÔI DÃ NGOẠI THÍCH	Du lịch
cảm ơn bạn hãy giữ biên lai này	CẢM ƠN BIÊN LAI NÀY GIỮ	Du lịch
tôi biết bạn hoàn toàn đúng	TÔI BIẾT BẠN HOÀN TOÀN ĐÚNG	Mối quan hệ
nơi này đẹp quá	NƠI NÀY ĐẸP	Mối quan hệ
bạn đề nghị gì	BẠN ĐỀ NGHỊ GÌ	Cuộc sống thường nhật
đó là bởi vì bạn đã làm tốt	ĐÓ LÀ VÌ BẠN LÀM TỐT	Cuộc sống học đường
hãy đi cùng nhau	ĐI CÙNG NHAU NHÉ	Cuộc sống thường nhật
tôi sẽ chọn thuốc bổ	TÔI CHỌN THUỐC BỔ	Cuộc sống thường nhật
học hỏi những điều mới mẻ lúc nào cũng vui	KIẾN THỨC MỚI HỌC VUI LUÔN LUÔN	Cuộc sống thường nhật
bạn cần phải làm áp phích	BẠN ÁP PHÍCH LÀM ĐÚNG KHÔNG	Cuộc sống thường nhật
bạn muốn loại nho nào	BẠN NHO MUỐN NÀO	Cuộc sống thường nhật
karen lúc rảnh bạn làm gì	KAREN BẠN LÚC RẢNH LÀM GÌ THƯỜNG	Mối quan hệ
tôi chỉ mong gia đình mình luôn được mạnh khỏe bình an	TÔI MONG GIA ĐÌNH TÔI KHOẺ MẠNH BÌNH AN	Mối quan hệ
phong cảnh thiên nhiên nơi đây thật hùng vĩ và hoang sơ	PHONG CẢNH THIÊN NHIÊN NƠI ĐÂY HÙNG VĨ TO LỚN VÀ HOANG SƠ	Du lịch
một cuộc mít tinh lớn đã được tổ chức để ủng hộ hòa bình	CUỘC HỌP LỚN TỔ CHỨC ĐƯỢC ĐỂ ỦNG HỘ HOÀ BÌNH	Chính trị
cậu bé bị mẹ phạt vì đã không nghe lời người lớn	CẬU BÉ MẸ PHẠT VÌ NGHE LỜI NGƯỜI LỚN KHÔNG	Mối quan hệ
bạn khuyên dùng chương trình diệt virus nào	CHƯƠNG TRÌNH DIỆT VIRUS BẠN KHUYÊN DÙNG NÀO	Mối quan hệ
xin lỗi chỗ này có ai ngồi không	CHỖ NÀY NGỒI AI CÓ KHÔNG	Mối quan hệ
tôi hoàn toàn không hiểu tại sao anh ấy lại hành động như vậy	TÔI ANH ẤY LÀM VẬY SAO HIỂU KHÔNG THẬT SỰ	Thái độ và Cảm xúc
nhìn có vẻ khá đơn giản nhưng làm thế nào để tôi nấu nó	NHÌN ĐƠN GIẢN NHƯNG TÔI NẤU THẾ NÀO	Cuộc sống thường nhật
về bài kiểm tra lái xe của tôi tôi có làm tốt không	BÀI THI LÁI XE TÔI LÀM ỔN CHỨ	Cuộc sống thường nhật
cậu phải chịu trách nhiệm cho hậu quả do mình gây ra	CẬU TRÁCH NHIỆM PHẢI CHO KẾT QUẢ XẤU CẬU GÂY RA	Thái độ và Cảm xúc
hiểu rồi còn gì nữa không	HIỂU RỒI CÒN THÊM GÌ	Du lịch
cái áo đó rất hợp với cô	CÁI ÁO ĐÓ RẤT HỢP VỚI BẠN	Cuộc sống thường nhật
làm thế nào bạn trả tiền cho họ	BẠN HỌ TRẢ TIỀN CÁCH NÀO	Cuộc sống thường nhật
tôi nghĩ mọi người nên dễ dàng lái xe	TÔI NGHĨ MỌI NGƯỜI LÁI XE DỄ	Mối quan hệ
nhà tôi có nuôi một con mèo tam thể rất đáng yêu	NHÀ TÔI MÈO TAM THỂ ĐÁNG YÊU NUÔI CÓ	Cuộc sống thường nhật
chiếc quạt điện nhà tôi đột nhiên bị hỏng	NHÀ TÔI CHIẾC QUẠT ĐIỆN HỎNG ĐỘT NHIÊN BẤT NGỜ	Cuộc sống thường nhật
đến thượng hải mất bao lâu	THƯỢNG HẢI ĐẾN THỜI GIAN BAO NHIÊU	Cuộc sống thường nhật
bà rất yêu thương người con dâu hiếu thảo của mình	BÀ CON DÂU HIẾU THẢO THƯƠNG RẤT	Mối quan hệ
vâng hãy để tôi đưa nó vào lịch	VÂNG TÔI LỊCH ĐƯA VÀO	Cuộc sống học đường
vâng tôi đã nghe rất nhiều về nó	CHỖ ĐÓ NGHE NHIỀU RỒI	Tài chính
bạn có muốn một bữa ăn đắt tiền	BẠN BỮA ĂN ĐẮT TIỀN	Mối quan hệ
có có tôi chắc chắn	CÓ CÓ CHỨ TÔI CHẮC CHẮN	Mối quan hệ
cô muốn uống thêm cà phê không	CÔ CÀ PHÊ UỐNG THÊM MUỐN	Mối quan hệ
tôi biết lái xe hơi nhưng không có xe	TÔI LÁI BIẾT NHƯNG XE HƠI KHÔNG CÓ	Cuộc sống thường nhật
bạn đã đi bộ 6 tiếng rồi có chán không	BẠN ĐI BỘ 6 TIẾNG RỒI MỆT KHÔNG	Mối quan hệ
con không ngại đưa giấy tờ nhưng điều thú vị nhất là nhận được tiền	CON GIẤY TỜ ĐƯA KHÔNG NGẠI NHƯNG TIỀN NHẬN ĐƯỢC THÚ VỊ NHẤT	Tài chính
người khiếm thính giao tiếp bằng ngôn ngữ kí hiệu	NGƯỜI KHIẾM THÍNH GIAO TIẾP BẰNG NGÔN NGỮ KÍ HIỆU	Văn hóa và Giáo dục
bạn thường làm gì vào thời gian rảnh rỗi	BẠN THỜI GIAN RẢNH RỖI LÀM GÌ	Công việc
vâng chúng tôi sẽ khởi hành trong 10 phút	CHÚNG TÔI 10 PHÚT NỮA KHỞI HÀNH SẼ	Du lịch
tôi muốn cho anh xem cabin chúng ta chỉ còn nửa tiếng nữa thôi	TÔI ANH PHÒNG XEM ĐƯA MUỐN CHÚNG TA NỬA TIẾNG CÒN THÔI	Cuộc sống thường nhật
anh ấy ra tận sân bay để đón người bạn thân từ xa về	ANH ẤY SÂN BAY RA NGƯỜI BẠN THÂN XA VỀ	Mối quan hệ
vâng vợ tôi và tôi đang quan tâm đến việc thuê một ngôi nhà cho mùa hè	VỢ CHỒNG TÔI TÌM THUÊ NHÀ MÙA HÈ NÀY	Cuộc sống thường nhật
bạn đang sử dụng dialup hoặc băng thông rộng	BẠN MẠNG TRUY CẬP QUAY SỐ HAY BĂNG THÔNG RỘNG DÙNG	Mối quan hệ
chúng tôi đã thực hiện một số điều chỉnh về giá cả và đây là bảng giá mới	CHÚNG TÔI GIÁ ĐIỀU CHỈNH MỘT CHÚT RỒI ĐÂY BẢNG GIÁ MỚI	Công việc
ok tôi hiểu rồi cảm ơn bạn đã phân tích rất kỹ lưỡng	TÔI HIỂU RỒI CẢM ƠN BẠN PHÂN TÍCH RẤT RÕ	Công việc
đại tướng võ nguyên giáp là một nhà quân sự lỗi lạc	ĐẠI TƯỚNG VÕ NGUYÊN GIÁP QUÂN SỰ LỖI LẠC VĨ ĐẠI KIỆT XUẤT	Chính trị
oh yeah bạn cần đi mua sắm để làm gì	BẠN ĐI MUA SẮM LÀM GÌ	Cuộc sống thường nhật
nghệ thuật là một cách đặc biệt mà mọi người có thể sử dụng để giao tiếp với nhau	NGHỆ THUẬT ĐẶC BIỆT MỌI NGƯỜI GIAO TIẾP VỚI NHAU	Văn hóa và Giáo dục
đứa bé bỗng dưng bật khóc nức nở vì nhớ mẹ	ĐỨA BÉ KHÓC NỨC NỞ SỤT SỊT MẸ NHỚ	Thái độ và Cảm xúc
tôi nghĩ bạn có thể đưa nó cho tôi vào ngày mai cảm ơn	TÔI NGHĨ BẠN NÓ ĐƯA CHO TÔI NGÀY MAI CẢM ƠN	Công việc
tôi đã chơi trò chơi điện tử	ANH TRÒ CHƠI ĐIỆN TỬ CHƠI	Mối quan hệ
bạn miễn cưỡng làm việc với loại người nào	BẠN LÀM VIỆC VỚI LOẠI NGƯỜI KHÔNG MUỐN NÀO	Công việc
mọi chuyện bắt đầu từ hôm kia	HÔM KIA MỌI CHUYỆN BẮT ĐẦU	Sức khỏe
con phố này trở nên nhộn nhịp hơn vào buổi tối	BUỔI TỐI CON PHỐ NÀY NHỘN NHỊP HƠN	Cuộc sống thường nhật
em tôi đã trúng tuyển vào trường đại học mà nó mơ ước	EM TÔI TRƯỜNG ĐẠI HỌC TRÚNG TUYỂN MÀ EM MƠ ƯỚC	Cuộc sống học đường
cảm ơn bạn tôi nên đi đến cổng nào cho xe buýt	CẢM ƠN TÔI CỔNG NÀO RA ĐÓN XE BUÝT NÊN	Cuộc sống thường nhật
có một cái nhìn bên ngoài cho tôi trông có giống mưa đá với bạn không	NGOÀI NHÌN XEM MƯA ĐÁ KHÔNG	Mối quan hệ
cô ấy đã thẳng thắn từ chối lời đề nghị không phù hợp	CÔ ẤY TỪ CHỐI THẲNG THẮN TRỰC TIẾP LỜI ĐỀ NGHỊ PHÙ HỢP KHÔNG	Thái độ và Cảm xúc
tôi đã làm việc chăm chỉ để may giày mới cho bạn	TÔI LÀM VIỆC CHĂM CHỈ ĐỂ MAY ĐÔI GIÀY MỚI CHO BẠN	Cuộc sống thường nhật
vâng bao lâu nó sẽ được	NÓ ĐƯỢC BAO LÂU	Cuộc sống thường nhật
bạn đã bao giờ được mời đến một bữa tiệc trung quốc	BẠN BỮA TIỆC TRUNG QUỐC MỜI ĐẾN CHƯA	Mối quan hệ
tôi cũng làm việc trong phòng nhỏ nhưng tôi không phiền đâu	TÔI LÀM VIỆC PHÒNG NHỎ TRONG CŨNG NHƯNG TÔI PHIỀN KHÔNG	Mối quan hệ
tôi xin lỗi về điều đó thời gian bay của bạn là gì	TÔI XIN LỖI ĐIỀU ĐÓ THỜI GIAN CHUYẾN BAY CỦA BẠN KHI NÀO	Cuộc sống thường nhật
bố tôi đang sơn lại bức tường màu xanh nhạt	BỐ TÔI BỨC TƯỜNG SƠN LẠI MÀU XANH NHẠT	Cuộc sống thường nhật
các nước thuộc bán đảo đông dương có nhiều nét tương đồng văn hóa	CÁC NƯỚC BÁN ĐẢO ĐÔNG DƯƠNG VĂN HOÁ NÉT TƯƠNG ĐỒNG CÓ NHIỀU	Chính trị
đó là may mắn	ĐÓ MAY MẮN	Chính trị
thật sao đúng là một phụ nữ phải không	THÂT PHỤ NỮ 1 PHẢI	Thái độ và Cảm xúc
nghe này bố nhiều người đang tập thể dục buổi sáng ở đây	BỐ NHÌN NHIỀU NGƯỜI SÁNG TẬP THỂ DỤC	Cuộc sống thường nhật
cô ấy đã mặc gì	CÔ ẤY MẶC GÌ	Chính trị
đó là sự thật bạn có thể nghe thấy bụng tôi càu nhàu tôi thực sự đói	THẬT BẠN NGHE THẤY BỤNG TÔI KÊU TÔI ĐÓI THỰC SỰ	Cuộc sống thường nhật
mẹ ơi hôm nay con có món quà dành tặng mẹ	MẸ ƠI HÔM NAY CON MÓN QUÀ TẶNG CHO MẸ	Mối quan hệ
tôi không biết rất khó nhưng tôi phải học	KHÔNG BIẾT RẤT KHÓ NHƯNG TÔI HỌC PHẢI	Cuộc sống thường nhật
chắc chắn rồi tôi nên đặt cốc này ở đâu	CHẮC CHẮN RỒI TÔI CỐC ĐẶT Ở ĐÂU	Cuộc sống thường nhật
chúng tôi dự kiến có khoảng 25 người và chúng tôi chỉ chi 20 đô la cho mỗi người	CHÚNG TÔI NGƯỜI KHOẢNG 25 CHÚNG TÔI CHI MỖI NGƯỜI 20 ĐÔ LA	Du lịch
bạn luôn đi công tác hay đôi khi bạn đi nghỉ mát	KHI BẠN NGHỈ NGƠI HAY CÔNG TÁC ĐI	Mối quan hệ
bạn có thể gia hạn sách qua máy tính	BẠN GIA HẠN SÁCH BẰNG MÁY TÍNH ĐƯỢC	Cuộc sống học đường
tại sao không  tôi thấy tốt rồi	KHÔNG TẠI SAO TÔI THẤY TỐT RỒI	Mối quan hệ
xin chúc mừng tôi nghe nói rằng bạn sẽ tham gia khóa đào tạo hai tuần tại trụ sở chính	CHÚC MỪNG NGHE BẠN ĐÀO TẠO HAI TUẦN THAM GIA VĂN PHÒNG CHÍNH	Mối quan hệ
bạn cà rốt đâu	CÀ RỐT ĐÂU	Cuộc sống thường nhật
chính sách mới của nhà nước nhận được sự ủng hộ lớn	CHÍNH SÁCH MỚI CỦA NHÀ NƯỚC NHẬN ĐƯỢC ỦNG HỘ NHIỀU	Chính trị
tôi thấy ông thường ở đây vào sáng thứ ba	ÔNG SÁNG THỨ BA ĐẾN THƯỜNG À	Công việc
thật tuyệt vời tôi đánh giá cao hiệu quả và hợp tác của bạn	TUYỆT VỜI TÔI ĐÁNH GIÁ CAO HIỆU QUẢ HỢP TÁC CỦA BẠN	Công việc
tôi đã phải đợi bạn ở quán cà phê gần một tiếng	TÔI BẠN ĐỢI Ở QUÁN CÀ PHÊ GẦN 1 TIẾNG	Mối quan hệ
tôi không thích mua những sản phẩm được đóng gói trong bao bì giấy hoặc nhựa	TÔI NHỮNG SẢN PHẨM GIẤY NHỰA ĐÓNG GÓI MUA THÍCH KHÔNG	Cuộc sống thường nhật
vâng các bạn thật may mắn khi tìm thấy nhau	HAI NGƯỜI MAY MẮN THẬT TÌM THẤY NHAU KHI ĐẤY	Mối quan hệ
sao bạn lại hào hứng thế	BẠN HÀO HỨNG TẠI SAO	Chính trị
một cảm giác bất an cứ lơ lửng trong tâm trí cô ấy	CÔ ẤY ĐẦU ÓC BẤT AN CÓ	Thái độ và Cảm xúc
cô giáo hướng dẫn chúng em cách sử dụng dấu ngoặc đơn đúng cách	CÔ GIÁO CHÚNG EM HƯỚNG DẪN DẤU NGOẶC ĐƠN SỬ DỤNG ĐÚNG CÁCH	Cuộc sống học đường
khoảng tuần tới bạn có thể cho tôi biết gì về căn hộ này	KHOẢNG TUẦN TỚI BẠN CĂN HỘ NÀY CHO TÔI BIẾT CÓ THỂ	Cuộc sống thường nhật
mọi người đều dừng xe lại khi tín hiệu đèn đỏ bật sáng	MỌI NGƯỜI XE ĐỀU DỪNG LẠI KHI ĐÈN ĐỎ TÍN HIỆU BẬT SÁNG	Cuộc sống thường nhật
có thương hiệu đặc biệt nào bạn muốn không	TÊN CÔNG TY ĐẶC BIỆT NÀO BẠN MUỐN	Cuộc sống thường nhật
em có mơ ước trở thành một bác sĩ để chữa bệnh cho người nghèo	EM ƯỚC MƠ CÓ TRỞ THÀNH BÁC SĨ ĐỂ NGƯỜI NGHÈO CHỮA BỆNH	Thái độ và Cảm xúc
miền bắc việt nam có bốn mùa xuân hạ thu đông rõ rệt	VIỆT NAM MIỀN BẮC XUÂN HẠ THU ĐÔNG MÙA CÓ 4 RÕ RỆT	Du lịch
con vẹt có bộ lông sặc sỡ và biết nói	CON VẸT BỘ LÔNG SẶC SỠ CÓ VÀ NÓI BIẾT	Cuộc sống thường nhật
sợi dây thừng này rất chắc chắn và bền bỉ	SỢI DÂY THỪNG NÀY BỀN BỈ CHẮC CHẮN	Cuộc sống thường nhật
bạn muốn tổ chức đám cưới	BẠN ĐÁM CƯỚI TỔ CHỨC MUỐN À	Mối quan hệ
vâng chúng tôi có	CHÚNG TÔI CÓ	Cuộc sống thường nhật
chúng tôi đã có chuyến dã ngoại thú vị trong khu rừng	TRONG KHU RỪNG CHÚNG TÔI CHUYẾN DÃ NGOẠI THÚ VỊ CÓ	Du lịch
được thôi khi nào	ĐƯỢC KHI NÀO	Mối quan hệ
tiếp theo tôi có thể liệt kê sở thích và kỹ năng đặc biệt của mình không	TIẾP THEO TÔI SỞ THÍCH KĨ NĂNG ĐẶC BIỆT CỦA TÔI LIỆT KÊ CÓ THỂ	Công việc
bà mang một rổ cam vàng óng ra chợ bán	BÀ 1 RỔ CAM VÀNG ÓNG MANG RA CHỢ BÁN	Cuộc sống thường nhật
đảo phú quốc là một điểm đến du lịch biển rất nổi tiếng	ĐẢO PHÚ QUỐC LÀ ĐIỂM DU LỊCH BIỂN NỔI TIẾNG	Du lịch
máy in của tôi bị hỏng bạn có thể in một bản sao cho tôi	MÁY IN CỦA TÔI HỎNG BẠN BẢN SAO 1 IN CHO TÔI	Công việc
sau trận ốm cơ thể của anh ấy vẫn còn yếu	SAU TRẬN ỐM ANH ẤY CƠ THỂ CÒN YẾU	Sức khỏe
đừng quên món tráng miệng	MÓN TRÁNG MIỆNG QUÊN ĐỪNG	Cuộc sống thường nhật
tất nhiên tôi thích nó rất nhiều cảm ơn bạn	TÔI THÍCH RẤT CẢM ƠN BẠN NHÉ TẤT NHIÊN RỒI	Mối quan hệ
chuyện gì đã xảy ra	XẢY RA CHUYỆN GÌ	Mối quan hệ
tôi thích đồ ăn trung quốc	TÔI ĐỒ ĂN TRUNG QUỐC THÍCH	Cuộc sống thường nhật
oh bạn không cần phải làm điều đó tôi sẽ ở lại với bạn bè	BẠN LÀM THẾ KHÔNG CẦN TÔI BẠN BÈ VỚI Ở LẠI SẼ	Mối quan hệ
quê hương tôi nằm ở vùng đồng bằng duyên hải miền trung	TÔI QUÊ HƯƠNG MIỀN TRUNG VÙNG ĐỒNG BẰNG Ở DUYÊN HẢI	Du lịch
ăn nhiều rau xanh và hoa quả rất tốt cho hệ tiêu hoá	RAU XANH HOA QUẢ ĂN NHIỀU HỆ TIÊU HOÁ TỐT	Sức khỏe
tất nhiên nếu không tôi không thể ra nước ngoài	KHÔNG THÌ TÔI NƯỚC NGOÀI RA ĐÂU ĐƯỢC	Du lịch
oh tôi xin lỗi nhưng đây có phải là 3219987 không	XIN LỖI ĐÂY SỐ 321 9987 PHẢI KHÔNG	Cuộc sống thường nhật
tôi muốn một bát súp hành tây	TÔI BÁT SÚP HÀNH TÂY MUỐN	Cuộc sống thường nhật
nghe hay đấy mấy giờ bạn muốn tôi đến	NGHE HAY TÔI ĐẾN MUỐN GIỜ MẤY	Mối quan hệ
châm cứu là một phương pháp chữa bệnh của y học cổ truyền	CHÂM CỨU LÀ PHƯƠNG PHÁP CHỮA BỆNH CỦA Y HỌC CỔ TRUYỀN	Sức khỏe
chắc chắn tôi sẽ làm thật khó để vượt qua phải không	CHẮC CHẮN TÔI LÀM VƯỢT QUA KHÓ PHẢI KHÔNG	Mối quan hệ
10 giờ sáng thì sao	MƯỜI GIỜ SÁNG SAO	Cuộc sống thường nhật
tôi có 1 chiếc áo đỏ nhạt	TÔI ÁO ĐỎ NHẠT 1 CÓ	Cuộc sống thường nhật
tất nhiên bạn muốn tôi đứng ở đâu	TẤT NHIÊN BẠN TÔI ĐỨNG ĐÂU MUỐN	Công việc
đó là tốt tất cả bạn cần làm là điền vào mẫu này và nêu sửa đổi	ĐÓ TỐT BẠN MẪU VIẾT VÀO SỬA ĐỔI CẦN	Tài chính
đây là dự án đầu tiên tôi được giao phụ trách hoàn toàn	TÔI DỰ ÁN ĐẦU TIÊN GIAO PHỤ TRÁCH QUẢN LÝ HOÀN TOÀN TẤT CẢ	Công việc
chắc chắn anh cũng đã gây ấn tượng tốt với tôi	BẠN GÂY ẤN TƯỢNG TỐT VỚI TÔI CHẮC CHẮN	Công việc
có bao nhiêu hồ sơ dự thầu đã được đặt trước bạn	HỒ SƠ THAM GIA BAO NHIÊU NỘP TRƯỚC BẠN	Cuộc sống thường nhật
bản thiết kế này cần được chỉnh sửa thêm một vài chi tiết	BẢN THIẾT KẾ NÀY VÀI CHI TIẾT CHỈNH SỬA THÊM CẦN	Công việc
mức lương kỳ vọng của bạn là gì	BẠN MỨC LƯƠNG MONG MUỐN BAO NHIÊU	Công việc
vâng anh có thể cho nó vào túi ni lông được không	ANH TÚI NI LÔNG CHO VÀO ĐƯỢC KHÔNG	Cuộc sống thường nhật
tôi đã đi du lịch ở thành phố đà lạt	TÔI THÀNH PHỐ ĐÀ LẠT ĐI DU LỊCH	Mối quan hệ
ai gọi vậy	GỌI AI	Cuộc sống thường nhật
chúng ta cần chọn hai hoặc ba món cho bữa sáng	CHÚNG TA BỮA SÁNG MÓN ĂN 2 HOẶC 3 CHỌN	Cuộc sống thường nhật
tôi đã tìm thấy một căn hộ và nó khá thoải mái còn bạn thì sao	TÔI MỘT CĂN HỘ THẤY VÀ NÓ THOẢI MÁI CÒN BẠN THÌ SAO	Cuộc sống học đường
tôi sẽ đi trong thời gian cảm ơn bạn	TÔI ĐI ĐÚNG GIỜ CẢM ƠN NHÉ	Mối quan hệ
bài học hôm nay giúp em hiểu rõ về quan hệ từ	BÀI HỌC HÔM NAY GIÚP EM QUAN HỆ TỪ HIỂU RÕ	Cuộc sống học đường
đúng chúng tôi làm điều tương tự ở nhà bạn không nhớ sao	ĐÚNG CHÚNG TÔI Ở NHÀ LÀM GIỐNG BẠN NHỚ KHÔNG	Cuộc sống thường nhật
thành phố tuy hoà có bãi biển rất đẹp và hoang sơ	THÀNH PHỐ TUY HOÀ BÃI BIỂN ĐẸP VÀ HOANG SƠ	Du lịch
khoảng 8 giờ	8 GIỜ KHOẢNG	Cuộc sống thường nhật
vâng tôi thích thu thập hộp diêm tôi không chắc liệu điều đó có tính hay không	TÔI THÍCH SƯU TẦM HỘP DIÊM CÁI ĐÓ TÍNH KHÔNG	Mối quan hệ
một ly sinh tố bơ mát lạnh giúp giải nhiệt mùa hè	LY SINH TỐ BƠ 1 MÁT LẠNH MÙA HÈ GIẢI NHIỆT GIÚP	Cuộc sống thường nhật
tôi muốn biết nếu công ty cung cấp cơ hội cho giáo dục hơn nữa	TÔI BIẾT CÔNG TY CUNG CẤP CƠ HỘI HỌC TIẾP MUỐN KHÔNG	Công việc
tôi không biết chính xác thời gian	TÔI THỜI GIAN CHÍNH XÁC KHÔNG BIẾT	Sức khỏe
bạn có muốn một số chi tiết	BẠN CHI TIẾT THÊM VÀI BIẾT MUỐN KHÔNG	Cuộc sống thường nhật
vận động viên cần có phản xạ nhanh nhạy để thi đấu	VẬN ĐỘNG VIÊN PHẢN XẠ PHẢN ỨNG NHANH CẦN CÓ ĐỂ THI ĐẤU	Sức khỏe
chắc chắn đó là những gì chúng tôi đang ở đây cho tôi có thể giúp gì cho bạn	CHÚNG TÔI Ở ĐÂY GIÚP BẠN GÌ	Tài chính
chàng kỵ sĩ dũng mãnh phi ngựa băng qua thảo nguyên rộng lớn	CHÀNG KỴ SĨ DŨNG MÃNH NGỰA PHI QUA THẢO NGUYÊN LỚN	Du lịch
bạn nên bớt chút thời gian để nghỉ ngơi thư giãn	BẠN THỜI GIAN BỚT MỘT CHÚT NGHỈ NGƠI	Sức khỏe
ý kiến hay tôi nghĩ anh sẽ thích nếu anh cho nó một cơ hội	Ý KIẾN TỐT TÔI NGHĨ BẠN CƠ HỘI ĐÓ THỬ THÍCH	Cuộc sống học đường
ông chủ tịch có hỏi tôi không	ÔNG CHỦ TỊCH HỎI TÔI CÓ KHÔNG	Công việc
tên cướp giật túi xách của người phụ nữ rồi bỏ chạy	TÚI XÁCH CỦA NGƯỜI PHỤ NỮ TÊN CƯỚP GIẬT CHẠY RỒI	Chính trị
có ai bị thương không	BỊ THƯƠNG AI CÓ KHÔNG	Cuộc sống thường nhật
bạn hãy nhớ lưu lại tài liệu này vào máy tính nhé	BẠN TÀI LIỆU NÀY LƯU LẠI NHỚ VÀO MÁY TÍNH	Công việc
tôi không biết bác sĩ tôi bị ốm tôi bị đau đầu và đau dạ dày	TÔI KHÔNG BIẾT TÔI BỊ ỐM BỊ ĐAU ĐẦU ĐAU DẠ DÀY	Sức khỏe
mọi người đều mong muốn có một cuộc sống gia đình ấm no	MỌI NGƯỜI GIA ĐÌNH CUỘC SỐNG ẤM NO MUỐN CÓ	Thái độ và Cảm xúc
gia đình tôi sum vầy trong ngày giỗ ông nội	GIA ĐÌNH TÔI SUM VẦY TRONG NGÀY ÔNG NỘI GIỖ	Văn hóa và Giáo dục
bố mẹ tôi đã phải vất vả để lo đủ học phí	BỐ MẸ TÔI RẤT VẤT VẢ ĐỂ LO HỌC PHÍ ĐỦ	Tài chính
bạn có muốn tôi xem qua không	BẠN MUỐN TÔI XEM QUA KHÔNG	Cuộc sống thường nhật
thành cổ quảng trị là một di tích lịch sử quan trọng	THÀNH CỔ QUẢNG TRỊ NƠI LỊCH SỬ 1 QUAN TRỌNG	Du lịch
văn phòng đóng cửa lúc 6 giờ đúng không	VĂN PHÒNG 6 GIỜ ĐÓNG CỬA ĐÚNG KHÔNG	Mối quan hệ
vấn đề của bạn là gì	VẤN ĐỀ CỦA BẠN LÀ GÌ	Mối quan hệ
cửa an ninh có hữu ích không	CỬA AN NINH TÁC DỤNG CÓ KHÔNG	Cuộc sống thường nhật
vâng thật là một ngày tuyệt vời bầu trời đã sáng lên cuối cùng	VÂNG HÔM NAY THẬT TUYỆT CUỐI CÙNG TRỜI CŨNG SÁNG RỒI	Mối quan hệ
cuộc sống ở thành phố lớn ngày càng trở nên đắt đỏ	Ở THÀNH PHỐ LỚN CUỘC SỐNG NGÀY CÀNG ĐẮT	Tài chính
cô ấy luôn ở bên cạnh tôi trong những lúc khó khăn nhất	CÔ ẤY TÔI LÚC KHÓ KHĂN NHẤT BÊN	Mối quan hệ
anh ấy luôn cố gắng bảo vệ bố mẹ	ANH ẤY CỐ GẮNG BẢO VỆ BỐ MẸ	Thái độ và Cảm xúc
tôi thấy tại sao bạn chọn công ty của chúng tôi	CÔNG TY CHÚNG TÔI CHỌN VÌ SAO	Công việc
trời hà nội có mưa phùn và không khí se lạnh	HÀ NỘI THỜI TIẾT MƯA PHÙN SE LẠNH CÓ	Cuộc sống thường nhật
công ty nào	CÔNG TY NÀO VẬY	Công việc
bạn làm ơn lấy vài quả cam ra khỏi giỏ và cho vào bát	BẠN GIỎ BÁT CAM MỘT SỐ ĐẶT VÀO	Cuộc sống thường nhật
ngày nào bạn muốn khởi hành 	BẠN BẮT ĐẦU ĐI MUỐN NGÀY NÀO	Du lịch
biểu đồ cột thể hiện sự tăng trưởng doanh thu của công ty	BIỂU ĐỒ CỘT DOANH THU CÔNG TY THỂ HIỆN TĂNG TRƯỞNG	Công việc
tôi không hề có ác cảm với bất kỳ ai	TÔI GHÉT AI KHÔNG	Thái độ và Cảm xúc
tất cả chúng ta đều là những người uống trà hãy mang cho chúng tôi bốn loại trà	CHÚNG TÔI ĐỀU TRÀ UỐNG THÍCH TRÀ LOẠI 4 CHO	Cuộc sống thường nhật
bạn tự coi mình là người như thế nào	BẠN TỰ CHO BẠN NGƯỜI NHƯ THẾ NÀO	Mối quan hệ
bạn nghĩ tôi có thể đi làm lại sớm không	BẠN NGHĨ TÔI ĐI LÀM LẠI SỚM KHÔNG	Sức khỏe
họ muốn bạn nhận chi phí kiểm tra nhà nhưng họ chấp nhận đề nghị của bạn	HỌ MUỐN NHÀ CHI PHÍ KIỂM TRA BẠN TRẢ NHƯNG ĐỀ NGHỊ CỦA BẠN CHẤP NHẬN RỒI	Cuộc sống thường nhật
được rồi họ sẽ sẵn sàng lúc 7 giờ	HỌ SẴN SÀNG LÚC 7 GIỜ	Du lịch
tôi làm việc ở công ty giấy hanson	TÔI CÔNG TY GIẤY HANSON LÀM	Công việc
tôi không có bút chì	TÔI BÚT CHÌ KHÔNG CÓ	Cuộc sống thường nhật
vâng tôi muốn uống một tách cà phê	TÔI TÁCH TRÀ MỘT UỐNG MUỐN	Cuộc sống thường nhật
chiếc kim đồng hồ đang chỉ đúng mười hai giờ trưa rồi	CHIẾC KIM ĐỒNG HỒ CHỈ 12H TRƯA RỒI	Cuộc sống thường nhật
vậy bây giờ không còn hối tiếc nữa	BÂY GIỜ BẠN HỐI TIẾC KHÔNG ĐÚNG KHÔNG	Mối quan hệ
để tôi xem bạn rảnh từ 3 00 đến 4 30 chiều mai bạn có thể làm được không	TÔI XEM NGÀY MAI CHIỀU GIỜ 3 ĐẾN 4 30 BẠN RẢNH BẠN LÀM ĐƯỢC KHÔNG	Công việc
biểu đồ hình quạt thể hiện tỉ lệ các thành phần	BIỂU ĐỒ HÌNH QUẠT TỈ LỆ THÀNH PHẦN THỂ HIỆN TRÌNH BÀY	Cuộc sống học đường
ví dụ	VÍ DỤ	Mối quan hệ
độc thân giá vé là bao nhiêu pls	ĐỘC THÂN VÉ GIÁ BAO NHIÊU	Du lịch
xin chào chúc mừng năm mới	CHÀO CHÚC MỪNG NĂM MỚI	Mối quan hệ
ở đây và ở đây	Ở ĐÂY Ở ĐÂY	Tài chính
tôi đã có một ngày thật mệt mỏi	TÔI MỘT NGÀY MỆT MỎI	Cuộc sống thường nhật
bạn có tắt vòi nước không	BẠN VÒI NƯỚC TẮT CÓ KHÔNG	Du lịch
vâng tôi rất lo cho sức khỏe của anh ấy	VÂNG TÔI SỨC KHỎE CỦA ANH ẤY LO LẮNG	Mối quan hệ
bạn có thích nấu ăn không 	BẠN NẤU ĂN THÍCH KHÔNG	Cuộc sống thường nhật
xin chào bạn bạn có thời gian và trò chuyện với tôi	BẠN THỜI GIAN TRÒ CHUYỆN VỚI TÔI CÓ	Mối quan hệ
cô ấy cần ăn nhiều rau hơn	CÔ ẤY RAU ĂN CẦN NHIỀU HƠN	Sức khỏe
cảm ơn bạn và còn tin nhắn thì sao	CẢM ƠN TIN NHẮN THẾ NÀO	Công việc
tập thể dục nhiều hơn sau khi bạn khỏe mạnh	TẬP THỂ DỤC NHIỀU HƠN SAU KHI BẠN KHỎE MẠNH	Mối quan hệ
bạn của bạn đang nhìn gì vậy	BẠN CỦA BẠN NHÌN GÌ	Cuộc sống thường nhật
ngày mai thứ 3 ngày 23 tháng 7 năm 2013	NGÀY MAI THỨ 3 NGÀY 23 THÁNG 7 NĂM 2013	Cuộc sống thường nhật
cảm ơn bác sĩ	CẢM ƠN BÁC SĨ	Sức khỏe
món chè đỗ đỏ mẹ nấu có vị ngọt thanh rất ngon	MÓN CHÈ ĐỖ ĐỎ MẸ NẤU VỊ NGỌT THANH NGON CÓ	Cuộc sống thường nhật
đừng nín thở	NÍN THỞ ĐỪNG	Mối quan hệ
có lẽ đó là lý do tại sao tiếng anh của bạn tốt hơn tiếng trung của tôi	ĐÓ LÍ DO TIẾNG ANH CỦA BẠN TỐT HƠN TIẾNG TRUNG CỦA TÔI	Văn hóa và Giáo dục
vâng tại sao	TẠI SAO	Mối quan hệ
hôm nay là ngày mấy  tôi không có lịch	HÔM NAY NGÀY MẤY TÔI LỊCH KHÔNG CÓ	Cuộc sống thường nhật
tôi nghe nói kevin đã ly dị có đúng vậy không	TÔI NGHE NÓI BẠN LY HÔN RỒI ĐÚNG KHÔNG	Mối quan hệ
bạn vừa mới đến đất nước này trông bạn hơi lo lắng	BẠN MỚI TỚI NƯỚC NÀY TRÔNG BẠN LO LẮNG HƠI	Cuộc sống học đường
ok thưa ông xin vui lòng chờ một chút chúng tôi sẽ kiểm tra phòng của bạn	BẠN VUI LÒNG CHỜ CHÚT CHÚNG TÔI KIỂM TRA PHÒNG CỦA BẠN	Du lịch
bạn không phiền nếu tôi có một cái chứ	NẾU TÔI MỘT CÁI BÁNH LẤY BẠN PHIỀN KHÔNG	Mối quan hệ
chuyện gì đã xảy ra với cuốn sách này	CUỐN SÁCH NÀY XẢY RA CHUYỆN GÌ	Cuộc sống học đường
mọi người kiên nhẫn xếp hàng chờ đến lượt mình thanh toán tiền	MỌI NGƯỜI XẾP HÀNG CHỜ THANH TOÁN TIỀN	Cuộc sống thường nhật
đó là một gợi ý rất tốt	GỢI Ý TỐT	Mối quan hệ
chúng ta hãy cùng nhau sớm	CHÚNG TA CÙNG NHAU SỚM HÃY	Mối quan hệ
tôi rất hạnh phúc	TÔI RẤT HẠNH PHÚC	Cuộc sống thường nhật
vâng chắc hẳn là khác biệt rất lớn	CHẮC CHẮN KHÁC BIỆT RẤT LỚN	Công việc
vâng hôm nay chúng ta sẽ làm bánh mì	HÔM NAY CHÚNG TA BÁNH MÌ LÀM	Cuộc sống thường nhật
bà ngoại ở quê gửi lên một chùm vải thiều rất ngọt	BÀ NGOẠI Ở QUÊ VẢI THIỀU 1 CHÙM GỬI LÊN RẤT NGỌT	Cuộc sống thường nhật
bạn dự định chuyển đến đâu	BẠN CHUYỂN ĐẾN ĐÂU	Văn hóa và Giáo dục
tiếng gáy của con gà rừng vang vọng khắp núi đồi	GÀ RỪNG TIẾNG GÁY VANG KHẮP NÚI ĐỒI	Cuộc sống thường nhật
buổi họp phê bình và tự phê bình diễn ra rất thẳng thắn	BUỔI HỌP PHÊ BÌNH VÀ TỰ PHÊ BÌNH THẲNG THẮN	Công việc
bạn muốn món chính là gì	BẠN MÓN CHÍNH GỌI MUỐN GÌ	Cuộc sống thường nhật
ok chúng tôi sẽ trả bảo hiểm cho nhân viên sau thời gian thử việc	ĐƯỢC RỒI CHÚNG TÔI NHÂN VIÊN CHO BẢO HIỂM ĐÓNG SAU THỜI GIAN THỬ VIỆC SẼ	Công việc
cô ấy mặc một chiếc váy màu đỏ thật nổi bật và xinh đẹp	CÔ ẤY CHIẾC VÁY ĐỎ MẶC NỔI BẬT VÀ XINH ĐẸP	Cuộc sống thường nhật
cảm ơn bạn thật tốt bụng	CẢM ƠN BẠN TỐT BỤNG	Cuộc sống thường nhật
tôi không thể ngồi trên ghế cứng trong 10 tiếng được	TÔI GHẾ CỨNG NGỒI SUỐT 10 TIẾNG KHÔNG THỂ	Cuộc sống thường nhật
không vấn đề gì tôi rất mong chờ tuần tới	KHÔNG SAO TÔI TUẦN TỚI MONG	Du lịch
tối nay cả nhà tôi sẽ cùng nhau ăn bánh pizza	TỐI NAY GIA ĐÌNH TÔI BÁNH PIZZA CÙNG NHAU ĂN	Cuộc sống thường nhật
tôi hiểu và con trai của bạn có một vcr bây giờ	TÔI HIỂU RỒI CON TRAI BẠN CÓ ĐẦU MÁY VIDEO RỒI À	Cuộc sống thường nhật
bữa sáng của tôi thường là một ổ bánh mì kẹp	BỮA SÁNG TÔI BÁNH MÌ 1 CÓ	Cuộc sống thường nhật
ôi chú giovanni thật tuyệt vời cảm ơn bạn	THẬT TUYỆT VỜI CẢM ƠN BẠN	Thái độ và Cảm xúc
đôi bạn thân khoác tay nhau đi dạo dưới hàng cây xanh mát	HAI NGƯỜI BẠN THÂN HÀNG CÂY XANH MÁT KHOÁC TAY NHAU ĐI DẠO	Mối quan hệ
vâng tôi nghiêm túc đấy	VÂNG TÔI NGHIÊM TÚC	Chính trị
tôi nghĩ ponds là tốt nhất	TÔI NGHĨ POND S TỐT NHẤT	Cuộc sống thường nhật
xin chào tom tôi thực sự vui mừng khi gặp bạn ở đây	TÔI BẠN GẶP Ở ĐÂY VUI RẤT	Mối quan hệ
tiếng đàn bầu là một nét đặc trưng của âm nhạc dân tộc	TIẾNG ĐÀN BẦU LÀ ĐẶC ĐIỂM CỦA ÂM NHẠC DÂN TỘC	Văn hóa và Giáo dục
tôi có thể lấy hộ chiếu và mẫu đơn i94 của ông được không	TÔI XEM HỘ CHIẾU VÀ MẪU I 94 CỦA ÔNG ĐƯỢC KHÔNG	Du lịch
bạn tôi nghĩ đã đến lúc mua một cái máy tính mới	TÔI NGHĨ MUA MÁY TÍNH MỚI LÚC NÀY PHẢI	Công việc
tôi có phải viết thiệp mời không	TÔI THIỆP MỜI VIẾT PHẢI KHÔNG	Mối quan hệ
chào buổi sáng tôi đã đặt phòng phòng đơn có một bồn tắm ở đây	CHÀO TÔI PHÒNG ĐƠN BỒN TẮM CÓ ĐẶT Ở ĐÂY	Du lịch
bạn có nghĩ rằng nó sẽ làm việc	BẠN VIỆC ĐÓ HIỆU QUẢ CÓ NGHĨ KHÔNG	Cuộc sống học đường
làm thế nào chúng ta có thể theo dõi điểm số của chúng tôi	CHÚNG TA ĐIỂM SỐ THEO DÕI LÀM THẾ NÀO	Cuộc sống học đường
uống cái này đi	CÁI NÀY UỐNG ĐI	Sức khỏe
chiếc lốp xe đạp của tôi đột nhiên bị xì hơi giữa đường	TÔI XE ĐẠP CHIẾC LỐP XÌ HƠI HỎNG ĐỘT NHIÊN BẤT NGỜ GIỮA ĐƯỜNG	Cuộc sống thường nhật
có ai ở đây không	Ở ĐÂY AI CÓ KHÔNG	Cuộc sống thường nhật
làm ơn mang cho tôi một tách cà phê	MANG CHO TÔI CỐC CÀ PHÊ MỘT HÃY	Mối quan hệ
thành phố của bạn có phải là một địa điểm lịch sử	THÀNH PHỐ CỦA BẠN ĐỊA ĐIỂM LỊCH SỬ CÓ PHẢI	Mối quan hệ
cô bé có đôi má hồng xinh xắn và đáng yêu	CÔ BÉ MÁ HỒNG XINH XẮN ĐÁNG YÊU	Cuộc sống thường nhật
cô có thể điền vào mẫu đơn này không	BẠN MẪU ĐƠN NÀY VIẾT VÀO ĐƯỢC KHÔNG	Du lịch
tôi cần 30 cho thiệp giáng sinh của tôi	TÔI CẦN THIỆP GIÁNG SINH MÌNH 30 CÁI	Cuộc sống thường nhật
vậy tối mai nhé	NGÀY MAI TỐI	Mối quan hệ
tôi sẽ lau bên ngoài sau bữa sáng	ĂN SÁNG XONG TÔI BÊN NGOÀI LAU SẠCH	Cuộc sống thường nhật
vâng bạn có ở phòng không	BẠN PHÒNG CÓ KHÔNG	Du lịch
khu vườn bị khô nên tôi tưới nước và bây giờ nó ướt	KHU VƯỜN KHÔ TÔI TƯỚI NƯỚC BÂY GIỜ NÓ ƯỚT	Cuộc sống thường nhật
lễ hội cồng chiêng là nét văn hóa đặc sắc của buôn làng	LỄ HỘI CỒNG CHIÊNG LÀ NÉT VĂN HOÁ ĐẶC SẮC CỦA BUÔN LÀNG	Văn hóa và Giáo dục
bọn trẻ thích thú nhặt những vỏ con ốc trên bãi biển	TRÊN BÃI BIỂN BỌN TRẺ NHỮNG VỎ CON ỐC NHẶT THÍCH THÚ	Cuộc sống thường nhật
tôi đã thử một lần rồi nhưng ăn bằng đũa khá khó	TÔI THỬ MỘT LẦN RỒI NHƯNG ĂN BẰNG ĐŨA KHÓ	Cuộc sống thường nhật
tôi có thể xem hộ chiếu của bạn	TÔI HỘ CHIẾU BẠN XEM CHO	Du lịch
anh ấy đã để lại một ấn tượng rất tốt trong buổi phỏng vấn	BUỔI PHỎNG VẤN ANH ẤY ẤN TƯỢNG TỐT ĐỂ LẠI CÓ	Thái độ và Cảm xúc
mỗi cá nhân đều có những sở thích và cá tính riêng biệt	MỖI NGƯỜI SỞ THÍCH VÀ CÁ TÍNH RIÊNG CÓ	Mối quan hệ
mẹ mua cho em một quyển vở mới để viết bài	MẸ EM QUYỂN VỞ MỚI 1 MUA ĐỂ VIẾT BÀI	Cuộc sống học đường
giờ ra chơi các bạn học sinh ùa ra sân chơi	GIỜ RA CHƠI CÁC BẠN HỌC SINH SÂN CHƠI ÙA RA ĐI RA	Cuộc sống học đường
bảy thì sao	BẢY THÌ SAO	Mối quan hệ
tất nhiên kích thước của bạn là gì	TẤT NHIÊN BẠN KÍCH THƯỚC GÌ	Cuộc sống thường nhật
để tôi xem	TÔI XEM	Cuộc sống thường nhật
bạn có chơi thể thao hay trò chơi nào không	BẠN THỂ THAO HAY TRÒ CHƠI CHƠI CÓ KHÔNG	Mối quan hệ
bay rất giỏi	BAY GIỎI	Du lịch
chúng tôi có một ít đường ngon	CHÚNG TÔI ĐƯỜNG NGON MỘT ÍT CÓ	Cuộc sống thường nhật
tôi nói về cái gì	TÔI CHUYỆN GÌ NÓI NHỈ	Mối quan hệ
khu nhà vệ sinh của trường em luôn được giữ sạch sẽ	EM TRƯỜNG NHÀ VỆ SINH GIỮ SẠCH SẼ LUÔN	Cuộc sống học đường
mục đích của kỳ nghỉ của bạn là gì	MỤC ĐÍCH CHUYẾN DU LỊCH BẠN GÌ	Cuộc sống học đường
không tôi không thích bóng đá	TÔI BÓNG ĐÁ KHÔNG THÍCH	Thái độ và Cảm xúc
dòng suối nhỏ chảy róc rách qua từng khe núi	DÒNG SUỐI NHỎ CHẢY RÓC RÁCH QUA KHE NÚI	Du lịch
bạn có vui vẻ ở đây không	BẠN VUI VẺ CÓ KHÔNG	Mối quan hệ
tiếng suối chảy róc rách trong khu vườn	TIẾNG SUỐI CHẢY RÓC RÁCH NHẸ NHÀNG TRONG KHU VƯỜN	Cuộc sống thường nhật
tôi không biết có lẽ bạn có thể cho tôi một số lời khuyên	KHÔNG BIẾT BẠN LỜI KHUYÊN CHO TÔI MỘT SỐ	Cuộc sống thường nhật
có bao nhiêu người trong số họ	NGƯỜI HỌ CÓ BAO NHIÊU	Chính trị
xin chào đó có phải thợ xây không	CHÀO ĐÓ THỢ XÂY PHẢI	Cuộc sống thường nhật
vâng tôi nghĩ vậy tôi muốn có một miếng bít tết vừa và một chai rượu vang	TÔI BÍT TẾT CHÍN VỪA MỘT MIẾNG RƯỢU VANG MỘT CHAI GỌI MUỐN	Cuộc sống thường nhật
người nông dân đang chăm chỉ cày bừa trên mảnh đất ruộng	NGƯỜI NÔNG DÂN CÀY BỪA CHĂM CHỈ TRÊN MẢNH ĐẤT RUỘNG	Công việc
nhìn kìa cô gái rất xinh và đang mỉm cười với tôi	NHÌN KÌA CÔ ẤY XINH MỈM CƯỜI VỚI TÔI	Cuộc sống thường nhật
tôi không biết còn bạn thì sao bạn đang ở đây hay ở đâu đó	TÔI CHẮC NỮA KHÔNG BẠN THÌ SAO GIỜ BẠN ĐÂY Ở HAY CHỖ KHÁC Ở	Mối quan hệ
sao ngày mai bạn không đến tôi sẽ ghé qua nhà bạn trên đường ra	NGÀY MAI BẠN ĐẾN KHÔNG TẠI SAO TÔI GHÉ QUA NHÀ BẠN ĐƯỜNG RA	Cuộc sống thường nhật
ông cụ chắp tay vái tứ phương để cầu mong sự bình an	ÔNG CỤ TAY CHẮP TỨ PHƯƠNG BÌNH AN CẦU MONG	Văn hóa và Giáo dục
chú chó nhỏ đang sủa ầm ĩ ở ngay sau bờ rào	CHÚ CHÓ NHỎ SỦA ẦM Ĩ SAU BỜ RÀO	Cuộc sống thường nhật
vâng nhưng bạn đã đặt lịch hẹn trước chưa	BẠN LỊCH HẸN ĐẶT TRƯỚC CHƯA	Công việc
không vấn đề gì chúng tôi sẽ gọi cho cả hai bạn	KHÔNG SAO CHÚNG TÔI 2 BẠN GỌI	Du lịch
bạn lan được cả lớp tín nhiệm bầu làm lớp phó học tập	BẠN LAN CẢ LỚP TIN TƯỞNG LỚP PHÓ HỌC TẬP BẦU	Cuộc sống học đường
tôi đang kiểm tra bây giờ tôi có thể có hóa đơn của tôi xin vui lòng	TÔI KIỂM TRA BÂY GIỜ HÓA ĐƠN CỦA TÔI ĐƯỢC KHÔNG	Du lịch
được rồi tôi sẽ cố gắng hết sức	RỒI TÔI CỐ GẮNG HẾT SỨC	Mối quan hệ
bé đang học phép tính cộng trong phạm vi mười	BÉ PHÉP TÍNH CỘNG PHẠM VI 10 HỌC	Cuộc sống học đường
bạn có giấy chứng nhận nào liên quan đến du lịch không	BẠN VISA CÓ KHÔNG	Công việc
tốt tôi cũng vậy nhân tiện bạn đã không cho tôi biết bạn đang học gì ở đây	TÔI CŨNG VẬY TỐT BẠN HỌC NGÀNH GÌ Ở ĐÂY VẪN CHƯA NÓI CHO TÔI BIẾT À NÀY	Cuộc sống học đường
không sao đâu tôi sắp xong rồi anh có cần tôi giúp không	KHÔNG SAO TÔI XONG SẮP ANH TÔI GIÚP CẦN KHÔNG	Công việc
oh ba giờ rồi tôi phải hoàn thành công việc nhà	BA GIỜ RỒI TÔI VIỆC NHÀ LÀM THÔI	Cuộc sống thường nhật
máy ảnh này có phải là quà tặng cho ai đó không	MÁY ẢNH NÀY QUÀ TẶNG CHO AI	Du lịch
xe buýt chạy bao lâu một lần	XE BUÝT CHẠY 1 LẦN THỜI GIAN BAO NHIÊU	Cuộc sống thường nhật
tôi chỉ làm công việc của mình	TÔI CÔNG VIỆC MÌNH LÀM THÔI	Chính trị
thật dễ dàng nhấn o và sau đó p sau đó nó sẽ hỏi bạn mật khẩu của bạn	DỄ DÀNG NHẤN O SAU ĐÓ P TIẾP THEO NÓ HỎI MẬT KHẨU CỦA BẠN	Công việc
xin chào tôi muốn thuê một phòng	CHÀO TÔI PHÒNG 1 THUÊ MUỐN	Du lịch
tôi là phóng viên đài truyền hình	TÔI PHÓNG VIÊN TRUYỀN HÌNH	Mối quan hệ
trông anh phấn khích quá chuyện gì vậy	ANH PHẤN KHÍCH TRÔNG CHUYỆN VUI CÓ À	Cuộc sống thường nhật
xin chào tôi sẽ đến cửa hàng để mua một ít trái cây	CHÀO TÔI CỬA HÀNG ĐẾN TRÁI CÂY MỘT ÍT MUA	Cuộc sống thường nhật
anh ấy bị ngã xe máy	ANH ẤY XE MÁY NGÃ	Sức khỏe
đi dạo trong vườn thật là thú vị	KHU VƯỜN ĐI DẠO THÚ VỊ	Du lịch
bạn cần một cuộc hẹn	BẠN CUỘC HẸN ĐẶT CẦN	Cuộc sống thường nhật
cậu bé làm vỡ cửa kính nên đã bị người ta bắt đền	CẬU BÉ CỬA KÍNH VỠ LÀM NÊN NGƯỜI TA BẮT ĐỀN	Cuộc sống thường nhật
tôi muốn mua một cái nón	TÔI MUỐN NÓN MỘT MUA	Cuộc sống thường nhật
nó cũng to nữa	NÓ TO CŨNG	Cuộc sống thường nhật
xe buýt số 13 cũng sẽ đưa bạn đến bệnh viện	XE BUÝT 13 BẠN ĐƯA ĐẾN BỆNH VIỆN	Cuộc sống thường nhật
em thích ăn gà rán	EM GÀ RÁN ĂN THÍCH	Văn hóa và Giáo dục
tiếng sáo diều vi vu trên cánh đồng buổi chiều tà	TIẾNG SÁO DIỀU VI VU VANG TRÊN CÁNH ĐỒNG BUỔI CHIỀU	Văn hóa và Giáo dục
anh ta bịa đặt câu chuyện để che giấu lỗi lầm của mình	ANH TA NÓI DỐI ĐỂ GIẤU LỖI LẦM CỦA MÌNH	Thái độ và Cảm xúc
chắc hẳn bạn vẫn còn thông tin liên lạc của tôi phải không	BẠN THÔNG TIN LIÊN LẠC CỦA TÔI CÓ PHẢI KHÔNG	Mối quan hệ
vâng tôi sẽ lại đi vào đầu tuần tới tôi cần lấy một số séc du lịch	ĐẦU TUẦN TỚI TÔI QUAY LẠI TÔI CẦN LẤY SÉC DU LỊCH ÍT	Tài chính
còn đồ uống thì sao	ĐỒ UỐNG CÒN SAO	Mối quan hệ
tôi tự hỏi nếu bạn có một phòng với giường đôi	BẠN PHÒNG GIƯỜNG ĐÔI CÓ KHÔNG	Du lịch
bây giờ là mấy giờ	BÂY GIỜ GIỜ MẤY	Cuộc sống thường nhật
tiêu chuẩn thế nào	TIỂU CHUẨN THẾ NÀO	Cuộc sống thường nhật
tôi có một gia đình nhỏ họ là cha mẹ tôi em trai tôi và tôi	TÔI GIA ĐÌNH NHỎ CÓ CHA MẸ EM TRAI VÀ TÔI	Mối quan hệ
ông học trường đại học nào vậy	ÔNG TRƯỜNG ĐẠI HỌC HỌC NÀO	Công việc
nghe có vẻ tốt mấy giờ chúng ta sẽ gặp nhau tại trạm xe buýt	NGHE TỐT CHÚNG TA GẶP NHAU TRẠM XE BUÝT MẤY GIỜ	Mối quan hệ
gia đình là nơi mọi người luôn yêu thương đùm bọc lẫn nhau	GIA ĐÌNH MỌI NGƯỜI YÊU THƯƠNG ĐÙM BỌC BẢO VỆ NƠI	Mối quan hệ
tốt nhưng không ai khác ok	TỐT NGƯỜI KHÁC BIẾT NÓI ĐỪNG NHÉ	Công việc
đàn con dê đang thong thả gặm cỏ trên sườn đồi	ĐÀN DÊ CON CỎ GẶM THONG THẢ CHẦM CHẬM TRÊN LƯNG ĐỒI	Cuộc sống thường nhật
ngôi nhà của tôi nằm ở phía bên trái con đường	TÔI NGÔI NHÀ Ở PHÍA BÊN TRÁI CON ĐƯỜNG	Cuộc sống thường nhật
nhận được trên điện thoại ngay bây giờ nó có thể không quá muộn	NHẬN ĐIỆN THOẠI NGAY BÂY GIỜ MUỘN KHÔNG	Mối quan hệ
tôi cần anh nhanh lên	BẠN NHANH LÊN LUÔN	Thái độ và Cảm xúc
nó ở ngay dưới bạn kathy	BẠN DƯỚI NÀY	Thái độ và Cảm xúc
tim mời ngồi	MỜI NGỒI	Mối quan hệ
vâng gần như nhưng có một điều	GẦN NHƯ VẬY NHƯNG MỘT ĐIỀU CÓ	Mối quan hệ
tầng lớp trí thức đóng vai trò quan trọng trong xã hội	TRONG XÃ HỘI TẦNG LỚP TRÍ THỨC VAI TRÒ QUAN TRỌNG CÓ	Văn hóa và Giáo dục
tốt họ nên ở đây vào ngày kia	TỐT HỌ ĐẾN ĐÂY NGÀY KIA	Công việc
con sông quê hương em hiền hòa chảy qua bao xóm làng	QUÊ HƯƠNG EM CON SÔNG BAO XÓM LÀNG CHẢY QUA HIỀN HOÀ ÊM ĐỀM NHẸ NHÀNG	Du lịch
bạn có thể giới thiệu công ty của bạn không 	BẠN GIỚI THIỆU CÔNG TY CỦA BẠN ĐƯỢC KHÔNG	Cuộc sống thường nhật
tham quan	THAM QUAN À	Du lịch
hôm nay chúng em học cách tính chu vi hình tam giác	HÔM NAY CHÚNG EM CHU VI HÌNH TAM GIÁC HỌC TÍNH	Cuộc sống học đường
được rồi thứ sáu là mấy giờ	THỨ SÁU GIỜ MẤY	Cuộc sống thường nhật
mỗi buổi sáng mẹ thường vắt cam cho cả nhà cùng uống	MỖI BUỔI SÁNG MẸ CAM VẮT CHO CẢ NHÀ UỐNG CÙNG NHAU	Sức khỏe
bạn được sinh ra khi nào	BẠN SINH RA KHI NÀO	Mối quan hệ
bạn muốn giới thiệu cái nào	BẠN GIỚI THIỆU MUỐN CÁI NÀO	Cuộc sống thường nhật
bạn không có bút phải không	BẠN BÚT KHÔNG PHẢI KHÔNG	Mối quan hệ
xâm hại tình dục là một tội ác nghiêm trọng cần bị trừng trị	XÂM HẠI TÌNH DỤC TỘI ÁC NGHIÊM TRỌNG CẦN TRỪNG TRỊ	Chính trị
oh anh không nghe tôi nói	ANH KHÔNG NGHE TÔI NÓI À	Cuộc sống thường nhật
bạn đã qua đêm ở đó như thế nào	BẠN QUA ĐÊM Ở ĐÓ THẾ NÀO	Cuộc sống thường nhật
bạn biết tôi thích leo trèo mà	BẠN BIẾT TÔI LEO TRÈO THÍCH	Cuộc sống thường nhật
vâng tôi nghĩ tôi muốn chiếc mặt nạ xanh lá cây ở giữa	TÔI NGHĨ TÔI CHIẾC MẶT NẠ XANH LÁ CÂY Ở GIỮA MUỐN	Cuộc sống thường nhật
em rất thích đọc bộ truyện tranh về những siêu anh hùng	EM TRUYỆN TRANH SIÊU ANH HÙNG ĐỌC THÍCH	Cuộc sống thường nhật
tôi đang tìm thuê một căn hộ	TÔI CĂN HỘ TÌM THUÊ	Cuộc sống thường nhật
cảm ơn	CẢM ƠN	Công việc
tớ sẽ thi tốt nghiệp trong 2 tháng nữa	TỚ THI TỐT NGHIỆP 2 THÁNG	Cuộc sống học đường
có bao nhiêu chỗ ngồi trên khán đài	KHÁN ĐÀI CHỖ NGỒI BAO NHIÊU	Du lịch
ăn nhiều đồ ngọt có thể gây ra bệnh sâu răng	ĐỒ NGỌT ĂN NHIỀU SÂU RĂNG CÓ THỂ	Sức khỏe
mẹ vừa gọi điện thoại hỏi thăm sức khỏe của bà ở quê nhà	MẸ GỌI ĐIỆN THOẠI HỎI THĂM SỨC KHOẺ BÀ Ở QUÊ VỪA XONG	Mối quan hệ
chắc chắn rồi vui lòng viết tên và số điện thoại của bạn	CHẮC CHẮN VUI LÒNG TÊN SỐ ĐIỆN THOẠI BẠN GHI NHÉ	Cuộc sống thường nhật
bạn có thể vui lòng cho tôi biết tại sao	BẠN TÔI LÝ DO BIẾT CHO CÓ THỂ ĐƯỢC KHÔNG	Du lịch
rất vui được biết à nghe này ban nhạc đang chơi bài hát của chúng ta đấy	RẤT VUI ĐƯỢC BIẾT NGHE BAN NHẠC BÀI HÁT CỦA CHÚNG TA CHƠI	Mối quan hệ
lần này anh được phân công đi đâu	LẦN NÀY ANH ĐI ĐÂU ĐƯỢC CỬ VẬY	Công việc
ông green ông muốn biết gì	ÔNG MUỐN BIẾT GÌ	Công việc
ok tôi sẽ làm điều đó ngay bây giờ	TÔI BÂY GIỜ NGAY LÀM SẼ OK	Công việc
chắc chắn rồi tôi không thể ăn thêm miếng nào nữa	ĂN KHÔNG NỔI NO QUÁ	Cuộc sống thường nhật
tôi đang làm đây	TÔI LÀM ĐÂY	Cuộc sống học đường
nhiều giọt nước nhỏ tạo thành một dòng suối mát lành	GIỌT NƯỚC NHỎ NHIỀU DÒNG SUỐI MÁT LÀNH 1 TẠO THÀNH	Văn hóa và Giáo dục
nó không mềm nó cứng	NÓ CỨNG MỀM KHÔNG	Cuộc sống thường nhật
tôi nghĩ chỉ cần làm quen với nó thôi	TÔI NGHĨ NÓ LÀM QUEN	Cuộc sống học đường
hỗn hợp dầu và nước sẽ tự động tách lớp	DẦU NƯỚC TRỘN CÙNG NHAU LỚP NƯỚC DẦU TÁCH RA SAU ĐÓ	Công việc
cậu có muốn không mình chia cho một nửa chiếc bánh này nhé	CẬU CÓ MUỐN KHÔNG TÔI CHIẾC BÁNH NÀY 1 NỬA CHIA CHO	Mối quan hệ
tại sao bạn muốn làm việc cho chúng tôi	TẠI SAO BẠN MUỐN LÀM VIỆC CHO CÔNG TY CHÚNG TÔI	Công việc
chiếc xe thật đẹp phải không hãy vào trong và chúng ta sẽ thảo luận về giá cả	CHIẾC XE ĐẸP ĐÚNG KHÔNG VÀO TRONG CHÚNG TA GIÁ THẢO LUẬN	Cuộc sống thường nhật
có lớp tâm lý học nào không	CÓ LỚP TÂM LÝ HỌC KHÔNG	Cuộc sống học đường
vâng hãy tưởng tượng rằng bạn bao nhiêu tuổi	TƯỞNG TƯỢNG HÃY BẠN TUỔI BAO NHIÊU	Mối quan hệ
tôi nghe kể chuyện rất nhiều  còn bạn thì sao	TÔI NGHE KỂ CHUYỆN RẤT NHIỀU CÒN BẠN THÌ SAO	Mối quan hệ
hy vọng đó là một chuyến đi thú vị	HY VỌNG CHUYẾN DU LỊCH THÚ VỊ	Mối quan hệ
tôi thực sự thích bãi biển vào mùa hè	TÔI BÃI BIỂN MÙA HÈ THÍCH QUÁ	Thái độ và Cảm xúc
chúng dễ sử dụng hơn nhiều	CHÚNG SỬ DỤNG DỄ HƠN NHIỀU	Cuộc sống thường nhật
bạn có những gói nào	BẠN HÀNH LÍ CÓ GÌ	Cuộc sống thường nhật
con rối là sản phẩm nghệ thuật dân gian độc đáo	CON RỐI SẢN PHẨM NGHỆ THUẬT DÂN GIAN ĐỘC ĐÁO	Văn hóa và Giáo dục
còn chiếc ô thì sao nó được làm bằng gỗ và giấy nó rất đẹp	CÒN CHIẾC Ô THÌ SAO NÓ LÀM GỖ VÀ GIẤY NÓ ĐẸP	Cuộc sống thường nhật
ó lẽ nó vẫn còn nằm trên giường chưa thức dậy	NÓ GIƯỜNG NẰM VẪN THỨC DẬY CHƯA	Cuộc sống thường nhật
mẹ tôi rang một mẻ quả điều thơm lừng để đãi khách	MẸ TÔI HẠT ĐIỀU RANG THƠM LỪNG ĐỂ KHÁCH MỜI	Cuộc sống thường nhật
tôi nghĩ vậy tôi đã thây nó sáng nay	TÔI NGHĨ CÙNG SÁNG NAY TÔI THẤY RỒI	Mối quan hệ
mẹ đang dạy em gái cách gấp quần áo sao cho thật gọn gàng	MẸ DẠY EM GÁI QUẦN ÁO GẤP GỌN GÀNG	Cuộc sống thường nhật
đó là một ý tưởng tốt đi thôi	Ý HAY ĐẤY ĐI THÔI	Mối quan hệ
vâng tôi rất muốn nghe những lựa chọn thay thế là gì	TÔI NGHE THỬ LỰA CHỌN KHÁC MUỐN	Du lịch
bạn có thể cho tôi biết không	BẠN CHO TÔI BIẾT ĐƯỢC KHÔNG	Chính trị
họ đến từ đâu	HỌ ĐẾN Ở ĐÂU	Mối quan hệ
đó là một chặng đường dài để đi cho công việc của tôi	TÔI THỜI GIAN NHIỀU CÔNG VIỆC CỦA TÔI	Công việc
tôi muốn một cái áo	TÔI CÁI ÁO MỘT MUỐN	Cuộc sống thường nhật
bạn lấy ở đâu ra vậy	BẠN CÁI ĐÓ LẤY ĐÂU	Cuộc sống thường nhật
bạn có thể đánh vần họ được không	BẠN HỌ MÌNH ĐÁNH VẦN ĐƯỢC KHÔNG	Du lịch
bạn có thể quay lại sau một phút không	BẠN QUAY LẠI MỘT PHÚT SAU ĐƯỢC KHÔNG	Cuộc sống thường nhật
tôi nghĩ rằng nó trông tuyệt đẹp	TÔI NGHĨ NÓ TRÔNG ĐẸP	Thái độ và Cảm xúc
coi nào cho chúng tôi xem nào	XEM CHÚNG TÔI CHO XEM	Cuộc sống thường nhật
bạn gần đây bạn làm gì	GẦN ĐÂY BẠN LÀM GÌ	Mối quan hệ
oh tôi đã nhấn nó	Ồ TÔI NHẤN RỒI	Mối quan hệ
tôi muốn phát triển một số kỹ năng hữu ích	TÔI KỸ NĂNG TỐT MỘT SỐ PHÁT TRIỂN	Cuộc sống học đường
tôi không ăn thịt nhưng tôi ăn cá và trứng	TÔI THỊT ĂN KHÔNG NHƯNG TÔI CÁ TRỨNG ĂN	Mối quan hệ
chúng tôi đã đặt phòng ở khách sạn của bạn rồi	CHÚNG TÔI KHÁCH SẠN CỦA BẠN ĐẶT PHÒNG RỒI	Cuộc sống thường nhật
hiểu rồi mẹ	CON HIỂU MẸ	Cuộc sống thường nhật
tôi có một câu hỏi khác cho bạn bạn nghĩ điều gì khó hơn nói hay viết	TÔI CÂU HỎI KHÁC CHO BẠN BẠN NGHĨ KHÓ HƠN GÌ NÓI HAY VIẾT	Văn hóa và Giáo dục
em rất thích học môn mĩ thuật vì được thỏa sức sáng tạo	EM MÔN MỸ THUẬT HỌC THÍCH SÁNG TẠO THỎA SỨC	Cuộc sống học đường
tôi nghĩ rằng tôi sẽ có một trà sữa	TÔI TRÀ SỮA MỘT CÓ	Cuộc sống thường nhật
được rồi tôi sẽ mua cái này	RỒI TÔI CÁI NÀY MUA	Cuộc sống thường nhật
và đây là đứa trẻ nào	ĐÂY LÀ ĐỨA TRẺ NÀO	Cuộc sống thường nhật
bây giờ tôi biết chiếc xe buýt sẽ đưa chúng ta trở lại	BÂY GIỜ TÔI BIẾT XE BUÝT CHÚNG TA ĐƯA TRỞ LẠI	Cuộc sống thường nhật
điện thoại của tôi	ĐIỆN THOẠI TÔI ĐÂU	Thái độ và Cảm xúc
tôi đang nghĩ về việc mua soda	TÔI MUA COCA MUỐN	Cuộc sống thường nhật
cô tên gì	CÔ TÊN GÌ	Du lịch
oh bạn có thể kiểm tra dầu và lốp xe của tôi trong khi bạn đang ở đó	TIỆN THỂ BẠN DẦU LỐP XE TÔI KIỂM TRA GIÚP NHÉ	Cuộc sống thường nhật
xin chào rebecca rất vui được gặp bạn ở đây	XIN CHÀO TÔI VUI GẶP BẠN Ở ĐÂY	Mối quan hệ
nếu con không muốn đi học nhồi nhét con nên nói cho mẹ biết lý do tại sao	NẾU CON ĐI HỌC KHÔNG MUỐN CON NÓI CHO MẸ BIẾT LÝ DO TẠI SAO	Cuộc sống thường nhật
hãy cẩn thận với va li nó rất nặng	CẨN THẬN VA LI NÓ NẶNG LẮM	Du lịch
chúng tôi hết sữa rồi	CHÚNG TÔI SỮA HẾT RỒI	Cuộc sống thường nhật
mà là yêu thích của bạn trong mười này	MƯỜI MÓN NÀY TRONG MÓN NÀO BẠN THÍCH NHẤT	Mối quan hệ
bạn đã nghe bài hát mới của nhóm beastie boys chưa	BẠN BÀI MỚI NHÓM BEASTIE BOYS NGHE CHƯA	Mối quan hệ
bạn cho tôi thêm ít dứa được không	BẠN DỨA ÍT CHO TÔI THÊM ĐƯỢC KHÔNG	Cuộc sống thường nhật
làm ơn cho tôi xem thực đơn thưa cô	THỰC ĐƠN CHO TÔI XEM	Cuộc sống thường nhật
bạn có thấy bát súp của chúng ta không	BẠN THẤY BÁT SÚP CỦA CHÚNG TA CÓ KHÔNG	Cuộc sống thường nhật
đó là tốt vui lòng gọi lại sau	TỐT GỌI LẠI SAU	Công việc
bố định đi đâu vậy	BỐ ĐI ĐÂU	Mối quan hệ
hôm nay chúng em học cách tính diện tích hình bình hành	HÔM NAY CHÚNG EM HỌC HÌNH BÌNH HÀNH DIỆN TÍCH TÍNH	Cuộc sống học đường
đặt phòng dưới tên gì	ĐẶT PHÒNG DƯỚI TÊN GÌ	Du lịch
ông đây rồi tôi hy vọng ông thích bữa tối của mình	ÔNG ĐÂY RỒI BỮA TỐI THÍCH SẼ MONG	Cuộc sống thường nhật
bọn trẻ rất thích xem những bộ phim hoạt hình vui nhộn	BỌN TRẺ NHỮNG PHIM HOẠT HÌNH BỘ VUI NHỘN XEM THÍCH	Cuộc sống thường nhật
bạn có thể nói chúng tốt như thế nào	BẠN NÓI CHÚNG TỐT THẾ NÀO	Mối quan hệ
8 giờ tối mai	TỐI MAI 8 GIỜ NHÉ	Mối quan hệ
này cô mặc bộ đồ đẹp đấy	NÀY CÔ BỘ QUẦN ÁO MẶC ĐẸP	Mối quan hệ
hôm nay chúng em học bài tính chất cơ bản của phân số	HÔM NAY CHÚNG EM PHÂN SỐ TÍNH CHẤT CƠ BẢN HỌC	Cuộc sống học đường
nhưng hãy hứa với tôi bạn sẽ giữ bí mật	HỨA VỚI TÔI HÃY BẠN BÍ MẬT GIỮ	Mối quan hệ
trông cô rất hạnh phúc bạn có tin tốt nào không	BẠN RẤT HẠNH PHÚC BẠN TIN TỐT KHÔNG	Mối quan hệ
hôm qua	HÔM QUA	Cuộc sống thường nhật
cháu học lớp của bạn à	BẠN CHÁU LỚP HỌC À	Cuộc sống học đường
tôi nghĩ tôi sẽ đi mua cho mình một đôi giày	TÔI NGHĨ ĐI MUA GIÀY MỘT ĐÔI CHO MÌNH	Mối quan hệ
anh ấy dùng dây thừng để buộc chặt các thùng hàng lại	ANH ẤY DÂY THỪNG DÙNG ĐỂ CÁC THÙNG HÀNG BUỘC CHẶT LẠI	Công việc
vâng xe đạp của tôi có bình nước bên dưới ghế lấy nó nhanh chóng	XE ĐẠP CỦA TÔI GHẾ BÊN DƯỚI BÌNH NƯỚC LẤY NHANH LÊN	Cuộc sống thường nhật
em gái tôi và tôi thường đi đến tiệm giặt ủi dưới phố tại sao bạn không đến đó	EM GÁI CỦA TÔI THƯỜNG TIỆM GIẶT ỦI DƯỚI PHỐ ĐI BẠN ĐẾN KHÔNG TẠI SAO	Cuộc sống thường nhật
cô ấy vừa giới thiệu bạn trai mới với nhóm bạn thân	CÔ ẤY GIỚI THIỆU BẠN TRAI MỚI VỚI NHÓM BẠN THÂN	Mối quan hệ
các em bé dùng bột màu để vẽ nên những bức tranh	CÁC EM BÉ BỘT MÀU DÙNG ĐỂ NHỮNG BỨC TRANH VẼ	Cuộc sống học đường
tôi muốn để xe máy ngoài trời	TÔI XE MÁY NGOÀI MUỐN	Mối quan hệ
cũng không tệ cảm ơn anh đã giúp đỡ	BÌNH THƯỜNG ANH GIÚP ĐỠ CẢM ƠN	Du lịch
hi amy bạn trông rất hạnh phúc	BẠN RẤT HẠNH PHÚC TRÔNG	Mối quan hệ
tôi không thể đứng ra quyết định bạn chọn	TÔI QUYẾT KHÔNG ĐƯỢC BẠN CHỌN ĐI	Mối quan hệ
nhà bạn có mấy người	GIA ĐÌNH CỦA BẠN NGƯỜI MẤY	Cuộc sống thường nhật
chúng tôi có bán loại cá này với ba mức giá	CHÚNG TÔI LOẠI CÁ BÁN NÀY GIÁ BA LOẠI	Công việc
cả gia đình quây quần bên mâm cơm ấm cúng buổi trưa	CẢ GIA ĐÌNH MÂM CƠM QUÂY QUẦN ẤM CÚNG BUỔI TRƯA	Cuộc sống thường nhật
bác sĩ đang tận tình chữa bệnh cho các bệnh nhân nghèo	BÁC SĨ CHỮA BỆNH TẬN TÌNH CHO CÁC BỆNH NHÂN NGHÈO	Sức khỏe
tôi đã được chứng kiến khoảnh khắc lịch sử của đội tuyển quốc gia	TÔI CHỨNG KIẾN NHÌN KHOẢNH KHẮC GIÂY PHÚT LỊCH SỬ CỦA ĐỘI TUYỂN QUỐC GIA	Văn hóa và Giáo dục
cứ tự nhiên lấy bất cứ thứ gì bạn thích đừng ngại	BẠN BẤT CỨ THỨ GÌ THÍCH LẤY NGẠI ĐỪNG	Thái độ và Cảm xúc
bạn còn nghe nhạc gì khác không	BẠN NGHE NHẠC KHÁC CÓ KHÔNG	Mối quan hệ
nhìn xem tôi có nhiều loại đồ ăn sáng ở đây này	NHÌN TÔI SÁNG ĐỒ ĂN NHIỀU Ở ĐÂY	Cuộc sống thường nhật
được rồi ăn tối và xem phim sẽ là lựa chọn hoàn hảo	RỒI ĂN TỐI XEM PHIM LỰA CHỌN HOÀN HẢO	Mối quan hệ
ý bạn là tổ ong  phải không	Ý CỦA BẠN ONG TỔ PHẢI KHÔNG	Cuộc sống thường nhật
chúng tôi hát  chúc mừng sinh nhật  tại bữa tiệc và có bánh sinh nhật	BỮA TIỆC BÁNH SINH NHẬT CHÚNG TÔI CHÚC MỪNG SINH NHẬT	Mối quan hệ
đó là 886	ĐÓ LÀ 886	Cuộc sống thường nhật
thành phố trở nên đẹp hơn vào ban đêm	THÀNH PHỐ BAN ĐÊM TRỞ NÊN ĐẸP HƠN	Cuộc sống thường nhật
có danh sách rượu vang ở cuối menu	DANH SÁCH RƯỢU VANG CUỐI THỰC ĐƠN CÓ	Cuộc sống thường nhật
sao anh lại chuyển đi	ANH CHUYỂN ĐI TẠI SAO	Công việc
xin chào công ty của bạn có quảng cáo trợ lý hành chính trên báo không	XIN CHÀO CÔNG TY BẠN CÓ ĐĂNG TUYỂN TRỢ LÝ HÀNH CHÍNH TRÊN BÁO ĐÚNG KHÔNG	Công việc
trường học	TRƯỜNG HỌC	Cuộc sống học đường
em đã tự tay làm một món quà để tặng mẹ nhân ngày của mẹ	EM MÓN QUÀ 1 LÀM ĐỂ TẶNG MẸ TRONG NGÀY CỦA MẸ	Mối quan hệ
tôi xin lỗi bạn có thể lặp lại nó không	XIN LỖI BẠN NÓI LẠI ĐƯỢC KHÔNG CÓ THỂ	Công việc
chúng ta cần tập thể dục đều đặn để có một cơ thể khoẻ mạnh	ĐỂ CƠ THỂ KHOẺ MẠNH CHÚNG TA TẬP THỂ DỤC ĐỀU ĐẶN CẦN	Sức khỏe
bạn đã làm công việc nào liên quan đến điện 	BẠN CÔNG VIỆC LIÊN QUAN ĐIỆN LÀM	Công việc
cậu bé sợ hãi thét lên khi thấy con rắn	CẬU BÉ THÉT SỢ HÃI KHI THẤY CON RẮN	Thái độ và Cảm xúc
nó đẹp nhưng nó cũng rất nóng	NÓ ĐẸP NHƯNG NÓ RẤT NÓNG CŨNG	Mối quan hệ
đứa trẻ sợ hãi và bắt đầu la hét ầm ĩ	ĐỨA TRẺ SỢ HÃI ẦM Ĩ LA HÉT	Thái độ và Cảm xúc
vâng chúng tôi đang trên cùng một máy bay	CHÚNG TÔI MÁY BAY CÙNG	Du lịch
trong hình học m là trung điểm của đoạn thẳng ab	TRONG HÌNH HỌC ĐOẠN THẲNG AB TRUNG ĐIỂM M	Cuộc sống học đường
có rất nhiều việc phải làm	VIỆC NHIỀU LÀM PHẢI	Cuộc sống thường nhật
tôi không có xe máy nhưng có xe đạp	TÔI XE MÁY KHÔNG CÓ NHƯNG XE ĐẠP CÓ	Cuộc sống thường nhật
bố tôi thích đá bóng	BỐ TÔI ĐÁ BÓNG THÍCH	Cuộc sống học đường
anh trai tôi năm nay vừa tròn 23 tuổi vào tháng trước	THÁNG TRƯỚC ANH TRAI TÔI TUỔI 23	Cuộc sống thường nhật
tôi biết nó sẽ giúp tôi tiết kiệm rất nhiều tiền tôi hy vọng	TÔI VIỆC ĐÓ TIỀN NHIỀU TIẾT KIỆM GIÚP SẼ BIẾT HY VỌNG VẬY LÀ	Cuộc sống thường nhật
mẹ dặn tôi đi chợ nhớ mua thêm vài củ hành tây	MẸ DẶN TÔI ĐI CHỢ HÀNH TÂY MUA NHỚ	Cuộc sống thường nhật
chúng tôi có nhiều màu sắc khác nhau còn cái này thì sao	MÀU SẮC KHÁC NHAU NHIỀU CÓ	Cuộc sống thường nhật
sự gian dối trong tình yêu sẽ phá vỡ mọi niềm tin	SỰ GIAN DỐI TÌNH YÊU NIỀM TIN PHÁ VỠ CÓ THỂ MỌI	Mối quan hệ
chúng ta cần bốn thứ	CHÚNG TA ĐỒ VẬT 4 CẦN	Cuộc sống thường nhật
bạn nên rửa tay bằng xà phòng để diệt vi khuẩn	BẠN XÀ PHÒNG RỬA TAY ĐỂ DIỆT VI KHUẨN NÊN	Sức khỏe
bạn muốn toàn bộ hay chỉ một số mặt hàng nhất định	BẠN MUỐN TOÀN BỘ MẶT HÀNG MỘT SỐ HAY	Du lịch
có điều gì bạn thấy thay đổi về hội chợ không	BẠN THAY ĐỔI VỀ LỄ HỘI CÓ KHÔNG	Công việc
bát miến gà nóng hổi là món ăn sáng ưa thích của tôi	TÔI BÁT MIẾN GÀ NÓNG HỔI MÓN ĂN SÁNG ƯA THÍCH	Cuộc sống thường nhật
có lẽ người đưa thư không biết cây của tôi ở đâu	NGƯỜI ĐƯA THƯ KHÔNG BIẾT CÂY CỦA TÔI Ở ĐÂU	Cuộc sống thường nhật
tôi đang làm rất tốt cảm ơn bạn đã hỏi joe	TÔI VẪN ỔN CẢM ƠN BẠN HỎI	Mối quan hệ
uống thuốc đúng giờ sẽ giúp bạn mau khỏi bệnh	UỐNG THUỐC GIỜ ĐÚNG GIÚP BẠN KHOẺ NHANH	Sức khỏe
bạn trông không hạnh phúc lắm	BẠN TRÔNG HẠNH PHÚC KHÔNG	Thái độ và Cảm xúc
tôi muốn thay đổi công việc	TÔI CÔNG VIỆC THAY ĐỔI MUỐN	Mối quan hệ
mẹ mua cho tôi một chiếc áo ấm mới để mặc đông	MẸ TÔI CHIẾC ÁO ẤM MUA MỚI ĐỂ MÙA ĐÔNG MẶC	Cuộc sống thường nhật
mục đích của chuyến đi này là để khám phá văn hóa	CHUYẾN ĐI NÀY MỤC ĐÍCH LÀ TÌM HIỂU VĂN HOÁ	Du lịch
vâng tôi đã làm	VÂNG TÔI LÀM RỒI	Cuộc sống thường nhật
bạn nói bạn thấy lily một mình	TÔI THẤY BẠN ĐI MỘT MÌNH	Mối quan hệ
có hai cái nữa một cái màu cam và cái kia màu hồng tôi đã mua tất cả	HAI CÓ MỘT MÀU CAM CÁI KIA MÀU HỒNG TÔI TẤT CẢ MUA RỒI	Mối quan hệ
này bạn chạy bộ cái gì đây	NÀY SAO CHẠY BỘ GIỜ NÀY	Mối quan hệ
bà tôi vẫn dùng cối giã gạo để làm bánh truyền thống	BÀ TÔI CỐI GIÃ GẠO DÙNG ĐỂ LÀM BÁNH TRUYỀN THỐNG	Cuộc sống thường nhật
bạn có kế hoạch gì sau giờ học không	GIỜ HỌC SAU BẠN KẾ HOẠCH CÓ GÌ	Cuộc sống học đường
cô dâu trông thật xinh đẹp trong chiếc váy cưới màu trắng tinh khôi	CÔ DÂU CHIẾC VÁY CƯỚI MÀU TRẮNG MẶC TRONG SÁNG TUYỆT ĐẸP	Mối quan hệ
tôi nghĩ bạn là một nơi tốt	TÔI NGHĨ NƠI ĐÓ RẤT TỐT	Mối quan hệ
bạn vẫn làm việc cả ngày lẫn đêm	BẠN LÀM VIỆC CẢ NGÀY LẪN ĐÊM VẪN À	Mối quan hệ
bây giờ chúng ta sẽ thêm chất lỏng vào	BÂY GIỜ CHÚNG TA CHẤT LỎNG THÊM	Sức khỏe
ok chúc may mắn cho bạn	ĐƯỢC RỒI CHÚC BẠN MAY MẮN	Công việc
vâng điều đó thường đúng nhưng bạn phải trả tiền cho họ	VÂNG THƯỜNG VẬY NHƯNG BẠN HỌ TRẢ TIỀN	Cuộc sống thường nhật
đôi bạn thân khoác vai nhau đi dạo trên con đường quen thuộc	BẠN THÂN 2 KHOÁC VAI ĐI DẠO TRÊN CON ĐƯỜNG CŨ	Mối quan hệ
nghe có vẻ như một kế hoạch tốt bạn muốn xem gì	NGHE KẾ HOẠCH TỐT CÓ VẺ BẠN MUỐN XEM GÌ	Mối quan hệ
chúng tôi đã đặt vé của hãng máy bay nội địa cho chuyến đi	CHÚNG TÔI HÃNG MÁY BAY NỘI ĐỊA QUỐC GIA CHUYẾN ĐI VÉ ĐẶT	Du lịch
tôi không biết tôi chỉ bắt đầu tìm kiếm một công việc một vài ngày trước đây	TÔI BIẾT KHÔNG VIỆC TÌM VÀI NGÀY BẮT ĐẦU	Công việc
cả nhà quây quần bên bếp lửa để nướng ngô khoai	CẢ NHÀ QUÂY QUẦN BÊN BẾP LỬA ĐỂ NGÔ KHOAI NƯỚNG	Cuộc sống thường nhật
bạn có biết làm thế nào để viết một lá thư giới thiệu	BẠN LÁ THƯ GIỚI THIỆU BIẾT VIẾT LÀM THẾ NÀO	Công việc
con hươu có một bộ sừng rất lớn và đẹp trên đầu	CON HƯƠU ĐẦU BỘ SỪNG LỚN CÓ VÀ ĐẸP	Cuộc sống thường nhật
nó rất đắt tiền phải không	NÓ RẤT ĐẮT TIỀN ĐÚNG KHÔNG	Mối quan hệ
nó ở lối vào	NÓ Ở LỐI VÀO	Cuộc sống thường nhật
tôi sẽ bật radio lên	TÔI RADIO BẬT NHÉ	Cuộc sống thường nhật
bạn có thích nấu ăn không	BẠN NẤU ĂN THÍCH CÓ	Cuộc sống thường nhật
tôi nghĩ vậy tôi nghĩ bạn nên gọi điện thoại để xem có bàn trống không	TÔI NGHĨ ĐÚNG BẠN GỌI HỎI TRƯỚC BÀN TRỐNG CÒN KHÔNG	Du lịch
chúng tôi có thể in bao nhiêu tùy thích chỉ cần cho tôi biết có bao nhiều	CHÚNG TÔI IN THÍCH BAO NHIÊU CHO TÔI BIẾT BAO NHIỀU	Cuộc sống thường nhật
oh thật thú vị người này như thế nào họ có nóng bỏng không	NGƯỜI ĐÓ THÚ VỊ THẾ NÀO CÓ HẤP DẪN KHÔNG	Mối quan hệ
tôi chỉ muốn có một cuộc sống bình yên bên gia đình nhỏ	TÔI CUỘC SỐNG BÌNH YÊN BÊN GIA ĐÌNH MUỐN CÓ	Thái độ và Cảm xúc
tàu lửa là một phương tiện giao thông công cộng rất phổ biến	TÀU HOẢ GIAO THÔNG PHƯƠNG TIỆN CÔNG CỘNG 1 RẤT PHỔ BIẾN PHÁT TRIỂN	Cuộc sống thường nhật
bạn có thể ở lại lâu hơn một chút không	BẠN Ở LẠI LÂU HƠN MỘT CHÚT ĐƯỢC KHÔNG	Mối quan hệ
cô có nghĩ tôi nên tham gia đội bóng rổ không bạn	BẠN TÔI ĐỘI BÓNG RỔ THAM GIA NÊN KHÔNG	Mối quan hệ
chúng ta đã sẵn sàng chưa	CHÚNG TA SẴN SÀNG CHƯA	Cuộc sống thường nhật
tôi hy vọng họ sẽ đi ra tốt khi nào tôi nên nhận chúng	TÔI MỌI CHUYỆN SUÔN SẺ MONG KHI NÀO TÔI ĐẾN LẤY NÊN	Cuộc sống thường nhật
o của tôi sống ở gần nhà và rất yêu thương tôi	O CÔ TÔI SỐNG GẦN NHÀ VÀ YÊU THƯƠNG TÔI	Mối quan hệ
tôi sẽ cắt pho mát	TÔI PHÔ MAI CẮT	Cuộc sống thường nhật
được rồi quay lại lớp lớp học	LỚP QUAY LẠI	Văn hóa và Giáo dục
vâng tôi muốn sử dụng một hộp ký gửi an toàn	TÔI KÉT AN TOÀN MỘT THUÊ MUỐN	Du lịch
phải rất vui được gặp bạn ở đây	GẶP BẠN Ở ĐÂY RẤT VUI	Mối quan hệ
tôi biết hương vị trái cây tươi là tốt nhất bao giờ hết	TÔI BIẾT HƯƠNG VỊ TRÁI CÂY TỐT NHẤT	Thái độ và Cảm xúc
hãy đi ra ngoài và có một cái nhìn	RA NGOÀI XEM THỬ ĐI	Mối quan hệ
ý anh là chuyện này sẽ trở nên bình thường sao	Ý CỦA ANH CHUYỆN NÀY TRỞ NÊN BÌNH THƯỜNG	Cuộc sống thường nhật
lãi suất hàng năm là bao nhiêu	LÃI SUẤT HÀNG NĂM BAO NHIÊU	Tài chính
hy vọng giáo viên của tôi đồng ý	GIÁO VIÊN TÔI ĐỒNG Ý SẼ HY VỌNG	Thái độ và Cảm xúc
vâng bạn sẽ kiểm tra xem bộ đồ của tôi đã sẵn sàng để đi xin vui lòng	BẠN KIỂM TRA GIÚP XEM BỘ ĐỒ TÔI SẴN SÀNG CHƯA	Cuộc sống thường nhật
vé ở đâu	VÉ Ở ĐÂU	Cuộc sống học đường
bạn có biết bạn muốn loại thẻ nào không	BẠN LOẠI THẺ MUỐN NÀO	Cuộc sống thường nhật
bạn có nghe về david không	BẠN TIN DAVID NGHE CHƯA	Mối quan hệ
xin lỗi tôi muốn xin thị thực nhập cư	XIN LỖI TÔI THỊ THỰC NHẬP CƯ MUỐN XIN	Du lịch
bạn đã nhận được bao nhiêu vé phạt đỗ xe trước đây	TRƯỚC ĐÂY BẠN VÉ ĐỖ XE PHẠT NHẬN ĐƯỢC BAO NHIÊU	Cuộc sống thường nhật
xe buýt tới kìa	XE BUÝT TỚI KÌA	Cuộc sống thường nhật
tuần sau ăn sớm nhé	TUẦN SAU ĂN SỚM	Công việc
khi nào đến hạn	HẠN SỬ DỤNG KHI NÀO	Cuộc sống học đường
bạn có thể hoàn thành bài tập về nhà trong mười phút không	BÀI TẬP BẠN MƯỜI PHÚT LÀM XONG ĐƯỢC KHÔNG	Cuộc sống thường nhật
cảm ơn đã nhắc nhở tôi	CẢM ƠN VÌ NHẮC NHỞ TÔI	Mối quan hệ
cảm ơn bây giờ tôi không cần phải quay trở lại cửa hàng lần thứ hai	BÂY GIỜ TÔI CỬA HÀNG QUAY TRỞ LẠI LẦN THỨ HAI KHÔNG CẦN	Cuộc sống thường nhật
tôi cần phải trả lại cuốn sách này cho thư viện trường	TÔI CUỐN SÁCH NÀY TRẢ LẠI CẦN CHO TRƯỜNG THƯ VIỆN	Cuộc sống học đường
xin lỗi bao nhiêu cho một cái này	XIN LỖI CÁI NÀY TIỀN BAO NHIÊU	Cuộc sống thường nhật
tôi thấy bạn đẩy hộp ra vườn	TÔI THẤY BẠN HỘP VƯỜN ĐẨY RA	Cuộc sống thường nhật
vâng anh ấy thường trả lời ngay lập tức	ANH ẤY TRẢ LỜI THƯỜNG THƯỜNG HÃY	Công việc
tôi thấy máy có xà phòng trong đó không	MÁY XÀ PHÒNG SẴN CÓ KHÔNG	Cuộc sống thường nhật
tình yêu của họ được xây dựng trên sự thủy chung son sắt	HỌ TÌNH YÊU XÂY DỰNG ĐƯỢC TRÊN SỰ CHUNG THUỶ	Mối quan hệ
bạn đang đi đâu	BẠN ĐI ĐÂU	Cuộc sống thường nhật
hôm nay là sinh nhật của cậu phải không	HÔM NAY SINH NHẬT CẬU ĐÚNG KHÔNG	Mối quan hệ
bà dùng kim và sợi chỉ để vá lại áo	BÀ DÙNG KIM VÀ CHỈ ĐỂ VÁ ÁO	Cuộc sống thường nhật
vâng tôi có danh sách của mình rồi	TÔI DANH SÁCH CỦA MÌNH CÓ RỒI	Cuộc sống học đường
hãy coi mình may mắn	MÌNH MAY MẮN NGHĨ HÃY	Sức khỏe
chỉ một cái nhanh thôi	CÁI BÚT MỘT NHANH	Mối quan hệ
chào buổi sáng hôm nay tôi có thể giúp gì cho bạn	CHÚC 1 NGÀY TỐT LÀNH HÔM NAY TÔI PHỤC VỤ THẾ NÀO	Tài chính
điều đó có ý nghĩa	ĐIỀU ĐÓ Ý NGHĨA CÓ	Cuộc sống thường nhật
không tôi vẫn chưa ra ngoài phỏng vấn lần nào	KHÔNG TÔI PHỎNG VẤN RA NGOÀI CHƯA VẪN	Công việc
bé na rất thích chơi trò chơi xếp hình sáng tạo	BÉ NA TRÒ XẾP HÌNH SÁNG TẠO THÍCH	Cuộc sống thường nhật
tôi muốn vẽ một bức tranh và đặt nó ngay tại đây	TÔI BỨC TRANH MỘT VẼ NGAY TẠI ĐÂY ĐẶT MUỐN	Cuộc sống thường nhật
làm thế nào với cái màn hình tivi này 	TIVI NÀY THẾ NÀO	Cuộc sống thường nhật
chào buổi sáng tốt lành 	CHÀO BUỔI SÁNG TỐT	Mối quan hệ
hey trung quốc của bạn đang đến cùng	NÀY ĐỒ TRUNG QUỐC CỦA ANH ĐẾN RỒI	Thái độ và Cảm xúc
không tôi đảm bảo với anh	KHÔNG TÔI ĐẢM BẢO	Cuộc sống thường nhật
mẹ ơi con không thể chờ thêm được nữa	MẸ ƠI CON CHỜ THÊM KHÔNG THỂ	Mối quan hệ
tôi muốn được đánh thức vào sáng mai	SÁNG MAI TÔI ĐÁNH THỨC MUỐN	Du lịch
cô giáo yêu cầu chúng em tìm từ trái nghĩa với từ nóng	CÔ GIÁO CHÚNG EM YÊU CẦU TỪ NÓNG TỪ TRÁI NGHĨA TÌM	Cuộc sống học đường
tỉ lệ lạm phát năm nay được dự báo sẽ tăng nhẹ	NĂM NAY LẠM PHÁT SỰ TĂNG GIÁ TỈ LỆ DỰ BÁO DỰ ĐOÁN TĂNG NHẸ	Tài chính
nhân tiện tôi có thể gia hạn khoản vay không	TÔI KHOẢN VAY GIA HẠN CÓ THỂ À NHÂN TIỆN	Cuộc sống học đường
xin lỗi vui lòng đợi một lát để tôi chuyển anh đến gặp người giám sát của tôi	XIN LỖI ĐỢI MỘT LÁT ANH NGƯỜI GIÁM SÁT CỦA TÔI CHUYỂN ĐẾN GẶP	Du lịch
bồi bàn cho tôi xin séc được không	BỒI BÀN ƠI TÔI HOÁ ĐƠN XIN ĐƯỢC KHÔNG	Cuộc sống thường nhật
hãng tàu thuyền đó chuyên vận chuyển hàng hóa quốc tế	HÃNG TÀU THUYỀN ĐÓ HÀNG HOÁ QUỐC TẾ VẬN CHUYỂN CHỈ	Công việc
9 giờ 30 rồi	BÂY GIỜ 9 GIỜ RƯỠI LÀ RỒI	Mối quan hệ
tôi sẽ cung cấp cho bạn một mẫu đơn khi tôi nhìn thấy bạn	TÔI ĐƯA MẪU ĐƠN KHI GẶP BẠN	Cuộc sống thường nhật
tôi không thể di chuyển nó một mình	TÔI MỘT MÌNH NÓ DI CHUYỂN KHÔNG ĐƯỢC	Cuộc sống thường nhật
một nửa của 60 phút là 30 phút	PHÚT 60 NỬA PHÚT 30	Cuộc sống thường nhật
bạn có thể giúp tôi tìm một nơi để tôi mua bữa trưa không	BẠN GIÚP TÔI TÌM NƠI MUA BỮA TRƯA ĐƯỢC KHÔNG	Cuộc sống học đường
chúng ta sẽ phải luyện tập vào ngày 1 và đám cưới sẽ diễn ra ngày 2	NGÀY 1 CHÚNG TA LUYỆN TẬP NGÀY 2 ĐÁM CƯỚI	Cuộc sống thường nhật
du khách đi cáp treo để lên đỉnh núi bà đen ngắm toàn cảnh	DU KHÁCH CÁP TREO ĐI LÊN ĐỈNH NÚI BÀ ĐEN NGẮM	Du lịch
công nhân môi trường đang khơi thông đường cống bị tắc nghẽn	CÔNG NHÂN MÔI TRƯỜNG KHƠI THÔNG CỐNG TẮC NGHẼN	Công việc
chỉ xem tv thôi	CHỈ XEM TV	Mối quan hệ
đây là 200	ĐÂY 200 NHÉ	Cuộc sống thường nhật
bạn có muốn làm thêm công việc biên tập không	BẠN BIÊN TẬP LÀM THÊM MUỐN	Mối quan hệ
chỉ cần đi bộ vài phút là bạn sẽ tìm thấy	ĐI BỘ PHÚT MỘT VÀI BẠN TÌM THẤY	Cuộc sống thường nhật
không không phải cả mùa hè chỉ sáu tuần thôi	KHÔNG CẢ MÙA HÈ KHÔNG PHẢI TUẦN 6	Cuộc sống thường nhật
tôi hứa tôi sẽ đi ngủ sớm	TÔI NGỦ SỚM HỨA	Cuộc sống thường nhật
hoàn hảo ưu đãi của chúng tôi vẫn mở trong 3 ngày	HOÀN HẢO ƯU ĐÃI CỦA CHÚNG TÔI NGÀY 3 VẪN	Công việc
trong rừng có cọp sư tử và hươu cao cổ	RỪNG CỌP SƯ TỬ HƯƠU CAO CỔ CÓ	Cuộc sống thường nhật
tàu ngầm là một phương tiện quân sự hiện đại của hải quân	TÀU NGẦM LÀ PHƯƠNG TIỆN QUÂN SỰ HIÊN ĐẠI CỦA HẢI QUÂN	Chính trị
mặt trăng vẫn còn rất xa	MẶT TRĂNG XA VẪN	Cuộc sống thường nhật
thực sự làm thế nào bạn có được cơ hội	BẠN CƠ HỘI ĐÓ CÓ SAO	Thái độ và Cảm xúc
cảm ơn bạn bao nhiêu là nó	BẠN CẢM ƠN TỔNG CỘNG BAO NHIÊU	Cuộc sống thường nhật
cậu bé đội chiếc mũ lưỡi trai trông rất năng động khỏe khoắn	CẬU BÉ CHIẾC MŨ LƯỠI TRAI ĐỘI TRÔNG NĂNG ĐỘNG LINH HOẠT KHOẺ KHOẮN MẠNH KHOẺ	Cuộc sống thường nhật
nhà ai gần biển	BIỂN GẦN NHÀ AI	Cuộc sống thường nhật
mời vào	MỜI VÀO	Cuộc sống thường nhật
vâng chúng ta hãy có trật tự công ty của bạn	CHÚNG TA XEM LẠI THỨ TỰ CÔNG VIỆC CÔNG TY	Công việc
bạn có tập thể dục không	BẠN TẬP THỂ DỤC CÓ KHÔNG	Cuộc sống thường nhật
sao bạn không chạy ra ngoài	BẠN CHẠY RA NGOÀI SAO KHÔNG	Mối quan hệ
anh lấy cho em cái chăn khác được không	BẠN CÁI CHĂN KHÁC LẤY CHO TÔI ĐƯỢC KHÔNG	Mối quan hệ
bạn thực sự có đầu óc nghề nghiệp	BẠN NGHỀ NGHIỆP KINH NGHIỆM	Mối quan hệ
mẹ tôi thích uống cà phê	MẸ TÔI CÀ PHÊ UỐNG THÍCH	Chính trị
tôi không biết anh ta nhưng tôi nghĩ em gái tôi biết	TÔI ANH TA KHÔNG BIẾT NHƯNG TÔI NGHĨ EM GÁI CỦA TÔI BIẾT	Mối quan hệ
cô ấy nhìn rất hiền	CÔ ẤY NHÌN RẤT HIỀN	Cuộc sống thường nhật
công việc này đòi hỏi nhân viên phải có tính kiên nhẫn cao	CÔNG VIỆC NÀY NHÂN VIÊN TÍNH KIÊN NHẪN CAO ĐÒI HỎI CÓ	Công việc
tôi thích nhạc cổ điển còn bà thì sao	TÔI NHẠC CỔ ĐIỂN BÀ THẾ NÀO	Mối quan hệ
đó là sự thật tôi đã nhận được tin tức ngày hôm qua	THẬT ĐẤY NGÀY HÔM QUA TÔI TIN TỨC NHẬN RỒI	Công việc
bạn nói đúng	BẠN NÓI ĐÚNG	Cuộc sống thường nhật
mọi người dừng lại khi đèn báo giao thông chuyển sang màu đỏ	MỌI NGƯỜI KHI ĐÈN ĐỎ DỪNG LẠI	Cuộc sống thường nhật
đúng vậy nhiều sinh viên làm bài tập khi họ phải chúng tôi có pe mỗi tuần một lần	ĐÚNG VẬY NHIỀU SINH VIÊN BÀI TẬP LÀM KHI BỊ ÉP CHỈ CHÚNG TÔI TIẾT THỂ DỤC MỖI TUẦN MỘT LẦN CÓ	Mối quan hệ
bé lan cẩn thận bước từng bậc trên chiếc cầu thang gỗ	BÉ LAN CHIẾC CẦU THANG GỖ BƯỚC LÊN BẬC CẨN THẬN	Cuộc sống thường nhật
hàng rào hoa dâm bụt đỏ rực trong nắng hè	NẮNG HÈ HOA DÂM BỤT ĐỎ RỰC HÀNG RÀO	Cuộc sống thường nhật
xin chào có chuyện gì vậy	CHÀO GÌ	Cuộc sống thường nhật
vâng tôi biết giờ lên máy bay trên vé ghi là 17	TÔI BIẾT MÁY BAY VÉ GHI GIỜ 17	Du lịch
tôi thích bay trong khinh khí cầu đó	TÔI KHINH KHÍ CẦU BAY THÍCH	Cuộc sống thường nhật
ok tôi có thể hỏi lý do trả lại các sản phẩm này là gì	OK TÔI LÝ DO BẠN SẢN PHẨM NÀY TRẢ HỎI ĐƯỢC KHÔNG	Cuộc sống thường nhật
tất cả họ đều ở đây	MỌI NGƯỜI Ở ĐÂY CÓ MẶT RỒI ĐỀU	Mối quan hệ
cả sân vận động hò reo khi đội nhà ghi bàn thắng	KHI ĐỘI NHÀ GHI BÀN THẮNG CẢ SÂN VẬN ĐỘNG HÒ REO	Văn hóa và Giáo dục
wow món mới lạ đấy đi thôi cái này là gì vậy anh yêu	WOW MÓN MỚI LẠ ĐI THÔI CÁI NÀY LÀ GÌ	Cuộc sống thường nhật
tôi đến từ quảng châu	TÔI ĐẾN TỪ QUẢNG CHÂU	Mối quan hệ
hè này gia đình tôi sẽ đi du lịch ở đà nẵng	HÈ NÀY GIA ĐÌNH TÔI ĐÀ NẴNG DU LỊCH ĐI	Du lịch
bạn muốn gì trên bánh pizza của bạn	BẠN BÁNH PIZZA CỦA BẠN TRÊN MUỐN GÌ	Cuộc sống thường nhật
có nghĩa là tôi không thể dùng nó tối nay	TỐI NAY TÔI DÙNG KHÔNG THỂ	Mối quan hệ
không quá dài nó sẽ mất khoảng mười phút bằng taxi	DÀI KHÔNG NÓ MƯỜI PHÚT KHOẢNG BẰNG TAXI ĐI	Cuộc sống thường nhật
chuyến tàu bắc nam sẽ khởi hành vào lúc tám giờ tối	BUỔI TỐI 8 GIỜ CHUYẾN TÀU BẮC NAM SẼ KHỞI HÀNH	Du lịch
mỗi buổi sáng tôi đều giặt sạch chiếc khăn mặt của mình	TÔI CHIẾC KHĂN MẶT GIẶT SẠCH MỖI BUỔI SÁNG	Cuộc sống thường nhật
chiếc xe lu đang làm phẳng mặt đường để chuẩn bị rải nhựa	CHIẾC XE LU LÀM PHẲNG MẶT ĐƯỜNG ĐỂ CHUẨN BỊ RẢI NHỰA	Công việc
tại sao bạn không làm cho một cuộc hẹn cho cuối tuần	BẠN BUỔI HẸN HÒ CUỐI TUẦN KHÔNG LÀM TẠI SAO	Công việc
hãy trình bày vắn tắt nội dung chính của báo cáo này	BÁO CÁO NÀY NỘI DUNG CHÍNH TRÌNH BÀY VẮN TẮT	Công việc
có quản chế không	BỊ QUẢN CHẾ KHÔNG	Công việc
chúng tôi đã có một cuộc gặp gỡ thân mật với đối tác	CHÚNG TÔI CUỘC GẶP GỠ THÂN MẬT VỚI ĐỐI TÁC CÓ	Công việc
hôm nay chúng ta sẽ đo chiều cao của bạn và xem bạn cao bao nhiêu	HÔM NAY CHÚNG TÔI CHIỀU CAO CỦA BẠN ĐO XEM BẠN CAO BAO NHIÊU	Cuộc sống thường nhật
mẹ dặn dò tôi phải cẩn thận khi đi học về một mình	MẸ TÔI DẶN DÒ CẨN THẬN KHI MỘT MÌNH ĐI HỌC VỀ	Mối quan hệ
đó là 6265551739 cảm ơn bạn rất nhiều vì đã chọn khách sạn của chúng tôi thưa ông	SỐ ĐIỆN THOẠI CẢM ƠN ÔNG NHIỀU CHỌN KHÁCH SẠN CHÚNG TÔI	Du lịch
có gì trong hộp	HỘP TRONG CÓ GÌ	Du lịch
việc tập thể dục thường xuyên mang lại nhiều ích lợi cho sức khỏe	TẬP THỂ DỤC THƯỜNG XUYÊN GIÚP SỨC KHOẺ TỐT	Sức khỏe
không tôi nghĩ mình nên học từng chút một bắt đầu từ vài tuần trước kỳ thi	KHÔNG TÔI NGHĨ MÌNH HỌC TỪNG CHÚT MỘT VÀI TUẦN TRƯỚC KỲ THI BẮT ĐẦU	Cuộc sống học đường
tờ tiền mệnh giá 1000 đồng có màu xám trắng	TỜ TIỀN MỆNH GIÁ 1000 ĐỒNG MÀU XÁM TRẮNG CÓ	Tài chính
tôi không ổn bạn đi vắng cả ngày	TÔI ỔN KHÔNG BẠN ĐI VẮNG CẢ NGÀY	Công việc
tại sao bạn không thử từ bỏ	BẠN THỬ TỪ BỎ KHÔNG TẠI SAO	Mối quan hệ
năm bước theo hướng đó	HƯỚNG ĐÓ BƯỚC 5	Cuộc sống thường nhật
có vẻ như anh rất thích nó	ANH NÓ THÍCH	Mối quan hệ
tôi xin lỗi tôi biết vẫn còn bảy máy nhưng tôi kiệt sức	XIN LỖI TÔI BẢY MÁY CÒN BIẾT NHƯNG MỆT RỒI	Mối quan hệ
cám ơn vì lời khen thưa bà	CẢM ƠN LỜI KHEN CỦA BẠN	Công việc
bạn có coi đó là lớp học yêu thích của bạn không	LỚP HỌC ĐÓ BẠN THÍCH NHẤT KHÔNG	Cuộc sống học đường
hà nội có nhiều công trình kiến trúc pháp cổ kính	HÀ NỘI CÔNG TRÌNH KIẾN TRÚC PHÁP CỔ CÓ NHIỀU	Văn hóa và Giáo dục
bạn có thể thấy những gì lịch trình của mình là như thế nào vào thứ tư	THỨ TƯ BẠN THẤY LỊCH TRÌNH CỦA MÌNH NHƯ THẾ NÀO	Công việc
đôi mắt cô bé rơm rớm nước mắt khi nghe chuyện buồn	CÔ BÉ ĐÔI MẮT NƯỚC MẮT RƠI KHI NGHE CHUYỆN BUỒN	Thái độ và Cảm xúc
người nghệ nhân tỉ mỉ chạm khắc từng chi tiết nhỏ	NGƯỜI NGHỆ NHÂN CHI TIẾT NHỎ ĐIÊU KHẮC TỈ MỈ CẨN THẬN	Công việc
năm quan	50 000 ĐỒNG	Cuộc sống thường nhật
bạn đã đi du lịch bằng đường hàng không trước đây	BẠN ĐI DU LỊCH MÁY BAY TRƯỚC ĐÂY CHƯA	Du lịch
hàng của bạn giá 90 nghìn đồng	HÀNG CỦA BẠN GIÁ 90 NGHÌN ĐỒNG	Cuộc sống thường nhật
cô ấy không bao giờ đua đòi theo những mốt thời trang	CÔ ẤY MỐT THỜI TRANG ĐUA ĐÒI KHÔNG BAO GIỜ	Thái độ và Cảm xúc
tôi thấy tôi phải thay đổi chúng ở đâu	TÔI THẤY CHÚNG THAY ĐỔI Ở ĐÂU	Cuộc sống thường nhật
bệnh đau mắt đỏ rất dễ lây lan trong cộng đồng	TRONG CỘNG ĐỒNG BỆNH ĐAU MẮT ĐỎ LÂY LAN DỄ	Sức khỏe
bài học hôm nay giúp em hiểu rõ tính chất hóa học của axit	BÀI HỌC GIÚP EM TÍNH CHẤT HOÁ HỌC CỦA AXIT HIỂU RÕ	Cuộc sống học đường
xe bị thủng lốp nên tôi phải dừng lại để tìm chỗ vá xe	TÔI XE LỐP THỦNG NÊN DỪNG LẠI PHẢI ĐỂ CHỖ VÁ XE TÌM	Cuộc sống thường nhật
vâng cho tôi biết khi nào bạn có thể sửa chữa nó tôi rất thích đi xe trong đó	ANH SỬA XONG KHI NÀO NÓI TÔI TÔI XE ĐÓ THÍCH	Thái độ và Cảm xúc
tôi muốn đặt bàn cho 3 người tối nay	TỐI NAY TÔI ĐẶT BÀN 3 NGƯỜI CHO MUỐN	Cuộc sống thường nhật
bạn có thích hẹn hò không	BẠN THÍCH HẸN HÒ KHÔNG	Mối quan hệ
cuộc sống của người nông dân ngày xưa vô cùng cực khổ	NGÀY XƯA NGƯỜI NÔNG DÂN CUỘC SỐNG CỰC KHỔ	Cuộc sống thường nhật
mẹ chỉ mười phút nữa thôi chương trình sắp kết thúc rồi	MẸ CÒN PHÚT 10 CHƯƠNG TRÌNH KẾT THÚC SẮP	Cuộc sống thường nhật
ý cô là vì cô cũng là phụ nữ	VÌ CÔ PHỤ NỮ CŨNG ĐÚNG KHÔNG	Mối quan hệ
anh hai của tôi là một người lính cứu hỏa rất dũng cảm	ANH HAI CỦA TÔI LÀ NGƯỜI LÍNH CỨU HOẢ DŨNG CẢM	Mối quan hệ
ăn cam như thế nào	CAM ĂN NHƯ THẾ NÀO	Sức khỏe
nhà vua dùng ngọc tỷ để ấn vào các văn kiện quan trọng	VUA HÙNG NGỌC TỶ VĂN BẢN ẤN QUAN TRỌNG	Văn hóa và Giáo dục
bà có thể sao chép bao nhiêu tùy thích	BÀ SAO CHÉP BAO NHIÊU TÙY THÍCH	Cuộc sống học đường
họ có an toàn không	HỌ AN TOÀN CÓ	Cuộc sống thường nhật
bạn có mang theo chứng minh thư không	BẠN CHỨNG MINH THƯ MANG THEO CÓ KHÔNG	Công việc
không hề tôi vẫn còn đủ tiền cho vài ngày tới	KHÔNG TÔI VÀI NGÀY TỚI TIỀN ĐỦ	Du lịch
tôi đang tìm kiếm một công việc bản thân mình bạn đã nghĩ đến việc làm gì tiếp theo	TÔI CHÍNH MÌNH VIỆC TÌM CHO ĐANG BẠN TIẾP LÀM GÌ SẼ NGHĨ ĐÃ CHƯA	Công việc
bạn có biết phòng phiếu của bạn ở đâu không	BẠN PHÒNG BỎ PHIẾU MÌNH Ở ĐÂU BIẾT KHÔNG	Chính trị
bạn đang làm gì	BẠN LÀM GÌ	Cuộc sống thường nhật
thế còn con rắn thì sao	CÒN CON RẮN THÌ SAO	Cuộc sống thường nhật
bạn có thích kem không	BẠN KEM THÍCH KHÔNG	Văn hóa và Giáo dục
nhóm bạn có bao nhiêu người	NHÓM CỦA BẠN NGƯỜI BAO NHIÊU	Du lịch
tôi muốn mua một chai sữa làm sạch bạn có thể giới thiệu cho tôi một số loại	TÔI CHAI SỮA SẠCH MUA MUỐN BẠN GIỚI THIỆU CHO TÔI LOẠI MỘT SỐ CÓ THỂ	Cuộc sống thường nhật
cả dòng họ chúng tôi tụ tập đông đủ vào ngày giỗ tổ	NGÀY GIỖ TỔ CẢ DÒNG HỌ CHÚNG TÔI TỤ TẬP ĐẦY ĐỦ	Mối quan hệ
bạn không thích kiểu tập luyện này à	BẠN KHÔNG THÍCH KIỂU TẬP LUYỆN NÀY	Mối quan hệ
mỗi phòng là 40 đô la một tuần	MỖI PHÒNG GIÁ 4 TRIỆU MỘT TUẦN	Cuộc sống thường nhật
tôi không ngại trả nhiều tiền miễn là chất lượng tốt	TÔI TRẢ THÊM NGẠI KHÔNG CHẤT LƯỢNG TỐT MIỄN LÀ	Cuộc sống thường nhật
bạn nói đúng bộ phim đó rất vui nhộn	BẠN NÓI ĐÚNG PHIM ĐÓ VUI THẬT	Mối quan hệ
ba bạn cũng nên tham gia hai khóa học ba tín chỉ trong năm học này	BẠN 3 THAM GIA HỌC KỲ 2 MÔN HỌC 3 TRONG NĂM HỌC	Cuộc sống học đường
anh có thích pizza ở đây không	ANH PIZZA Ở ĐÂY THÍCH KHÔNG	Thái độ và Cảm xúc
chú chó xù nhà tôi có bộ lông trắng muốt rất đáng yêu	NHÀ TÔI CHÚ CHÓ XÙ LÔNG TRẮNG MUỐT ĐÁNG YÊU CÓ	Cuộc sống thường nhật
bạn có truyền thống gia đình vào dịp giáng sinh không	BẠN TRUYỀN THỐNG GIA ĐÌNH DỊP GIÁNG SINH CÓ KHÔNG	Mối quan hệ
có chuyện gì vậy	CHUYỆN GÌ	Mối quan hệ
dạo này bạn thế nào	DẠO NÀY BẠN THẾ NÀO	Mối quan hệ
tôi thấy rồi  đó không phải là một vấn đề	TÔI THẤY RỒI ĐÓ VẤN ĐỀ KHÔNG PHẢI	Tài chính
họ đã xuống tầng hầm rồi	HỌ TẦNG HẦM XUỐNG RỒI	Cuộc sống thường nhật
đúng lúc quá	THỜI GIAN ĐÚNG	Cuộc sống thường nhật
ngôi nhà này giá bao nhiêu	NGÔI NHÀ NÀY GIÁ BAO NHIÊU	Cuộc sống thường nhật
tạm biệt	TẠM BIỆT	Cuộc sống thường nhật
tờ tiền mệnh giá 10 000 đồng có màu vàng đặc trưng	TỜ TIỀN MỆNH GIÁ 10 000 ĐỒNG MÀU VÀNG CÓ	Tài chính
không có chi chào mừng tạm biệt	KHÔNG CÓ GÌ CẢM ƠN CHÀO TẠM BIỆT	Cuộc sống thường nhật
bao nhiêu ba trăm nghìn đồng có đủ không	BAO NHIÊU BA TRĂM NGHÌN ĐỒNG ĐỦ KHÔNG	Cuộc sống thường nhật
em cần rút ít tiền	EM TIỀN RÚT ÍT	Tài chính
cô ấy tặng tôi một bông hoa hồng đỏ thắm rất đẹp	CÔ ẤY TẶNG TÔI BÔNG HOA HỒNG ĐỎ THẮM RẤT ĐẸP	Mối quan hệ
chính xác là 20 phút	CHÍNH XÁC 20 PHÚT	Cuộc sống thường nhật
sân trường rực đỏ màu hoa của cây phượng báo hiệu hè về	SÂN TRƯỜNG HOA PHƯỢNG MÀU ĐỎ ĐẸP NHIỀU MÙA HÈ ĐẾN	Cuộc sống học đường
có vẻ như trời sắp mưa rồi	TRỜI MƯA SẮP	Cuộc sống thường nhật
gia đình tôi sống trong một tòa nhà cao tầng hiện đại	TÔI GIA ĐÌNH SỐNG TRONG TOÀ NHÀ CAO TẦNG HIỆN ĐẠI	Cuộc sống thường nhật
ai cũng có lúc cảm thấy lo lắng	MỌI NGƯỜI LO LẮNG CẢM THẤY	Thái độ và Cảm xúc
tôi phải làm gì	TÔI PHẢI LÀM GÌ	Tài chính
chúng tôi đã đặt một phòng khách sạn nhìn ra biển	CHÚNG TÔI PHÒNG KHÁCH SẠN 1 ĐẶT BIỂN NHÌN	Du lịch
có gì có giá trị không	GIÁ TRỊ CÓ GÌ KHÔNG	Cuộc sống thường nhật
còn cái kệ thì sao	KỆ SAO	Mối quan hệ
bạn không nên để bát đĩa bẩn tích tụ trong bồn rửa	BẠN BÁT ĐĨA BẨN ĐỂ KHÔNG NÊN	Cuộc sống thường nhật
nếu bạn có thể đón tôi ở nhà đó sẽ là tuyệt vời	THẬT TUYỆT VỜI NẾU BẠN ĐÓN TÔI Ở NHÀ CÓ THỂ	Cuộc sống thường nhật
bạn có mặt hàng nào phải đóng thuế không	BẠN HÀNG HÓA ĐÓNG THUẾ PHẢI CÓ KHÔNG	Du lịch
ai mặc áo đỏ	ÁO ĐỎ MẶC AI	Cuộc sống thường nhật
đọc sách mỗi ngày giúp chúng ta mở rộng thêm nhiều kiến thức	ĐỌC SÁCH MỖI NGÀY CHÚNG TA KIẾN THỨC NHIỀU MỞ RỘNG GIÚP	Văn hóa và Giáo dục
bạn nên dùng son dưỡng để giữ cho đôi môi không bị khô	BẠN SON DƯỠNG DÙNG NÊN MÔI KHÔ KHÔNG	Sức khỏe
bác sĩ đang tư vấn cho bệnh nhân về việc phẫu thuật mũi	BÁC SĨ TƯ VẤN CHO BỆNH NHÂN PHẪU THUẬT MŨI	Sức khỏe
chắc chắn rồi anh đang ở đây	CHẮC CHẮN ANH Ở ĐÂY	Cuộc sống thường nhật
tôi hiểu rồi tôi là nữ có quyền lợi đặc biệt nào dành cho tôi không	TÔI HIỂU RỒI TÔI NỮ QUYỀN LỢI ĐẶC BIỆT CHO TÔI CÓ KHÔNG	Công việc
tôi có thể vào tìm việc tại văn phòng của họ không	TÔI VĂN PHÒNG HỌ ĐẾN TÌM VIỆC CÓ THỂ KHÔNG	Công việc
tôi có thể nói chuyện với ông một lát không quản lý	TÔI NÓI CHUYỆN VỚI BẠN MỘT LÁT ĐƯỢC KHÔNG	Công việc
cô ấy có muốn một máy tính xách tay không	CÔ ẤY LAPTOP MỘT CHIẾC MUỐN KHÔNG	Cuộc sống thường nhật
tôi cần một tài khoản tiết kiệm khác	TÔI TÀI KHOẢN TIẾT KIỆM KHÁC CẦN	Tài chính
bạn có thể để lại lời nhắn không	BẠN TIN NHẮN GỬI LẠI CÓ KHÔNG	Công việc
tcó thể rửa sạch nó	TÔI NÓ RỬA SẠCH	Cuộc sống thường nhật
tôi nghĩ màu này không hợp với tôi họ có cùng một chiếc váy màu trắng không	TÔI NGHĨ MÀU TÍM HỢP KHÔNG HỌ CHIẾC VÁY MÀU TRẮNG CÓ KHÔNG	Cuộc sống thường nhật
vâng tôi đang tìm một chiếc mũ kích thước 16	TÔI MŨ CỠ 16 TÌM	Cuộc sống thường nhật
tôi có thể chỉ cho anh họ ở đâu	TÔI CHỈ ANH ẤY CHO HỌ Ở ĐÂU	Cuộc sống học đường
chà có lẽ cô ấy sẽ cho tôi lời mời vào cuối ngày hôm nay	CÔ ẤY LỜI MỜI TÔI GỬI TRƯỚC KHI HẾT NGÀY NAY CÓ THỂ	Mối quan hệ
tôi hiểu quan điểm của anh	TÔI QUAN ĐIỂM CỦA ANH HIỂU	Công việc
tôi ngạc nhiên khi nghe anh nói thế tôi tưởng anh thích công nghệ cơ mà	TÔI NGHE ANH NÓI VẬY NGẠC NHIÊN TÔI TƯỞNG ANH THÍCH CÔNG NGHỆ	Cuộc sống thường nhật
tiếng bắn súng từ trường tập làm mọi người giật mình	NƠI LUYỆN TẬP TIẾNG SÚNG BẮN MỌI NGƯỜI GIẬT MÌNH	Cuộc sống thường nhật
bạn nên bớt đi lượng đường trong khẩu phần ăn hàng ngày	BẠN ĐƯỜNG SỐ LƯỢNG BỚT ĐI TRONG BỮA ĂN HÀNG NGÀY	Sức khỏe
tôi có thể bơm lốp xe ở đâu	TÔI LỐP XE BƠM Ở ĐÂU	Cuộc sống thường nhật
vui lắm	VUI	Cuộc sống thường nhật
cô ấy thích đọc sách và em gái cô ấy cũng vậy	CÔ ẤY VÀ EM GÁI GIỐNG NHAU ĐỌC SÁCH THÍCH	Cuộc sống thường nhật
chúng ta cần phân loại chất thải để bảo vệ môi trường	ĐỂ BẢO VỆ MÔI TRƯỜNG CHÚNG TA RÁC THẢI PHÂN LOẠI CẦN	Cuộc sống thường nhật
bạn coi mình là loại sinh viên nào bạn có thích học tập khi còn đi học không	BẠN NGHĨ MÌNH KIỂU SINH VIÊN NÀO THUỘC KHI CÒN ĐI HỌC BẠN HỌC THÍCH CÓ KHÔNG	Công việc
bây giờ chúng ta chỉ cần thêm một ít nước lạnh	BÂY GIỜ CHÚNG TA NƯỚC LẠNH MỘT ÍT THÊM	Cuộc sống thường nhật
chúng tôi chúc công ty ngày càng phát triển	CHÚNG TÔI CHÚC CÔNG TY NGÀY CÀNG PHÁT TRIỂN	Tài chính
nó sẽ hoạt động trở lại trong vài ngày tới	NÓ VÀI NGÀY HOẠT ĐỘNG LẠI THÔI	Cuộc sống thường nhật
chỉ cần nhớ giữ vé của bạn bạn cần nó để ra khỏi nhà ga khi bạn đến đó	VÉ CỦA BẠN GIỮ NHỚ KHI BẠN ĐẾN NHÀ GA RA KHỎI	Cuộc sống thường nhật
à bạn hết sơn xanh lá rồi phải không	BẠN SƠN MÀU XANH LÁ HẾT RỒI PHẢI KHÔNG	Cuộc sống thường nhật
bố tôi có thói quen đọc báo giấy vào mỗi buổi sáng	MỖI BUỐI SÁNG BỐ TÔI BÁO GIẤY ĐỌC THÓI QUEN CÓ	Cuộc sống thường nhật
món phở bò ở đây có hương vị rất đặc biệt	PHỞ BÒ ĐÂY NGON HƯƠNG VỊ THƠM	Cuộc sống thường nhật
cảm ơn bạn đã thanh toán	CẢM ƠN BẠN THANH TOÁN	Cuộc sống học đường
anh ấy là một người nóng tính nhưng rất thẳng thắn	ANH ẤY LÀ NGƯỜI NÓNG TÍNH NHƯNG THẲNG THẮN	Thái độ và Cảm xúc
và anh đã quyết định thế nào	ANH QUYẾT ĐỊNH SAO RỒI	Công việc
tà áo dài bằng vải lụa tôn lên vẻ đẹp dịu dàng	TÀ ÁO DÀI BẰNG VẢI LỤA RẤT ĐẸP VÀ DỊU DÀNG	Văn hóa và Giáo dục
chú của tôi 50 tuổi thấp	CHÚ CỦA TÔI TUỔI 50 THẤP	Cuộc sống thường nhật
đôi tay mẹ thoăn thoắt gói những chiếc bánh chưng xanh	MẸ ĐÔI TAY NHỮNG CHIẾC BÁNH CHƯNG XANH GÓI THOĂN THOẮT NHANH CHÓNG	Cuộc sống thường nhật
vâng mời bạn vào ngồi	VÂNG BẠN MỜI VÀO NGỒI	Thái độ và Cảm xúc
bạn có cảm giác là bạn đã từng ở đây không	BẠN CẢM THẤY Ở ĐÂY RỒI CÓ	Mối quan hệ
ánh sáng không nhấp nháy	ÁNH SÁNG NHẤP NHÁY KHÔNG	Cuộc sống thường nhật
vâng tôi dành rất nhiều thời gian xem phim	TÔI XEM PHIM THỜI GIAN NHIỀU	Mối quan hệ
có chuyện gì khác xảy ra với anh không	BẠN CHUYỆN KHÁC XẢY RA CÓ KHÔNG	Mối quan hệ
chỗ ngồi của bạn nằm trong khu vực cấm hút thuốc vậy nên vui lòng không hút thuốc	CHỖ NGỒI CỦA BẠN KHU VỰC HÚT THUỐC CẤM HÚT THUỐC KHÔNG	Cuộc sống thường nhật
rẽ phải đi ba bước	RẼ PHẢI BƯỚC 3 ĐI	Cuộc sống thường nhật
đợi đã bạn khi nào cướp biển bắt đầu	BỘ PHIM CƯỚP BIỂN BẮT ĐẦU KHI NÀO	Mối quan hệ
em rất yêu thích môn tiếng việt ở trên lớp học	Ở LỚP EM MÔN TIẾNG VIỆT THÍCH	Cuộc sống học đường
một ít ô liu thì sao	Ô LIU 1 ÍT THẾ NÀO	Du lịch
bạn sẽ đi nghỉ ở đâu trong năm nay tom	TOM NĂM NAY NGHỈ Ở ĐÂU ĐỊNH ĐI	Mối quan hệ
vâng chúng tôi đã gặp nhau năm ngoái tại một hội nghị	CHÚNG TÔI GẶP NHAU NĂM NGOÁI HỘI NGHỊ RỒI	Mối quan hệ
tôi đã làm việc ở đây được hai năm và tôi muốn làm một cái gì đó khác biệt	TÔI LÀM VIỆC HAI NĂM Ở ĐÂY TÔI LÀM KHÁC MUỐN	Công việc
tôi mừng vì kỳ thi đã kết thúc	TÔI MỪNG VÌ KỲ THI KẾT THÚC	Thái độ và Cảm xúc
ồ tôi đã nghe rất nhiều về thảo dược trung quốc tôi tin rằng nó sẽ làm việc	Ồ TÔI THUỐC THẢO DƯỢC TRUNG QUỐC VỀ NGHE NHIỀU RỒI TÔI NÓ TÁC DỤNG CÓ THẬT TIN	Sức khỏe
khi rảnh rổi bố tôi thích đọc sách	KHI RẢNH RỖI BỐ TÔI ĐỌC SÁCH THÍCH	Du lịch
gia đình luôn là ưu tiên hàng đầu trong cuộc sống của tôi	TÔI GIA ĐÌNH LÀ ƯU TIÊN HÀNG ĐẦU TRONG CUỘC SỐNG	Mối quan hệ
tiêm vắcxin là biện pháp phòng bệnh hiệu quả nhất hiện nay	HIỆN NAY TIÊM VẮC XIN LÀ BIỆN PHÁP PHÒNG BỆNH HIỆU QUẢ NHẤT	Sức khỏe
yeah ý tưởng tốt cho bạn xem	YEAH Ý TƯỞNG TỐT BẠN XEM CHO	Cuộc sống thường nhật
chiếc bánh được chia ba phần đều nhau cho mọi người	BÁNH MỌI NGƯỜI 3 CHIA ĐỀU ĐƯỢC	Cuộc sống thường nhật
tôi rất thích nó làm việc ra là vui hơn với một người bạn	TÔI VIỆC LÀM NGƯỜI BẠN CÙNG VUI LẮM	Cuộc sống thường nhật
thật đáng yêu	ĐÁNG YÊU	Cuộc sống thường nhật
hoàng đế quang trung là một vị anh hùng dân tộc vĩ đại	HOÀNG ĐẾ QUANG TRUNG LÀ VỊ ANH HÙNG DÂN TỘC VĨ ĐẠI	Văn hóa và Giáo dục
brunây là một quốc gia nhỏ bé nhưng rất giàu có	BRU NÂY LÀ QUỐC GIA NHỎ BÉ NHƯNG RẤT GIÀU	Du lịch
cô ấy trang điểm nhẹ nhàng trước khi đi dự tiệc cưới	TRƯỚC KHI TIỆC CƯỚI ĐI CÔ ẤY TRANG ĐIỂM NHẸ NHÀNG	Cuộc sống thường nhật
bạn cho chó của tôi xương gà nấu chín này	BẠN CHÓ TÔI XƯƠNG GÀ NẤU CHÍN CHO ĂN À	Cuộc sống thường nhật
cho công việc	VÌ CÔNG VIỆC	Công việc
bạn đang ở trên	BẠN Ở TRÊN	Công việc
bạn cần bao nhiêu tiền  5 triệu à	BẠN TIỀN CẦN BAO NHIÊU 5 TRIỆU À	Mối quan hệ
bạn nam ấy rất cao và chơi bóng rổ cực kỳ giỏi	BẠN NAM CAO BÓNG RỔ CHƠI RẤT GIỎI	Cuộc sống thường nhật
khi nào bạn muốn lấy lại	BẠN LẤY LẠI MUỐN KHI NÀO	Cuộc sống thường nhật
một đàn bướm rực rỡ đang bay lượn trong vườn hoa	ĐÀN BƯỚM RỰC RỠ VƯỜN HOA BAY LƯỢN	Cuộc sống thường nhật
tôi có thể đi tàu điện ngầm để đến đó không	TÔI TÀU ĐIỆN NGẦM ĐẾN ĐÓ ĐI ĐƯỢC KHÔNG	Cuộc sống thường nhật
vâng tôi muốn thử bánh táo	TÔI BÁNH TÁO THỬ	Cuộc sống thường nhật
gia đình tôi dọn dẹp nhà cửa sạch sẽ để đón tết	GIA ĐÌNH TÔI NHÀ CỬA DỌN DẸP SẠCH SẼ ĐỂ ĐÓN TẾT	Cuộc sống thường nhật
các em học sinh cần tập trung nghe giảng bài	HỌC SINH CẦN TẬP TRUNG NGHE GIẢNG	Cuộc sống học đường
uống sữa bò tươi mỗi ngày giúp cung cấp nhiều canxi cho cơ thể	SỮA TƯƠI MỖI NGÀY UỐNG CƠ THỂ CANXI NHIỀU BỔ SUNG GIÚP	Sức khỏe
vâng tôi muốn xem một số sản phẩm của bạn	TÔI SẢN PHẨM CỦA BẠN MỘT SỐ XEM MUỐN	Cuộc sống thường nhật
anh có thể cho tôi biết chi tiết được không	ANH CHO TÔI CHI TIẾT BIẾT ĐƯỢC	Công việc
cửa hàng này chuyên bán buôn các mặt hàng gia dụng	CỬA HÀNG NÀY CÁC MẶT HÀNG GIA DỤNG BÁN BUÔN	Tài chính
bạn muốn giữ nó trong ngân hàng của chúng tôi bao lâu	BẠN GỬI TIỀN NGÂN HÀNG CHÚNG TÔI BAO LÂU	Tài chính
hôm nay con dọn phòng chưa	HÔM NAY CON PHÒNG DỌN CHƯA	Cuộc sống thường nhật
tôi biết đó là một biểu tượng chính của trung quốc	TÔI BIỂU TƯỢNG NỔI TIẾNG TRUNG QUỐC ĐÓ BIẾT	Du lịch
chúng ta hãy đến đó sau đó đó có phải là một nhà hàng trung quốc	CHÚNG TA ĐẾN ĐÓ NHÀ HÀNG TRUNG QUỐC PHẢI KHÔNG	Cuộc sống thường nhật
tôi đang làm gì vậy bạn không biết hôm nay là ngày gì sao	TÔI LÀM GÌ HÔM NAY NGÀY GÌ BẠN BIẾT KHÔNG	Mối quan hệ
bạn có những kỹ năng liên quan đến công việc nào	BẠN KỸ NĂNG NÀO CÔNG VIỆC NÀY LIÊN QUAN CÓ KHÔNG	Công việc
công ty đã đầu tư hàng triệu đô la vào dự án này	CÔNG TY DỰ ÁN NÀY TRIỆU ĐÔ LA ĐẦU TƯ	Tài chính
hãy đặt va li của chúng ta lên giá	ĐẶT VA LI CỦA CHÚNG TA LÊN GIÁ ĐỠ HÃY	Du lịch
tôi gần như đã quên	TÔI QUÊN RỒI	Công việc
khá hài lòng tôi mong muốn hợp tác trong tương lai của chúng tôi	HÀI LÒNG KHÁ TÔI MUỐN MONG HỢP TÁC TƯƠNG LẠI CỦA CHÚNG TÔI	Công việc
um và chúng ta đang nói về môn thể thao nào ở đây	CHÚNG TA MÔN THỂ THAO NÓI NÀO	Mối quan hệ
này tina bạn đang làm gì vậy	NÀY BẠN ĐANG LÀM GÌ	Thái độ và Cảm xúc
chúng tôi cần một số đồ bơi	CHÚNG TÔI ĐỒ BƠI CẦN	Du lịch
vâng tôi đã đặt bàn cho 2 lúc 730	VÂNG TÔI BÀN NGƯỜI 2 ĐẶT GIỜ 7 30	Cuộc sống thường nhật
bệnh nhân cần được cách ly để tránh lây nhiễm cho người khác	BỆNH NHÂN CÁCH LY CẦN ĐƯỢC ĐỂ NGƯỜI KHÁC LÂY NHIỄM TRÁNH	Sức khỏe
những quả trứng	NHỮNG QUẢ TRỨNG	Cuộc sống thường nhật
được rồi tôi sẽ đổi giờ thành 8 giờ	TÔI ĐỔI GIỜ 8	Cuộc sống thường nhật
chúc bạn một ngày tốt lành	CHÚC BẠN 1 NGÀY TỐT LÀNH	Công việc
tôi không muốn dậy sớm như vậy	TÔI DẬY SỚM MUỐN KHÔNG	Cuộc sống thường nhật
cuộc sống ở thành thị luôn nhộn nhịp và hối hả hơn	THÀNH THỊ THÀNH PHỐ CUỘC SỐNG NHỘN NHỊP VÀ HỐI HẢ	Cuộc sống thường nhật
tôi thích thiết kế của chiếc áo khoác	TÔI THIẾT KẾ CỦA CHIẾC ÁO KHOÁC THÍCH	Cuộc sống thường nhật
xin lỗi bạn có thời gian không	XIN LỖI BÂY GIỜ GIỜ MẤY	Mối quan hệ
môn giáo dục công dân dạy chúng em về đạo đức công dân	MÔN GIÁO DỤC CÔNG DÂN CHÚNG EM DẠY ĐẠO ĐỨC	Cuộc sống học đường
tôi thấy rất mệt	TÔI MỆT	Cuộc sống thường nhật
mọi thứ đều hoạt động tốt đẹp cho đến vài giờ trước	GIỜ 1 VÀI TRƯỚC TẤT CẢ HOẠT ĐỘNG TỐT	Cuộc sống thường nhật
oh tôi thấy tôi nghĩ tôi thích một cái tự nhiên	TÔI HIỂU TÔI THÍCH KIỂU TỰ NHIÊN HƠN	Cuộc sống thường nhật
bây giờ tôi cần phải tìm một nhà hàng bạn có thể giúp tôi	BÂY GIỜ TÔI NHÀ HÀNG TÌM BẠN GIÚP TÔI	Du lịch
chuyến đi mất bao lâu	CHUYẾN ĐI MẤT BAO LÂU VẬY	Cuộc sống thường nhật
em muốn uống một lon 7up mát lạnh sau giờ học	EM LON 7 UP UỐNG MÁT LẠNH SAU GIỜ HỌC	Cuộc sống thường nhật
ông lão kiên nhẫn ngồi bên hồ để thả mồi câu cá	ÔNG LÃO NGỒI KIÊN NHẪN BÊN HỒ ĐỂ MỒI THẢ CÂU CÁ	Cuộc sống thường nhật
vâng tôi nghe thấy âm thanh	TÔI TIẾNG ĐÓ NGHE RỒI	Công việc
không thưa bà chỉ có một người ở phía trước bà thôi bà sẽ không phải đợi lâu đâu	KHÔNG BÀ PHÍA TRƯỚC NGƯỜI CÓ BÀ ĐỢI LÂU KHÔNG PHẢI	Cuộc sống thường nhật
sử dụng biện pháp tránh thai an toàn là rất quan trọng	BIỆN PHÁP GIẢI PHÁP TRÁNH THAI AN TOÀN SỬ DỤNG QUAN TRỌNG	Sức khỏe
chúc may mắn bố hy vọng con đến được	CHÚC MAY MẮN BỐ HI VỌNG CON ĐẾN ĐƯỢC	Công việc
bây giờ tôi quá mệt mỏi tôi đã làm việc thêm giờ 12 giờ	GIỜ TÔI MỆT LÀM TĂNG CA 12 TIẾNG LIỀN	Mối quan hệ
bạn có chiếc áo trong kích thước l	BẠN CHIẾC ÁO CỠ L CÓ KHÔNG	Cuộc sống thường nhật
chúng em luôn kính trọng những người thầy cô giáo của mình	CHÚNG EM KÍNH TRỌNG THẦY CÔ GIÁO CỦA MÌNH	Mối quan hệ
uống một ly sữa ấm trước khi đi ngủ sẽ giúp bạn ngon giấc	TRƯỚC KHI NGỦ LY SỮA ẤM 1 UỐNG BẠN GIẤC NGỦ TỐT	Sức khỏe
viết tên anh và ngày tháng lên một tờ giấy và đưa nó cho tôi	VIẾT TÊN BẠN NGÀY THÁNG VÀO TỜ GIẤY ĐƯA CHO TÔI	Cuộc sống học đường
không chúng ta đi bộ tại sao bạn cần chúng tôi mang một số thứ về nhà sau	KHÔNG CHÚNG TA ĐI BỘ BẠN CHÚNG TÔI CẦN MỘT SỐ THỨ MANG VỀ NHÀ SAU TẠI SAO	Mối quan hệ
không gian chùa chiền thật tĩnh lặng và vô cùng trang nghiêm	CHÙA CHIỀN KHÔNG GIAN TĨNH LẶNG VÀ TRANG NGHIÊM	Du lịch
mấy đứa trẻ đang chơi bắn hòn bi ngoài sân	MẤY ĐỨA TRẺ HÒN BI BẮN CHƠI NGOÀI SÂN	Cuộc sống thường nhật
anh ta đã phủ nhận mọi cáo buộc liên quan đến mình	ANH TA MỌI CÁO BUỘC LIÊN QUAN ĐẾN MÌNH NHẬN KHÔNG	Chính trị
hãy chăm sóc bản thân tạm biệt	CHĂM SÓC BẢN THÂN TẠM BIỆT	Mối quan hệ
con đường từ nhà đến trường hôm nay sao mà dài thế	HÔM NAY CON ĐƯỜNG TỪ NHÀ ĐẾN TRƯỜNG DÀI THẾ	Cuộc sống học đường
còn cà phê và trà thì sao	CÒN CÀ PHÊ TRÀ THÌ SAO	Cuộc sống thường nhật
hình ảnh con cò lặn lội gợi nhớ người nông dân	HÌNH ẢNH CON CÒ LẶN LỘI GỢI NHỚ NGHĨ ĐẾN NGƯỜI NÔNG DÂN	Văn hóa và Giáo dục
ôi im đi bạn	IM ĐI	Thái độ và Cảm xúc
tôi vô cùng kinh ngạc trước vẻ đẹp hùng vĩ của thiên nhiên	TÔI VÔ CÙNG KINH NGẠC TRƯỚC THIÊN NHIÊN HÙNG VĨ	Thái độ và Cảm xúc
lúc đó ổng mới 20 tuổi	LÚC ĐÓ ANH ẤY TUỔI 20	Mối quan hệ
xin vui lòng giúp tôi mang hành lý của tôi	BẠN GIÚP TÔI MANG VALY ĐƯỢC KHÔNG	Cuộc sống thường nhật
tất nhiên là tôi biết rồi	TÔI BIẾT	Sức khỏe
dạo này bận rộn quá	GẦN ĐÂY BẬN RỘN	Cuộc sống thường nhật
còn màn trình diễn thì sao	BUỔI BIỂU DIỄN THẾ NÀO	Cuộc sống thường nhật
đi bộ mỗi ngày giúp cho đôi chân thêm khỏe mạnh	ĐI BỘ MỖI NGÀY GIÚP ĐÔI CHÂN KHOẺ MẠNH	Sức khỏe
tôi sẽ không thể làm được nếu không có sự giúp đỡ của anh	TÔI KHÔNG LÀM ĐƯỢC NẾU KHÔNG CÓ ANH GIÚP	Công việc
bạn sẽ làm gì nếu không có tôi	KHÔNG CÓ TÔI NẾU BẠN LÀM GÌ ĐỊNH	Cuộc sống thường nhật
nhìn trăng tròn tuyệt đẹp kìa	TRĂNG TRÒN NHÌN TUYỆT ĐẸP	Cuộc sống thường nhật
tôi xin lỗi xin chào tất cả mọi người	XIN LỖI MỌI NGƯỜI CHÀO	Cuộc sống thường nhật
bạn sẽ để tôi làm gì bây giờ	ANH TÔI LÀM GÌ MUỐN GIỜ	Cuộc sống thường nhật
tôi ổn chiều nay tôi sẽ đi bơi bạn có đi với tôi không	TÔI ỔN CHIỀU NAY TÔI ĐI BƠI BẠN ĐI VỚI TÔI CÓ KHÔNG	Mối quan hệ
cô ấy đã nghẹn ngào không nói nên lời vì quá xúc động	CÔ ẤY NGHẸN NGÀO NÓI KHÔNG VÌ XÚC ĐỘNG	Thái độ và Cảm xúc
rất tốt bạn muốn ngôi nhà trong bao lâu tất cả mùa hè	TỐT BẠN NGÔI NHÀ THỜI GIAN MUỐN BAO NHIÊU MÙA HÈ TẤT CẢ	Cuộc sống thường nhật
chào mừng đến với đội của chúng tôi	CHÀO MỪNG ĐẾN VỚI ĐỘI CỦA CHÚNG TÔI	Tài chính
sao bạn có thể chắc chắn như vậy	BẠN CHẮC CHẮN SAO	Mối quan hệ
vâng ông ấy đang ở trong văn phòng	TRONG VĂN PHÒNG	Công việc
bạn chúng ta hãy đi nghỉ mát	CHÚNG TA ĐI DU LỊCH HÃY	Mối quan hệ
vâng tôi rất mong chờ điều đó	Ừ TÔI ĐIỀU ĐÓ MONG CHỜ RẤT	Mối quan hệ
bạn có thể đóng gói những thứ bên trên được không 	BẠN ĐỒ VẬT BÊN TRÊN ĐÓNG GÓI ĐƯỢC KHÔNG	Cuộc sống thường nhật
tôi có thể tặng cô ấy một món quà bất ngờ	TÔI CÔ ẤY TẶNG CHO MÓN QUÀ BẤT NGỜ	Cuộc sống thường nhật
tuyệt vời bạn có thể vui lòng tắm cho họ sau	TUYỆT VỜI BẠN TẮM CHO HỌ SAU CÓ THỂ	Mối quan hệ
được rồi còn những vị khách khác thì sao	ĐƯỢC RỒI KHÁCH KHÁC THÌ SAO	Cuộc sống thường nhật
nông trại này rộng đến vài chục hécta đất canh tác	NÔNG TRẠI NÀY RỘNG ĐẤT TRỒNG VÀI CHỤC HÉC TA	Công việc
tối nay anh có muốn ra ngoài ăn tối không	TỐI NAY ANH ĂN TỐI RA NGOÀI MUỐN KHÔNG	Mối quan hệ
có hình như nó được làm theo yêu cầu	CÓ NÓ YÊU CẦU LÀM THEO	Cuộc sống thường nhật
cho tôi biết chuyện đó xảy ra ở đâu và như thế nào	CHO TÔI BIẾT XẢY RA Ở ĐÂU NHƯ THẾ NÀO	Chính trị
chiếc váy màu đỏ khiến cô ấy thật nổi bật giữa đám đông	CHIẾC VÁY MÀU ĐỎ CÔ ẤY NỔI BẬT GIỮA ĐÁM ĐÔNG	Cuộc sống thường nhật
tôi thích sách lịch sử	SÁCH LỊCH SỬ ĐỌC THÍCH	Mối quan hệ
cơn gió lào khô nóng thổi về làm không khí thêm oi bức	CƠN GIÓ LÀO THỔI MANG KHÔ NÓNG VỀ LÀM KHÔNG KHÍ THÊM OI BỨC NÓNG	Du lịch
tôi cũng thích phim lãng mạn và hài kịch rất nhiều	TÔI PHIM LÃNG MẠN VÀ KỊCH CƯỜI THÍCH RẤT NHIỀU	Mối quan hệ
chào buổi sáng tôi có thể gặp ông jackson không	CHÀO BUỔI SÁNG TÔI GẶP BẠN CÓ THỂ KHÔNG	Công việc
15 đô la được không	ĐÔ LA 15 ĐƯỢC KHÔNG	Cuộc sống thường nhật
vâng đó là một bộ phim tài liệu thú vị	ĐÚNG PHIM TÀI LIỆU ĐÓ THÚ VỊ	Tài chính
món ăn trung quốc yêu thích của bạn là gì	MÓN ĂN TRUNG QUỐC YÊU THÍCH CỦA BẠN LÀ GÌ	Cuộc sống thường nhật
bạn nên loại bỏ những suy nghĩ tiêu cực ra khỏi đầu	BẠN ĐẦU NHỮNG SUY NGHĨ TIÊU CỰC LOẠI BỎ	Thái độ và Cảm xúc
tôi cần anh giúp tôi chuẩn bị bài thuyết trình vào sáng thứ năm	TÔI SÁNG THỨ NĂM BÀI THUYẾT TRÌNH CHUẨN BỊ ANH GIÚP CẦN	Công việc
tôi hy vọng tôi sẽ gặp cô ấy sớm	TÔI HY VỌNG GẶP CÔ ẤY SỚM	Mối quan hệ
bỏ phiếu rất dễ dàng	BẦU CỬ DỄ MÀ	Chính trị
lựu đạn là một loại vũ khí quân sự có sức sát thương	LỰU ĐẠN LÀ VŨ KHÍ QUÂN SỰ TÍNH SÁT THƯƠNG CÓ	Chính trị
tỉnh đồng nai có nhiều khu công nghiệp rất lớn	TỈNH ĐỒNG NAI KHU CÔNG NGHIỆP RẤT LỚN CÓ NHIỀU	Công việc
rót thêm	RÓT THÊM	Cuộc sống thường nhật
cô vũ công uyển chuyển biểu diễn trên sân khấu lớn	CÔ VŨ CÔNG NGƯỜI MÚA SÂN KHẤU LỚN BIỂU DIỄN UYỂN CHUYỂN NHẸ NHÀNG	Công việc
mẹ tôi thường dùng rau bắp cải để muối dưa chua	MẸ TÔI RAU BẮP CẢI DÙNG ĐỂ MUỐI DƯA CHUA	Cuộc sống thường nhật
tôi tìm thấy vài cái quần	TÔI TÌM THẤY VÀI QUẦN	Cuộc sống thường nhật
bác sĩ yécxanh đã có công lớn với y học việt nam	BÁC SĨ Y ÉC XANH VỚI Y HỌC VIỆT NAM CÔNG LỚN CÓ	Văn hóa và Giáo dục
bạn thích môn thể thao nào nhất	BẠN MÔN THỂ THAO NÀO THÍCH NHẤT	Công việc
đây là những chiếc bánh quy chúng ta sẽ chia sẻ với nhau	ĐÂY NHỮNG BÁNH QUY CHÚNG TA CHIA SẺ VỚI	Cuộc sống thường nhật
món phở cuốn là đặc sản nổi tiếng của hà nội	HÀ NỘ MÓN PHỞ CUỐN ĐẶC SẢN NỔI TIẾNG	Văn hóa và Giáo dục
bạn có vui lòng gửi thư đến việt nam không	BẠN GỬI THƯ ĐẾN VIỆT NAM CÓ KHÔNG	Du lịch
tuyệt vời giờ chúng ta cần thêm sữa nhưng sữa đâu rồi	TUYỆT BÂY GIỜ CHÚNG TA SỮA THÊM NHƯNG SỮA Ở ĐÂU	Cuộc sống thường nhật
đêm nay là một đêm tiệc tùng bạn nghĩ chúng ta cần đồ uống gì	TỐI NAY ĐÊM TIỆC THEO BẠN TÔI CHUẨN BỊ ĐỒ UỐNG GÌ	Cuộc sống thường nhật
cô thật tốt nhưng nếu tôi không đi bây giờ tôi sẽ lỡ chuyến xe cuối cùng	CÔ TỐT NHƯNG TÔI KHÔNG ĐI NGAY TÔI LỠ CHUYẾN XE CUỐI	Mối quan hệ
chúng ta đang nói về chương trình an toàn nào	CHÚNG TA NÓI CHƯƠNG TRÌNH AN TOÀN NÀO	Cuộc sống thường nhật
nam rất yêu thích và học giỏi môn kĩ thuật	NAM MÔN KĨ THUẬT YÊU THÍCH VÀ HỌC GIỎI	Cuộc sống học đường
được rồi và bạn có muốn tách các hóa đơn hay chỉ một tờ không	ANH MUỐN HÓA ĐƠN TÁCH HAY GỘP	Cuộc sống thường nhật
những làn điệu dân ca quan họ bắc ninh làm say đắm lòng người	LÀN ĐIỆU TIẾNG HÁT DÂN CA BẮC NINH HAY MỌI NGƯỜI SAY MÊ	Văn hóa và Giáo dục
cửa hàng chúng tôi mở cửa phục vụ khách hàng từ tám giờ sáng	ĐỂ THAM QUAN CHỢ NỔI CÁI RĂNG DU KHÁCH CÁI BÈ THUYỀN NGỒI	Công việc
thật dễ chịu sau thời tiết xấu mà chúng ta đã trải qua	DỄ CHỊU QUÁ KHI THỜI TIẾT XẤU XONG RỒI	Mối quan hệ
cảm ơn bạn bạn đã nhận được hồ sơ của tôi	CẢM ƠN HỒ SƠ CỦA TÔI BẠN NHẬN CHƯA	Công việc
oh đến giờ ăn trưa rồi	GIỜ ĂN TRƯA RỒI À	Cuộc sống thường nhật
chiếc đèn dầu toả ra ánh sáng vàng âm áp	CHIẾC ĐÈN DẦU ÁNH SÁNG VÀNG ẤM ÁP TOẢ RA	Cuộc sống thường nhật
chúng tôi có buổi họp nhóm để phân công bài tập lớn	CHÚNG TÔI BUỔI HỌP NHÓM CÓ BÀI TẬP LỚN PHÂN CÔNG	Cuộc sống học đường
60 phút bằng 1 giờ	PHÚT 60 BẰNG GIỜ 1	Sức khỏe
người đó rất hào hứng	NGƯỜI ĐÓ HÀO HỨNG	Thái độ và Cảm xúc
tôi thấy tôi có thể làm gì bây giờ	RA VẬY GIỜ TÔI LÀM GÌ NÊN	Công việc
đây là phòng kế toán à	ĐÂY PHÒNG KẾ TOÁN PHẢI KHÔNG	Công việc
đó là nước hoa của tôi	ĐÓ NƯỚC HOA CỦA TÔI	Cuộc sống thường nhật
cây nỏ là vũ khí săn bắn của người dân tộc thiểu số	CÂY NỎ VŨ KHÍ SĂN BẮN NGƯỜI DÂN TỘC THIỂU SỐ ÍT NGƯỜI	Văn hóa và Giáo dục
vài ngày nữa hãy quay lại và xem cô ấy cảm thấy thế nào	3 NGÀY QUAY LẠI XEM CÔ ẤY CẢM THẤY THẾ NÀO	Sức khỏe
cảm ơn không có gì khác hôm nay	HÔM NAY KHÔNG CÓ GÌ	Cuộc sống thường nhật
vâng đây là những ghi chú	VÂNG GHI CHÚ ĐÂY	Cuộc sống học đường
cô giáo nhắc nhở chúng em làm bài tập về nhà đầy đủ	CÔ GIÁO NHẮC NHỞ CHÚNG EM BÀI TẬP VỀ NHÀ LÀM ĐẦY ĐỦ	Cuộc sống học đường
còn cái màu nâu này thì sao	MÀU NÂU NÀY SAO	Cuộc sống thường nhật
văn hóa phương tây có nhiều điểm khác biệt so với phương đông	PHƯƠNG TÂY PHÍA TÂY PHƯƠNG ĐÔNG PHÍA ĐÔNG VĂN HOÁ KHÁC BIỆT CÓ NHIỀU	Văn hóa và Giáo dục
vâng đó là một ý tưởng tuyệt vời	VÂNG Ý TƯỞNG TUYỆT VỜI	Cuộc sống thường nhật
lần này anh viện cớ gì	LẦN NÀY ANH LẠI VIỆN CỚ GÌ	Cuộc sống học đường
tôi thà giặt đồ còn hơn	TÔI GIẶT ĐỒ THÍCH HƠN	Cuộc sống thường nhật
bạn lại đi chơi nữa à	BẠN LẠI ĐI CHƠI	Cuộc sống thường nhật
con vượn chuyền cành nhanh thoăn thoắt trong khu rừng rậm	CON VƯỢN CÀNH CHUYỀN NHANH TRONG RỪNG RẬM	Văn hóa và Giáo dục
tại sao bạn không muốn ra ngoài	BẠN RA NGOÀI MUỐN KHÔNG TẠI SAO	Mối quan hệ
tuyết rơi rất nhiều bạn đi dạo với tôi không 	TUYẾT RƠI RẤT NHIỀU BẠN TÔI ĐI DẠO VỚI CÓ KHÔNG	Mối quan hệ
cuối tuần này tôi sẽ đi gặp bác sĩ	CUỐI TUẦN NÀY TÔI BÁC SĨ GẶP	Mối quan hệ
cả ngày bố tôi phải làm việc vất vả	CẢ NGÀY BỐ TÔI LÀM VIÊC VẤT VẢ	Công việc
tôi sẽ làm bánh	TÔI BÁNH LÀM	Cuộc sống thường nhật
vẫn chưa bạn có thể chọn giúp tôi một số con gà	CHƯA BẠN GIÚP TÔI CHỌN CON GÀ ĐƯỢC KHÔNG	Cuộc sống thường nhật
bạn phụ trách loại công việc nào ở công ty trước	CÔNG TY TRƯỚC BẠN PHỤ TRÁCH CÔNG VIỆC GÌ	Công việc
xin mời ăn ở đây	ĂN Ở ĐÂY XIN MỜI	Cuộc sống thường nhật
bạn có một triệu cho năm	BẠN MỘT TRIỆU CHO NĂM CÓ	Cuộc sống thường nhật
học tốt tiếng anh mở ra nhiều cơ hội trong tương lai	TIẾNG ANH HỌC TỐT CƠ HỘI MỞ NHIỀU TRONG TƯƠNG LAI	Văn hóa và Giáo dục
ông bà rất tự hào về người con trai hiếu thảo của mình	ÔNG BÀ TỰ HÀO NGƯỜI CON TRAI KÍNH YÊU	Mối quan hệ
tôi không biết nhưng tôi nghĩ rằng nó giúp mọi người thư giãn	TÔI KHÔNG BIẾT NHƯNG TÔI NGHĨ NÓ GIÚP MỌI NGƯỜI THƯ GIÃN	Mối quan hệ
đưa tôi đủ tiền mua váy được không	TÔI TIỀN ĐỦ MUA VÁY ĐƯA ĐƯỢC KHÔNG	Cuộc sống thường nhật
tôi đã làm rồi nhưng vị hôn thê của tôi có một dự án quan trọng	TÔI LÀM RỒI NHƯNG VỢ CỦA TÔI DỰ ÁN QUAN TRỌNG CÓ	Mối quan hệ
11 giờ được không	GIỜ 11 OK	Mối quan hệ
được rồi tôi đến đây	TÔI ĐẾN BÂY GIỜ	Du lịch
tôi có thể ngắt lời anh một chút được không	TÔI CẮT LỜI ANH MỘT CHÚT ĐƯỢC KHÔNG	Công việc
tôi muốn mua một túi khăn giấy và kem đánh giày	TÔI KHĂN GIẤY 1 XI ĐÁNH GIÀY MUA MUỐN	Cuộc sống thường nhật
tôi tin là anh vẫn khỏe chứ	TÔI TIN ANH KHỎE CHỨ	Mối quan hệ
giờ tôi không ngủ được	BÂY GIỜ TÔI NGỦ KHÔNG ĐƯỢC	Cuộc sống thường nhật
tại sao lại có chữ thập đỏ ở đó	CHỮ THẬP ĐỎ Ở ĐÓ CÓ TẠI SAO	Cuộc sống thường nhật
tôi hiểu rồi tôi nên nói gì với ông morley đây	TÔI HIỂU RỒI TÔI ÔNG ẤY NÓI GÌ	Công việc
anh ấy làm việc tại tòa soạn của một tờ báo lớn	ANH ẤY LÀM VIỆC TẠI TOÀ SOẠN VĂN PHÒNG CỦA TOÀ BÁO LỚN	Công việc
nhìn này tôi phải đi và nói lời chào với ai đó tôi sẽ quay lại ngay	TÔI ĐI CHÀO MỌI NGƯỜI XONG QUAY LẠI NGAY	Mối quan hệ
xin lỗi thưa bà hiện tại chúng tôi không có chỗ trống	XIN LỖI BÀ CHÚNG TÔI HIỆN NAY CHỖ TRỐNG KHÔNG CÓ CHƯA	Du lịch
tuyệt em nghĩ anh sẽ làm thu ngân tốt đấy	TUYỆT EM NGHĨ ANH THU NGÂN LÀM TỐT	Công việc
tôi thích nằm trên chiếc giường êm ái của mình đọc sách	TÔI CHIẾC GIƯỜNG ÊM ÁI NẰM THÍCH ĐỂ ĐỌC SÁCH	Cuộc sống thường nhật
sau đó tôi sẽ đi cùng bạn vào bếp để giúp bạn nấu súp	SAU ĐÓ TÔI BẠN BẾP ĐI VÀO SÚP NẤU GIÚP	Cuộc sống thường nhật
xin lỗi thưa cô thông báo đã nói gì	THÔNG BÁO NÓI GÌ	Cuộc sống thường nhật
vâng một phòng đơn cho ngày 28 tháng 3	VÂNG PHÒNG ĐƠN MỘT NGÀY 28 THÁNG 3 CHO NHÉ	Du lịch
sự hy sinh thầm lặng của họ là một hành động vô cùng cao quý	HỌ SỰ HI SINH THẦM LẶNG LÀ HÀNH ĐỘNG CAO QUÝ	Thái độ và Cảm xúc
okchúng tôi chờ đợi bạn	CHÚNG TÔI CHỜ BẠN	Du lịch
tổ quạ của tôi đẹp quá	TỔ QUẠ CỦA MÌNH ĐẸP	Cuộc sống thường nhật
tốt vậy chính xác là ở đâu	TỐT CHÍNH XÁC Ở ĐÂU	Du lịch
vâng tôi đang tìm một chiếc váy màu xanh lá cây	TÔI VÁY MÀU XANH LÁ CÂY TÌM	Cuộc sống thường nhật
mấy giờ văn phòng đóng cửa	VĂN PHÒNG ĐÓNG CỬA GIỜ MẤY	Công việc
mọi người có kết hôn sớm không	MỌI NGƯỜI KẾT HÔN SỚM CÓ KHÔNG	Mối quan hệ
thật sao các công ty làm điều đó để làm gì	THẬT CÁC CÔNG TY LÀM ĐIỀU ĐÓ ĐỂ LÀM GÌ	Mối quan hệ
bạn học lớp mấy	BẠN HỌC LỚP MẤY	Cuộc sống học đường
bạn có muốn một phòng hút thuốc hoặc không thuốc lá	BẠN MUỐN PHÒNG HÚT THUỐC HAY KHÔNG HÚT THUỐC	Du lịch
cảm ơn bạn má của bạn đỏ như cà chua bạn có nhút nhát không	CẢM ƠN BẠN MÁ CỦA BẠN ĐỎ NHƯ CÀ CHUA BẠN NHÚT NHÁT CÓ KHÔNG	Mối quan hệ
rõ ràng là anh rất thích buổi hòa nhạc	ANH BUỔI HÒA NHẠC ĐÓ THÍCH RÕ RÀNG	Mối quan hệ
bạn muốn ăn gì trên món salad	BẠN SALAD CHO GÌ	Mối quan hệ
tôi nghĩ anh ta ở quanh đây bạn có thể chậm lại không ah anh ấy đây rồi	TÔI NGHĨ ANH ẤY GẦN BẠN ĐI CHẬM	Cuộc sống thường nhật
có vẻ tuyệt vời đấy	TUYỆT VỜI	Cuộc sống thường nhật
tôi có thể mua vài chiếc sườn ở cửa hàng này được không	CỬA HÀNG NÀY TÔI SƯỜN MUA ĐƯỢC KHÔNG	Tài chính
này anh ấy đang cầm gì vậy	NÀY ANH ẤY CẦM GÌ	Mối quan hệ
bạn sẽ đến hồ gươm phải không 	BẠN ĐẾN HỒ GƯƠM PHẢI KHÔNG	Cuộc sống thường nhật
cơn bão có sức tàn phá huỷ diệt mọi thứ trên đường đi	TRÊN ĐƯỜNG ĐI CƠN BÃO MỌI THỨ TÀN PHÁ HUỶ DIỆT	Cuộc sống thường nhật
bạn sẽ đi đâu cho kỳ nghỉ của bạn trong năm nay	NĂM NAY BẠN KỲ NGHỈ ĐI ĐÂU	Mối quan hệ
niềm vui của tôi khăn trà này hơi rách rưới bạn có một cái khác không	GÌ KHÔNG CÓ KHĂN LAU NÀY HƠI CŨ BẠN CÁI KHÁC CÓ	Cuộc sống thường nhật
môn văn giúp chúng ta bồi dưỡng tâm hồn và cảm xúc	MÔN VĂN CHÚNG TA TÂM HỒN CẢM XÚC NUÔI DƯỠNG	Cuộc sống học đường
cái này có mấy màu	CÁI NÀY MÀU MẤY	Cuộc sống thường nhật
chắc chắn rồi bạn cũng là người mới hả	CHẮC CHẮN RỒI BẠN NGƯỜI MỚI CŨNG	Mối quan hệ
tôi về nhà ăn trưa	TÔI TRƯA ĂN VỀ NHÀ	Cuộc sống thường nhật
có hai quả trên đĩa này	ĐĨA NÀY 2 CÓ	Cuộc sống thường nhật
bông hoa hồng này có rất nhiều gai sắc nhọn	BÔNG HOA HỒNG NÀY GAI SẮC NHỌN CÓ NHIỀU	Cuộc sống thường nhật
không họ có đánh nhau nữa không	HỌ ĐÁNH NHAU CÒN KHÔNG	Mối quan hệ
tôi không chuẩn bị nó nhưng nếu bạn muốn tôi có thể nấu một số bạn muốn ăn súp gì	TÔI NÓ CHUẨN BỊ KHÔNG NHƯNG NẾU BẠN MUỐN TÔI NẤU ÍT CÓ THỂ BẠN SÚP MUỐN ĂN GÌ	Cuộc sống thường nhật
giáo dục giúp hình thành nhân cách tốt đẹp cho mỗi con người chúng ta	GIÁO DỤC GIÚP ĐẠO ĐỨC MỖI NGƯỜI TỐT HƠN	Văn hóa và Giáo dục
hàng năm miền trung việt nam chịu nhiều cơn bão	HÀNG NĂM MIỀN TRUNG VIỆT NAM BÃO CÓ NHIỀU	Công việc
cô ấy có một nốt ruồi duyên ở gần khóe miệng	CÔ ẤY NỐT RUỒI DUYÊN 1 GẦN KHOÉ MIỆNG CÓ	Sức khỏe
bạn là một cô gái thông minh	BẠN CÔ GÁI THÔNG MINH	Cuộc sống học đường
cảm ơn tôi sẽ trả tiền sau	TÔI THANH TOÁN SAU	Cuộc sống thường nhật
căn hộ mới của chúng tôi có đầy đủ tiện nghi hiện đại	CĂN HỘ MỚI CỦA CHÚNG TÔI ĐỒ DÙNG HIỆN ĐẠI ĐẦY ĐỦ	Cuộc sống thường nhật
nó màu xanh lá cây hãy lên lầu và xem nó	NÓ MÀU XANH LÁ CÂY LẦU LÊN XEM	Cuộc sống thường nhật
tôi xin lỗi nhưng tôi chưa bao giờ làm điều này trước đây bao nhiêu lần rồi	TÔI XIN LỖI NHƯNG TÔI LÀM THẾ NÀY TRƯỚC ĐÂY CHƯA BAO GIỜ	Du lịch
tất cả họ dừng lại ở góc này	TẤT CẢ HỌ DỪNG LẠI Ở GÓC NÀY	Cuộc sống thường nhật
nhân viên nhà hàng đang phục vụ đồ ăn cho thực khách	NHÀ HÀNG NHÂN VIÊN ĐỒ ĂN PHỤC VỤ CHO KHÁCH HÀNG	Công việc
tôi sẽ cần thêm thịt bò nạc	TÔI THỊT BÒ NẠC THÊM ÍT CẦN	Cuộc sống thường nhật
sẽ không lâu cho đến khi thức ăn của bạn được giao tôi biết bạn sẽ thích nó	THỨC ĂN MANG RA SỚM TÔI TIN BẠN THÍCH	Du lịch
tôi xin lỗi đã làm phiền anh nhưng tôi muốn hỏi khi nào tôi sẽ được tăng lương	TÔI XIN LỖI VÌ LÀM PHIỀN BẠN NHƯNG TÔI HỎI LƯƠNG TĂNG KHI NÀO	Công việc
bố tôi dùng rìu chặt củi để chuẩn bị cho mùa đông	BỐ TÔI RÌU DÙNG CHẶT CỦI ĐỂ CHUẨN BỊ MÙA ĐÔNG	Cuộc sống thường nhật
tôi cũng vậy họ là một cặp vợ chồng tốt	TÔI CŨNG VẬY HỌ CẶP VỢ CHỒNG TỐT	Mối quan hệ
ok tôi sẽ đi kiểm tra xem sao	TÔI ĐI KIỂM TRA THỬ	Công việc
một hamburger phô mai và một phần khoai tây chiên sẽ rất tuyệt	MỘT HAMBURGER PHÔ MAI VÀ MỘT KHOAI TÂY CHIÊN PHẦN ỔN RỒI	Cuộc sống thường nhật
cô ấy luôn giữ gìn bộ móng tay của mình sạch sẽ	CÔ ẤY BỘ MÓNG TAY GIỮ GÌN SẠCH SẼ	Cuộc sống thường nhật
tôi rất thân thiết với người chị họ sống ở quê ngoại	TÔI CHỊ HỌ THÂN THIẾT SỐNG Ở QUÊ NGOẠI	Mối quan hệ
bạn luyện tập như thế nào	BẠN TẬP LUYỆN KIỂU GÌ	Văn hóa và Giáo dục
công viên là nơi chốn lý tưởng cho các buổi dã ngoại	CÔNG VIÊN LÀ ĐỊA ĐIỂM DÃ NGOẠI TUYỆT VỜI	Du lịch
bé mai đang tập viết những chữ cái đầu tiên trong quyển vở mới	BÉ MAI QUYỂN VỞ MỚI CHỮ CÁI ĐẦU TIÊN TẬP VIẾT	Cuộc sống học đường
hôm nay chúng em học cách chuyển đổi hỗn số thành phân số	HÔM NAY CHÚNG EM HỖN SỐ PHÂN SỐ ĐỔI HỌC	Cuộc sống học đường
ồ cái này đẹp và nhẹ nhưng nó có một tay cầm bằng nhôm	Ồ CÁI NÀY ĐẸP NHẸ THẬT NHƯNG TAY CẦM NÓ BẰNG NHÔM	Cuộc sống thường nhật
tôi không biết tôi có thể mua đồ ăn ở đây không	TÔI KHÔNG BIẾT TÔI ĐỒ ĂN MUA ĐƯỢC KHÔNG	Tài chính
ồ chúng tôi vừa sơn lại chiếc xe của mình nó màu đỏ	CHÚNG TÔI XE SƠN LẠI VỪA MÀU ĐỎ	Cuộc sống thường nhật
tôi thích ở lại đây	TÔI Ở ĐÂY THÍCH	Mối quan hệ
sao bạn lại bi quan vậy	BẠN BI QUAN TẠI SAO	Cuộc sống học đường
tôi hy vọng sẽ không có những điều như vậy	TÔI HY VỌNG NHỮNG KHÔNG CÓ	Công việc
ok bạn có nghĩ rằng tôi có thể chơi bóng đá vào ngày mai	BẠN NGHĨ TÔI CHƠI BÓNG ĐÁ VÀO NGÀY MAI	Sức khỏe
ừ đến giờ ăn nhẹ chưa	ĂN NHẸ GIỜ ĐẾN CHƯA	Cuộc sống thường nhật
cô ấy cao bao nhiêu	CÔ ẤY CAO BAO NHIÊU	Mối quan hệ
không tôi sẽ không để bạn đi xe đạp vào ban đêm	TÔI BẠN XE ĐẠP ĐI BAN ĐÊM ĐỂ KHÔNG ĐƯỢC KHÔNG	Mối quan hệ
tôi có thể thử những loại thuốc nào	THUỐC NÀO THỬ CÓ THỂ	Sức khỏe
tôi đang tìm một tủ sách nhưng tôi không muốn mua một cái mới	TÔI MUA MỚI MUỐN KHÔNG TÔI TỦ SÁCH CŨ TÌM	Cuộc sống thường nhật
cái này ở đây	CÁI NÀY Ở ĐÂY	Cuộc sống thường nhật
nghe thật cảm động	CẢM ĐỘNG QUÁ	Mối quan hệ
khi nào bạn sẽ tăng lương cho tôi	KHI NÀO ANH LƯƠNG TÔI TĂNG	Công việc
ngay bây giờ chúng ta cần một chiếc khăn	NGAY BÂY GIỜ CHÚNG TA CHIẾC KHĂN MỘT CẦN	Cuộc sống thường nhật
đứa bé năn nỉ mẹ mua cho món đồ chơi mới	ĐỨA BÉ NĂN NỈ MẸ ĐỒ CHƠI MỚI MUA	Mối quan hệ
giám đốc đã ủy quyền cho cấp dưới giải quyết việc này	GIÁM ĐỐC UỶ QUYỀN GIAO NHIỆM VỤ CHO CẤP DƯỚI VIỆC NÀY GIẢI QUYẾT	Công việc
chúng ta chỉ cần nước và chất tẩy rửa	CHÚNG TA NƯỚC CHẤT TẨY RỬA CẦN	Cuộc sống thường nhật
bệnh nhân cần nghỉ ngơi sau ca phẫu thuật mắt thành công	SAU CA PHẪU THUẬT MẮT THÀNH CÔNG BỆNH NHÂN NGHỈ NGỜI CẦN	Sức khỏe
có chuyện gì với nó vậy	NÓ CÓ CHUYỆN GÌ	Tài chính
không khí thật trong lành và sạch sẽ	KHÔNG KHÍ MÁT MẺ VÀ SẠCH THẬT	Mối quan hệ
oh thực sự bạn đã làm gì	THẬT À BẠN LÀM GÌ RỒI	Mối quan hệ
nhà của bạn có xe hơi không	NHÀ CỦA BẠN XE HƠI CÓ KHÔNG	Cuộc sống thường nhật
xin lôi tôi quên tên bạn rồi	XIN LỖI TÔI TÊN BẠN QUÊN RỒI	Mối quan hệ
con nhím xù lông lên để tự vệ khi gặp nguy hiểm	CON NHÍM XÙ LÔNG LÔNG DỰNG LÊN ĐỂ TỰ VỆ BẢO VỆ KHI NGUY HIỂM GẶP	Cuộc sống thường nhật
tôi không quan tâm đến màu sắc	TÔI MÀU SẮC QUAN TÂM KHÔNG	Cuộc sống thường nhật
cuối cùng vào cuối cuộc phỏng vấn hãy gửi lời cảm ơn đến người phỏng vấn một lần nữa	KHI PHỎNG VẤN KẾT THÚC GỬI LỜI CẢM ƠN ĐẾN NGƯỜI PHỎNG VẤN MỘT LẦN THÊM HÃY	Công việc
có đi lại có dễ dàng không	CÓ ĐI LẠI DỄ CÓ KHÔNG	Du lịch
bà hái cho cháu một chùm khế ngọt lịm ở sau vườn	BÀ CHÙM KHẾ NGỌT Ở VƯỜN HÁI CHO CHÁU	Cuộc sống thường nhật
bạn ấy đang gọi đấy	BẠN ẤY GỌI	Công việc
họ là cha mẹ của bạn họ làm nghề gì	HỌ CHA MẸ CỦA BẠN HỌ LÀM GÌ	Mối quan hệ
đúng vậy tôi cũng có thể giảm vài cân	ĐÚNG VẬY TÔI 3 CÂN GIẢM CŨNG	Cuộc sống thường nhật
giờ ra chơi chúng em thường tụ tập chơi các trò chơi dân gian	GIỜ RA CHƠI CHÚNG EM TRÒ DÂN GIAN TỤ TẬP CHƠI	Cuộc sống học đường
trẻ em cần đủ vitamin d để phòng bệnh còi xương	TRẺ EM VITAMIN D ĐỦ BỆNH CÒI XƯƠNG CẦN	Sức khỏe
bạn có bệnh không	BẠN BỆNH CÓ KHÔNG	Cuộc sống thường nhật
tôi có thể làm điều đó ngay bây giờ không	TÔI ĐÓ LÀM NGAY BÂY GIỜ KHÔNG	Cuộc sống thường nhật
cầu vồng đó giống như trong ảnh của bạn	CẦU VỒNG ĐÓ ẢNH CỦA BẠN GIỐNG	Cuộc sống thường nhật
bạn phải suy nghĩ kỹ trước khi đưa ra chọn lựa cuối cùng	BẠN SUY NGHĨ KỸ TRƯỚC KHI LỰA CHỌN CUỐI CÙNG ĐƯA RA	Thái độ và Cảm xúc
vậy thì sao chúng ta không thử quan sát một số trẻ em đi cắm trại và xem chúng làm gì nhỉ	CHÚNG TA THỬ XEM TRẺ EM CẮM TRẠI LÀM GÌ ĐƯỢC KHÔNG	Du lịch
chúng ta nên cảm thông và giúp đỡ những người ăn xin cơ nhỡ	CHÚNG TA NÊN CẢM THÔNG THẤU HIỂU GIÚP ĐỠ NHỮNG NGƯỜI ĂN XIN	Cuộc sống thường nhật
những đóa hoa phượng nở đỏ rực rỡ cả một góc sân trường	GÓC SÂN TRƯỜNG HOA PHƯỢNG ĐỎ RỰC NỞ	Cuộc sống học đường
bạn có thích nơi này không	BẠN NƠI NÀY THÍCH KHÔNG	Mối quan hệ
một trong hai là ok	CÁI NÀO CŨNG ĐƯỢC	Công việc
bạn đã nghe ai được bầu chưa	BẠN AI ĐƯỢC BẦU NGHE CHƯA	Chính trị
nơi nào tốt hơn ở đây hay hải phòng 	Ở ĐÂY HAY HẢI PHÒNG TỐT HƠN NƠI NÀO	Văn hóa và Giáo dục
không tôi đang định thức dậy	TÔI DẬY ĐỊNH VỪA	Cuộc sống thường nhật
ồ đó là món tôi thích bao nhiêu	ĐÓ MÓN TÔI THÍCH BAO NHIÊU	Cuộc sống thường nhật
tôi có ít xì gà	TÔI XÌ GÀ VÀI ĐIẾU CÒN	Du lịch
được rồi tôi sẽ đón anh lúc 8 giờ	TÔI 8 GIỜ ĐÓN ANH SẼ ĐƯỢC NHÉ	Mối quan hệ
chúng tôi có thể xem danh sách rượu vang không	CHÚNG TÔI DANH SÁCH RƯỢU VANG XEM CÓ THỂ KHÔNG	Cuộc sống thường nhật
những con cừu đang gặm cỏ trên thảo nguyên xanh mướt	TRÊN THẢO NGUYÊN ĐỒNG CỎ XANH MƯỚT NHỮNG CON CỪU ĐANG GẶM CỎ ĐANG ĂN CỎ	Du lịch
canh rong biển là một món ăn bổ dưỡng và tốt cho sức khỏe	CANH RONG BIỂN MÓN ĂN BỔ DƯỠNG 1 VÀ SỨC KHOẺ TỐT	Sức khỏe
vì vậy giá là tốt	GIÁ TỐT ĐÚNG KHÔNG	Tài chính
bạn phải biết giờ làm việc của chúng tôi rất dài và làm thêm giờ thường xuyên	BẠN BIẾT GIỜ LÀM VIỆC CỦA CHÚNG TÔI DÀI VÀ LÀM THÊM THƯỜNG XUYÊN	Công việc
tôi không có thời gian để xem qua bạncó mang theo một bản sao khác không	TÔI THỜI GIAN XEM KHÔNG CÓ BẠN MANG THEO BẢN SAO KHÁC CÓ KHÔNG	Công việc
em bé đang chập chững tập đi những bước chân đầu tiên	EM BÉ NHỮNG BƯỚC CHÂN ĐẦU TIÊN TẬP ĐI CHẬP CHỮNG	Cuộc sống thường nhật
bạn đã nâng tạ bao lâu rồi	BẠN TẬP TẠ BAO LÂU	Cuộc sống thường nhật
chúng ta cần một cốc bột trong bát	CHÚNG TA CỐC BỘT MỘT BÁT TRONG	Cuộc sống thường nhật
những cây mía ngoài đồng đang vào mùa thu hoạch rất ngọt	NGOÀI ĐỒNG NHỮNG CÂY MÍA MÙA THU HOẠCH RẤT NGỌT	Cuộc sống thường nhật
hãy cẩn thận tom chúng khá nặng	CẨN THẬN CHÚNG NẶNG KHÁ	Mối quan hệ
nghe có vẻ thú vị bạn đã tham gia vào bất kỳ bí ẩn nào chưa	NGHE THÚ VỊ BẠN THAM GIA BÍ ẨN CHƯA	Mối quan hệ
chúng ta cần vào nhà lau khô cho anh ấy	CHÚNG TA VÀO NHÀ CHO ANH ẤY LAU KHÔ	Sức khỏe
tôi nên nộp đơn vào trường đại học nào	TRƯỜNG ĐẠI HỌC TÔI NỘP ĐƠN NÀO	Cuộc sống học đường
bạn có muốn một cái gì đó mềm mại 	BẠN MỘT CÁI GÌ ĐÓ MỀM MẠI MUỐN KHÔNG	Cuộc sống thường nhật
miền nam việt nam có 2 mùa mùa khô và mùa mưa	VIỆT NAM MIỀN NAM MÙA 2 KHÔ MƯA	Văn hóa và Giáo dục
xin lỗi bạn gọi nhầm số	XIN LỖI BẠN GỌI NHẦM	Cuộc sống thường nhật
bốn trên sáu là được rồi	BỐN TRÊN SÁU ĐƯỢC RỒI	Cuộc sống thường nhật
hôm nay chúng em học về cách sử dụng tính từ trong câu	HÔM NAY CHÚNG EM TÍNH TỪ CÁCH SỬ DỤNG HỌC	Cuộc sống học đường
hãy nói chuyện với anh ấy và cho tôi biết chuyện gì sẽ xảy ra được chứ	BẠN ANH ẤY NÓI CHUYỆN ĐI VÀ TÔI BIẾT XẢY RA CHUYỆN GÌ ĐƯỢC KHÔNG	Mối quan hệ
tại sao nó trông giống như một ngày nắng	TẠI SAO NÓ TRÔNG MỘT NGÀY NẮNG GIỐNG NHƯ	Cuộc sống thường nhật
có lẽ điều đó có liên quan	ĐÓ CÓ LIÊN QUAN	Mối quan hệ
cơ sở thể dục của bạn nằm ở đâu	PHÒNG TẬP THỂ DỤC BẠN ĐÂU	Du lịch
tôi đồng ý cả joe và mark đều dũng cảm	TÔI BẠN ĐỀU DŨNG CẢM RẤT ĐỒNG Ý	Mối quan hệ
lễ hội chùa hương thu hút rất đông du khách thập phương	LỄ HỘI CHÙA HƯƠNG DU KHÁCH THẬP PHƯƠNG KHẮP NƠI THU HÚT RẤT ĐÔNG	Du lịch
ồ không tệ vậy bạn có biết mẹ cô ấy không	Ồ KHÔNG TỆ À BẠN QUEN MẸ CÔ ẤY KHÔNG	Mối quan hệ
tấm áp phích quảng cáo cho một buổi hòa nhạc cổ điển	TẤM BẢNG QUẢNG CÁO CHO BUỔI HOÀ NHẠC CỔ ĐIỂN TRUYỀN THỐNG	Văn hóa và Giáo dục
bạn có phải trả tiền đặt cọc không	BẠN ĐẶT CỌC TRƯỚC PHẢI CÓ KHÔNG	Mối quan hệ
tôi sẽ lo lắng nếu bạn ở ngoài muộn	NẾU BẠN Ở NGOÀI MUỘN TÔI LO LẮNG	Cuộc sống thường nhật
bạn cần kiểm tra những thứ gì	BẠN NHỮNG GÌ KIỂM TRA CẦN VẬY	Công việc
giáo viên dùng máy chiếu để giảng bài cho cả lớp dễ hiểu hơn	GIÁO VIÊN MÁY CHIẾU DÙNG ĐỂ CẢ LỚP GIẢNG BÀI DỄ HIỂU HƠN	Cuộc sống học đường
cô ấy thích làm gì	CÔ ẤY THÍCH LÀM GÌ	Mối quan hệ
tôi biết nhưng tôi muốn thử nhìn đây là một số quảng cáo mà tôi đã cắt ra	TÔI BIẾT NHƯNG TÔI THỬ MUỐN VẪN NHÌN NÀY MẪU QUẢNG CÁO MẤY TÔI CẮT RA ĐẤY	Công việc
đây là học kỳ đầu tiên của bạn	ĐÂY HỌC KỲ ĐẦU TIÊN BẠN À	Văn hóa và Giáo dục
tôi sẽ ra vườn hái rau	TÔI VƯỜN RAU ĐI HÁI RAU	Cuộc sống thường nhật
dân ca ví dặm là di sản văn hóa đặc sắc của xứ nghệ	DÂN CA CÂU HÁT VÍ DẶM DI SẢN ĐẶC ĐIỂM VĂN HOÁ ĐẶC SẮC CỦA NGHỆ AN	Văn hóa và Giáo dục
tôi muốn xin lỗi vì sự bất cẩn của tôi tôi có thể dọn dẹp nó cho bạn	TÔI XIN LỖI BẤT CẨN TÔI ĐỂ TÔI DỌN BẠN GIÚP	Thái độ và Cảm xúc
pcc là một tổ chức tuyệt vời	PCC TỔ CHỨC TUYỆT VỜI	Văn hóa và Giáo dục
cậu bé ngập ngừng mãi mới dám nói lời xin lỗi bạn	CẬU BÉ NGẬP NGỪNG ẤP ÚNG LÂU CẬU BÉ BẠN XIN LỖI NÓI	Thái độ và Cảm xúc
điều này rất thú vị bạn parker	ĐIỀU NÀY THÚ VỊ	Cuộc sống học đường
tôi nghe nói anh phải mặc đồng phục ở trường tư	TÔI NGHE NÓI TRƯỜNG TƯ ĐỒNG PHỤC MẶC PHẢI	Cuộc sống học đường
bố tôi làm nghề lái tàu hỏa đã được hai mươi năm	BỐ TÔI LÁI TÀU HOẢ 20 NĂM RỒI	Công việc
nền khoa học kỹ thuật của đất nước đã có nhiều tiến bộ	ĐẤT NƯỚC NỀN KHOA HỌC KỸ THUẬT CÓ TIẾN BỘ NHIỀU	Văn hóa và Giáo dục
em gái của bạn đã sống ở hà nội bao lâu	EM GÁI CỦA BẠN SỐNG Ở HÀ NỘI BAO LÂU	Du lịch
giờ thì chúng ta cùng nhau ăn tối nhé	BÂY GIỜ CHÚNG TA ĂN TỐI CÙNG	Mối quan hệ
đàn huơu sao đang thong dong gặm cỏ trong khu rừng quốc gia	TRONG KHU RỪNG QUỐC GIA ĐÀN HƯƠU SAO CỎ GẶM CHẬM DÃI	Du lịch
chào bạn bạn làm nghề gì	CHÀO BẠN LÀM GÌ	Mối quan hệ
đó là cách tốt nhất	ĐÓ TỐT NHẤT	Tài chính
giá của bạn đã tăng mạnh phải không	GIÁ BÊN BẠN TĂNG MẠNH RỒI ĐÚNG KHÔNG	Công việc
đàn chim bồ câu thường bay về đậu trên mái nhà vào buổi chiều	VÀO BUỔI CHIỀU ĐÀN CHIM BỒ CÂU BAY VỀ MÁI NHÀ ĐẬU	Cuộc sống thường nhật
bạn muốn mấy quả trứng này không	BẠN QUẢ TRỨNG NÀY MUỐN KHÔNG	Cuộc sống thường nhật
tôi có thể kiểm tra những gì	KIỂM TRA GÌ	Cuộc sống học đường
học sinh đang thực hành trong phòng máy tính của trường	TRƯỜNG PHÒNG MÁY TÍNH HỌC SINH THỰC HÀNH	Cuộc sống học đường
bạn có thể di chuyển đến giữa xe buýt không	BẠN ĐỨNG DỊCH GIỮA XE BUÝT ĐƯỢC KHÔNG	Cuộc sống thường nhật
chiếc hộp bút của em có rất nhiều bút chì màu	EM CHIẾC HỘP BÚT BÚT CHÌ MÀU CÓ NHIỀU	Cuộc sống học đường
cảm ơn bạn sẽ cho tôi một ân huệ khác	CẢM ƠN BẠN TÔI THÊM MỘT VIỆC GIÚP ĐƯỢC KHÔNG	Cuộc sống thường nhật
1 kg gà sẽ có giá bao nhiêu	1 KG GÀ GIÁ BAO NHIÊU	Cuộc sống thường nhật
bạn khỏe không	BẠN KHỎE KHÔNG	Mối quan hệ
oh tôi xin lỗi có gì trên kênh 2 lúc 10 giờ tối	Ô XIN LỖI TỐI GIỜ 10 KÊNH 2 CÓ GÌ	Mối quan hệ
tôi ổn cảm ơn	TÔI ỔN CẢM ƠN	Tài chính
tôi cười như điên khi đọc truyện cười	TÔI CƯỜI NHIỀU KHI ĐỌC CÂU CHUYỆN CƯỜI	Thái độ và Cảm xúc
người phụ nữ dân tộc địu con trên lưng bằng cái gùi	NGƯỜI PHỤ NỮ ĐỊU CON Ở CÁI GÙI	Văn hóa và Giáo dục
bạn thích loại trò chơi nào	BẠN TRÒ CHƠI LOẠI NÀO THÍCH	Mối quan hệ
đây có phải là điều mà bạn có thể lên lịch cho một thời gian khác	CÁI NÀY SẮP XẾP LÚC KHÁC ĐƯỢC KHÔNG	Cuộc sống học đường
đó là tốt đây có phải là tiền gửi thời gian không	ĐÂY TÀI KHOẢN TIỀN GỬI CÓ KỲ HẠN	Tài chính
vụ ném bom nguyên tử đã để lại hậu quả thảm khốc cho nhân loại	VỤ NÉM BOM NGUYÊN TỬ ĐỂ LẠI CHO NHÂN LOẠI HẬU QUẢ THẢM KHỐC	Chính trị
một cuộc hẹn	MỘT CUỘC HẸN	Công việc
bạn ngồi xuống được không ông white	BẠN NGỒI ĐƯỢC KHÔNG	Công việc
được rồi chiều mai tôi sẽ rảnh tôi sẽ đi taxi đến đó	CHIỀU MAI TÔI RẢNH TÔI TAXI ĐI ĐẾN ĐÓ	Cuộc sống thường nhật
những giọt nước mắt hạnh phúc lăn dài trên má của cô ấy	MÙA THU MÙA NHỮNG QUẢ NA THƠM NGON NGỌT	Thái độ và Cảm xúc
có đại dương sông suối và ao cá	ĐẠI DƯƠNG SÔNG SUỐI AO CÁ CÓ	Du lịch
anh ta tức giận đập mạnh tay xuống bàn làm mọi người giật mình	ANH TA TỨC GIẬN ĐẬP MẠNH XUỐNG BÀN MỌI NGƯỜI GIẬT MÌNH	Thái độ và Cảm xúc
bạn có thể đưa tôi đến ngân hàng	BẠN ĐƯA TÔI NGÂN HÀNG ĐẾN CÓ THỂ	Mối quan hệ
chắc chắn tôi chắc chắn sẽ giúp bạn làm điều đó	CHẮC CHẮN TÔI GIÚP BẠN LÀM ĐIỀU ĐÓ SẼ	Công việc
bầu trời hôm nay trong xanh không một gợn mây	HÔM NAY BẦU TRỜI TRONG XANH GỢN MÂY KHÔNG	Cuộc sống thường nhật
mẹ đang ngồi trong bếp để bóc vỏ tôm cho bữa tối	MẸ NGỒI TRONG BẾP VỎ TÔM BÓC CHO BỮA ĂN	Cuộc sống thường nhật
tôi không đi tôi ở nhà với gia đình	TÔI RA NGOÀI KHÔNG Ở NHÀ GIA ĐÌNH CÙNG	Mối quan hệ
căn phòng này có mùi hôi khó chịu vì không được dọn dẹp	CĂN PHÒNG NÀY MÙI HÔI KHÓ CHỊU CÓ VÌ DỌN DẸP KHÔNG	Cuộc sống thường nhật
tôi xin lỗi nhưng chúng tôi đã đặt chỗ vào thứ sáu	XIN LỖI NHƯNG CHÚNG TÔI CHỖ ĐẶT THỨ SÁU RỒI	Cuộc sống thường nhật
đôi ủng đen dùng để làm gì	ỦNG ĐEN LÀM GÌ	Cuộc sống thường nhật
nếu chúng ta vội liệu chúng ta có thể đến kịp không	NẾU CHÚNG TA VỘI CHÚNG TA ĐẾN KỊP KHÔNG	Mối quan hệ
vâng tất nhiên rất vui được gặp bạn	GẶP BẠN RẤT VUI	Mối quan hệ
xin chào vâng tôi đã mở một l  c với bạn gần đây chúng tôi mở nó 7 ngày trước	XIN CHÀO KHOẢNG 7 NGÀY BẠN GẦN CHÚNG TÔI CÔNG TY THƯ TÍN DỤNG MỞ	Tài chính
cả lớp ngước nhìn lên lá cờ đỏ sao vàng tung bay	CẢ LỚP NHÌN LÊN LÁ CỜ ĐỎ SAO VÀNG TUNG BAY	Cuộc sống học đường
phố kỳ lừa là một địa danh du lịch nổi tiếng của tỉnh lạng sơn	LẠNG SƠN PHỐ KỲ LỪA NƠI DU LỊCH NỔI TIẾNG	Du lịch
đùa thôi	ĐÙA	Mối quan hệ
sau khi bạn ở đây một năm bạn sẽ được nghỉ phép ba ngày	BẠN Ở ĐÂY 1 NĂM SAU BẠN NGHỈ PHÉP ĐƯỢC NGÀY 3	Công việc
nhà thơ đã sáng tác một bài thơ hay về tình yêu quê hương	NHÀ THƠ BÀI THƠ HAY 1 SÁNG TÁC VỀ QUÊ HƯƠNG TÌNH YÊU	Văn hóa và Giáo dục
cung tên là vũ khí thô sơ của người xưa dùng để săn bắn	CUNG TÊN VŨ KHÍ THÔ SƠ ĐƠN GIẢN CỦA NGƯỜI XƯA SĂN BẮN SĂN MỒI DÙNG	Văn hóa và Giáo dục
cả nhà cùng xem chương trình thời sự vào mỗi buổi tối	CẢ NHÀ CHƯƠNG TRÌNH THỜI SỰ XEM CÙNG NHAU VÀO MỖI BUỔI TỐI	Cuộc sống thường nhật
chúng tôi ăn tất cả mọi thứ từ bữa ăn tối	CHÚNG TÔI MỌI THỨ BỮA TỐI ĂN HẾT	Cuộc sống thường nhật
thực phẩm đông lạnh cần được rã đông đúng cách trước khi nấu	THỰC PHẨM ĐÔNG LẠNH RÃ ĐÔNG HẾT LẠNH ĐÚNG CẦN ĐƯỢC TRƯỚC KHI NẤU	Cuộc sống thường nhật
cô ấy sẽ đảm nhiệm vị trí trưởng phòng kinh doanh từ tháng sau	TỪ THÁNG SAU CÔ ẤY VỊ TRÍ TRƯỞNG PHÒNG KINH DOANH ĐẢM NHẬN	Công việc
cô ấy cảm thấy gì	CÔ ẤY CẢM THẤY GÌ	Sức khỏe
chúng tôi cần chuẩn bị đầy đủ dụng cụ cho buổi thí nghiệm	CHÚNG TÔI DỤNG CỤ CHO BUỔI THÍ NGHIỆM CHUẨN BỊ ĐẦY ĐỦ CẦN	Cuộc sống học đường
thật sao tôi nghĩ triển lãm cho thấy anh ấy có tài năng thực sự bạn nghĩ gì về nó	TRIỂN LÃM XEM ANH ẤY TÀI NĂNG CÓ THẬT SỰ BẠN NGHĨ THẾ NÀO	Mối quan hệ
vâng có điều gì bạn có thể cho tôi để thoát khỏi nó bác sĩ	VÂNG BẠN CHO TÔI THOÁT KHỎI CÓ GÌ	Sức khỏe
đúng như nó nói	ĐÚNG NÓI NÓ NHƯ	Cuộc sống thường nhật
đó là nước chanh của chúng tôi	NƯỚC CHANH CỦA CHÚNG TÔI	Cuộc sống thường nhật
tôi thấyđây có phải là cuộc phỏng vấn đầu tiên của bạn	TÔI HIỂU ĐÂY BUỔI PHỎNG VẤN ĐẦU TIÊN BẠN PHẢI KHÔNG	Văn hóa và Giáo dục
tôi nghe nói nhiều người có xe hơi	TÔI NGHE NHIỀU NGƯỜI Ô TÔ CÓ	Cuộc sống thường nhật
tôi hiểu nhưng tôi phải bàn bạc với sếp trước khi quyết định	TÔI HIỂU NHƯNG BÀN LẠI SẾP TRƯỚC QUYẾT ĐỊNH	Tài chính
nhân tiện mũi thế nào cậu bé chắc là đau lắm	À CÁI MŨI SAO RỒI CHẮC ĐAU LẮM HA	Thái độ và Cảm xúc
vị đại tá đang nghiêm trang đọc diễn văn trong buổi lễ	TRONG BUỔI LỄ VỊ ĐẠI TÁ NGIÊM TRANG ĐỌC DIỄN VĂN	Chính trị
tôi rất vui được làm việc với bạn	TÔI VUI KHI BẠN LÀM VIỆC CÙNG	Mối quan hệ
kêu ổng gọi cho tôi sáng mai	BẢO ÔNG ẤY GỌI CHO TÔI SÁNG MAI	Công việc
mẹ tôi thường dùng quả bầu để nấu món canh tôm	MẸ TÔI QUẢ BẦU DÙNG MÓN CANH TÔM NẤU	Cuộc sống thường nhật
bàn chân tôi có kích thước 37	CHÂN TÔI CỠ 37	Cuộc sống thường nhật
tôi là mary kell tôi có thể hỏi tên của bạn	TÔI BIẾT TÊN ANH ĐƯỢC KHÔNG	Công việc
tôi học giỏi môn toán nhất	TÔI MÔN TOÁN HỌC GIỎI NHẤT	Chính trị
không tôi phải ở dưới đất này	KHÔNG TÔI DƯỚI NÀY PHẢI	Cuộc sống thường nhật
bạn được quyền có một chiếc xe công ty bạn đã nhìn thấy nó chưa	BẠN ĐƯỢC CẤP XE CÔNG TY RỒI À NÓ THẤY CHƯA ĐÃ	Công việc
tàu của tôi sẽ khởi hành lúc 3 giờ tôi phải đến đó trước 2 giờ 50	TÀU TÔI KHỞI HÀNH 3 GIỜ TÔI ĐẾN ĐÓ TRƯỚC 2 GIỜ 50	Cuộc sống thường nhật
tôi có thể đến đó bằng xe buýt số 913 không	TÔI XE BUÝT SỐ 913 ĐẾN CÓ KHÔNG	Công việc
thành phố của bạn như thế nào	BẠN THÀNH PHỐ NHƯ THẾ NÀO	Mối quan hệ
cô ấy có ý nghĩa gì với anh không	CÔ ẤY Ý NGHĨA VỚI BẠN GÌ	Mối quan hệ
nó có ngon không	NÓ NGON CÓ KHÔNG	Cuộc sống thường nhật
vâng ấm trà bao nhiêu	ẤM TRÀ BAO NHIÊU	Cuộc sống thường nhật
bọn trẻ đang vui đùa xây lâu đài trên bãi cát	TRÊN BÃI CÁT BỌN TRẺ LÂU ĐÀI XÂY	Du lịch
người chiến thắng được trao tặng một vòng nguyệt quế danh giá	NGƯỜI CHIẾN THẮNG VÒNG NGUYỆT QUẾ DANH GIÁ 1 TRAO TẶNG ĐƯỢC	Văn hóa và Giáo dục
hai người bạn thân đang nói chuyện rất vui vẻ trong quán cà phê	NGƯỜI BẠN THÂN 2 NÓI CHUYỆN VUI VẺ TRONG QUÁN CÀ PHÊ	Mối quan hệ
bạn có tin vào ufo không	BẠN UFO TIN CÓ KHÔNG	Mối quan hệ
tôi sẽ lấy nó bao nhiêu	TÔI MÓN ĐÓ LẤY SẼ BAO NHIÊU TIỀN VẬY	Cuộc sống thường nhật
khoảng bảy năm nay và bạn	KHOẢNG BẢY NĂM NAY CÒN BẠN THÌ SAO	Mối quan hệ
sinh nhật của tôi tôi quên mất nó cảm ơn bạn đã nhớ sinh nhật tôi	SINH NHẬT TÔI HẢ TÔI QUÊN MẤT BẠN NHỚ CẢM ƠN NHÉ	Mối quan hệ
hãy đặt bút lên giấy	GIẤY BÚT ĐẶT LÊN	Cuộc sống thường nhật
luật sư đang thảo luận điều khoản trong hợp đồng với khách hàng	LUẬT SƯ KHÁCH HÀNG THẢO LUẬN CÙNG NHAU ĐIỀU KHOẢN TRONG HỢP ĐỒNG	Công việc
vậy muốn tôi đặt vé lần nữa không	TÔI VÉ ĐẶT LẠI NHÉ	Mối quan hệ
à tôi đã mời họ đi ăn trưa	TÔI MỜI HỌ ĂN TRƯA	Mối quan hệ
cảm ơn tôi cũng tự hào về bản thân mình	CẢM ƠN TÔI BẢN THÂN TỰ HÀO CŨNG	Văn hóa và Giáo dục
giá bán là bao nhiêu	GIÁ BÁN BAO NHIÊU	Cuộc sống thường nhật
thật hoàn hảo hẹn gặp lại vào thứ bảy	THẬT HOÀN HẢO HẸN GẶP LẠI THỨ BẢY	Cuộc sống thường nhật
nó có dễ học không	NÓ HỌC DỄ CÓ KHÔNG	Mối quan hệ
nhà bạn có bao nhiêu phòng	NHÀ BẠN CÓ MẤY PHÒNG	Cuộc sống thường nhật
y tá đang đo huyết áp cho bệnh nhân trong phòng khám	Y TÁ BỆNH NHÂN DO HUYẾT ÁP TRONG PHÒNG KHÁM	Sức khỏe
gia đình tôi đã đến thăm văn miếu quốc tử giám vào hè năm ngoái	GIA ĐÌNH TÔI MÙA HÈ NĂM NGOÁI VĂN MIẾU QUỐC TỬ GIÁM THĂM	Du lịch
tôi có quen ai không	TÔI NGƯỜI QUEN CÓ KHÔNG	Mối quan hệ
sao bạn không làm ít bắp	BẠN LÀM NGÔ ÍT KHÔNG TẠI SAO	Cuộc sống thường nhật
học sinh xếp thành hàng dọc ngay ngắn để chào cờ đầu tuần	HỌC SINH HÀNG DỌC XẾP NGAY NGẮN ĐỂ CHÀO CỜ ĐẦU TUẦN	Cuộc sống học đường
thành phố biển quy nhơn là một điểm đến du lịch rất hấp dẫn	QUY NHƠN THÀNH PHỐ BIỂN DU LỊCH ĐIỂM ĐẾN ĐỊA ĐIỂM 1 HẤP DẪN	Du lịch
chắc chắn rồi chúng tôi yêu nhau và chăm sóc lẫn nhau	CHÚNG TÔI YÊU THƯƠNG CHĂM SÓC NHAU	Mối quan hệ
vâng tôi có nhưng tôi phải chờ	TÔI CÓ NHƯNG TÔI CHỜ PHẢI	Thái độ và Cảm xúc
tôi chắc chắn bạn sẽ làm tốt	TÔI CHẮC CHẮN BẠN LÀM TỐT	Cuộc sống thường nhật
tôi có dây thừng rồi	TÔI DÂY THỪNG CÓ RỒI	Cuộc sống thường nhật
không có vấn đề gì cả bạn hãy cho tôi cơ hội	KHÔNG SAO CHO TÔI CƠ HỘI ĐI	Tài chính
chú chim đại bàng sải cánh bay nhanh trên bầu trời xanh	CHÚ CHIM ĐẠI BÀNG BAY NHANH TRÊN BẦU TRỜI XANH	Cuộc sống thường nhật
ông có giữ cái túi nhỏ làm hành lý xách tay không	ÔNG MANG TÚI HÀNH LÝ NHỎ KHÔNG	Du lịch
anh ấy đã quyết tâm nhận công việc này	ANH ẤY CÔNG VIỆC NAY QUYẾT TÂM NHẬN	Thái độ và Cảm xúc
bạn có muốn một cái tủ lạnh mới không	BẠN TỦ LẠNH MỚI MỘT MUỐN KHÔNG	Mối quan hệ
bạn cần đợi cho đến khi nó khô	BẠN ĐỢI ĐẾN KHI KHÔ	Cuộc sống thường nhật
bạn có muốn vào nhà bếp và ăn một cái gì đó ấm áp	BẠN NHÀ BẾP VÀO MUỐN CÁI GÌ ẤM ÁP ĂN	Cuộc sống thường nhật
cô ấy sống trong một căn nhà nhỏ bé rất ấm cúng	CÔ ẤY SỐNG TRONG CĂN NHÀ NHỎ 1 ẤM	Cuộc sống thường nhật
bạn có khuyên bạn nên đến đó trong vài ngày không	NGÀY MỘT SỐ BẠN ĐẾN KHUYÊN CÓ KHÔNG	Mối quan hệ
thịt bò đấy bạn thích không	THỊT BÒ ĐẤY BẠN THÍCH CÓ KHÔNG	Du lịch
giá thuê một năm là bao nhiêu	MỘT NĂM THUÊ GIÁ BAO NHIÊU	Cuộc sống thường nhật
chúng ta sẽ phải thảo luận với sếp của tôi	CHÚNG TA SẾP TÔI BÀN LẠI PHẢI	Công việc
một con ruồi cứ bay vo ve quanh đĩa hoa quả trên bàn	ĐĨA HOA QUẢ CON RUỒI 1 BAY XUNG QUANH TRÊN BÀN	Cuộc sống thường nhật
cành cây khô nhọn hoắt chĩa thẳng lên bầu trời xám xịt	CÀNH CÂY KHÔ NHỌN CHĨA THẲNG LÊN BẦU TRỜI XÁM	Cuộc sống thường nhật
bạn không thích cá sau đó	ANH CÁ THÍCH KHÔNG À	Cuộc sống thường nhật
bạn vừa nói gì	BẠN NÓI GÌ THẾ	Cuộc sống thường nhật
bạn có thể giữ nó miễn là bạn cần	BẠN NÓ GIỮ NẾU CẦN	Mối quan hệ
thật tuyệt vời bạn thực sự có tôi ở đó	TUYỆT VỜI BẠN TÔI Ở ĐÓ	Chính trị
bạn có biết nhà hàng marốc ở đâu không	BẠN NHÀ HÀNG MA RỐC ĐÂU BIẾT KHÔNG	Mối quan hệ
chuyến tàu cao tốc đưa chúng tôi đến nơi rất nhanh chóng	CHUYẾN TÀU CAO TỐC CHÚNG TÔI ĐƯA ĐẾN NƠI NHANH CHÓNG	Du lịch
ý tưởng tuyệt vời	Ý TƯỞNG TUYỆT VỜI	Cuộc sống thường nhật
đó là toa xe của tôi tôi cần nước để tưới hoa trong sân	ĐÓ TOA XE CỦA TÔI TÔI NƯỚC CẦN TƯỚI HOA SÂN	Cuộc sống thường nhật
vì lười nên tôi học kém	VÌ LƯỜI NÊN TÔI HỌC KÉM	Văn hóa và Giáo dục
cô ấy đeo một đôi khuyên tai ngọc trai rất đẹp và sang trọng	CÔ ẤY KHUYÊN TAI NGỌC TRAI RẤT ĐẸP VÀ SANG TRỌNG	Cuộc sống thường nhật
công việc này đòi hỏi nhiều kỹ năng giao tiếp và xử lý	CÔNG VIỆC NÀY KĨ NĂNG GIAO TIẾP VÀ XỬ LÝ ĐÒI HỎI CÓ	Công việc
hãy tìm con đường ngắn nhất để đến trường học	ĐẾN TRƯỜNG HỌC CON ĐƯỜNG NGẮN NHẤT TÌM	Cuộc sống học đường
điều đó làm tôi sợ	TÔI ĐIỀU ĐÓ SỢ	Mối quan hệ
chương trình xóa mù chữ đã giúp nhiều người biết đọc biết viết	CHƯƠNG TRÌNH MÙ CHỮ XOÁ NHIỀU NGƯỜI BIẾT ĐỌC BIẾT VIẾT GIÚP	Văn hóa và Giáo dục
bạn sẽ không bị muộn đâu vẫn còn sớm	BẠN MUỘN KHÔNG SỚM VẪN	Cuộc sống thường nhật
vậy anh đi picnicking à	ANH DÃ NGOẠI ĐI HẢ	Mối quan hệ
tôi thấy bạn có bất kỳ ý tưởng cho đến nay	TÔI Ý TƯỞNG HIỂU CHƯA	Cuộc sống thường nhật
nó có ảnh hưởng đến bạn nhiều không	CHUYỆN ĐÓ ẢNH HƯỞNG NHIỀU BẠN KHÔNG	Công việc
dịp sinh nhật tôi thường gửi quà cho những người bạn ở xa	DỊP SINH NHẬT TÔI QUÀ NGƯỜI BẠN XA GỬI	Mối quan hệ
các bạn học sinh không được chạy nhảy ngoài hành lang lớp học	CÁC BẠN HỌC SINH LỚP HỌC NGOÀI HÀNH LANG CHẠY NHẢY KHÔNG	Cuộc sống học đường
tôi cảm thấy thật may mắn khi có những người bạn tốt	TÔI MAY MẮN KHI NHỮNG NGƯỜI BẠN TỐT CÓ	Thái độ và Cảm xúc
nhà máy thủy điện hòa bình là một công trình lớn	NHÀ MÁY THUỶ ĐIỆN HOÀ BÌNH LÀ CÔNG TRÌNH LỚN 1	Chính trị
nhìn những đám mây kìa	NHÌN KÌA NHỮNG ĐÁM MÂY	Cuộc sống thường nhật
phụ thuộc vào cái gì	PHỤ THUỘC CÁI GÌ	Cuộc sống thường nhật
trong câu vị ngữ thường là động từ hoặc cụm động từ	CÂU VỊ NGỮ THƯỜNG LÀ ĐỘNG TỪ HOẶC CỤM ĐỘNG TỪ	Văn hóa và Giáo dục
tôi có thể hỏi nếu bạn đã cố gắng bỏ hút thuốc không	BẠN THUỐC BỎ CỐ TỪNG CHƯA	Mối quan hệ
cơ sở này thật tuyệt bạn có nghĩ vậy không	CƠ SỞ NÀY TUYỆT BẠN THẤY KHÔNG	Chính trị
xin chào thưa ông bạn đang ở đây để thảo luận về dịch vụ giải quyết mạng phải không	XIN CHÀO BẠN THẢO LUẬN DỊCH VỤ GIẢI QUYẾT INTERNET ĐÚNG KHÔNG	Tài chính
tôi không biết bạn có tập yoga đấy	TÔI KHÔNG BIẾT BẠN TẬP YOGA CÓ	Cuộc sống thường nhật
vâng tôi đã sẵn sàng	VÂNG TÔI SẴN SÀNG RỒI	Cuộc sống thường nhật
cô ấy bao nhiêu tuổi	CÔ ẤY TUỔI BAO NHIÊU	Mối quan hệ
quảng bình ở miền trung à 	QUẢNG BÌNH Ở MIỀN TRUNG À	Mối quan hệ
tốt hơn nhiều so với lần trước hả	LẦN TRƯỚC SO TỐT HƠN PHẢI KHÔNG	Mối quan hệ
bạn có thể cho tôi biết làm thế nào để làm cho nó	BẠN CHO TÔI BIẾT LÀM THẾ NÀO	Cuộc sống thường nhật
giờ thì giống nhau	BÂY GIỜ GIỐNG NHAU	Cuộc sống thường nhật
tôi sẽ cố gắng hết sức để hoàn thành mục tiêu	TÔI CỐ GẮNG HẾT SỨC MỤC TIÊU HOÀN THÀNH	Thái độ và Cảm xúc
bạn thích trái cây gì	BẠN TRÁI CÂY THÍCH GÌ	Cuộc sống thường nhật
tuyệt vời nó ở đâu	TUYỆT VỜI NÓ Ở ĐÂU	Du lịch
tôi muốn bạn thích chiếc mũ như thế nào	BẠN KIỂU MŨ THÍCH NÀO	Cuộc sống thường nhật
tình cảm anh em trong gia đình chúng tôi luôn rất khăng khít	TRONG GIA ĐÌNH ANH EM CHÚNG TÔI TÌNH CẢM RẤT ĐOÀN KẾT	Mối quan hệ
cắm trại tuyệt vời là khi bạn ngủ xa nhà	CẮM TRẠI TUYỆT VỜI KHI BẠN NGỦ NHÀ XA	Du lịch
ủy ban nhân dân quận vừa ban hành một thông báo mới	UỶ BAN NHÂN DÂN QUẬN THÔNG BÁO MỚI 1 ĐƯA RA	Chính trị
bạn có nhìn rõ mặt hắn không	BẠN NHÌN RÕ MẶT HẮN KHÔNG	Chính trị
xin lỗi tôi muốn biết giá của bạn cho mỗi tá sách tập thể dục là bao nhiêu	GIÁ MỖI TÁ VỞ BÀI TẬP BAO NHIÊU HỎI CHO TÔI	Công việc
tôi thấy quảng cáo này trên báo bạn nên xem qua	TRÊN BÁO TÔI THẤY QUẢNG CÁO NÀY BẠN XEM NÊN	Công việc
à tôi sẽ uống một ly nước khoáng	TÔI MỘT NƯỚC KHOÁNG UỐNG	Cuộc sống thường nhật
bạn có muốn thử công thức đặc biệt của tôi	BẠN CÔNG THỨC ĐẶC BIỆT CỦA TÔI THỬ	Cuộc sống thường nhật
có vẻ như bạn hài lòng với quyết định của mình	BẠN QUYẾT ĐỊNH CỦA BẠN HÀI LÒNG	Mối quan hệ
xin lỗi không có gì khác biệt	XIN LỖI KHÁC BIỆT KHÔNG	Du lịch
oh bạn trông như thế nào bạn có cao không	Ồ BẠN THẾ NÀO TRÔNG CAO KHÔNG	Mối quan hệ
tình yêu thương có sức mạnh màu nhiệm hàn gắn mọi thứ	TÌNH YÊU THƯƠNG SỨC MẠNH NHIỆM MÀU THẦN KỲ CÓ MỌI THỨ HÀN GẮN	Thái độ và Cảm xúc
bạn nghĩ gì về bộ phim	BẠN BỘ PHIM NGHĨ GÌ	Mối quan hệ
ok bạn quay lại xe của chúng tôi và lấy đồ dã ngoại	BẠN XE QUAY LẠI ĐỒ DÃ NGOẠI LẤY	Cuộc sống thường nhật
không tôi không chắc tôi nghĩ về 65 mph phải không	TÔI CHẮC KHÔNG KHOẢNG 65 KM H ĐÚNG KHÔNG	Cuộc sống thường nhật
rẽ phải sau đó rẽ thứ hai bên trái của bạn	RẼ PHẢI VÀ SAU ĐÓ RẼ THỨ HAI BÊN TRÁI CỦA BẠN	Cuộc sống thường nhật
tốt hơn là đi tàu điện ngầm nhanh hơn và tiện lợi hơn	TÀU ĐIỆN NGẦM ĐI TỐT HƠN NHANH TIỆN LỢI HƠN	Cuộc sống thường nhật
anh có bao giờ thích trò chuyện trực tuyến không	ANH TRÒ CHUYỆN TRỰC TUYẾN THÍCH KHÔNG	Mối quan hệ
ban giám khảo đang chấm điểm cho các thí sinh rất công tâm	BAN GIÁM KHẢO ĐIỂM CHẤM CÔNG TÂM CÔNG BẰNG CHO CÁC THÍ SINH	Văn hóa và Giáo dục
ánh sáng lung linh của cây nến tạo không khí thật ấm cúng	CÂY NẾN ÁNH SÁNG LUNG LINH TẠO KHÔNG KHÍ ẤM CÚNG	Cuộc sống thường nhật
tôi có nên đứng tự nhiên không	TÔI ĐỨNG TỰ NHIÊN NÊN CÓ KHÔNG	Sức khỏe
bạn thật may mắn khi được nhìn thấy hai cầu vồng trong một ngày	BẠN MAY MẮN KHI 1 NGÀY 2 CẦU VỒNG NHÌN THẤY	Cuộc sống thường nhật
chúng tôi rất muốn được gặp bạn lúc 8h 	CHÚNG TÔI GẶP BẠN LÚC 8H RẤT MUỐN	Cuộc sống thường nhật
tất nhiên tôi xin lỗi vì con gái của bạn	TÔI CON GÁI BẠN THAY XIN LỖI TẤT NHIÊN RỒI	Thái độ và Cảm xúc
mặt trời đã lên	MẶT TRỜI LÊN RỒI	Cuộc sống thường nhật
ồ chắc là quý lắm nó dễ vỡ lắm phải không	Ồ QUÝ LẮM NÓ VỠ DỄ PHẢI KHÔNG	Cuộc sống thường nhật
bạn không xem tv à	BẠN TV XEM KHÔNG À	Cuộc sống thường nhật
người lãnh đạo là đầu tàu gương mẫu cho cả tập thể	NGƯỜI LÃNH ĐẠO LÀ TẤM GƯƠNG HÌNH MẪU CHO CẢ TẬP THỂ	Công việc
bây giờ đặt nó vào bát	BÂY GIỜ BÁT ĐẶT VÀO	Cuộc sống thường nhật
hai người bạn đang thì thầm một bí mật nào đó	NGƯỜI BẠN 2 BÍ MẬT THÌ THẦM	Mối quan hệ
bạn không nghe thấy à	BẠN KHÔNG NGHE THẤY À	Mối quan hệ
có nhiều tạp chí trên kệ	TRÊN KỆ TẠP CHÍ NHIỀU	Cuộc sống thường nhật
tôi muốn giữ lạnh nước uống của tôi	NƯỚC UỐNG CỦA TÔI GIỮ LẠNH MUỐN	Cuộc sống thường nhật
tuần sau gia đình tôi sẽ đi du lịch đà lạt	TUẦN SAU GIA ĐÌNH TÔI ĐÀ LẠT DU LỊCH	Văn hóa và Giáo dục
em trai tên an 5 tuổi và lớn chừng này	TRAI EM TÊN AN TUỔI 5 LỚN TỚI ĐÂY	Cuộc sống thường nhật
không anh có thể đi bộ từ đây	BẠN ĐÂY ĐI BỘ CÓ THỂ	Du lịch
các chiến sĩ đã hi sinh anh dũng để bảo vệ tổ quốc	CÁC CHIẾN SĨ HI SINH ANH DŨNG ĐỂ BẢO VỆ TỔ QUỐC	Chính trị
đôi khi dài đôi khi ngắn	THỈNH THOẢNG DÀI THỈNH THOẢNG NGẮN	Cuộc sống thường nhật
còn tóc mai của anh thì sao	PHẦN TÓC MAI ANH THÌ SAO	Cuộc sống thường nhật
chắc chắn nhưng nếu bạn phải xác định một điểm yếu nó sẽ là gì	ĐÚNG NHƯNG NẾU PHẢI NÓI ĐIỂM YẾU BẠN NGHĨ GÌ	Công việc
chắc chắn bất cứ điều gì khác	CHẮC CHẮN BẠN CẦN GÌ NỮA KHÔNG	Du lịch
bạn nói nó tôi đang mong chờ kỳ nghỉ hàng năm của tôi	TÔI KỲ NGHỈ HÀNG NĂM MONG	Công việc
cái áo khoác của bạn giá bao nhiêu tiền 	CÁI ÁO KHOÁC CỦA BẠN TIỀN BAO NHIÊU	Công việc
gia đình tôi thích đi tắm biển	GIA ĐÌNH TÔI BIỂN TẮM THÍCH	Chính trị
bạn sẽ mất nhiều thời gian	BẠN THỜI GIAN NHIỀU TỐN ĐÚNG KHÔNG	Cuộc sống thường nhật
chính phủ yêu cầu người dân thực hiện giãn cách xã hội nghiêm túc	CHÍNH PHỦ NGƯỜI DÂN YÊU CẦU XÃ HỘI GIÃN CÁCH THỰC HIỆN NGHIÊM TÚC	Chính trị
bạn thật chu đáo	BẠN CHU ĐÁO	Công việc
anh có mang theo vé không	ANH VÉ MANG THEO CHỨ	Cuộc sống thường nhật
tôi hơi vội có cách nào nhanh hơn để đến đó không	TÔI VỘI CÁCH NHANH ĐẾN KHÔNG	Cuộc sống thường nhật
bạn có thường xuyên tập thể dục không	BẠN TẬP THỂ DỤC THƯỜNG XUYÊN CÓ KHÔNG	Cuộc sống thường nhật
công ty chúng tôi chuyên nhập khẩu các loại trái cây tươi	CÔNG TY CHÚNG TÔI NHẬP KHẨU CÁC LOẠI TRÁI CÂY TƯƠI	Công việc
bạn nghĩ sao về điều này	BẠN NGHĨ THẾ NÀO	Thái độ và Cảm xúc
chúc vui vẻ tạm biệt nhé	CHÚC VUI VẺ TẠM BIỆT	Cuộc sống thường nhật
ah vâng đó là một tủ lạnh tuyệt vời	ĐÓ TỦ LẠNH TUYỆT VỜI	Cuộc sống thường nhật
ý chính của bài luận này là gì	BÀI LUẬN NÀY Ý CHÍNH LÀ GÌ	Mối quan hệ
vậy chuyện gì đã xảy ra trong cuộc họp	CUỘC HỌP XẢY RA CHUYỆN GÌ	Công việc
tốt tôi hoàn toàn đồng ý với những gì bạn đã làm	TÔI CÁCH BẠN LÀM ĐỒNG Ý HOÀN TOÀN TỐT	Mối quan hệ
thời tiết ở đây có thường như vậy không	THỜI TIẾT ĐÂY THƯỜNG BÂY GIỜ GIỐNG ĐÚNG KHÔNG	Mối quan hệ
vâng tôi nghĩ tôi sẽ đi ăn trưa bạn sẽ tham gia cùng tôi chứ	TÔI NGHĨ ĐI ĂN TRƯA BẠN TÔI ĐI CÙNG	Công việc
nó có làm bậy trong trường không	NÓ TRƯỜNG RẮC RỐI GÂY CÓ KHÔNG	Cuộc sống thường nhật
anh có bị đau nhức gì không	ANH ĐAU NHỨC CÓ KHÔNG	Sức khỏe
em rất thích học thuộc lòng đoạn thơ về quê hương	EM ĐOẠN THƠ VỀ QUÊ HƯƠNG HỌC THUỘC LÒNG THÍCH	Cuộc sống học đường
tốt bởi vì bạn wendy sẽ kết hôn và tôi đang tổ chức bữa tiệc của cô ấy	TỐT QUÁ BẠN KẾT HÔN SẮP TÔI TỔ CHỨC TIỆC CHIA TAY CHO CÔ ẤY	Mối quan hệ
đây có phải là quầy làm thủ tục chuyến bay này không	KHU VỰC LÀM VÉ CHUYẾN BAY NÀY ĐÚNG KHÔNG	Du lịch
cô bé hoảng sợ la hét khi nhìn thấy con rắn trong vườn	CÔ BÉ LA HÉT HOẢNG SỢ KHI NHÌN THẤY CON RẮN TRONG VƯỜN	Thái độ và Cảm xúc
đây là 10 đô la	10 ĐÔ LA ĐÂY	Cuộc sống thường nhật
màu đỏ pha với màu xanh sẽ tạo thành màu tím	MÀU ĐỎ MÀU XANH TRỘN MÀU TÍM TẠO THÀNH	Cuộc sống thường nhật
mình rất thích xem họa sĩ vẽ tranh	TÔI XEM HỌA SĨ VẼ TRANH THÍCH	Văn hóa và Giáo dục
bạn đã ở mỹ bao lâu rồi	BẠN Ở MĨ THỜI GIAN BAO NHIÊU	Văn hóa và Giáo dục
đó là tốt bạn phải thử món ăn này	BẠN THỬ MÓN NÀY PHẢI	Cuộc sống thường nhật
đó là trận đấu hay nhất từ trước tới nay	ĐÓ TRẬN ĐẤU HAY NHẤT TỪ TRƯỚC TỚI NAY	Mối quan hệ
họ còn hỏi tôi gì nữa	HỌ HỎI TÔI GÌ	Công việc
vâng họ ở đằng kia	HỌ CHỖ KIA	Cuộc sống thường nhật
không vấn đề gì bạn muốn trả tiền cho những thứ này như thế nào	KHÔNG SAO BẠN NHỮNG THỨ NÀY TRẢ TIỀN MUỐN THẾ NÀO	Cuộc sống thường nhật
chào tôi đang đọc tiểu sử phải không	CHÀO TÔI TIỂU SỬ ĐỌC PHẢI KHÔNG	Mối quan hệ
tôi có thể giúp gì cho bạn	TÔI GIÚP BẠN GÌ	Cuộc sống thường nhật
cần rất nhiều luyện tập để học cách cưỡi ngựa	CƯỠI NGỰA HỌC TẬP LUYỆN NHIỀU PHẢI	Sức khỏe
tôi có thể lấy thứ tự yor bây giờ	BẠN MÓN GỌI TÔI GHI BÂY GIỜ	Cuộc sống thường nhật
trời nổi sấm chớp đùng đùng báo hiệu cơn mưa lớn	TRỜI SẤM CHỚP NỔI ĐÙNG DÙNG CƠN MƯA LỚN BÁO HIỆU	Cuộc sống thường nhật
tôi sẽ gọi quản lý bạn có thể nói chuyện trực tiếp với anh ấy	TÔI QUẢN LÝ GỌI BẠN NÓI CHUYỆN TRỰC TIẾP VỚI ANH ẤY	Du lịch
bữa sáng của tôi hôm nay chỉ có một củ khoai lang luộc	HÔM NAY TÔI BỮA SÁNG CỦ KHOAI LANG LUỘC 1 CÓ	Sức khỏe
nó đây rồi	ĐÂY RỒI	Cuộc sống thường nhật
tôi muốn ăn pizza	TÔI PIZZA ĂN MUỐN	Cuộc sống thường nhật
tôi có nên nhập tất cả đồ đạc của tôi không	TÔI CHỞ TẤT CẢ ĐỒ ĐẠC CỦA TÔI ĐƯỢC KHÔNG	Du lịch
bạn lan rất chăm học nên luôn đạt thành tích cao trong lớp	BẠN LAN HỌC CHĂM THÀNH TÍCH CAO ĐẠT TRONG LỚP	Cuộc sống học đường
công việc của tôi đòi hỏi sử dụng máy vi tính thường xuyên	TÔI CÔNG VIỆC MÁY TÍNH SỬ DỤNG ĐÒI HỎI THƯỜNG XYÊN	Công việc
tôi rất vui vì bạn đã đến bạn được chào đón bất cứ lúc nào	TÔI RẤT VUI VÌ BẠN ĐẾN BẠN CHÀO ĐÓN LUÔN LUÔN ĐƯỢC	Mối quan hệ
nó giống như một cửa hàng nhưng những thứ ở đây khá rẻ	NÓ CỬA HÀNG GIỐNG NHƯNG HÀNG HÓA KHÁ RẺ	Cuộc sống thường nhật
cảng sài gòn là một trong những cảng biển lớn nhất việt nam	CẢNG SÀI GÒN LÀ MỘT TRONG NHỮNG CẢNG BIỂN VIỆT NAM LỚN NHẤT	Du lịch
được rồi tôi nghĩ rằng đó sẽ là tất cả cho tôi ngày hôm nay	ĐƯỢC RỒI TÔI NGHĨ ĐÓ TẤT CẢ CHO TÔI HÔM NAY	Cuộc sống thường nhật
lời của bài hát mới cũng rất đẹp bạn có thể hát không	BÀI HÁT MỚI RẤT ĐẸP BẠN HÁT CÓ KHÔNG	Mối quan hệ
bạn đùa à	BẠN ĐÙA À	Thái độ và Cảm xúc
rất tiếc tôi phải đi tôi có cuộc họp kinh doanh ngay bây giờ	RẤT TIẾC TÔI ĐI PHẢI TÔI CUỘC HỌP KINH DOANH BÂY GIỜ	Mối quan hệ
oh bạn thật tốt tôi sẽ đến khách sạn garden	BẠN TỐT QUÁ TÔI ĐẾN KHÁCH SẠN	Mối quan hệ
không vấn đề gì	KHÔNG SAO	Cuộc sống thường nhật
được rồi xin cho biết tên ông là gì	RỒI CHO BIẾT TÊN CỦA ÔNG GÌ	Cuộc sống thường nhật
tôi muốn mua một ít sữa rửa mặt bạn muốn giới thiệu gì	TÔI SỮA RỬA MẶT MUA MUỐN BẠN LOẠI NÀO GỢI Ý	Cuộc sống thường nhật
nhưng tôi có hẹn với ann	NHƯNG TÔI BẠN HẸN CÓ	Mối quan hệ
xin lỗi voc là viết tắt của gì	XIN LỖI VOC VIẾT TẮT CỦA GÌ	Mối quan hệ
vâng chắc chắn có nhiều lợi ích đi cùng với thẻ tín dụng của chúng tôi	VÂNG THẺ TÍN DỤNG CHÚNG TÔI CÓ NHIỀU ƯU ĐÃI	Tài chính
thời tiết mùa đông ở sapa rất lạnh và băng giá	Ở SA PA THỜI TIẾT LẠNH VÀ BĂNG GIÁ	Du lịch
đây là tất cả thuốc của bạn bạn cần uống bốn lần một ngày trong ba ngày liên tiếp	ĐÂY TOÀN BỘ THUỐC BẠN UỐNG BỐN LẦN MỖI NGÀY LIÊN TỤC BA NGÀY NHÉ	Cuộc sống thường nhật
ký túc xá quá ồn ào để học và tôi đoán nơi này quá yên tĩnh	HỌC KÝ TÚC XÁ ỒN ÀO VÀ TÔI ĐOÁN NƠI NÀY TRẬT TỰ	Cuộc sống học đường
tôi nghĩ leo núi là một môn thể thao thú vị nhưng hơi nguy hiểm	TÔI NGHĨ LEO NÚI MÔN THỂ THAO THÚ VỊ NHƯNG HƠI NGUY HIỂM	Cuộc sống thường nhật
bạn có kế hoạch bỏ phiếu không	BẠN BỎ PHIẾU BẦU CỬ CÓ KHÔNG	Chính trị
học sinh thích học toán	HỌC SINH TOÁN HỌC THÍCH	Chính trị
chúng ta chỉ còn 1 cơ hội cuối cùng để chiến thắng thôi	ĐỂ CHIẾN THẮNG CHÚNG TA CƠ HỘI CUỐI CÙNG CÒN 1	Thái độ và Cảm xúc
tôi cần trả lại một cuốn sách	TÔI SÁCH TRẢ	Cuộc sống học đường
tôi nghĩ rằng bạn là một người học nhanh	TÔI NGHĨ BẠN NGƯỜI HỌC NHANH	Cuộc sống thường nhật
tạm biệt	TẠM BIỆT	Cuộc sống thường nhật
tuyệt vời công việc bây giờ thực sự bận rộn nhưng thật vui	CÔNG VIỆC BÂY GIỜ BẬN RỘN NHƯNG THẬT VUI	Mối quan hệ
phải anh cần lắc bình và lắc liên tục	ANH BÌNH LẮC LIÊN TỤC PHẢI	Cuộc sống thường nhật
mẹ con vừa làm xong bài văn mẹ có thể đọc lại trước khi con nộp bài không	MẸ CON BÀI VĂN LÀM XONG MẸ ĐỌC LẠI TRƯỚC KHI NỘP CÓ THỂ	Thái độ và Cảm xúc
cô sinh ra ở mỹ à 	CÔ SINH Ở MỸ	Mối quan hệ
tôi muốn đi chuyến bay đầu tiên có sẵn tôi sẽ cần một vé phổ thông	TÔI CHUYẾN BAY ĐẦU TIÊN ĐI MUỐN VÉ PHỔ THÔNG CẦN	Du lịch
chào bạn công việc thế nào rồi	XIN CHÀO BẠN CÔNG VIỆC THẾ NÀO	Mối quan hệ
bạn nên ngủ đủ giấc	BẠN NÊN NGỦ ĐỦ GIẤC	Cuộc sống thường nhật
vâng bạn đã trúng tuyển	BẠN TRÚNG TUYỂN RỒI	Cuộc sống thường nhật
không thưa ông tôi có thể giúp gì cho ông	KHÔNG TÔI GIÚP ÔNG GÌ	Cuộc sống thường nhật
bạn có nhận được séc du lịch không	BẠN MÁY BAY VÉ NHẬN CHƯA	Cuộc sống thường nhật
ok ma am bạn có thể cho tôi biết ngày bạn mong đợi để kiểm tra	CHO TÔI BIẾT NGÀY BẠN KIỂM TRA MUỐN	Du lịch
bất cứ điều gì cho bạn	BẠN VÌ TÔI LÀM CŨNG	Cuộc sống thường nhật
tôi cần giúp bật chúng lên	BẬT LÊN GIÚP TÔI	Cuộc sống thường nhật
chúng ta có thể đi xe buýt tới đó	CHÚNG TA ĐI XE BUÝT ĐẾN	Cuộc sống thường nhật
bạn đã đến bệnh viện này trước đây chưa	BẠN BỆNH VIỆN ĐẾN TRƯỚC CHƯA	Sức khỏe
tôi không chắc nhưng có lẽ khoảng 75 năm còn nước bạn thì sao	TÔI CHẮC CHẮN KHÔNG NHƯNG KHOẢNG NĂM 75 ĐẤT NƯỚC CỦA BẠN THẾ NÀO	Mối quan hệ
bạn an vô tình làm đổ lọ mực ra trang vở trắng tinh	BẠN AN LỌ MỰC TRANG VỞ TRẮNG TINH LÀM ĐỔ VÔ TÌNH	Cuộc sống học đường
họ có doanh số gì hôm nay	HÔM NAY HỌ DOANH SỐ THẾ NÀO	Cuộc sống thường nhật
chúng ta sẽ xem chuyện gì xảy ra sau mùa đông	CHÚNG TA XEM CHUYỆN GÌ XẢY RA KHI MÙA ĐÔNG KẾT THÚC	Cuộc sống thường nhật
vâng đó là hoàn hảo còn các môn học cho trẻ vị thành niên của bạn	VÂNG TUYỆT VỜI LỚP THANH THIẾU NIÊN DÀNH CHO SAO	Cuộc sống học đường
xin vui lòng chờ đợi cho chúng tôi ngay cả khi chúng ta là một chút muộn	CHỜ CHÚNG TÔI HÃY KHI CHÚNG TÔI MUỘN MỘT CHÚT	Mối quan hệ
xin lỗi hãy cố gắng giải quyết vấn đề này được chứ	XIN LỖI CHÚNG TA CỐ GẮNG CHUYỆN NÀY GIẢI QUYẾT NHÉ	Thái độ và Cảm xúc
sân bay nào thưa bà	BÀ SÂN BAY NÀO BAY TỪ	Cuộc sống thường nhật
rất vui vì bạn nghĩ như vậy	TÔI VUI BẠN NGHĨ VẬY	Thái độ và Cảm xúc
giấc mơ của bạn trở thành sự thật bây giờ	GIẤC MƠ CỦA BẠN TRỞ THÀNH BÂY GIỜ	Mối quan hệ
chúng tôi ở đây bạn đang tìm kiếm vị trí nào	CHÚNG TÔI Ở ĐÂY BẠN VỊ TRÍ TÌM KIẾM NÀO	Công việc
anh ấy thường mặc quần âu và áo sơ mi đi làm	KHI ĐI LÀM ANH ẤY QUẦN ÂU ÁO SƠ MI MẶC	Công việc
vậy là bạn rất vui khi được giúp tôi	BẠN GIÚP TÔI VUI VẺ	Cuộc sống thường nhật
đó là mẹ tôi bà thích bơi lội và người đàn ông bên cạnh bà là bố tôi	ĐÓ MẸ TÔI MẸ BƠI LỘI THÍCH NGƯỜI ĐÀN ÔNG BÊN CẠNH MẸ TÔI LÀ BỐ TÔI	Mối quan hệ
việc bán hàng sẽ bao gồm trang phục	BUỔI GIẢM GIÁ NÀY QUẦN ÁO BAO GỒM KHÔNG	Cuộc sống thường nhật
tôi sẽ giải thích chi tiết trong lớp tiếp theo bạn có thể xem trước nó không	TÔI CHI TIẾT GIẢI THÍCH TRONG LỚP TIẾP THEO BẠN XEM TRƯỚC ĐƯỢC KHÔNG	Mối quan hệ
7 ngày tôi phải làm gì để có tiền cho đến lúc đó	BẢY NGÀY NỮA TÔI TIỀN ĐẾN LÚC ĐÓ CÓ LÀM GÌ	Tài chính
manchester united còn bạn thì sao	CÒN BẠN THÌ SAO	Mối quan hệ
bạn có rảnh không	BẠN RẢNH CÓ KHÔNG	Công việc
chú ngựa được trang bị một chiếc yên ngựa rất chắc chắn	CHÚ NGỰA YÊN NGỰA CÓ ĐƯỢC CHẮC CHẮN	Du lịch
bạn đã đến những thành phố nào rồi	BẠN NHỮNG THÀNH PHỐ ĐẾN NÀO	Mối quan hệ
thật sao bạn có bao nhiêu bộ sưu tập	THẬT À BẠN CÓ BAO NHIÊU MÓN TRONG BỘ SƯU TẬP ĐÓ	Mối quan hệ
có ổn không khi nghỉ giải lao trong ngày làm việc	NGHỈ GIẢI LAO NGÀY LÀM VIỆC ỔN KHÔNG	Công việc
nhưng trước tiên	NHƯNG ĐẦU TIÊN	Cuộc sống thường nhật
nhân viên đang kiểm tra lại danh mục các mặt hàng tồn kho	NHÂN VIÊN DANH MỤC HÀNG TỒN KHO KIỂM TRA LẠI	Công việc
tôi cảm thấy hơi ngứa	TÔI HƠI NGỨA CẢM THẤY	Du lịch
được rồi chúng ta có thể gặp lại nhau	ĐƯỢC RỒI MÌNH GẶP LẠI SAU NHÉ	Công việc
đây là hồ bơi và chúng ta có thể bơi sau	ĐÂY LÀ HỒ BƠI LÁT NỮA CHÚNG TA CÓ THỂ XUỐNG BƠI	Mối quan hệ
đi xe buýt số 7 có một trạm dừng ngay đằng kia	BẮT XE BUÝT SỐ 7 CÓ TRẠM NGAY ĐẰNG KIA	Cuộc sống thường nhật
bạn ấy luôn lễ phép với thầy cô và người lớn	BẠN ẤY LỄ PHÉP VỚI THẦY CÔ VÀ NGƯỜI LỚN	Cuộc sống học đường
bạn muốn đặt cỡ chảo nào	BẠN CHẢO KÍCH CỠ MUỐN NÀO	Cuộc sống thường nhật
vâng tốt cho bạn tôi hy vọng bạn có thể nhận được những gì bạn muốn từ việc đào tạo	TÔI HY VỌNG BẠN NHẬN ĐƯỢC BẠN MUỐN ĐÀO TẠO	Mối quan hệ
bức tranh đẹp quá	BỨC TRANH ĐẸP	Văn hóa và Giáo dục
họ sẽ giới thiệu cho tôi lớp học phù hợp 	HỌ LỚP HỌC PHÙ HỢP CHO TÔI GIỚI THIỆU	Cuộc sống học đường
ai là nhạc trưởng tại sự kiện đó	SỰ KIỆN GIÁM ĐỐC AI	Mối quan hệ
những chú cá heo đang bơi	NHỮNG CÁ HEO BƠI	Du lịch
bạn có thích không	BẠN THÍCH KHÔNG	Mối quan hệ
trong giờ học toán chúng em được học về hình lục giác đều	TRONG GIỜ HỌC TOÁN CHÚNG EM HÌNH LỤC GIÁC ĐỀU HỌC ĐƯỢC	Cuộc sống học đường
gia đình tôi sum vầy cùng nhau đón tết âm lịch	TÔI NGƯỜI THÂN SUM VẦY TẾT NGUYÊN ĐÁN CÙNG NHAU ĐÓN	Văn hóa và Giáo dục
hơn nữa chỉ mất mười phút đi bộ đến công ty	MƯỜI PHÚT CÔNG TY ĐI BỘ ĐẾN RỒI	Cuộc sống thường nhật
tôi vừa về từ thành phố	TÔI TỪ THÀNH PHỐ VỀ	Mối quan hệ
tốt còn anh	TỐT BẠN SAO	Mối quan hệ
quả lựu chứa rất nhiều vitamin tốt cho sức khỏe con người	QUẢ LỰU VITAMIN TỐT NHIỀU CHO CON NGƯỜI SỨC KHOẺ	Sức khỏe
cho tôi xem cái đó được không	TÔI CÁI ĐÓ XEM ĐƯỢC KHÔNG	Cuộc sống học đường
em thích trang trí bìa vở bằng những hình dán ngộ nghĩnh	EM BÌA VỞ TRANG TRÍ BẰNG HÌNH DÁN DỄ THƯƠNG THÍCH	Cuộc sống học đường
chúng tôi muốn xem xét xung quanh nhà của bạn	CHÚNG TÔI XEM NHÀ XUNG QUANH CỦA BẠN MUỐN	Mối quan hệ
chúng ta chỉ được phép qua đường khi đèn xanh bật sáng	CHÚNG TA QUA ĐƯỜNG ĐƯỢC CHỈ KHI ĐÈN XANH BẬT SÁNG	Cuộc sống thường nhật
tôi cảm thấy không khỏe tôi cần một túi chống say máy bay	TÔI MỆT HƠI THẤY TÚI CHỐNG SAY CHO TÔI XIN VỚI	Du lịch
bạn dùng phần mềm diệt virus nào	BẠN PHẦN MỀM DIỆT VIRUS DÙNG NÀO	Cuộc sống thường nhật
khoảng 12 tiếng nữa	12 TIẾNG KHOẢNG NỮA	Du lịch
bạn đã có một công việc bán thời gian khi bạn vẫn còn đi học	KHI BẠN ĐI HỌC CÒN CÔNG VIỆC THỜI GIAN MỘT NỬA	Công việc
tôi đã không được mua sắm ở đó nhưng có lẽ tôi sẽ thử nó một lúc nào đó	Ở ĐÓ MUA SẮM CHƯA NHƯNG MỘT LẦN THỬ SẼ	Cuộc sống thường nhật
chúng tôi đang lên kế hoạch đi trượt tuyết ở thụy sĩ bạn có trượt băng không	CHÚNG TÔI THỤY SĨ TRƯỢT TUYẾT ĐI SẼ BẠN TRƯỢT BĂNG BIẾT KHÔNG	Mối quan hệ
ồ tôi không sao	TÔI ỔN MÀ	Mối quan hệ
tôi không chắc mình muốn loại nào	TÔI LOẠI NÀO CHỌN BIẾT CHƯA	Cuộc sống thường nhật
không cảm ơn chồng tôi bảo chúng tôi muốn thanh toán ngay	KHÔNG CẢM ƠN CHỒNG CỦA TÔI BẢO CHÚNG TÔI THANH TOÁN LUÔN	Tài chính
học sinh dùng kính lúp để quan sát các chi tiết nhỏ của lá	HỌC SINH KÍNH LÚP DÙNG ĐỂ QUAN SÁT LÁ CHI TIẾT NHỎ	Cuộc sống học đường
đêm nay vầng trăng tròn và sáng tỏ trên bầu trời	ĐÊM NAY TRÊN BẦU TRỜI VẦNG TRĂNG TRÒN VÀ SÁNG TỎ	Cuộc sống thường nhật
thật sao tôi thấy bạn không giống người trung quốc lắm	THẬT TÔI THẤY BẠN NGƯỜI TRUNG QUỐC GIỐNG KHÔNG	Mối quan hệ
phải em biết anh thích leo trèo nhưng xuống đây đi	TÔI BIẾT BẠN LEO TRÈO THÍCH NHƯNG XUỐNG ĐÂY	Mối quan hệ
công ty đang trong quá trình chuyển giao công nghệ mới	CÔNG TY CÔNG NGHỆ MỚI QUÁ TRÌNH CHUYỂN GIAO	Công việc
tôi có thể có tên của bạn một lần nữa làm ơn	TÔI TÊN BẠN LẠI XIN ĐƯỢC KHÔNG	Công việc
chuyến du lịch miền tây rất thu vị	CHUYẾN DU LỊCH MIỀN TÂY RẤT THÚ VỊ	Du lịch
tôi nghĩ tôi sẽ ăn nó hôm nay	TÔI NGHĨ TÔI ĂN HÔM NAY	Cuộc sống thường nhật
phải vòi nước nhà tôi sắp bị rò rỉ rồi	VÒI NƯỚC TÔI NHÀ RÒ RỈ SẮP	Sức khỏe
tôi đang tìm kiếm một bộ đồ dự tiệc	TÔI BỘ ĐỒ ĐÁM CƯỚI TÌM KIẾM	Cuộc sống thường nhật
thợ máy của anh xong chưa	THỢ MÁY CỦA ANH XONG CHƯA	Mối quan hệ
chúng tôi cùng nhau ngắm bình minh trên bãi biển	CHÚNG TÔI NGẮM BÌNH MINH CÙNG NHAU TRÊN BÃI BIỂN	Du lịch
hạn trả tiền thuê là bao nhiêu	THỜI GIAN THUÊ TRẢ BAO NHIÊU	Cuộc sống thường nhật
khi nào bạn sẽ tốt nghiệp trường đại học đó	KHI NÀO BẠN TRƯỜNG ĐẠI HỌC ĐÓ TỐT NGHIỆP	Công việc
nào ngồi xuống đi	NÀO NGỒI XUỐNG	Cuộc sống thường nhật
từ tà áo có chứa một thanh dấu huyền trong tiếng việt	TTRONG TIẾNG VIỆT TỪ TÀ ÁO 1 DẤU HUYỀN CÓ	Văn hóa và Giáo dục
bạn đã sẵn sàng để đặt hàng tôi có thể đề nghị một con bê	BẠN GỌI MÓN SẴN SÀNG CHƯA TÔI MÓN THỊT BÊ GỢI Ý CÓ THỂ KHÔNG	Cuộc sống thường nhật
vâng thứ sáu tôi có một lớp học ngay sau giờ làm việc	THỨ SÁU TÔI LÀM VIỆC SAU LỚP CÓ	Mối quan hệ
vâng thời tiết là không thể đoán trước thời gian này trong năm	THỜI TIẾT ĐOÁN KHÔNG THỂ THỜI GIAN TRONG NĂM	Mối quan hệ
được rồi chỉ năm phút thôi hãy chắc chắn không chạm vào bất cứ thứ gì	NĂM PHÚT THÔI NHỚ GÌ CHẠM ĐỪNG	Cuộc sống thường nhật
số liền trước của một trăm là số chín mươi chín	MỘT TRĂM SỐ LIỀN TRƯỚC LÀ SỐ CHÍN MƯƠI CHÍN	Cuộc sống học đường
còn mẹ bạn thì sao bà ấy có giúp bạn không	MẸ BẠN THÌ SAO BÀ GIÚP BẠN KHÔNG	Mối quan hệ
một điều nữa bạn có thể cho tôi biết tên của những người bạn sẽ đi du lịch với	BẠN CHO TÔI BIẾT TÊN NGƯỜI ĐI CÙNG BẠN	Du lịch
tôi lái một chiếc xe máy	TÔI XE MÁY ĐI	Cuộc sống học đường
anh ấy thở dài mệt mỏi sau một ngày làm việc vất vả	ANH ẤY THỞ DÀI MỆT MỎI SAU MỘT NGÀY LÀM VIỆC VẤT VẢ	Thái độ và Cảm xúc
một héctômét bằng một trăm mét theo đơn vị đo lường	MỘT 1HM 100M BẰNG THEO ĐƠN VỊ ĐO LƯỜNG	Cuộc sống học đường
bạn có muốn một số cookie tôi chỉ làm cho họ	BẠN MUỐN ĂN BÁNH QUY VÀI CÁI KHÔNG TÔI LÀM MỚI	Cuộc sống thường nhật
bạn có thích bơi không	BẠN BƠI THÍCH KHÔNG	Mối quan hệ
vậy còn bạn thì sao làm thế nào bạn nhận được trên với bạn trai của bạn	BẠN BẠN TRAI DẠO NÀY THẾ NÀO	Thái độ và Cảm xúc
chúng tôi đang tập hát trong phòng âm nhạc của trường	CHÚNG TÔI TẬP HÁT TRONG PHÒNG ÂM NHẠC CỦA TRƯỜNG	Cuộc sống học đường
dạo này tôi làm thêm rất nhiều	DẠO NÀY TÔI LÀM THÊM RẤT NHIỀU	Công việc
không tôi là người canada bạn có phải người trung quốc không	TÔI NGƯỜI VIỆT NAM BẠN NGƯỜI TRUNG QUỐC PHẢI KHÔNG	Công việc
nhưng bông hoa đó đẹp lắm	NHƯNG BÔNG HOA ĐÓ ĐẸP	Cuộc sống thường nhật
nước cam	CAM NƯỚC	Cuộc sống thường nhật
oh tôi xin lỗi tôi không biết	TÔI BIẾT KHÔNG	Cuộc sống học đường
nhìn xem cái gì trong lồng vậy	NHÌN XEM TRONG LỒNG CÁI GÌ	Mối quan hệ
thời tiết có ổn không	THỜI TIẾT ỔN KHÔNG	Mối quan hệ
màu cờ đỏ thắm tung bay trong gió thật tự hào	CỜ ĐỎ TỰ HÀO TUNG BAY TRONG GIÓ	Thái độ và Cảm xúc
một lần nữa	MỘT LẦN THÊM	Công việc
khi lên xe buýt bạn phải xếp hàng	KHI LÊN XE BUÝT BẠN XẾP HÀNG PHẢI	Cuộc sống học đường
chỉ 700 quan	CHỈ 700 QUAN THÔI	Cuộc sống thường nhật
mỗi học sinh cần có ý thức giữ gìn vệ sinh chung	MỖI HỌC SINH GIỮ GÌN VỆ SINH CHUNG Ý THỨC CẦN	Cuộc sống học đường
chào nancy cô khỏe không	CHÀO CÔ KHỎE KHÔNG	Cuộc sống thường nhật
anh ấy mặc chiếc áo sơ mi trắng rất lịch sự	ANH ẤY CHIẾC ÁO SƠ MI TRẮNG MẶC RẤT LỊCH SỰ	Cuộc sống thường nhật
chỉ cần để chúng bên ngoài cửa chúng tôi sẽ chăm sóc nó	CỬA BÊN NGOÀI CẦN CHÚNG TÔI NÓ CHĂM SÓC	Du lịch
môi trường sống tác động rất lớn đến sự phát triển của trẻ	MÔI TRƯỜNG SỐNG TÁC ĐỘNG LỚN ĐẾN TRẺ EM CỦA SỰ PHÁT TRIỂN	Văn hóa và Giáo dục
cô giáo thường lấy ví dụ thực tế để giảng bài	CÔ GIÁO KHI GIẢNG BÀI VÍ DỤ THỰC TẾ LẤY	Cuộc sống học đường
các lập trình viên mới của zina làm việc như thế nào	CÁC NHÂN VIÊN MỚI CỦA ZINA LÀM VIỆC THẾ NÀO	Thái độ và Cảm xúc
chúng chỉ có 20 đô một tá	12 CÁI GIÁ 20 ĐÔ	Cuộc sống thường nhật
được rồi thưa bà bà muốn đặt phòng vào ngày nào	BÀ ĐẶT PHÒNG NGÀY NÀO	Du lịch
tôi nghĩ tôi không được khoẻ	TÔI NGHĨ TÔI KHOẺ KHÔNG	Cuộc sống thường nhật
chúng ta có mục đích khác nhau không biết anh mua quà cho ai nhỉ	CHÚNG TA MỤC ĐÍCH KHÁC NHAU ANH QUÀ MUA CHO AI	Cuộc sống thường nhật
hợp đồng thuê nhà của tôi kết thúc vào tháng tới vì vậy tôi phải tìm một nơi mới	THÁNG TỚI HỢP ĐỒNG THUÊ NHÀ CỦA TÔI KẾT THÚC VÌ VẬY TÔI TÌM NƠI MỚI	Cuộc sống thường nhật
nghe có vẻ tuyệt vời bạn đã ăn trưa với bạn	NGHE HAY BẠN ĂN TRƯA VỚI AI	Mối quan hệ
bạn kết hôn được bao lâu rồi	BẠN KẾT HÔN BAO LÂU RỒI	Công việc
tôi có thể mang sổ ghi chép đến buổi họp	TÔI SỔ GHI CHÉP MANG ĐẾN BUỔI HỌP	Công việc
vâng một số lần	VÂNG ĐÔI KHI THÔI	Mối quan hệ
tôi quản lý để có được một bánh sandwich từ một tiếp viên hàng không làm thế nào về bạn	TÔI BÁNH SANDWICH TIẾP VIÊN HÀNG KHÔNG MANG ĐẾN MUỐN BẠN MUỐN THẾ NÀO	Du lịch
ồ nó nằm ngoài ví của tôi	NÓ KHẢ NĂNG CHI TRẢ TÔI NGOÀI NẰM RỒI	Cuộc sống thường nhật
đôi giày của cậu bé lấm lem bùn đất sau cơn mưa	SAU CƠN MƯA CẬU BÉ ĐÔI GIẦY LẤM LEM BẨN ĐEN BÙN ĐẤT	Cuộc sống thường nhật
tôi chỉ muốn gặp anh	TÔI BẠN GẶP MUỐN	Mối quan hệ
hai mươi	20	Cuộc sống thường nhật
đây là một chương trình giáo dục đặc biệt dành cho trẻ em	ĐÂY CHƯƠNG TRÌNH 1 GIÁO DỤC ĐẶC BIỆT TRẺ EM	Văn hóa và Giáo dục
chúng ta rất hợp với nhau	CHÚNG TA RẤT HỢP	Mối quan hệ
cả nhà cùng nhau đi dạo quanh hồ nước trong xanh buổi chiều	BUỔI CHIỀU CẢ NHÀ CÙNG NHAU ĐI DẠO QUANH HỒ NƯỚC	Cuộc sống thường nhật
ồ anh thường không có món khai vị à	ANH THƯỜNG MÓN KHAI VỊ GỌI KHÔNG	Mối quan hệ
vâng thật tuyệt vời nhưng đã một năm rồi thời gian trôi nhanh làm sao	VÂNG TUYỆT NHƯNG MỘT NĂM RỒI THỜI GIAN NHANH TRÔI QUÁ	Du lịch
bạn có nghe anh ấy nói gì không	BẠN NGHE ANH ẤY NÓI GÌ	Công việc
bọn trẻ đang háo hức chờ đợi đến ngày được đi chơi công viên	BỌN TRẺ HÁO HỨC CHỜ NGÀY ĐI CHƠI CÔN VIÊN	Thái độ và Cảm xúc
560 436 4040 thì sao	560 436 4040 THÌ SAO	Cuộc sống thường nhật
chào buổi tối	CHÀO BUỔI TỐI	Du lịch
vâng nhưng cho ai	NHƯNG CHO AI	Du lịch
tôi cần phải trả hóa đơn của tôi	TÔI CẦN THANH TOÁN HÓA ĐƠN CỦA MÌNH	Cuộc sống thường nhật
cờ vua là một môn thể thao trí tuệ đòi hỏi sự tư duy	CỜ VUA MÔN THỂ THAO TRÍ TUỆ 1 SỰ TƯ DUY ĐÒI HỎI CẦN	Văn hóa và Giáo dục
bạn có nghĩ rằng bạn muốn thử nhà hàng này vào một thời điểm khác	BẠN NGHĨ NHÀ HÀNG NÀY THỬ LÚC KHÁC MUỐN KHÔNG	Mối quan hệ
vịnh hạ long là một địa điểm du lịch nổi tiếng thế giới	VỊNH HẠ LONG ĐỊA ĐIỂM 1 DU LỊCH NỔI TIẾNG THẾ GIỚI	Du lịch
bạn tôi có rất nhiều câu đố khó	BẠN TÔI NHỮNG CÂU ĐỐ KHÓ CÓ NHIỀU	Cuộc sống học đường
mối quan hệ hữu nghị giữa hai nước ngày càng được củng cố	HAI NƯỚC MỐI QUAN HỆ HỮU NGHỊ NGÀY CÀNG CỦNG CỐ ĐƯỢC	Chính trị
phải chính là cái đó	PHẢI CHÍNH CÁI ĐÓ	Cuộc sống thường nhật
học sinh phải tuân thủ mọi quy tắc của nhà trường đề ra	HỌC SINH TUÂN THỦ THỰC HIỆN PHẢI NHÀ TRƯỜNG MỌI QUY TẮC ĐỀ RA ĐƯA RA	Cuộc sống học đường
tôi cần phải có được internet	TÔI INTERNET CÓ	Cuộc sống thường nhật
chúng ta có nên mang theo chai rượu vang của riêng mình để tiết kiệm tiền không	CHÚNG TA CHAI RƯỢU VANG CỦA RIÊNG MÌNH MANG TIẾT KIỆM CÓ KHÔNG	Mối quan hệ
hội chứng đao là một rối loạn di truyền thường gặp	HỘI CHỨNG DOWN RỐI LOẠN DI TRUYỀN KHÁ PHỔ BIẾN	Sức khỏe
bố ơi nói con nghe	BỐ ƠI NÓI CON NGHE	Cuộc sống thường nhật
tôi mất bao nhiêu tiền	TÔI TIỀN BAO NHIÊU	Cuộc sống thường nhật
ít nhất tôi thưởng thức bữa trưa của tôi có gì trong túi của bạn	TÔI ĂN TRƯA NGON ĐƯỢC TÚI BẠN CÓ GÌ	Cuộc sống thường nhật
bé gái mặc chiếc quần yếm trông thật đáng yêu và tinh nghịch	BÉ GÁI CHIẾC QUẦN YẾM MẶC TRÔNG ĐÁNG YÊU VÀ TINH NGHỊCH	Cuộc sống thường nhật
tài xế có nói tiếng anh không	TÀI XẾ TIẾNG ANH NÓI CÓ	Cuộc sống thường nhật
được rồi chúng ta hãy bắt đầu với cái cây	RỒI CHÚNG TA CÂY BẮT ĐẦU	Cuộc sống thường nhật
tôi thích tập thể dục nhịp điệu trong thời gian rảnh rỗi nó tốt cho sức khỏe của tôi	TÔI THỂ DỤC NHỊP ĐIỆU TẬP THÍCH LÚC RẢNH VUI TỐT CHO SỨC KHỎE VỪA VỪA	Mối quan hệ
thánh gióng là một trong tứ bất tử của việt nam	THÁNH GIÓNG LÀ MỘT TRONG TỨ BẤT TỬ CỦA VIỆT NAM	Văn hóa và Giáo dục
nhưng tôi nghĩ lá nên có màu xanh	NHƯNG TÔI NGHĨ LÁ MÀU XANH LÁ CÂY	Cuộc sống thường nhật
chúng tôi xin lỗi nhưng phòng đơn đã hết	CHÚNG TÔI XIN LỖI NHƯNG PHÒNG ĐƠN HẾT RỒI	Du lịch
cậu ấy cảm thấy ân hận vì hành động thiếu suy nghĩ	VÌ HÀNH ĐỘNG THIẾU SUY NGHĨ CẬU ẤY ÂN HẬN	Thái độ và Cảm xúc
làm thế nào để bạn đến văn phòng	BẠN ĐẾN VĂN PHÒNG BẰNG CÁCH NÀO THƯỜNG	Công việc
đúng vậy bạn không uống cà phê phải không	ĐÚNG VẬY BẠN CÀ PHÊ UỐNG KHÔNG ĐÚNG KHÔNG	Mối quan hệ
xin chờ một chút mời bạn ngồi	CHỜ MỘT CHÚT MỜI BẠN NGỒI	Cuộc sống thường nhật
con cháu luôn ghi nhớ công ơn của các bậc tổ tiên	CON CHÁU CÁC BẬC TỔ TIÊN CÔNG ƠN GHI NHỚ LUÔN	Văn hóa và Giáo dục
vâng đi xe buýt nó sẽ dẫn bạn trực tiếp đến đó	XE BUÝT ĐI NHÉ NÓ BẠN THẲNG ĐẾN ĐÓ ĐƯA	Du lịch
mẹ vừa cắm điện chiếc ấm đun nước siêu tốc để pha mì	MẸ CHIẾC ẤM CẮM ĐIỆN ĐUN NƯỚC NHANH ĐỂ PHA MÌ	Cuộc sống thường nhật
mọi việc khởi đầu thuận lợi đúng là đầu xuôi đuôi lọt	MỌI VIỆC BẮT ĐẦU THUẬN LỢI ĐÚNG LÀ RẤT TỐT	Công việc
tôi có 10 cây bút chì màu vàng	TÔI BÚT CHÌ MÀU VÀNG 10 CÓ	Cuộc sống thường nhật
tôi mang theo một đĩa nhạc gồm rất nhiều bài hát thiếu nhi	TÔI ĐĨA NHẠC MỘT MANG THEO GỒM BÀI HÁT THIẾU NHI NHIỀU	Mối quan hệ
không sao chúng tôi sẽ gặp lại bạn sau	KHÔNG SAO CHÚNG TÔI BẠN GẶP LẠI SAU	Tài chính
ban giám hiệu nhà trường đã đưa ra thông báo mới	BAN GIÁM HIỆU NHÀ TRƯỜNG THÔNG BÁO MỚI ĐƯA RA	Cuộc sống học đường
những đứa trẻ đang vui đùa trên bờ ruộng buổi chiều	MỖI BUỔI CHIỀU TRÊN BỜ RUỘNG NHỮNG ĐỨA TRẺ VUI ĐÙA CHƠI VUI VẺ	Cuộc sống thường nhật
ứng viên này rất phù hợp với vị trí công ty đang tuyển	ỨNG VIÊN NÀY VỊ TRÍ CÔNG TY TUYỂN PHÙ HỢP	Công việc
ngày mai là thứ sáu nó sẽ là cuối tuần	NGÀY MAI THỨ SÁU NÓ CUỐI TUẦN SẼ	Mối quan hệ
tôi mặc size 32 trông đẹp đấy tôi có thể thử nó ở đâu	TÔI SIZE 32 MẶC TRÔNG ĐẸP TÔI THỬ Ở ĐÂU	Cuộc sống thường nhật
chiếc xe đua đạt vận tốc tối đa trên đường thẳng	TRÊN ĐƯỜNG THẲNG XE ĐUA VẬN TỐC TỐI ĐA LỚN NHẤT ĐẠT	Cuộc sống thường nhật
làm thế nào về bất cứ điều gì cho món tráng miệng như bánh táo hoặc kem	MÓN TRÁNG MIỆNG SAO NHƯ BÁNH TÁO HOẶC KEM CHẲNG HẠN CÒN	Cuộc sống thường nhật
thật sao rất vui được gặp bạn bạn đã ở với công ty này bao lâu rồi	THẬT BẠN GẶP VUI BẠN CÔNG TY LÀM VIỆC RỒI BAO LÂU	Công việc
giờ lên máy bay là 1020 sáng	GIỜ MÁY BAY 10 20 SÁNG	Du lịch
ồ tôi xin lỗi vì đã quên tất cả về nó tôi có thể kiểm tra mưa không	XIN LỖI TÔI QUÊN MẤT TÔI XEM DỰ BÁO MƯA ĐƯỢC KHÔNG	Mối quan hệ
tệ nạn ma túy gây ra nhiều hệ lụy cho xã hội	TỆ NẠN MA TUÝ HỆ LUỴ GÂY RA CHO XÃ HỘI NHIỀU	Chính trị
bạn có thể cho tôi biết đây có phải là đường đến đồn cảnh sát không	BẠN CHO TÔI BIẾT ĐÂY ĐƯỜNG ĐỒN CẢNH SÁT ĐẾN ĐÚNG KHÔNG	Cuộc sống thường nhật
nghề nghiệp hiện tại của bạn là gì	HIỆN TẠI BẠN NGHỀ NGHIỆP GÌ	Mối quan hệ
đội cứu hộ đã làm việc không ngừng nghỉ để tìm người mất tích	ĐỘI CỨU HỘ LÀM VIỆC NGỪNG NGHỈ KHÔNG NGƯỜI MẤT TÍCH TÌM	Công việc
được rồi tốt chúng ta cần phải chặt cây	RỒI TỐT CHÚNG TA CÂY CHẶT	Cuộc sống thường nhật
chào bạn ruth nhảy vào	CHÀO XE LÊN ĐI	Cuộc sống thường nhật
tôi không muốn như thế này tôi nghĩ chúng ta nên tiến xa hơn	TÔI MỌI CHUYỆN NHƯ THẾ NÀY MUỐN KHÔNG TÔI CHÚNG TA TIẾN XA HƠN NGHĨ NÊN	Thái độ và Cảm xúc
một vấn đề mới đã xuất hiện trong kế hoạch của chúng tôi	KẾ HOẠCH CỦA CHÚNG TÔI VẤN ĐỀ MỚI 1 XUẤT HIỆN CÓ	Công việc
vâng xin vui lòng cho ông biết tôi muốn thảo luận về trường hợp girard với bạn	ÔNG ẤY BÁO TÔI BÀN BẠC MUỐN	Công việc
trên bàn học của em có một quả địa cầu rất đẹp	EM BÀN HỌC QUẢ ĐỊA CẦU 1 RẤT ĐẸP CÓ	Cuộc sống học đường
chiều nào chúng tôi cũng rủ nhau ra sân đánh cầu lông	HÀNG NGÀY CHIỀU CHÚNG TÔI RỦ NHAU RA SÂN ĐÁNH CẦU LÔNG	Sức khỏe
quả địa cầu trong lớp học của em có dạng hình cầu	LỚP EM QUẢ ĐỊA CẦU DẠNG HÌNH CẦU CÓ	Cuộc sống học đường
tôi chưa đến thăm bến thượng hải tôi luôn có quá nhiều việc phải làm	TÔI HUẾ ĐẾN THĂM CHƯA TÔI VIỆC PHẢI LÀM QUÁ NHIỀU CÓ LUÔN LUÔN	Mối quan hệ
uh vâng được rồi nói với anh ta john suzuki đã gọi đó là suzuki	ĐƯỢC NÓI ANH ẤY GỌI SU Z U K I	Công việc
tôi có làm gì sai không	TÔI SAI LÀM GÌ	Công việc
tôi biết cảm giác của bạn dễ thôi	TÔI CẢM GIÁC ĐÓ HIỂU DỄ	Mối quan hệ
cô ấy hốt hoảng la lên khi thấy con rắn trong vườn	CÔ ẤY HOẢNG HỐT LA LÊN CON RẮN THẤY TRONG VƯỜN	Thái độ và Cảm xúc
khoảng 6 giờ chiều	CHIỀU 6 GIỜ KHOẢNG	Mối quan hệ
30 phút hay 30 giây không quan trọng tôi đã sẵn sàng	DÙ BA MƯƠI PHÚT HAY BA MƯƠI GIÂY KHÔNG QUAN TRỌNG TÔI ĐÃ SẴN SÀNG	Du lịch
bạn có gợi ý nào cho tôi nên đeo vòng cổ nào không	BẠN GỢI Ý CHO TÔI VÒNG CỔ NÀO	Mối quan hệ
rất vui được gặp lại bà bà hào bà thật tử tế	GẶP LẠI BÀ HÀO VUI RẤT BÀ TỬ TẾ THẬT	Công việc
ai cũng mong muốn có một cuộc sống hạnh phúc và bình yên	AI CUỘC SỐNG HẠNH PHÚC BÌNH YÊN CŨNG MONG MUỐN	Thái độ và Cảm xúc
hmm tốt có lẽ chúng ta có thể mua cái này sau đó	MÌNH CÁI NÀY SAU MUA CHẮC ĐƯỢC	Cuộc sống thường nhật
vâng nghe có vẻ vui tôi có thể mặc bộ bikini màu hồng mới của mình	NGHE VUI CÓ VẺ TÔI ĐỒ BƠI MÀU HỒNG MỚI MẶC	Mối quan hệ
bạn đã nói về trò chơi ghép hình rồi	BẠN TRÒ CHƠI GHÉP HÌNH NÓI RỒI	Cuộc sống thường nhật
bạn muốn loại đồ uống nào trà hay cà phê 	BẠN ĐỒ UỐNG LOẠI NÀO MUỐN TRÀ HOẶC CÀ PHÊ	Mối quan hệ
thỉnh thoảng tôi đi cùng được không	THỈNH THOẢNG TÔI ĐI CÙNG ĐƯỢC KHÔNG	Mối quan hệ
áo của tôi có 3 màu đỏ đen trắng	ÁO CỦA TÔI MÀU 3 ĐỎ ĐEN TRẮNG	Cuộc sống thường nhật
tôi hy vọng bạn đang định cư ở trường	TÔI HY VỌNG BẠN Ở LẠI TRƯỜNG	Cuộc sống học đường
tôi có phải ra tòa không	TÔI RA TÒA PHẢI KHÔNG	Chính trị
bởi vì những ngôi nhà trông rất đẹp vào thời gian giáng sinh	THỜI GIAN GIÁNG SINH NHỮNG NGÔI NHÀ TRÔNG RẤT ĐẸP	Mối quan hệ
mẹ tôi hay cho vài quả ớt vào nồi canh chua	MẸ TÔI QUẢ ỚT VÀI QUẢ NỒI CANH CHUA CHO VÀO	Cuộc sống thường nhật
anh ấy đã trở lại	ANH ẤY TRỞ LẠI RỒI	Cuộc sống thường nhật
sáng kiến của anh ấy đã giúp cải thiện công việc	SÁNG KIẾN CỦA ANH ẤY GIÚP CÔNG VIỆC CẢI THIỆN	Công việc
tôi có thể thấy hai má cô có chút sắc màu	TÔI MÁ HAI CỦA CÔ ẤY THẤY SẮC MÀU CHÚT	Cuộc sống thường nhật
tôi biết mấy giờ hẹn của họ	TÔI BIẾT CUỘC HẸN CỦA HỌ MẤY GIỜ	Mối quan hệ
tại sao bạn đi đến cửa hàng	BẠN CỬA HÀNG ĐẾN TẠI SAO	Cuộc sống thường nhật
người nông dân dậy sớm ra đồng cày ruộng chuẩn bị cho vụ mùa	NGƯỜI NÔNG DÂN DẬY SỚM CÁNH ĐỒNG RA CHUẨN BỊ VỤ MÙA	Công việc
học thêm một ngôn ngữ mới mở ra nhiều cơ hội tuyệt vời	NGÔN NGỮ MỚI 1 HỌC THÊM CƠ HỘI TỐT MỞ RA NHIỀU	Văn hóa và Giáo dục
hình như cô ấy đang nghĩ gì đó	HÌNH NHƯ CÔ ẤY SUY NGHĨ GÌ	Thái độ và Cảm xúc
trên bàn bây giờ không có bất kỳ đồ vật nào cả	BÀN GIỜ MÓN ĐỒ NÀO CÒN KHÔNG	Cuộc sống thường nhật
nhưng tôi luôn muốn thử	TÔI THỬ MUỐN LUÔN NHƯNG	Mối quan hệ
tôi thích vẽ những đám mây	TÔI NHỮNG ĐÁM MÂY VẼ THÍCH	Du lịch
hai anh em họ thường cãi nhau vì những chuyện nhỏ nhặt	ANH EM HAI CHUYỆN NHỎ NHẶT CÃI NHAU	Mối quan hệ
chào buổi sáng tôi muốn nói chuyện với bạn chen	CHÀO BUỔI SÁNG TÔI BẠN NÓI CHUYỆN MUỐN	Công việc
bác sĩ đang lên phác đồ điều trị hiệu quả cho bệnh nhân	BÁC SĨ PHÁC ĐỒ ĐIỀU TRỊ BỆNH NHÂN HIỆU QUẢ CÓ	Sức khỏe
hẹn gặp lại lúc 7 giờ	BẢY GIỜ HẸN GẶP LẠI	Mối quan hệ
tốt nhân tiện bạn có đọc xong cuốn sách robinson crusoe tôi đã mua cho bạn không	BẠN CUỐN SÁCH ĐỌC TÔI MUA CHO BẠN XONG CHƯA	Mối quan hệ
được rồi tôi có nên mang theo gì không	RỒI TÔI MANG THEO GÌ	Cuộc sống thường nhật
những chú ong thợ chăm chỉ hút mật từ nhụy hoa	NHỮNG CHÚ ONG THỢ MẬT HÚT CHĂM CHỈ TỪ NHUỴ TRONG HOA	Cuộc sống thường nhật
các nhà khoa học vừa phát hiện một loài sinh vật mới	NHÀ KHOA HỌC PHÁT HIỆN LOÀI SINH VẬT MỚI	Công việc
tôi không biết bạn đã để nó ở đâu	TÔI KHÔNG BIẾT BẠN ĐỂ Ở ĐÂU	Cuộc sống thường nhật
hoa đẹp thật	HOA ĐẸP	Cuộc sống thường nhật
nó rất dễ thương	NÓ RẤT DỄ THƯƠNG	Cuộc sống thường nhật
chắc chắn đi trước	ĐƯỢC RỒI ANH TRƯỚC ĐI	Mối quan hệ
không sao tôi tự lo được	TÔI TỰ LO ĐƯỢC KHÔNG SAO	Cuộc sống thường nhật
tôi sẽ ăn bít tết vừa chín	TÔI BÍT TẾT CHÍN VỪA ĂN	Cuộc sống thường nhật
bạn biết gì về công ty chúng tôi	BẠN CÔNG TY CỦA CHÚNG TÔI BIẾT	Công việc
ngoài đường có rất nhiều xe máy 	NGOÀI ĐƯỜNG XE MÁY CÓ NHIỀU	Cuộc sống thường nhật
bạn lan đã xuất sắc đạt được điểm 10 môn toán	BẠN LAN MÔN TOÁN ĐIỂM 10 XUẤT SẮC ĐẠT ĐƯỢC	Cuộc sống học đường
ok ok trở lại làm việc có ai đó đang chờ bạn trong bếp	LÀM VIỆC TIẾP TỤC BẠN TRONG BẾP ĐỢI	Thái độ và Cảm xúc
ngày giải phóng miền nam 304 là một mốc son lịch sử chói lọi	NGÀY MIỀN NAM GIẢI PHÓNG LÀ MỐC SON LỊCH SỬ CHÓI LỌI	Chính trị
vậy cược là bao nhiêu	CƯỢC BAO NHIÊU	Mối quan hệ
cậu bé vẽ nguệch ngoạc những hình thù ngộ nghĩnh	CẬU BÉ NHỮNG HÌNH THÙ ĐỒ VẬT NGỘ NGHĨNH VẼ NGUỆCH NGOẠC LỘN XỘN	Cuộc sống thường nhật
bạn có thể gửi cho ai đó để sửa chữa internet của tôi	BẠN GỬI CHO AI SỬA CHỮA INTERNET CỦA TÔI	Cuộc sống thường nhật
hôm nay con đã giúp đỡ rất nhiều trong việc chỉ cho bọn trẻ cách leo trèo	HÔM NAY CON GIÚP ĐỠ NHIỀU TRẺ EM LEO TRÈO DẠY	Cuộc sống học đường
cứ để đó	Ở ĐÓ ĐỂ	Cuộc sống thường nhật
cảm ơn bạn rất nhiều vì đã cho tôi biết lần sau tôi sẽ thử	BẠN CẢM ƠN VÌ CHO TÔI BIẾT LẦN SAU TÔI THỬ	Cuộc sống thường nhật
chúng tôi đã bị đi lạc trong khu rừng rậm rạp này	CHÚNG TÔI KHU RỪNG RẬM RẠP NÀY LẠC	Du lịch
hãy để tôi xem một hoặc hai phòng ngủ	PHÒNG NGỦ MỘT HOẶC HAI TÔI XEM	Cuộc sống thường nhật
ngày mai là buổi lễ nhập trường của các tân sinh viên	NGÀY MAI LÀ BUỔI LỄ SINH VIÊN MỚI NHẬP TRƯỜNG	Cuộc sống học đường
tại sao bạn không thử nhảy xung quanh	BẠN NHẢY XUNG QUANH THỬ KHÔNG TẠI SAO	Cuộc sống thường nhật
em thích ngồi bên cửa sổ ngắm nhìn phố phường vào buổi sáng	MỖI BUỔI SÁNG EM CỬA SỔ NGỒI BÊN NGẮM NHÌN PHỐ PHƯỜNG THÍCH	Cuộc sống thường nhật
sau buổi tập lưng áo anh mồ hôi nhễ nhại	SAU BUỔI TẬP ANH LƯNG ÁO MỒ HÔI NHỄ NHẠI	Sức khỏe
mùa lúa chín trên ruộng bậc thang mù cang chải thật đẹp	TRÊN RUỘNG BẬC THANG MÙ CANG CHẢI MÙA LÚA CHÍN THẬT ĐẸP	Du lịch
tôi không biết có lẽ nó bị hỏng	TÔI RÕ KHÔNG NÓ HỎNG CHẮC RỒI	Du lịch
lịch sử ghi lại nhiều cuộc chiến chống quân xâm lược của dân tộc	LỊCH SỬ DÂN TỘC CUỘC CHIẾN CHỐNG QUÂN XÂM LƯỢC GHI LẠI NHIỀU	Chính trị
gia đình tôi dự định đi du lịch biển ở khánh hòa hè này	GIA ĐÌNH TÔI DU LỊCH BIỂN ĐI Ở KHÁNH HOÀ MÙA HÈ NÀY	Du lịch
chúng tôi nghĩ rằng giá quá cao	CHÚNG TÔI NGHĨ GIÁ CAO	Công việc
tôi có phải tự trả tiền điện không	TÔI TIỀN ĐIỆN TỰ TRẢ CÓ PHẢI	Cuộc sống thường nhật
nói cho tôi nghe về anh đi	ANH NÓI VỀ ANH TÔI NGHE	Công việc
tôi không quen người đàn ông vừa mới chào hỏi mình	TÔI NGƯỜI ĐÀN ÔNG KHÔNG QUEN TÔI CHÀO	Mối quan hệ
nghĩa là gì	NGHĨA GÌ	Chính trị
hmm tôi không cảm thấy thoải mái lắm	TÔI CẢM THẤY THOẢI MÁI KHÔNG	Cuộc sống thường nhật
nỗi buồn ẩn giấu nơi sâu thẳm trong tâm hồn	TRONG TÂM HỒN CON NGƯỜI NỖI BUỒN ẨN GIẤU SÂU THẲM	Thái độ và Cảm xúc
tôi có thể giúp gì cho bạn	TÔI GIÚP BẠN GÌ	Du lịch
con đường đặng văn ngữ rất sầm uất vào buổi tối	BUỔI TỐI ĐƯỜNG ĐẶNG VĂN NGỮ SẦM UẤT ĐÔNG ĐÚC	Cuộc sống thường nhật
cảm ơn bạn có một cuộc hẹn ms wang	CẢM ƠN BẠN CUỘC HẸN CÓ	Sức khỏe
đây là một bữa ăn tuyệt vời	BỮA ĂN NÀY TUYỆT THẬT	Mối quan hệ
này bữa trưa đã sẵn sàng	NÀY BỮA TRƯA XONG RỒI	Cuộc sống thường nhật
xin lỗi ông emory	XIN LỖI ÔNG EMORY	Công việc
tôi phải đi làm	TÔI ĐI LÀM PHẢI	Chính trị
mẹ thường cho một ít hạt tiêu vào món canh cá	MẸ CANH CÁ HẠT TIÊU CHO MỘT ÍT	Cuộc sống thường nhật
bạn sẽ quá lạnh nếu không có găng tay	NẾU GĂNG TAY KHÔNG CÓ BẠN LẠNH	Mối quan hệ
tôi hiểu rồi	TÔI HIỂU RỒI	Công việc
tại sao chúng ta không xem một số trẻ em	CHÚNG TA TRẺ EM MỘT SỐ XEM KHÔNG TẠI SAO	Cuộc sống thường nhật
cuối cùng tôi cũng sẽ đi ngủ	CUỐI CÙNG NGỦ ĐI ĐƯỢC RỒI	Cuộc sống thường nhật
tôi cần phải kiểm tra những cuốn sách này	TÔI NHỮNG CUỐN SÁCH KIỂM TRA PHẢI	Cuộc sống học đường
bữa ăn cần cung cấp đầy đủ chất dinh dưỡng cho cơ thể	BỮA ĂN CUNG CẤP ĐẦY ĐỦ DINH DƯỠNG CHO CƠ THỂ CẦN	Sức khỏe
cơn mưa lớn kéo dài đã gây ra tình trạng ngập lụt	CƠN MƯA LỚN KÉO DÀI NGẬP LỤT GÂY RA	Cuộc sống thường nhật
cuối tuần này gia đình tôi lái xe một chặng đường dài đến công viên biển	CUỐI TUẦN NÀY GIA ĐÌNH CỦA TÔI LÁI XE ĐƯỜNG DÀI ĐẾN CÔNG VIÊN BIỂN	Cuộc sống thường nhật
tốt lắm tôi chỉ có thể tưởng tượng cô ấy sẽ hạnh phúc thế nào khi gặp anh	TỐT LẮM TÔI TƯỞNG TƯỢNG CÔ ẤY HẠNH PHÚC THẾ NÀO KHI GẶP BẠN	Cuộc sống thường nhật
xin lỗi tôi không nghe rõ bạn nói gì bạn có thể nhắc lại được không	XIN LỖI BẠN NÓI GÌ TÔI NGHE RÕ KHÔNG BẠN NÓI LẠI ĐƯỢC	Cuộc sống thường nhật
hôm nay là thứ mấy	HÔM NAY THỨ BẢY	Công việc
ok sẽ làm tạm biệt	OK LÀM SẼ TẠM BIỆT	Công việc
chắc chắn tại sao không	CHẮC CHẮN KHÔNG TẠI SAO	Mối quan hệ
được rồi bạn đồng hành của bạn có đi thượng hải với bạn không	BẠN NGƯỜI ĐI CÙNG ĐI THƯỢNG HẢI KHÔNG	Du lịch
ước mơ của em là trở thành một bác sĩ giỏi	EM ƯỚC MƠ TRỞ THÀNH BÁC SĨ GIỎI	Công việc
thái độ tích cực sẽ giúp bạn vượt qua mọi khó khăn	THÁI ĐỘ TÍCH CỰC GIÚP BẠN KHÓ KHĂN VƯỢT QUA	Thái độ và Cảm xúc
bạn có thể nói ngôn ngữ nào khác	BẠN NÓI NGÔN NGỮ KHÁC NÀO CÓ THỂ	Mối quan hệ
vâng chúng tôi cũng có thể nhìn thấy một số cây thủy tùng	BỌN TÔI CÂY THỦY TÙNG MẤY THẤY	Du lịch
chúng tôi hoàn toàn tán thành với đề xuất của ban lãnh đạo	CHÚNG TÔI ĐỒNG Ý ĐỀ XUẤT CỦA BAN LÃNH ĐẠO	Công việc
cảm ơn bố con phải đi đây con không muốn bị muộn giờ ăn trưa mẹ sẽ lo đấy	CẢM ƠN CON ĐI ĐÂY CON GIỜ ĂN TRƯA MUỘN MUỐN KHÔNG MẸ LO LẮNG	Mối quan hệ
bình tĩnh la hét không giúp được gì sao	BÌNH TĨNH LA HÉT GIÚP KHÔNG ĐƯỢC À	Cuộc sống thường nhật
tên tôi là du tao số 3	TÊN TÔI DU TAO SỐ 3	Công việc
mỗi ô gạch có diện tích một trăm xăngtimétvuông	MỖI Ô GẠCH DIỆN TÍCH MỘT TRĂM XĂNG TI MÉT VUÔNG CÓ	Cuộc sống học đường
không cảm ơn tôi ổn bạn đã có một kỳ nghỉ tốt đẹp	KHÔNG CẢM ƠN TÔI ỔN NGHỈ HÈ BẠN TỐT ĐẸP KHÔNG	Công việc
tôi đã bỏ nó rồi thay vào đó tôi đến lớp thể dục nhịp điệu hàng ngày	TÔI BỎ GIỜ TÔI TẬP THỂ DỤC NHỊP ĐIỆU MỖI NGÀY	Cuộc sống thường nhật
nước ý hay italia nổi tiếng với những công trình kiến trúc cổ	NƯỚC Ý HAY ITALIA NỔI TIẾNG VỚI NHỮNG CÔNG TRÌNH KIỀN TRÚC	Du lịch
những chiếc lá cây bắt đầu chuyển vàng khi mùa thu về	MÙA THU LÁ CÂY CHUYỂN SANG MÀU VÀNG	Cuộc sống thường nhật
món tráng miệng mà bạn đang làm cho bữa tối là gì	MÓN TRÁNG MIỆNG BẠN LÀM BỮA TỐI CHO GÌ	Cuộc sống thường nhật
tôi vừa đi nhổ răng khôn nên mặt bị sưng	TÔI RĂNG KHÔN NHỔ MẶT SƯNG ĐAU	Sức khỏe
xin lỗi được chấp nhận cố gắng làm tốt hơn thời gian tới	TÔI LỜI XIN LỖI CHẤP NHẬN LẦN SAU CỐ GẮNG HƠN	Thái độ và Cảm xúc
bạn sẽ phải làm bài kiểm tra lái xe của bạn bạn đã làm nó chưa	BẠN LÁI XE LÀM BÀI KIỂM TRA PHẢI BẠN LÀM CHƯA	Cuộc sống thường nhật
chúng tôi mới chuyển đến hôm qua	HÔM QUA CHÚNG TÔI CHUYỂN ĐẾN	Cuộc sống thường nhật
bạn có tiền không	BẠN CÓ TIỀN KHÔNG	Cuộc sống thường nhật
chiều nay anh lại đi bơi à	CHIỀU NAY BẠN ĐI BƠI TIẾP À	Mối quan hệ
xin chào	CHÀO	Cuộc sống thường nhật
đó chính xác là những gì tôi muốn mất bao lâu	TÔI MUỐN XONG BAO LÂU	Cuộc sống thường nhật
chào helen bạn khỏe không	CHÀO BẠN KHỎE KHÔNG	Mối quan hệ
tôi hiểu rồi cuối cùng họ đã thành công chứ	TÔI HIỂU RỒI CUỐI CÙNG HỌ THÀNH CÔNG	Mối quan hệ
vâng nó giúp tôi thư giãn	VIỆC ĐÓ GIÚP TÔI THƯ GIÃN	Mối quan hệ
chính sách mới này sẽ thúc đẩy sự phát triển kinh tế	CHÍNH SÁCH MỚI NÀY KINH TẾ THÚC ĐẨY SỰ PHÁT TRIỂN	Công việc
xin lỗi tôi muốn đặt bàn lúc 1300	XIN LỖI TÔI BÀN ĐẶT 1 GIỜ CHIỀU MUỐN	Cuộc sống thường nhật
rất nhiều bạn đã mang theo gì	RẤT NHIỀU BẠN MANG THEO GÌ	Cuộc sống thường nhật
chúng tôi sẽ kiểm tra dầu và lốp xe của bạn	CHÚNG TÔI DẦU LỐP XE CỦA BẠN KIỂM TRA	Cuộc sống thường nhật
có rất nhiều giấy tờ	GIẤY TỜ RẤT NHIỀU CÓ	Cuộc sống thường nhật
anh có muốn thử chơi tennis không	BẠN TENNIS CHƠI THỬ MUỐN	Mối quan hệ
được rồi thế còn người phụ nữ đầu tiên	NGƯỜI PHỤ NỮ ĐẦU TIÊN SAO	Công việc
xin lỗi bạn vừa nói gì	XIN LỖI BẠN NÓI GÌ	Mối quan hệ
vào đi	VÀO ĐI	Du lịch
bình tĩnh	BÌNH TĨNH NÀO	Mối quan hệ
lễ hội chọi trâu đồ sơn là một nét văn hóa độc đáo	LỄ HỘI TRỌI TRÂU LÀ NÉT VĂN HOÁ ĐỘC ĐÁO	Văn hóa và Giáo dục
xin lỗi xe buýt này có đi qua quảng trường thiên an môn không	XE BUÝT NÀY QUẢNG TRƯỜNG THIÊN AN MÔN ĐI QUA CÓ KHÔNG	Cuộc sống thường nhật
linda đó sẽ là một bổ sung hoàn hảo	ĐÓ THÊM TỐT NHẤT	Mối quan hệ
tập thể dục đều đặn giúp phát triển cơ bắp săn chắc	TẬP THỂ DỤC ĐỀU ĐẶN CƠ BẮP SĂN CHẮC RẮN CHẮC PHÁT TRIỂN	Sức khỏe
được rồi chúng tôi sẽ xử lý sau	RỒI CHÚNG TÔI XỬ LÝ SAU	Mối quan hệ
vòng đeo tay rất phù hợp với bạn nó trông rất đẹp	VÒNG ĐEO TAY PHÙ HỢP VỚI BẠN NÓ RẤT ĐẸP	Mối quan hệ
ở đây gần trường này	Ở ĐÂY TRƯỜNG NÀY GẦN	Mối quan hệ
bạn có cần ai đó đưa bạn về nhà không	BẠN ĐƯA VỀ NHÀ AI CẦN CÓ KHÔNG	Sức khỏe
làm ơn chụp lại lần nữa	CHỤP LẠI 1 LẦN	Cuộc sống thường nhật
anh nên thức dậy nếu không anh sẽ bị trễ	ANH NÊN DẬY KHÔNG THÌ TRỄ	Cuộc sống thường nhật
ok tôi sẽ gửi ngay	OK TÔI GỬI LUÔN	Cuộc sống thường nhật
vòng đời của một con bướm thật ngắn ngủi nhưng rực rỡ	CON BƯỚM CÓ VÒNG ĐỜI NGẮN NHƯNG RỰC RỠ	Cuộc sống thường nhật
đây mở của tôi đầu tiên	ĐÂY CỦA TÔI MỞ ĐẦU TIÊN	Mối quan hệ
rất tốt nhưng bạn cũng nên nói về gia đình mình	RẤT TỐT NHƯNG BẠN GIA ĐÌNH MÌNH VỀ NÓI THÊM NÊN	Mối quan hệ
cuối tuần này em họ của tôi sẽ đến nhà chơi	TUẦN CUỐI NÀY EM HỌ ĐẾN NHÀ TÔI CHƠI	Mối quan hệ
ông già ngồi bên hiên nhà đọc báo với vẻ mặt trầm ngâm	ÔNG GIÀ BÁO ĐỌC BÊN HIÊN NHÀ MẶT TRẦM NGÂM SUY TƯ	Cuộc sống thường nhật
tôi xin phép được góp ý cho bản kế hoạch này	TÔI BẢN KẾ HOẠCH NÀY XIN PHÉP GÓP Ý ĐƯỢC	Công việc
tại sao không đi siêu thị ngày hôm nay phiếu giảm giá sẽ hết hạn trong ba ngày	SAO KHÔNG ĐI SIÊU THỊ HÔM NAY PHIẾU GIẢM GIÁ HẾT HẠN BA NGÀY NỮA	Cuộc sống thường nhật
vâng cuối tuần này bạn sẽ làm gì	VÂNG CUỐI TUẦN NÀY BẠN LÀM GÌ	Mối quan hệ
bạn có thích khiêu vũ không	BẠN KHIÊU VŨ THÍCH CÓ KHÔNG	Mối quan hệ
này con gái để bố hỏi con một chuyện	NÀY CON GÁI BỐ CON CHUYỆN HỎI	Tài chính
cảm ơn bạn oh nó rất ngon	BẠN CẢM ƠN MÓN NÀY NGON QUÁ	Cuộc sống thường nhật
cảm ơn bạn tôi hy vọng bạn sẽ có thể làm cho nó đến đám cưới	CẢM ƠN NHÉ TÔI MONG BẠN ĐẾN DỰ ĐÁM CƯỚI CÓ THỂ	Thái độ và Cảm xúc
tôi sẽ uống nước cam trước	TÔI NƯỚC CAM UỐNG TRƯỚC	Cuộc sống thường nhật
hôm nay là sinh nhật mẹ tôi	HÔM NAY SINH NHẬT CỦA MẸ TÔI	Mối quan hệ
bạn có thích xem đá bóng không	BẠN ĐÁ BÓNG XEM THÍCH CÓ KHÔNG	Du lịch
chắc chắn rồi cái này để làm gì	CHẮC CHẮN CÁI NÀY LÀM GÌ	Cuộc sống thường nhật
đây là văn phòng của ông ấy	ĐÂY LÀ VĂN PHÒNG CỦA ÔNG ẤY	Công việc
bạn muốn phần thân màu gì	BẠN PHẦN THÂN MÀU GÌ	Cuộc sống thường nhật
các hoạt động đã rất thành công	CÁC HOẠT ĐỘNG RẤT THÀNH CÔNG	Thái độ và Cảm xúc
tôi đang đánh răng	TÔI ĐÁNH RĂNG	Cuộc sống thường nhật
tôi muốn trả tiền cho phòng 503	TÔI TRẢ TIỀN CHO PHÒNG 503 MUỐN	Du lịch
đó là một dấu hiệu tốt nhưng chỉ cần ngâm lâu hơn một chút ok	ĐÓ MỘT THÔNG TIN TỐT NHƯNG NGẬP NƯỚC LÂU HƠN MỘT CHÚT CẦN ĐƯỢC KHÔNG	Cuộc sống thường nhật
4 giờ	GIỜ 4	Du lịch
trẻ em rất thích xem những bộ phim hoạt hình vui nhộn	TRẺ EM NHỮNG BỘ PHIM HOẠT HÌNH VUI NHỘN XEM THÍCH	Văn hóa và Giáo dục
tôi có kế hoạch nhưng ngày bầu cử là ngày nào	TÔI KẾ HOẠCH CÓ RỒI NGÀY BẦU CỬ NGÀY NÀO	Chính trị
bạn có giấy phép hợp lệ không	BẠN GIẤY PHÉP HỢP LỆ CÓ KHÔNG	Cuộc sống thường nhật
này bình tĩnh tôi chỉ cố giúp thôi	BÌNH TĨNH TÔI CỐ GẮNG GIÚP	Cuộc sống học đường
bây giờ chúng ta cần thêm bảy gram men	BÂY GIỜ CHÚNG TA MEN 7 G THÊM	Sức khỏe
bạn đem mấy đôi giày đi đâu vậy	BẠN ĐÔI GIÀY ĐƯA ĐI ĐÂU	Mối quan hệ
ồ không tôi chắc chắn tôi đã đặt vé hạng nhất	TÔI VÉ HẠNG NHẤT ĐẶT CHẮC CHẮN	Du lịch
bạn biết dave vừa nói gì không	BẠN VỪA NÓI GÌ NGHE THẤY KHÔNG	Thái độ và Cảm xúc
bạn chưa nhận được thông báo à	BẠN THÔNG BÁO NHẬN ĐƯỢC CHƯA	Công việc
một chiếc taxi đó là bạn sẽ đi đâu	MỘT CHIẾC TAXI HẢ BẠN ĐI ĐÂU MUỐN	Du lịch
ngày tết là dịp để cả gia đình được đoàn tụ sum vầy	GIA ĐÌNH ĐOÀN TỤ NGÀY TẾT	Mối quan hệ
trẻ em ở vùng sâu vùng xa còn nhiều thiệt thòi	TRẺ EM VÙNG SÂU VÙNG XA THIỆT THÒI CÒN NHIỀU	Cuộc sống thường nhật
cái này có cùng kích thước và màu sắc nhưng thiết kế là khác nhau	CÁI NÀY KÍCH THƯỚC VÀ MÀU SẮC GIỐNG NHAU NHƯNG MẪU KHÁC NHAU	Cuộc sống thường nhật
làm thế nào được thực hiện	THỰC HIỆN THẾ NÀO	Cuộc sống thường nhật
tên tôi là ngọc tên bạn là gì	TÔI TÊN NGỌC BẠN TÊN GÌ	Mối quan hệ
nghe có vẻ hấp dẫn ok chúng ta sẽ có điều đó	NGHE THÚ VỊ ĐƯỢC CHÚNG TA CHỌN CÁI ĐÓ	Cuộc sống thường nhật
bật radio lên để làm gì	RADIO BẬT ĐỂ LÀM GÌ	Thái độ và Cảm xúc
căn phòng tràn ngập ánh nắng và tiếng cười vui	CĂN PHÒNG ÁNH NẮNG TRÀN NGẬP ĐẦY ẮP TIẾNG CƯỜI VUI	Thái độ và Cảm xúc
tôi muốn thử sức mình với cổ phiếu	TÔI ĐẦU TƯ CỔ PHIẾU THỬ MUỐN XEM SAO	Mối quan hệ
tôi có thể xem lại phim x  quang không	TÔI PHIẾU KHÁM BỆNH XEM LẠI CÓ KHÔNG	Sức khỏe
tiếng hót của chim sơn ca báo hiệu một ngày mới	CHIM SƠN CA TIẾNG HÓT CỦA NGÀY MỚI BÁO HIỆU	Cuộc sống thường nhật
tôi đã bị muộn làm sáng nay vì tình trạng kẹt xe	SÁNG NAY TÔI LÀM MUỘN VÌ KẸT XE TẮC ĐƯỜNG	Công việc
người nông dân dùng máy bơm để tưới nước cho ruộng	NGƯỜI NÔNG DÂN MÁY BƠM TƯỚI NƯỚC RUỘNG CHO	Công việc
bạn sẽ ổn khi bạn nhập cư vào mỹ	BẠN ỔN KHI CHUYỂN ĐẾN MỸ	Mối quan hệ
không đùa đâu bạn không học cho nó	ĐÙA KHÔNG BẠN HỌC CHO NÓ KHÔNG À	Cuộc sống học đường
tại sao chúng ta không làm một cái gì đó với tất cả các màu sắc đẹp	CHÚNG TA MÀU SẮC ĐẸP TẤT CẢ LÀM GÌ ĐÓ KHÔNG TẠI SAO	Cuộc sống thường nhật
chỉ cho tôi mạng  được chứ 	MẠNG CHỈ CHO TÔI ĐƯỢC KHÔNG	Tài chính
những nơi cụ thể nào bạn muốn ghé thăm	BẠN MUỐN ĐẾN ĐÂU	Du lịch
giờ thì nó gọn gàng và đẹp đẽ rồi	BÂY GIỜ GỌN GÀNG ĐẸP RỒI	Cuộc sống thường nhật
tôi biết tôi luôn hy vọng điều tốt nhất và chuẩn bị cho điều tồi tệ nhất	TÔI BIẾT MÀ TÔI ĐIỀU TỐT NHẤT HY VỌNG LUÔN NHƯNG TÌNH HUỐNG XẤU NHẤT CHUẨN BỊ CŨNG	Mối quan hệ
vâng tôi có rất nhiều công việc tôi sẽ xem làm thế nào để đi	TÔI NHIỀU VIỆC CÓ TÔI XEM THỬ ĐI ĐƯỢC KHÔNG	Mối quan hệ
bạn cần điền vào mẫu đơn này để đăng ký tham gia hội thảo	BẠN HỘI THẢO ĐĂNG KÝ THAM GIA ĐƠN MẪU NÀY CẦN ĐIỀN	Công việc
vâng bạn có muốn đến đây sau để uống cà phê không mang theo tất cả gia đình của bạn	ĐƯA GIA ĐÌNH CỦA BẠN THEO BẠN ĐẾN SAU ĐỂ CÀ PHÊ UỐNG KHÔNG	Mối quan hệ
không chỉ cần mang lại cho mình	KHÔNG CẦN ĐÂU CỨ ĐỂ TÔI TỰ MANG	Cuộc sống thường nhật
tỉ số của trận bóng đá giữa hai lớp là ba đều	TRẬN BÓNG ĐÁ TỈ SỐ HAI LỚP LÀ 3 ĐỀU	Cuộc sống học đường
xin chào xin lỗi bạn có biết nếu có một ngân hàng thương mại xung quanh đây	XIN LỖI BẠN BIẾT NGÂN HÀNG THƯƠNG MẠI XUNG QUANH CÓ KHÔNG	Cuộc sống thường nhật
chúng em tặng hoa cô giáo nhân ngày quốc tế phụ nữ 83	CHÚNG EM CÔ GIÁO HOA TẶNG NGÀY 8 3 PHỤ NỮ QUỐC TẾ	Văn hóa và Giáo dục
em dùng hồ dán để dán những bông hoa giấy vào tấm thiệp	EM HỒ DÁN DÙNG ĐỂ NHỮNG BÔNG HOA DÁN VÀO TẤM THIỆP	Cuộc sống học đường
chúng tôi đã đến thăm viện bảo tàng lịch sử quốc gia	CHÚNG TÔI VIỆN QUỐC GIA BẢO TÀNG LỊCH SỬ ĐẾN THĂM	Văn hóa và Giáo dục
chú gấu bông là món quà sinh nhật mà bạn tôi tặng	CHÚ GẤU BÔNG LÀ QUÀ SINH NHẬT BẠN TÔI TẶNG	Mối quan hệ
xin lỗi thưa ông ông không được hút thuốc ở đây	XIN LỖI BẠN HÚT THUỐC Ở ĐÂY KHÔNG ĐƯỢC	Du lịch
tốt về điều kiện sống thiết yếu	ĐIỀU KIỆN SINH HOẠT CƠ BẢN VỀ THÌ SAO TỐT	Công việc
bạn có anh chị em nào không	BẠN ANH CHỊ EM CÓ KHÔNG	Mối quan hệ
trời lạnh bé chỉ thích nằm trùm chăn kín mít trên giường	TRỜI LẠNH BÉ NẰM TRÙM CHĂN TRÊN GƯỜNG THÍCH	Cuộc sống thường nhật
chiếc áo này có giá bao nhiêu tiền vậy bạn	BẠN CHIẾC ÁO NÀY TIỀN GIÁ BAO NHIÊU	Tài chính
mẹ tôi thường buông màn cẩn thận trước khi đi ngủ	TRƯỚC KHI NGỦ MẸ TÔI MÀN BUÔNG CẨN THẬN	Cuộc sống thường nhật
cho tôi hỏi ai đang gọi vậy	CHO TÔI HỎI AI GỌI	Công việc
tốt thôi tôi hiểu rồi tối mai anh có bận không	TÔI HIỂU RỒI TỐI MAI ANH BẬN CÓ KHÔNG	Cuộc sống thường nhật
con chó của bạn thực sự dễ thương tên nó là gì	CON CHÓ CỦA BẠN DỄ THƯƠNG NÓ TÊN GÌ	Cuộc sống thường nhật
bạn muốn cỡ nào	BẠN CỠ MUỐN NÀO	Cuộc sống thường nhật
bạn có muốn đến học cách chơi không	BẠN ĐẾN CHƠI HỌC MUỐN KHÔNG	Cuộc sống thường nhật
bạn đến từ công ty du lịch phải không	BẠN CÔNG TY DU LỊCH ĐẾN PHẢI KHÔNG	Du lịch
sự sụt giảm là gì	SỰ SỤT GIẢM LÀ GÌ	Công việc
thẻ y tế của bạn số xin vui lòng	THẺ Y TẾ CỦA BẠN SỐ BAO NHIÊU	Sức khỏe
sữa bột cung cấp nhiều dinh dưỡng cần thiết cho trẻ nhỏ	SỮA BỘT CHẤT DINH DƯỠNG CẦN THIẾT CHO TRẺ NHỎ CÓ NHIỀU	Sức khỏe
các bác sĩ luân phiên nhau trực ca tại bệnh viện	TẠI BỆNH VIỆN CÁC BÁC SĨ TRỰC CA LUÂN PHIÊN THAY ĐỔI	Công việc
có đá hay không thưa ngài	ĐÁ CÓ HOẶC KHÔNG	Cuộc sống thường nhật
học sinh đang học cách tính tỉ số phần trăm của hai số	HỌC SINH TỈ SỐ PHẦN TRĂM HAI SỐ HỌC TÍNH CÁCH	Cuộc sống học đường
chiếc xe ben đang chở vật liệu xây dựng cho công trình	CHIẾC XE BEN VẬT LIỆU XÂY DỰNG CHỞ CHO CÔNG TRÌNH	Công việc
vâng điều đó khá ổn với tôi chúng ta có thể thay đổi nó không	TÔI OK CHÚNG TA THAY ĐỔI CÓ THỂ	Công việc
bạn muốn quà gì	BẠN QUÀ MUỐN GÌ	Cuộc sống thường nhật
mẹ cho em 5000 đồng để mua một cây kem mát lạnh	MẸ EM 5000 ĐỒNG CHO 1 CÂY KEM MÁT LẠNH MUA	Tài chính
chắc chắn rồi tôi có thể làm gì khác cho bạn	TÔI GIÚP GÌ THÊM BẠN	Cuộc sống thường nhật
tôi để quên chùm chìa khóa ở trong phòng làm việc rồi	TÔI CHÌA KHOÁ QUÊN TRONG PHÒNG LÀM VIỆC	Cuộc sống thường nhật
ai là lớp trưởng	LỚP TRƯỞNG AI	Cuộc sống học đường
bà tôi cất giữ những kỷ vật xưa trong một chiếc hộp gỗ	BÀ TÔI ĐỒ VẬT KỶ NIỆM XƯA CẤT GIỮ Ở HỘP GỖ	Cuộc sống thường nhật
bố nghỉ phép có được hưởng lương không	BỐ NGHỈ PHÉP HƯỞNG LƯƠNG ĐƯỢC KHÔNG	Công việc
tôi hy vọng nó sẽ đi ra tốt	TÔI HY VỌNG NÓ ĐI RA TỐT	Du lịch
cậu ta cố tình nói những lời trêu tức khiến tôi bực mình	CẬU TA LỜI TRÊU TỨC NÓI KHIẾN TÔI BỰC MÌNH	Thái độ và Cảm xúc
chúng bao gồm những gì	CHÚNG BAO GỒM GÌ	Công việc
những bức vẽ của các em trông thật đẹp	BỨC VẼ CỦA CÁC EM TRÔNG ĐẸP	Cuộc sống thường nhật
chúc mừng sinh nhật ann nhiều lợi nhuận hạnh phúc trong ngày đây là một món quà cho bạn	SINH NHẬT CHÚC MỪNG BẠN VUI VẺ HẠNH PHÚC QUÀ ĐÂY	Mối quan hệ
người thợ đang nối lại đoạn dây điện bị đứt	NGƯỜI THỢ NỐI LẠI DÂY ĐIỆN ĐOẠN BỊ ĐỨT	Công việc
nó giữ tôi tỉnh táo một vài giờ	NÓ GIÚP TÔI BUỒN NGỦ KHÔNG TRONG MỘT SÔ GIỜ	Thái độ và Cảm xúc
tôi hiểu tôi có thể đặt hẹn sau đó không	TÔI HIỂU RỒI TÔI ĐẶT LỊCH HẸN SAU ĐƯỢC KHÔNG CÓ THỂ	Cuộc sống thường nhật
tôi nghĩ tôi nên ghé thăm bạn	TÔI NGHĨ TÔI BẠN GHÉ THĂM	Mối quan hệ
bạn nên xem qua mục lục để nắm cấu trúc của sách	BẠN MỤC LỤC XEM QUA ĐỂ BỐ CỤC CỦA SÁCH NẮM ĐƯỢC	Văn hóa và Giáo dục
ngay đó	NGAY CẠNH ĐÓ	Mối quan hệ
bạn cứ chơi đi tôi sang nhà bên cạnh gặp hàng xóm	BẠN CHƠI TIẾP ĐI TÔI NHÀ HÀNG XÓM SANG GẶP	Mối quan hệ
hãy lên kế hoạch cho ngày mai	LÀM KẾ HOẠCH NGÀY MAI	Mối quan hệ
được rồi bạn sẽ tự pha cà phê khi bạn ở nhà	ĐƯỢC KHI Ở NHÀ BẠN CÀ PHÊ TỰ PHA CÓ KHÔNG	Cuộc sống thường nhật
bạn nên cẩn thận và tránh xa những người xấu có ý đồ không tốt	BẠN VỚI NHỮNG NGƯỜI XẤU TRÁNH XA NÊN	Mối quan hệ
vâng thưa ông để tôi chỉ bàn cho ông vui lòng đi lối này	VÂNG TÔI BÀN CỦA ÔNG CHỈ ĐI LỐI NÀY	Cuộc sống thường nhật
xin chào kathy bạn đã ăn trưa chưa	CHÀO BẠN ĂN TRƯA CHƯA	Mối quan hệ
cô ấy có một mái tóc dài đen óng rất đẹp	CÔ ẤY MÁI TÓC DÀI ĐEN CÓ RẤT ĐẸP	Cuộc sống thường nhật
người cháu họ của tôi rất thông minh và học rất giỏi	TÔI NGƯỜI CHÁU HỌ THÔNG MINH HỌC GIỎI	Mối quan hệ
tôi muốn biết về nước pháp	TÔI BIẾT NƯỚC PHÁP MUỐN	Cuộc sống học đường
vâng tôi sẽ cố gắng không hẹn gặp lại sau giáng sinh	TÔI CỐ GẮNG NHÉ GẶP BẠN SAU GIÁNG SINH	Mối quan hệ
cảm ơn bạn rất nhiều tên tôi là ashlan rất vui được gặp bạn	CẢM ƠN BẠN NHIỀU NHÉ TÔI GẶP BẠN VUI RẤT ĐƯỢC	Mối quan hệ
ok bạn cái này có vẻ đắt tiền	NÀY CÁI NÀY ĐẮT HƠI CÓ VẺ OK	Mối quan hệ
ở đây với bạn	BẠN VỚI Ở ĐÂY	Cuộc sống thường nhật
khi nào tôi có thể lấy lại	TÔI LẤY LẠI CÓ THỂ KHI NÀO	Du lịch
cái này là 1500 quan	CÁI NÀY GIÁ 1500 QUAN	Cuộc sống thường nhật
chó sói là loài động vật hoang dã sống theo bầy đàn	CHÓ SÓI ĐỘNG VẬT HOANG DÃ LOÀI SỐNG BẦY ĐÀN THEO	Văn hóa và Giáo dục
bạn sẽ làm gì sau đó	SAU ĐÓ BẠN LÀM GÌ	Mối quan hệ
để tôi xem nào được rồi không vấn đề gì hẹn gặp lại	TÔI XEM KHÔNG SAO HẸN GẶP LẠI	Công việc
chắc chắn tôi có thể xem id sinh viên của bạn không	CHẮC CHẮN ID SINH VIÊN CỦA BẠN TÔI XEM ĐƯỢC KHÔNG	Cuộc sống thường nhật
hôm nay	HÔM NAY	Mối quan hệ
bạn có khẩu vị tốt đấy hãy để tôi cho bạn thấy những gì tôi có	BẠN KHẨU VỊ TỐT TÔI CHO BẠN XEM TÔI CÓ GÌ	Cuộc sống thường nhật
bạn có chắc là bạn ổn không	BẠN ỔN CHẮC KHÔNG	Mối quan hệ
ok bạn có thể đặt tên cho các mục trong đó không	ĐÓ BẠN CÁC CHỦ ĐỀ GÌ	Du lịch
chắc là thú vị lắm	THÚ VỊ	Cuộc sống thường nhật
bạn bạn quan tâm đến điều gì	BẠN QUAN TÂM ĐIỀU GÌ NHẤT	Mối quan hệ
tôi học 5 môn toán văn lý hóa sinh	TÔI HỌC MÔN 5 TOÁN VĂN LÝ HÓA SINH	Cuộc sống học đường
chúng ta cũng đã học về sự cân bằng và trọng lượng	CHÚNG TA CÂN BẰNG TRỌNG LƯỢNG HỌC CŨNG	Cuộc sống học đường
đúng hơn nữa tôi không chắc về màu sắc	ĐÚNG TÔI MÀU SẮC CHẮC CHẮN KHÔNG	Cuộc sống thường nhật
cảm ơn đó có phải là một bảng thông tin ở gần cửa sổ	CẢM ƠN ĐÓ BẢNG THÔNG TIN CỬA SỔ GẦN PHẢI KHÔNG	Cuộc sống thường nhật
gia đình tôi có 4 người	GIA ĐÌNH TÔI NGƯỜI 4	Du lịch
vâng tôi đang tìm một ngôi nhà	TÔI NGÔI NHÀ TÌM	Cuộc sống thường nhật
tôi bị cảm lạnh nên cứ hắt hơi liên tục không ngừng	TÔI CẢM LẠNH HẮT HƠI LIÊN TỤC KHÔNG NGỪNG	Sức khỏe
tôi sẽ ở lại văn phòng hôm nay	HÔM NAY TÔI VĂN PHÒNG Ở LẠI	Văn hóa và Giáo dục
tôi biết là bạn quan tâm đến tôi và rất tự hào về tôi	TÔI BIẾT BẠN QUAN TÂM VÀ RẤT TỰ HÀO VỀ TÔI	Mối quan hệ
em muốn ngồi ở ghế sau	EM GHẾ SAU NGỒI MUỐN	Cuộc sống thường nhật
tôi muốn gửi ít tiền	TÔI TIỀN GỬI MỘT ÍT MUỐN	Tài chính
cầu long biên là một chứng nhân lịch sử của hà nội	CẦU LONG BIÊN LÀ CHỨNG NHÂN LỊCH SỬ CỦA HÀ NỘI	Du lịch
vui lòng ký vào đây	BẠN KÝ TÊN VÀO ĐÂY GIÚP TÔI	Du lịch
bạn đang làm gì thế	BẠN LÀM GÌ	Cuộc sống thường nhật
nhân tiện tôi có thể mở tài khoản thanh toán không	TÔI TÀI KHOẢN THANH TOÁN MỞ CÓ THỂ	Tài chính
tại sao anh lại đóng gói nó	ANH ĐÓNG GÓI TẠI SAO	Cuộc sống thường nhật
xin chào bob tôi có thể lấy lại cuốn sách tôi đã cho bạn mượn tháng trước không	TÔI SÁCH THÁNG TRƯỚC BẠN CHO MƯỢN LẤY LẠI CÓ THỂ	Mối quan hệ
tôi rất vui vì tôi đã có thể giúp	TÔI RẤT VUI VÌ TÔI GIÚP CÓ THỂ	Mối quan hệ
anh ấy dùng ống nhòm để quan sát những chú chim trên cành cây	ANH ẤY ỐNG NHÒM DÙNG QUAN SÁT NHỮNG CHÚ CHIM TRÊN CÂY	Du lịch
bạn có biết quán ăn tự phục vụ ở góc phố mở cửa hôm nay không	BẠN BIẾT QUÁN ĂN TỰ PHỤC VỤ GÓC KIA HÔM NAY MỞ KHÔNG	Mối quan hệ
nước rất mịn không hề bị vón cục	NƯỚC RẤT MỊN VÓN CỤC KHÔNG	Sức khỏe
tôi là tất cả các tai	NGHE	Công việc
đó là hướng dẫn và truyền cảm hứng	ĐÓ LÀ HƯỚNG DẪN VÀ SỬ DỤNG	Mối quan hệ
hai người thật hài hước	HAI NGƯỜI RẤT HÀI HƯỚC	Mối quan hệ
hôm nay chúng em học phép tính có sử dụng dấu nhân	HÔM NAY CHÚNG EM HỌC PHÉP TÍNH DẤU NHÂN SỬ DỤNG CÓ	Cuộc sống học đường
ghế không thẳng phải không	GHẾ THẲNG KHÔNG PHẢI KHÔNG	Cuộc sống thường nhật
hắn ta đi lại nghênh nghênh ngoài đường trông rất khó ưa	HẮN TA ĐI LẠI NGHÊNH NGHÊNH KHỆNH KHẠNG NGOÀI ĐƯỜNG TRÔNG KHÓ ƯA ĐÁNG GHÉT	Thái độ và Cảm xúc
tôi đang thiếu tiền mặt hãy chỉ mua sắm một chút	TÔI TIỀN MẶT THIẾU MUA MỘT CHÚT	Mối quan hệ
vâng điều đó sẽ làm cho một kết thúc tốt đẹp cho hồ sơ của bạn	ĐIỀU ĐÓ LÀM KẾT THÚC TỐT ĐẸP CHO HỒ SƠ CỦA BẠN	Công việc
có một cái bên cạnh bưu điện góc đường	BƯU ĐIỆN CẠNH GÓC ĐƯỜNG MỘT CÁI NGAY	Cuộc sống thường nhật
tôi biết ý anh là gì tôi không chỉ kiếm tiền còn có nhiều thứ khác trong cuộc sống	TÔI Ý ANH HIỂU CUỘC SỐNG TIỀN BẠC CHỈ ĐÂU	Cuộc sống học đường
ý tưởng tuyệt vời miễn là tôi không bị ngộ độc thực phẩm vậy thực đơn tối nay là gì	Ý TƯỞNG TUYỆT VỜI TÔI MÓN ĂN BỊ NGỘ ĐỘC KHÔNG TỐI NAY ĂN GÌ	Cuộc sống thường nhật
bạn nên rửa tay sạch sẽ trước khi bắt đầu ăn cơm	BẠN TAY RỬA SẠCH SẼ TRƯỚC KHI ĂN CƠM	Cuộc sống thường nhật
bệnh nhân cần được phẫu thuật bụng càng sớm càng tốt	BỆNH NHÂN BỤNG PHẪU THUẬT SỚM TỐT CẦN	Sức khỏe
nó có giống bóng bầu dục mỹ không	NÓ BÓNG BẦU DỤC MỸ GIỐNG KHÔNG	Cuộc sống học đường
đặc điểm mạnh nhất của bạn là gì	ĐẶC ĐIỂM CỦA BẠN GIỎI NHẤT LÀ GÌ	Công việc
đồng bằng sông hồng là vựa lúa lớn của miền bắc nước ta	ĐỒNG BẰNG SÔNG HỒNG LÀ VỰA LÚA MIỀN BẮC LỚN NHẤT	Du lịch
xà phòng để rửa tay	XÀ PHÒNG RỬA TAY	Cuộc sống thường nhật
tôi cần di chuyển một số đồ nội thất bạn có thể giúp tôi nâng nó	TÔI DI CHUYỂN ĐỒ ĐẠC MỘT SỐ BẠN GIÚP TÔI NÂNG	Mối quan hệ
tôi muốn chặn rò rỉ lại	TÔI RÒ RỈ CHẶN LẠI MUỐN	Sức khỏe
ước mơ của tôi là trở thành hoạ sĩ	TÔI ƯỚC MƠ LỚN LÊN LÀ HOẠ SĨ	Thái độ và Cảm xúc
phép cộng có tính chất giao hoán khi đổi chỗ các số hạng	PHÉP CỘNG TÍNH CHẤT GIAO HOÁN ĐỔI CHỖ SỐ HẠNG	Cuộc sống học đường
tôi đề nghị bạn nói chuyện với anh ấy và dạy anh ta cách đối phó với các vấn đề	BẠN ANH ẤY NÓI CHUYỆN NÊN VẤN ĐỀ XỬ LÝ HỌC CÁCH GIÚP	Mối quan hệ
cảm ơn bạn	CẢM ƠN	Cuộc sống thường nhật
tôi nghe anh chạy bộ mỗi ngày	TÔI NGHE BẠN CHẠY BỘ MỖI NGÀY	Cuộc sống thường nhật
nhà trường trao tặng phần thưởng cho các học sinh giỏi	TRƯỜNG PHẦN THƯỞNG TRAO TẶNG CHO HỌC SINH GIỎI	Cuộc sống học đường
nhìn sang bên kia kìa	ĐẰNG KIA NHÌN KÌA	Cuộc sống thường nhật
cô có phiền đi ăn tối với tôi tối nay không	CÔ ĐI ĂN TỐI VỚI TÔI TỐI NAY PHIỀN KHÔNG	Mối quan hệ
anh ấy là một người rất nhạy cảm với lời nói của người khác	ANH ẤY LÀ NGƯỜI NHẠY CẢM VỚI LỜI NÓI NGƯỜI KHÁC	Thái độ và Cảm xúc
bạn cảm ơn tôi và tôi mỉm cười đáp lại không có chi	BẠN TÔI CẢM ƠN TRẢ LỜI MỈM CƯỜI	Mối quan hệ
trông ngon quá	TRÔNG NGON	Cuộc sống thường nhật
cả nhà ngồi hóng mát dưới mái hiên vào buổi chiều	CẢ NHÀ MÁI HIÊN NGỒI HÓNG MÁT VÀO BUỔI CHIỀU	Cuộc sống thường nhật
bạn đã uống nước chưa	BẠN UỐNG NƯỚC CHƯA	Sức khỏe
mỗi buổi sáng ông tôi đều ra vườn để tưới cây	MỖI BUỔI SÁNG ÔNG TÔI RA VƯỜN ĐỂ CÂY TƯỚI	Cuộc sống thường nhật
vui lòng cho tôi biết cách nộp hồ sơ theo quy định hiện hành	CHO TÔI BIẾT HỒ SƠ NỘP QUY ĐỊNH BÂY GIỜ THEO	Công việc
vâng tôi nhớ khu phố bạn đã tìm thấy một nơi chưa	TÔI KHU PHỐ NHỚ BẠN MỘT NƠI TÌM THẤY CHƯA	Mối quan hệ
nó hơi lỏng lẻo bạn có kích thước trung bình không	NÓ RỘNG MỘT CHÚT CỠ TRUNG BÌNH CÓ KHÔNG	Cuộc sống thường nhật
vâng rất vui được gặp bạn	BẠN GẶP VUI	Công việc
con đường này khá cao nên mọi người phải đi chậm lại	CON ĐƯỜNG NÀY KHÁ CAO NÊN MỌI NGƯỜI ĐI CHẬM LẠI	Du lịch
anh ấy sẽ quay lại lúc 7 giờ	ÂNH ẤY QUAY LẠI GIỜ 7	Công việc
vâng bây giờ là mùa bận rộn	ĐÚNG BÂY GIỜ MÙA CAO ĐIỂM	Du lịch
tôi nghĩ anh sẽ thấy tôi xứng đáng	TÔI ANH TÔI XỨNG ĐÁNG THẤY SẼ NGHĨ	Công việc
xin chờ một chút thưa ông vâng tôi có thể xác nhận 10 phòng cho những ngày đó	CHỜ MỘT CHÚT TÔI PHÒNG 10 XÁC NHẬN NHỮNG NGÀY ĐÓ CHO	Du lịch
khi nào bạn muốn rời đi	BẠN RỜI ĐI KHI NÀO	Du lịch
tôi rất thích nói chuyện với bạn	TÔI NÓI CHUYỆN VỚI BẠN RẤT THÍCH	Cuộc sống thường nhật
mọi thứ đều tuyệt vời và bạn	MỌI THỨ TUYỆT VỜI CÒN BẠN THÌ SAO	Mối quan hệ
số liền trước của số mười là số chín	SỐ LIỀN TRƯỚC CỦA 10 LÀ 9	Cuộc sống học đường
xin chúc mừng bạn thế nào rồi	CHÚC MỪNG BẠN DẠO NÀY THẾ NÀO	Mối quan hệ
cho tôi một cái hamburger được không	CHO TÔI HAMBURGER MỘT CÁI	Cuộc sống thường nhật
trưởng phòng đang phân công công việc cho từng nhân viên	TRƯỞNG PHÒNG PHÂN CÔNG CÔNG VIỆC MỖI NHÂN VIÊN	Công việc
tôi nghe nói hội sinh viên sẽ có thêm thành viên mới	TÔI NGHE HỘI SINH VIÊN THÊM THÀNH VIÊN MỚI NHẬN SẮP	Cuộc sống học đường
núi bà đen là một địa điểm du lịch nổi tiếng ở tây ninh	Ở TÂY NINH NÚI BÀ ĐEN ĐỊA ĐIỂM DU LỊCH NỔI TIẾNG	Du lịch
còn 45 thì sao	LOẠI 45 CÒN SAO	Cuộc sống thường nhật
bức tranh này minh hoạ cho một câu chuyện cổ tích xưa	BỨC TRANH NÀY NỘI DUNG CÂU TRUYỆN CỔ TÍCH XƯA VẼ	Văn hóa và Giáo dục
hôm nay ông sẽ chuyển bao nhiêu tiền	HÔM NAY ÔNG TIỀN CHUYỂN BAO NHIÊU	Tài chính
tôi yêu triển lãm nghệ thuật này	TÔI TRIỂN LÃM NGHỆ THUẬT THÍCH	Mối quan hệ
chào buổi sáng vé và hộ chiếu của bạn xin vui lòng	VÉ HỘ CHIẾU CỦA BẠN ĐƯA	Du lịch
chắc là không	KHÔNG	Công việc
khi mặt trời lặn khung cảnh làng quê trở nên thật yên bình	KHI MẶT TRỜI LẶN LÀNG QUÊ TRỞ NÊN YÊN BÌNH	Cuộc sống thường nhật
chắc chắn bạn muốn bao nhiêu	CHẮC CHẮN BẠN MUỐN BAO NHIÊU	Cuộc sống thường nhật
tôi sẽ mang súp cho bạn ngay	TÔI MANG CHO BẠN SÚP BÂY GIỜ	Cuộc sống thường nhật
sáng thứ hai hàng tuần chúng em đều dự lễ chào cờ	HÀNG TUẦN SÁNG THỨ HAI CHÚNG EM LỄ CHÀO CỜ CÓ	Cuộc sống học đường
lần này là phần thưởng của tôi	LẦN NÀY TÔI TRẢ	Mối quan hệ
anh đi nhanh cỡ nào	BẠN ĐI NHANH THẾ NÀO	Chính trị
chào tất cả mọi người	MỌI NGƯỜI CHÀO	Cuộc sống thường nhật
bạn có thể nhắc lại tất cả những điều đó được không tôi nghĩ tôi nên ghi lại	BẠN NÓI LẠI ĐƯỢC KHÔNG TÔI GHI LẠI	Cuộc sống thường nhật
nào bạn đã đánh những nốt cao một cách hoàn hảo	BẠN ĐÁNH NHỮNG BẢN NHẠC HOÀN HẢO	Mối quan hệ
mùa thu là mùa của những quả na thơm ngọt và ngon	MÙA THU MÙA NHỮNG QUẢ NA THƠM NGỌT NGON	Cuộc sống thường nhật
vâng công thức đây	CÔNG THỨC ĐÂY	Cuộc sống thường nhật
cuối tuần bố thường dẫn tôi đi câu cá ở hồ	CUỐI TUẦN BỐ DẪN TÔI RA HỒ CÂU CÁ	Cuộc sống thường nhật
bạn không nên thức khuya để xem tv tôi đã nói là chúng ta phải bắt đầu sớm mà	BẠN XEM TV THỨC KHUYA KHÔNG NÊN TÔI NÓI CHÚNG TA BẮT ĐẦU SỚM	Cuộc sống thường nhật
tuyệt vời tất cả đều có tv mới	TUYỆT TẤT CẢ TV MỚI	Cuộc sống thường nhật
tỷ lệ tìm chỗ đậu xe ở đó là bao nhiêu	TỶ LỆ CHỖ ĐẬU XE TÌM BAO NHIÊU	Cuộc sống thường nhật
bây giờ chúng ta hạnh phúc bên nhau	BÂY GIỜ CHÚNG TA BÊN NHAU HẠNH PHÚC	Mối quan hệ
bạn có quyền có một luật sư	BẠN QUYỀN LUẬT SƯ CÓ	Chính trị
nhìn kìa	NHÌN KÌA	Cuộc sống thường nhật
những bông hoa nhài trong vườn đang tỏa hương thơm ngát	TRONG VƯỜN NHỮNG BÔNG HOA NHÀI TOẢ HƯƠNG THƠM NGÁT	Cuộc sống thường nhật
và bạn muốn ăn gì với bít tết của mình	BẠN BÍT TẾT ĂN KÈM GÌ MUỐN	Cuộc sống thường nhật
bạn có thể cho tôi biết mấy giờ chúng ta sẽ đến không	CHÚNG TA ĐẾN BẠN NÓI MẤY GIỜ	Du lịch
không vấn đề gì làm thế nào về 10 giờ sáng chủ nhật này	KHÔNG SAO 10 GIỜ SÁNG CHỦ NHẬT THÌ SAO	Công việc
cảm ơn vào phòng ăn nhé chúng ta sẽ cắt bánh sớm thôi	CẢM ƠN PHÒNG ĂN VÀO CHÚNG TA BÁNH CẮT SỚM	Du lịch
hãy để tôi có một thử	TÔI THỬ HÃY	Mối quan hệ
nghe có vẻ thú vị tôi không thể chờ đợi	RẤT THÚ VỊ TÔI CHỜ ĐỢI KHÔNG THỂ	Mối quan hệ
cảnh sát đã bắt được tên tội phạm nguy hiểm	CẢNH SÁT TÊN TỘI PHẠM NGUY HIỂM BẮT ĐƯỢC	Công việc
các nhà lãnh đạo đã tham dự một hội nghị quan trọng về biến đổi khí hậu	CÁC NHÀ LÃNH ĐẠO THAM DỰ HỘI NGHỊ QUAN TRỌNG 1 VỀ KHÍ HẬU BIẾN ĐỔI THAY ĐỔI	Chính trị
có ai nghe nói về việc trả tiền quà lưu niệm của khách sạn chưa	AI BIẾT TRẢ TIỀN QUÀ LƯU NIỆM CỦA KHÁCH SẠN CHƯA	Du lịch
bé dùng khăn giấy để lau miệng sau bữa ăn	SAU BỮA ĂN BÉ DÙNG KHĂN GIẤY MIỆNG LAU	Cuộc sống thường nhật
bạn có thấy họ nhiều không	BẠN HAY GẶP HỌ KHÔNG CÓ	Mối quan hệ
trò chơi nhảy bao bố rất vui trong ngày hội trường	TRÒ CHƠI BAO TẢI NHẢY VUI TRONG NGÀY HỘI TRƯỜNG	Cuộc sống học đường
không tôi không đi xem tôi bị ốm	KHÔNG TÔI ĐI XEM KHÔNG TÔI ỐM	Mối quan hệ
xin hãy quay lại	QUAY LẠI HÃY	Cuộc sống thường nhật
tôi sẽ đi cắt cỏ	TÔI CẮT CỎ	Cuộc sống thường nhật
nước rất quan trọng	NƯỚC QUAN TRỌNG	Cuộc sống thường nhật
chúng ta đi xem phim hay là đi uống cà phê	CHÚNG TA XEM PHIM ĐI HAY CÀ PHÊ UỐNG	Cuộc sống thường nhật
căn phòng này có diện tích khoảng hai mươi mét vuông	CĂN PHÒNG NÀY DIỆN TÍCH KHOẢNG 20 MÉT VUÔNG	Cuộc sống thường nhật
anh ấy đây rồi	ANH ẤY ĐÂY RỒI	Mối quan hệ
đến giờ ăn tối rồi	ĂN TỐI GIỜ RỒI	Mối quan hệ
vâng không phải là nó buồn cười	NÓ BUỒN CƯỜI KHÔNG PHẢI À	Mối quan hệ
chỉ là hiểu lầm thôi	HIỂU LẦM	Mối quan hệ
tôi thích ngắm bướm và tất cả các màu sắc và hoa văn khác nhau	TÔI NHỮNG CON BƯỚM MÀU SẮC HOA VĂN KHÁC NHAU NGẮM THÍCH	Cuộc sống thường nhật
đây là hộ chiếu của anh ấy cảm ơn rất nhiều	ĐÂY HỘ CHIẾU ANH ẤY CẢM ƠN NHIỀU	Du lịch
dù trời mưa to anh ấy vẫn đi làm	TRỜI MƯA TO ANH ẤY ĐI LÀM	Thái độ và Cảm xúc
vâng tôi có một phòng dự phòng	TÔI PHÒNG CHUẨN BỊ CÓ	Cuộc sống thường nhật
bao nhiêu người trong số các bạn	CÁC BẠN NGƯỜI BAO NHIÊU	Du lịch
hai trăm ba mươi quan	HAI TRĂM BA MƯƠI QUAN	Cuộc sống thường nhật
vâng tôi có thể thấy cái nóng mùa hè đã qua và cái lạnh mùa đông vẫn còn rất xa	VÂNG TÔI THẤY RỒI CÁI NÓNG MÙA HÈ QUA RỒI MÙA ĐÔNG VẪN CÒN XA	Mối quan hệ
tự phục vụ	PHỤC VỤ TỰ	Thái độ và Cảm xúc
thật sao cảm ơn bạn tôi đang nghĩ điều tương tự về bạn	CẢM ƠN NHÉ TÔI BẠN VỀ TƯƠNG TỰ ĐIỀU NGHĨ ĐANG CŨNG THẬT À	Mối quan hệ
hành vi sao chép tài liệu trong thi cử là không trung thực	HÀNH VI HÀNH ĐỘNG TÀI LIỆU SAO CHÉP TRONG THI CỬ KỲ THI KHÔNG TRUNG THỰC GIAN DỐI	Cuộc sống học đường
anh ta là một người rất nghiêm túc	ANH TA LÀ NGƯỜI RẤT NGHIÊM TÚC	Mối quan hệ
hai lát thịt lợn cay nấu chín	THỊT LỢN HAI LÁT CAY CHÍN KỸ	Cuộc sống thường nhật
chào buổi sáng cô cai xin chúc mừng bạn đã vượt qua cuộc phỏng vấn	CHÀO BUỔI SÁNG CHÚC MỪNG CÔ BUỔI PHỎNG VẤN VƯỢT QUA RỒI	Công việc
tôi tìm thấy một số quả mơ khô	TÔI QUẢ MƠ KHÔ TÌM THẤY	Cuộc sống thường nhật
xe máy không được đi vào dải phân cách giữa đường	XE MÁY ĐƯỜNG DẢI PHÂN CÁCH ĐI VÀO KHÔNG	Cuộc sống thường nhật
bạn có thể vui lòng mở vali không đây là gì	BẠN VALI MỞ GIÚP TÔI ĐƯỢC KHÔNG ĐÂY LÀ GÌ	Du lịch
ôi trời tôi đã nhịn đói nhiều ngày nay và tôi chưa mất một ao  xơ	TÔI NHỊN ĐÓI NHIỀU NGÀY TÔI MỘT KG MẤT CHƯA	Cuộc sống thường nhật
chúng ta có thể nghỉ một ngày không	CHÚNG TA NGHỈ 1 NGÀY ĐƯỢC KHÔNG	Công việc
tốt mất bao lâu để đến phố 82	TỐT ĐỂ PHỐ 82 ĐẾN BAO LÂU	Cuộc sống thường nhật
tôi hiểu rồi ông có thường xuyên trượt tuyết không	TÔI HIỂU RỒI ÔNG TRƯỢT TUYẾT THƯỜNG XUYÊN CÓ KHÔNG	Mối quan hệ
phía trước làm ơn	PHÍA TRƯỚC LÀM ƠN	Mối quan hệ
tiếng con dế kêu râm ran trong đêm hè thật yên bình	ĐÊM HÈ CON DẾ KÊU THẬT YÊN BÌNH	Cuộc sống thường nhật
nó ở tầng ba	NÓ Ở TẦNG BA	Cuộc sống thường nhật
chuyến bay ca216 đến thành đô	CHUYẾN BAY CA216 THÀNH ĐÔ ĐI	Du lịch
chúng ta sẽ có hai vé cho bảy ba mươi	CHÚNG TA HAI VÉ LÚC 7 30 CÓ KHÔNG	Mối quan hệ
ok chúng ta sẽ thảo luận về lịch trình ở sảnh	ĐƯỢC CHÚNG TA LỊCH TRÌNH VỀ BÀN SẢNH TẠI NHÉ	Công việc
không bằng tàu hỏa tôi nghĩ nó an toàn hơn nhiều so với xe buýt	TÔI TÀU HỎA ĐI XE BUÝT AN TOÀN HƠN THẤY KHÔNG	Mối quan hệ
vì anh ta xấu tính nên mọi người không thích	VÌ ANH TA XẤU TÍNH NÊN MỌI NGƯỜI THÍCH KHÔNG	Thái độ và Cảm xúc
bạn có vấn đề gì với những chiếc máy này	MÁY NÀY VẤN ĐỀ GÌ	Công việc
chúng tôi rất háo hức chờ đợi buổi lễ bế giảng	CHÚNG TÔI BUỖI LỄ BẾ GIẢNG HÁO HỨC CHỜ ĐỢI	Cuộc sống học đường
trông chúng thật tuyệt và hương vị cũng rất ngon	TRÔNG TUYỆT HƯƠNG VỊ NGON CŨNG	Cuộc sống thường nhật
không thể tốt hơn còn anh	TỐT HƠN KHÔNG THỂ CÒN BẠN	Mối quan hệ
quốc hội đã thông qua nhiều luật quan trọng trong kỳ họp	TRONG KỲ HỌP QUỐC HỘI THÔNG QUA LUẬT QUAN TRỌNG NHIỀU	Chính trị
cái túi này có đủ lớn không	CÁI TÚI NÀY LỚN ĐỦ KHÔNG	Cuộc sống thường nhật
ồ tài khoản vãng lai không trả lãi	Ô TÀI KHOẢN TẠM LÃI KHÔNG CÓ	Tài chính
đứa trẻ nhìn mọi thứ xung quanh với ánh mắt đầy tò mò	ĐỨA TRẺ MỌI THỨ XUNG QUANH NHÌN ÁNH MẮT TÒ MÒ	Thái độ và Cảm xúc
lô hàng này nặng hơn một tấn và cần vận chuyển gấp	GÓI HÀNG NÀY NẶNG 1 TẤN HƠN VẬN CHUYỂN NHANH	Công việc
tôi sẽ làm điều đó sau	TÔI VIỆC ĐÓ LÀM SAU	Cuộc sống thường nhật
bạn đang nhận được gì	BẠN NHẬN CÁI GÌ	Cuộc sống thường nhật
chào mọi người chào buổi sáng	MỌI NGƯỜI CHÀO BUỔI SÁNG CHÀO	Cuộc sống thường nhật
hãy để tôi thử nó nó quá nhỏ đối với tôi bạn không có bất kỳ cái nào lớn hơn	THỬ NÓ NHỎ TÔI CHẬT LỚN HƠN CÁI ÁO KHÔNG CÓ	Cuộc sống thường nhật
tôi được mời đến nhà một người bạn còn bạn thì sao	TÔI NHÀ CỦA BẠN MỜI ĐẾN BẠN THẾ NÀO	Mối quan hệ
tinh trùng là tế bào sinh sản của giống đực	TÌNH TRÙNG LÀ TẾ BÀO SINH SẢN GIỐNG ĐỰC	Sức khỏe
tôi sẽ lo chuyện này và trả lại tiền cho anh	TÔI THỰC HIỆN CHUYỆN NÀY VÀ TIỀN TRẢ LẠI CHO BẠN	Cuộc sống thường nhật
người lái đò khua nhẹ mái chèo trên mặt nước	NGƯỜI LÁI ĐÒ MÁI CHÈO KHUA NHẸ TRÊN MẶT NƯỚC	Du lịch
phải uống càng nhiều càng tốt	UỐNG CÀNG NHIỀU CÀNG TỐT PHẢI	Mối quan hệ
lá cờ tổ quốc tung bay phấp phới trên quảng trường	LÁ CỜ TỔ QUỐC QUẢNG TRƯỜNG BAY MẠNH	Chính trị
chính phủ kêu gọi người dân chung tay bảo vệ môi trường	CHÍNH PHỦ NGƯỜI DÂN KÊU GỌI MÔI TRƯỜNG BẢO VỆ CHUNG TAY CÙNG NHAU	Chính trị
tôi nghĩ rằng xe buýt và xe lửa ở đây hiện đại hơn	TÔI NGHĨ XE BUÝT XE LỬA Ở ĐÂY HIỆN ĐẠI HƠN	Mối quan hệ
xin lỗi bạn có thể cho tôi biết công viên nhân dân ở đâu không	CÔNG VIÊN NHÂN DÂN BIẾT CÓ KHÔNG	Cuộc sống thường nhật
tôi đang dùng nước rửa bát để làm sạch chén đĩa	TÔI DÙNG ĐĨA CHÉN RỬA SẠCH	Cuộc sống thường nhật
bé phải đi tiêm phòng dại ngay sau khi bị chó cắn	BÉ TIÊM PHÒNG DẠI BỊ CHÓ CẮN SAU NGAY ĐI PHẢI	Sức khỏe
xin lỗi bạn có vui lòng để mắt đến va li của tôi không tôi chỉ muốn gọi điện thoại	BẠN VA LI TRÔNG GIÚP TÔI MỘT LÁT ĐƯỢC KHÔNG TÔI ĐI GỌI ĐIỆN THOẠI CHÚT	Cuộc sống thường nhật
một lão già râu tóc bạc phơ đang ngồi nghỉ bên vệ đường	LÃO GIÀ RÂU TÓC BẠC NGỒI NGHỈ BÊN VỆ ĐƯỜNG VỈ HÈ	Cuộc sống thường nhật
bố bạn nói gì 	BỐ CỦA BẠN NÓI GÌ	Thái độ và Cảm xúc
cái cốc nhựa đó để làm gì	CÁI CỐC NHỰA LÀM GÌ	Sức khỏe
chúng tôi mong được gặp bạn	CHÚNG TÔI BẠN GẶP MUỐN	Sức khỏe
món súp gà nấm là lựa chọn tuyệt vời cho ngày se lạnh	MÓN SÚP GÀ NẤM NGÀY SE LẠNH LỰA CHỌN TUYỆT VỜI	Cuộc sống thường nhật
chúng ta bị ảnh hưởng gián tiếp từ việc biến đổi khí hậu	CHÚNG TA ẢNH HƯỞNG GIÁN TIẾP VÌ KHÍ HẬU BIẾN ĐỔI	Sức khỏe
bạn sẽ mua một cái đúng không 	BẠN MUA MỘT CÁI ĐÚNG KHÔNG	Cuộc sống thường nhật
bạn đang bay về nhà	BẠN NHÀ VỀ BAY ĐANG À	Mối quan hệ
bây giờ chúng ta cần làm đuôi cho diều	BÂY GIỜ CHÚNG TA CON DIỀU ĐUÔI LÀM	Cuộc sống thường nhật
ngày thành lập quân đội nhân dân việt nam là 22 tháng 12	NGÀY THÀNH LẬP QUÂN ĐỘI NHÂN DÂN VIỆT NAM LÀ 22 12 QIPECD CÓ VIDEO	Chính trị
tôi nghe nói rằng đất nước của bạn gần đây đã phát hiện ra các mỏ đá quý	TÔI NGHE NÓI ĐẤT NƯỚC BẠN MỎ ĐÁ QUÝ PHÁT HIỆN GẦN ĐÂY	Mối quan hệ
quả đất của chúng ta quay quanh mặt trời mỗi ngày	CHÚNG TA TRÁI ĐẤT MẶT TRỜI QUAY QUANH HÀNG NGÀY	Văn hóa và Giáo dục
không cảm ơn tôi đã có đủ	KHÔNG CẢM ƠN TÔI ĐỦ RỒI	Mối quan hệ
làm thế nào tôi có thể đến chi nhánh gần nhất của ngân hàng quốc gia	TÔI VĂN PHÒNG GẦN CỦA NGÂN HÀNG QUỐC GIA ĐẾN LÀM THẾ NÀO	Cuộc sống thường nhật
bạn và tôi thích chơi bóng bầu dục	BẠN TÔI BÓNG BẦU DỤC CHƠI THÍCH	Sức khỏe
tôi không biết tôi không thực sự muốn ra ngoài có lẽ tôi cảm thấy hơi nhớ nhà	TÔI RA NGOÀI MUỐN CHẲNG THẬT SỰ BIẾT KHÔNG NHÀ NHỚ HƠI CHẮC LÀ	Mối quan hệ
chà chà bạn rất vui được gặp bạn ở đây	GẶP BẠN RẤT VUI	Mối quan hệ
anh đã nghiên cứu về công ty của chúng tôi đúng không	BẠN NGHIÊN CỨU CÔNG TY CỦA CHÚNG TÔI ĐÚNG KHÔNG	Công việc
312 là ngày khuyết tật thế giới	NGÀY 3 THÁNG 12 LÀ NGÀY NGƯỜI KHUYẾT TẬT THẾ GIỚI	Văn hóa và Giáo dục
chiếc áo sơ mi cần được là phẳng bằng bàn là trước khi mặc	TRƯỚC KHI MẶC CHIẾC ÁO SƠ MI LÀ PHẲNG CẦN	Cuộc sống thường nhật
tuyệt vời cảm ơn bạn	TUYỆT VỜI CẢM ƠN	Cuộc sống thường nhật
căn phòng này có chiều dài khoảng 5 m và rộng 3 m	CĂN PHÒNG NÀY CHIỀU DÀI KHOẢNG 5M VÀ RỘNG 3M	Cuộc sống thường nhật
nhưng đừng lo	NHƯNG LO LẮNG ĐỪNG	Cuộc sống thường nhật
mỗi người cần phải biết yêu thương và chăm sóc bản thân	MỖI NGƯỜI BẢN THÂN CẦN PHẢI BIẾT YÊU THƯƠNG CHĂM SÓC	Sức khỏe
vâng nhưng đó là một cách khá	ĐÓ TỐT	Cuộc sống thường nhật
nhà kinh tế đang phân tích dãy số liệu này	NHÀ KINH TẾ SỐ LIỆU THÔNG TIN DÃY NÀY PHÂN TÍCH	Tài chính
chúng ta cần thảo luận để giải quyết vấn đề này	CHÚNG TA THẢO LUẬN CẦN ĐỂ VẤN ĐỀ NÀY GIẢI QUYẾT	Công việc
chào mừng bạn muốn đặt hàng gì	BẠN ĐẶT HÀNG GÌ	Cuộc sống thường nhật
ai là người bạn thân nhất của bạn trong suốt những năm qua	NHIỀU NĂM QUA BẠN BẠN THÂN NHẤT AI	Mối quan hệ
tôi có một đứa con trai ba tuổi	TÔI CON TRAI BA TUỔI CÓ	Mối quan hệ
trong toán học số chẵn là số chia hết cho hai	TRONG TOÁN HỌC SỔ CHẴN LÀ SỐ CHIA HẾT CHO 2	Cuộc sống học đường
bác sĩ chỉ định siêu âm để kiểm tra tình hình sức khoẻ	ĐỂ KIỂM TRA SỨC KHOẺ BÁC SĨ CHỈ ĐỊNH SIÊU ÂM	Sức khỏe
hôm nay cô giáo ra đề bài tập làm văn rất khó	HÔM NAY CÔ GIÁO BÀI TẬP LÀM VĂN RA ĐỀ KHÓ	Cuộc sống học đường
vâng có các khóa học cốt lõi và tự chọn	MÔN BẮT BUỘC TỰ CHỌN CÓ CẢ	Cuộc sống thường nhật
công ty chúng tôi chuyên vận chuyển hàng hóa bắc nam	CÔNG TY CHÚNG TÔI CHUYÊN VẬN CHUYỂN HÀNG HÓA BẮC NAM	Công việc
ý kiến hay đấy chúng ta đã không đến đó nhiều năm rồi	Ý KIẾN HAY CHÚNG TA ĐẾN ĐÓ KHÔNG NĂM RỒI	Mối quan hệ
mẹ thường dắt tay em đi qua những con đường đông đúc	MẸ EM EM DẮT ĐI QUA NHỮNG CON ĐƯỜNG ĐÔNG ĐÚC	Cuộc sống thường nhật
bạn trông khá buồn bạn ổn chứ	BẠN TRÔNG BUỒN QUÁ BẠN ỔN CHỨ	Công việc
lần sau bạn phải làm tốt hơn thế	BẠN LẦN SAU LÀM TỐT HƠN	Cuộc sống thường nhật
bạn có vẻ không vui chuyện gì đã xảy ra	BẠN VUI KHÔNG CHUYỆN GÌ XẢY RA	Mối quan hệ
tôi xin lỗi vì đã làm việc trễ	XIN LỖI TÔI PHẢI LÀM THÊM GIỜ	Công việc
bạn đang tìm kiếm mức lương bao nhiêu	BẠN MỨC LƯƠNG MUỐN BAO NHIÊU	Chính trị
nó cũng sẽ tốt hơn cho môi trường	NÓ MÔI TRƯỜNG THÂN THIỆN HƠN	Cuộc sống thường nhật
cô giáo dạy chúng em cách dùng dấu hai chấm trong câu	CÔ GIÁO DẠY CHÚNG EM DẤU HAI CHẤM CÁCH DÙNG TRONG CÂU	Cuộc sống học đường
chiếc bút bi này bị hỏng mất cái lò xo rồi	CHIẾC BÚT BI NÀY LÒ XO HỎNG RỒI	Cuộc sống thường nhật
gia đình tôi đã có chuyến du lịch đáng nhớ đến kon tum	GIA ĐÌNH TÔI CHUYẾN DU LỊCH ĐÁNG NHỚ ĐẾN KON TUM CÓ	Du lịch
chắc chắn rồi tôi có nên kiểm tra bộ tản nhiệt của bạn	BỘ TẢN NHIỆT KIỂM TRA TÔI GIÚP	Cuộc sống thường nhật
chúng ta phải chính xác	CHÚNG TA CHÍNH XÁC PHẢI	Cuộc sống thường nhật
củ nghệ có rất nhiều công dụng tốt cho sức khỏe con người	CỦ NGHỆ CÔNG DỤNG TỐT CHO SỨC KHOẺ CON NGƯỜI CÓ NHIỀU	Sức khỏe
con có bằng lái xe rồi	CON BẰNG LÁI XE CÓ RỒI	Du lịch
chào buổi sáng ruth tôi đã đánh thức bạn dậy chưa	CHÀO BUỔI SÁNG TÔI ĐÁNH THỨC BẠN À	Cuộc sống thường nhật
áo dài là trang phục cổ truyền của phụ nữ việt nam	ÁO DÀI LÀ TRANG PHỤC CỔ TRUYỀN CỦA PHỤ NỮ VIỆT NAM	Văn hóa và Giáo dục
cảm ơn bạn vì chăm sóc	CẢM ƠN BẠN VÌ CHĂM SÓC	Mối quan hệ
hai tam giác này có nhiều tính chất bằng nhau rất thú vị	HAI TAM GIÁC TÍNH CHẤT BẰNG NHAU THÚ VỊ CÓ NHIỀU	Cuộc sống học đường
cô bé ấy rất thông minh và học hỏi mọi thứ nhanh	CÔ BÉ ẤY THÔNG MINH VÀ GIẢI QUYẾT VẤN ĐỀ NHANH	Cuộc sống học đường
món tráng miệng	MÓN TRÁNG MIỆNG	Cuộc sống thường nhật
họ đã đi du lịch đến một vùng đất xa xôi	HỌ DU LỊCH VÙNG ĐẤT XA XÔI ĐI	Du lịch
cô ấy sẽ biết	CÔ ẤY BIẾT SẼ	Cuộc sống thường nhật
tôi sẽ hủy nó cho anh ngay bây giờ	TÔI HỦY BẠN NGAY BÂY GIỜ	Tài chính
anh ấy luôn xung phong trong các hoạt động của lớp	ANH ẤY LỚP HOẠT ĐỘNG XUNG PHONG HĂNG HÁI NHIỀU	Cuộc sống học đường
không sao tôi có rất nhiều thẻ đây là visa của tôi	TÔI THẺ NHIỀU CÓ KHÔNG SAO VISA ĐÂY LÀ TÔI THẺ	Du lịch
vận động viên xiếc giữ thăng bằng một cách điêu luyện trên dây cao	VẬN ĐỘNG VIÊN XIẾC GIỮ THĂNG BẰNG ĐIÊU LUYỆN TRÊN DÂY CAO 1	Công việc
chiếc đĩa dvd này chứa những bộ phim kinh điển của tuổi thơ	CHIẾC ĐĨA DVD NÀY NHỮNG BỘ PHIM TUỔI THƠ KINH DỊ SỢ HÃI CÓ	Cuộc sống thường nhật
anh ta tặc lưỡi tỏ vẻ tiếc nuối vì đã bỏ lỡ	ANH TA TIẾC NUỐI VÌ BỎ LỠ	Thái độ và Cảm xúc
xin lỗi vì đã gây ra phiền hà không đáng có cho bạn	TÔI BẠN XIN LỖI GÂY PHIỀN	Thái độ và Cảm xúc
ông chủ mở một hiệu may nhỏ ở cuối con phố này	ÔNG CHỦ HIỆU MAY NHỎ 1 MỞ Ở CUỐI CON PHỐ NÀY	Công việc
tôi không biết cô ấy không nói tôi rất xin lỗi về chuyện này	TÔI BIẾT KHÔNG CÔ ẤY NÓI GÌ KHÔNG TÔI CHUYỆN NÀY XIN LỖI THẬT SỰ	Cuộc sống thường nhật
sẽ rất đáng yêu bạn đang đi đâu	THẬT ĐÁNG YÊU BẠN ĐI ĐÂU	Mối quan hệ
bạn phải ghi rõ địa chỉ của người nhận trên bưu kiện	BẠN NGƯỜI NHẬN ĐỊA CHỈ GHI RÕ TRÊN BƯU KIỆN	Công việc
chỉ cần thư giãn lắng nghe cẩn thận các câu hỏi và trung thực trong câu trả lời của bạn	THOẢI MÁI NGHE KỸ CÂU HỎI TRẢ LỜI TRUNG THỰC NHÉ	Công việc
đằng kia	ĐẰNG KIA	Cuộc sống thường nhật
tôi nghe nói ở anh người ta thích sườn cừu	TÔI NGHE NÓI Ở ANH NGƯỜI TA SƯỜN CỪU THÍCH	Cuộc sống thường nhật
khi đi khám bác sĩ họ có bắt bạn đứng lên cân không	KHI BÁC SĨ KHÁM HỌ YÊU CẦU BẠN CÂN ĐỨNG LÊN CÓ KHÔNG	Sức khỏe
làm thế nào để bạn xử lý chất thải trong nhà máy của bạn	BẠN CHẤT THẢI NHÀ MÁY CỦA BẠN TRONG XỬ LÝ LÀM THẾ NÀO	Công việc
bạn có thích các tour du lịch của universal studios	BẠN THÍCH TOUR KHÔNG	Du lịch
bạn có thể dạy tôi không	BẠN TÔI DẠY ĐƯỢC KHÔNG	Mối quan hệ
ừ ông ấy luôn cười khúc khích với những câu chuyện đại học của mình	Ừ ÔNG ẤY CƯỜI KHÚC KHÍCH LUÔN LUÔN KHI CHUYỆN ĐẠI HỌC KỂ	Mối quan hệ
bạn có thẻ khác	BẠN THẺ KHÁC CÓ KHÔNG	Tài chính
ok tôi đã hoàn thành đây là mẫu đơn của bạn và thẻ cũ của tôi	OK TÔI HOÀN THÀNH RỒI ĐÂY TÔI THẺ CŨ MẪU ĐƠN CỦA BẠN	Cuộc sống thường nhật
tôi đang nghĩ cái gì đó thú vị hơn nhưng an toàn hơn	TÔI NGHĨ CÁI GÌ ĐÓ THÚ VỊ HƠN NHƯNG AN TOÀN HƠN	Du lịch
môn ngoại ngữ giúp chúng ta giao tiếp với bạn bè quốc tế	MÔN NGOẠI NGỮ CHÚNG TA BẠN BÈ GIÚP QUỐC TẾ GIAO TIẾP	Văn hóa và Giáo dục
vâng không sao tôi hy vọng bạn thích ở lại boston	KHÔNG SAO ĐÂU BẠN Ở THOẢI MÁI THẤY HY VỌNG	Du lịch
cảm ơn không tôi về nhà ăn tối muộn rồi thực ra tôi phải đi đây	CẢM ƠN KHÔNG TÔI VỀ NHÀ ĂN TỐI MUỘN RỒI TÔI ĐI	Cuộc sống thường nhật
chiếc váy được may theo số đo của bạn	CHIẾC VÁY SỐ ĐO CỦA BẠN MAY	Cuộc sống thường nhật
vị giáo sĩ đang giảng đạo trong một nhà thờ lớn	VỊ GIÁO SĨ GIẢNG ĐẠO TRONG NHÀ THỜ LỚN 1	Văn hóa và Giáo dục
rồi ba ngày sau tôi sẽ tới để ký vào đó	3 NGÀY SAU QUAY LẠI KÝ	Công việc
tôi muốn đổi tiền để đi xe buýt	TÔI TIỀN MUỐN ĐỔI ĐỂ ĐI XE BUÝT	Tài chính
bạn cũng có thể kiểm tra bảng thông báo của trường đại học	BẠN BẢNG TIN TRƯỜNG ĐẠI HỌC THÔNG BÁO XEM THÊM CÓ THỂ	Cuộc sống thường nhật
tôi sẽ xuống ở trạm dừng nào	TÔI Ở TRẠM DỪNG XUỐNG NÀO	Cuộc sống thường nhật
nghe có vẻ hợp lý còn hành trình bay năm ngày thì sao bao nhiêu vậy	CHUYẾN BAY NĂM NGÀY GIÁ BAO NHIÊU	Du lịch
nó không tốn thời gian chút nào	NHANH LẮM THỜI GIAN ÍT KHÔNG SAO	Cuộc sống thường nhật
anh ấy đã có một quyết định liều lĩnh khi khởi nghiệp	ANH ẤY QUYẾT ĐỊNH KHÓ KHĂN 1 CÓ KHI MỞ CÔNG TY	Thái độ và Cảm xúc
ai là người tiếp theo	NGƯỜI TIẾP THEO AI	Cuộc sống thường nhật
có khoản phí dịch vụ không 	PHÍ DỊCH VỤ CÓ KHÔNG	Tài chính
bạn có thể đưa tôi ra sân bay không	BẠN ĐƯA TÔI SÂN BAY RA ĐƯỢC KHÔNG	Cuộc sống thường nhật
cho đến khi nào	KHI NÀO	Cuộc sống thường nhật
cảm ơn vì lá thư của bạn	CẢM ƠN BẠN BỨC THƯ VÌ	Mối quan hệ
chúng ta có thể cần nước hoặc sữa	CHÚNG TA NƯỚC HOẶC SỮA CẦN	Cuộc sống thường nhật
uống một cốc nước chanh mật ong ấm vào buổi sáng rất tốt	BUỔI SÁNG NƯỚC CHANH MẬT ONG ẤM MỘT CỐC UỐNG SỨC KHỎE TỐT	Sức khỏe
hôm nay có vẻ là một ngày rất vui	HÔM NAY RẤT VUI	Mối quan hệ
còn rau củ thì sao	CÒN RAU CỦ THÌ SAO	Cuộc sống thường nhật
tôi đã có một thời gian thực sự tốt	TÔI THỜI GIAN TỐT CÓ RỒI	Cuộc sống học đường
hôm qua tôi đi xem phim	HÔM QUA TÔI XEM PHIM ĐI	Chính trị
nó có mùi thơm ngon	NÓ THƠM NGON	Cuộc sống thường nhật
bài toán yêu cầu tìm số liền sau của một số cho trước	BÀI TOÁN YÊU CẦU SỐ LIỀN SAU CỦA SỐ CHO TRƯỚC TÌM	Cuộc sống học đường
và kế hoạch của bạn là gì	KẾ HOẠCH CỦA BẠN GÌ	Mối quan hệ
bạn có biết kinh doanh chính của chúng tôi	BẠN BIẾT LĨNH VỰC KINH DOANH CHÍNH CHÚNG TÔI CÓ KHÔNG	Công việc
chúng tôi cũng không đơn độc ở đây rất nhiều gia đình khác	CHÚNG TÔI Ở ĐÂY ĐƠN ĐỘC KHÔNG NHIỀU GIA ĐÌNH KHÁC Ở ĐÂY CŨNG	Cuộc sống thường nhật
kích thước gì	CỠ GÌ VẬY	Cuộc sống thường nhật
điều đó thật tuyệt quan tâm đến một bài kiểm tra nhỏ về điều đó	TỐT BẠN MUỐN THỬ LÀM BÀI KIỂM TRA NHỎ CHỦ ĐỀ ĐÓ KHÔNG	Mối quan hệ
chắc chắn rồi hãy để tôi xem oh nó trên kệ đó	CHẮC CHẮN RỒI ĐỂ TÔI XEM NÓ KỆ TRÊN ĐÓ	Cuộc sống học đường
bạn đã học ngành gì	BẠN NGÀNH HỌC GÌ	Công việc
hôm nay là ngày nào	HÔM NAY NGÀY MẤY	Mối quan hệ
chúng tôi cung cấp dịch vụ 24 giờ	CHÚNG TÔI DỊCH VỤ HAI MƯƠI BỐN BẢY CUNG CẤP	Cuộc sống thường nhật
bạn có gì mới không 	BẠN MỚI CÓ GÌ	Công việc
anh ấy làm thêm công việc chạy bàn tại một quán ăn	ANH ẤY CÔNG VIỆC CHẠY BÀN PHỤC VỤ LÀM THÊM TẠI QUÁN ĂN 1	Công việc
đừng lo lắng về nó nhưng nó như thế nào	LO LẮNG ĐỪNG NHƯNG NÓ THẾ NÀO	Du lịch
trong một vài tuần bạn có kế hoạch xem chúng không	VÀI TUẦN NỮA BẠN KẾ HOẠCH XEM CÓ KHÔNG	Mối quan hệ
ước gì tôi không phải mang theo nhiều quá	TÔI MANG THEO NHIỀU THỨ NHƯ THẾ KHÔNG ƯỚC	Cuộc sống thường nhật
hoạt động thương mại giữa hai nước ngày càng phát triển	GIỮA HAI NƯỚC HOẠT ĐỘNG THƯƠNG MAI NGÀY CÀNG PHÁT TRIỂN	Tài chính
bạn có thích công việc thường xuyên	BẠN THÍCH CÔNG VIỆC VĂN PHÒNG KHÔNG	Công việc
ai thích nhìn thác nước	THÁC NƯỚC NHÌN THÍCH AI	Cuộc sống thường nhật
chiếc áo sơ mi của tôi không may bị đứt một chiếc khuy	TÔI CHIẾC ÁO SƠ MI CHIẾC KHUY 1 BỊ ĐỨT	Cuộc sống thường nhật
bạn đang ở đây	BẠN Ở ĐÂY	Mối quan hệ
có một cái bốt điện lớn ở ngay đầu con ngõ	CỘT ĐIỆN LỚN MỘT ĐẦU NGÕ CÓ	Cuộc sống thường nhật
vâng với dầu gội đầu gàu lux nó giúp rất nhiều để loại bỏ gàu của tôi	VỚI DẦU GỘI ĐẦU TRỊ GÀU LUX NÓ GIÚP RẤT NHIỀU BỎ GÀU CỦA TÔI	Cuộc sống thường nhật
bên trong ngôi nhà có nhiều đồ trang trí rất đẹp	TRONG NGÔI NHÀ ĐỒ TRANG TRÍ CÓ NHIỀU RẤT ĐẸP	Cuộc sống thường nhật
phong trào thi đua học tập tốt diễn ra rất sôi nổi	PHONG TRÀO HỌC TỐT THI ĐUA DIỄN RA SÔI NỔI HĂNG HÁI NHIỆT TÌNH	Cuộc sống học đường
không to lắm	TO BÌNH THƯỜNG	Cuộc sống thường nhật
chất rắn là một trong các dạng tồn tại của vật chất	CHẤT RẮN BA DẠNG VẬT CHẤT TỒN TẠI MỘT	Cuộc sống học đường
bạn đạt điểm cao nhất môn nào	BẠN MÔN HỌC ĐIỂM CAO NHẤT NÀO	Công việc
bốn chai	CHAI BỐN	Du lịch
tôi có thể lấy xe đẩy ở đâu	TÔI XE ĐẨY LẤY Ở ĐÂU	Du lịch
bạn đến hà nội khi nào	BẠN ĐẾN HÀ NỘI KHI NÀO	Mối quan hệ
chắc rồi một tấm séc sẽ ổn thôi	CHẮC CHẮN RỒI TẤM VÉ MỘT ỔN THÔI	Cuộc sống thường nhật
cô ấy rất nhiệt tình	CÔ ẤY NHIỆT TÌNH	Du lịch
cô ấy không có bạn sao	CÔ ẤY BẠN KHÔNG CÓ À	Mối quan hệ
hình tròn này có đường kính dài mười centimet	HÌNH TRÒN NÀY ĐƯỜNG KÍNH CÓ MƯỜI CENTIMET CM DÀI	Cuộc sống học đường
cưng à cuối tuần này đưa họ đi biển được không	ANH YÊU CUỐI TUẦN NÀY BỌN NHỎ BIỂN ĐI ĐƯỢC KHÔNG	Mối quan hệ
thật là một khu vườn đẹp nhìn những bông hoa tulip này	VƯỜN NÀY ĐẸP TULIP MẤY BÔNG NHÌN	Du lịch
bạn còn nói được gì nữa	BẠN NÓI GÌ NỮA MUỐN	Mối quan hệ
các đế quốc xưa xâm chiếm rất nhiều quốc gia nhỏ	CÁC ĐẾ QUỐC NƯỚC LỚN XƯA QUỐC GIA NHỎ XÂM CHIẾM TẤN CÔNG NHIỀU	Chính trị
tôi có thể lấy cho bạn món tráng miệng không	TÔI MÓN TRÁNG MIỆNG LẤY CHO BẠN CÓ KHÔNG	Cuộc sống thường nhật
bạn có thể nhớ anh mất nó khi nào và ở đâu không	ANH ẤY ĐỒ MẤT BẠN NHỚ Ở ĐÂU CÓ KHÔNG	Du lịch
du khách rất thích thú khi đến tham quan ninh bình	DU KHÁCH NINH BÌNH ĐẾN RẤT THÍCH THÚ	Du lịch
nghe có vẻ thú vị tôi sẽ lấy một cái	NGHE THÚ VỊ TÔI 1 LẤY	Cuộc sống thường nhật
để tôi kiểm tra oh oh đó là lúc 325	TÔI KIỂM TRA ĐỂ 3 GIỜ 25 PHÚT LÚC LÀ ĐÂY RỒI Ồ	Mối quan hệ
cậu bé có năng khiếu đặc biệt với bộ môn hội họa	Ở MÔN VẼ CẬU BÉ NĂNG KHIẾU KỸ NĂNG ĐẶC BIỆT CÓ	Văn hóa và Giáo dục
có cần bổ sung người lái xe không 	NGƯỜI LÁI XE THÊM CÓ KHÔNG	Du lịch
được rồi bác sĩ nhưng đau lắm	RỒI BÁC SĨ ĐAU	Sức khỏe
khẩu hiệu của công ty là luôn đặt khách hàng lên trước	CÔNG TY KHẨU HIỆU ƯU TIÊN LÀ KHÁCH HÀNG ĐẶT LÊN TRƯỚC	Công việc
xin chào đây là nhà điều hành tôi có thể nói chuyện với ông smith không	XIN CHÀO TÔI TỔNG ĐÀI VIÊN TÔI BẠN NÓI CHUYỆN ĐƯỢC KHÔNG	Cuộc sống thường nhật
ý bạn là sao bạn nghĩ tôi viết không đủ	BẠN SAO BẠN NGHĨ TÔI VIẾT KHÔNG ĐỦ	Cuộc sống học đường
anh ấy quyết tâm theo đuổi ước mơ trở thành một bác sĩ	ANH ẤY ƯỚC MƠ QUYẾT TÂM THEO ĐUỔI BÁC SĨ 1 TRỞ THÀNH	Thái độ và Cảm xúc
đã đến lúc chúng ta nói lời tạm biệt với nhau	BÂY GIỜ CHÚNG TA TẠM BIỆT	Công việc
những đứa trẻ làm bong bóng giấy tuyệt vời	NHỮNG ĐỨA TRẺ BONG BÓNG GIẤY LÀM TUYỆT VỜI	Cuộc sống thường nhật
tôi sẽ cố gắng tìm ra vị trí của trường	TÔI CỐ GẮNG TÌM XEM TRƯỜNG Ở ĐÂU	Cuộc sống học đường
tôi không biết nên đi học đại học hay đi làm	TÔI ĐẠI HỌC ĐI HỌC HAY ĐI LÀM KHÔNG BIẾT	Mối quan hệ
chiếc yếm đào là trang phục truyền thống của phụ nữ việt xưa	CHIẾC YẾM ĐÀO TRANG PHỤC TRUYỀN THỐNG PHỤ NỮ VIỆT XƯA	Văn hóa và Giáo dục
tôi không thể vì tôi đã hứa với bạn cùng phòng rằng tôi sẽ đi mua sắm với cô ấy	TÔI HỨA BẠN CÙNG PHÒNG ĐI MUA SẮM CÔ ẤY RỒI KHÔNG ĐƯỢC	Mối quan hệ
chiếc xe cút kít	XE CÚT KÍT	Cuộc sống thường nhật
có rất nhiều mưa vào mùa hè nhưng hiếm khi có mưa trong mùa thu	MÙA HÈ MƯA NHIỀU NHƯNG HIẾM KHI MƯA TRONG MÙA THU	Mối quan hệ
nó vẫn còn quá tối có màu sáng hơn không	NÓ QUÁ TỐI VẪN MÀU SÁNG CÓ KHÔNG	Cuộc sống thường nhật
vâng tôi có nhiều thứ để mua tôi muốn chọn sữa làm sạch trước	TÔI THỨ NHIỀU MUA TÔI CHỌN SỮA SẠCH TRƯỚC	Cuộc sống thường nhật
phải bạn không ở trong vườn	PHẢI BẠN VƯỜN TRONG KHÔNG	Cuộc sống thường nhật
nhà nước luôn quan tâm đến các vấn đề an sinh xã hội	AN SINH XÃ HỘI LÀ VẤN ĐỀ NHÀ NƯỚC QUÂN TÂM	Chính trị
có gì trong phần đó	PHẦN ĐÓ GÌ THẾ CÓ	Cuộc sống thường nhật
rất vui được gặp bạn xin mời ngồi	GẶP BẠN RẤT VUI XIN MỜI NGỒI	Công việc
tôi vừa mới sơn lại	TÔI SƠN LẠI XONG VỪA	Cuộc sống thường nhật
tôi ở hà nội còn bạn thì sao	TÔI HÀ NỘI CÒN BẠN	Mối quan hệ
người già và trẻ em được xếp hàng ưu tiên	NGƯỜI GIÀ VÀ TRẺ EM ĐƯỢC ƯU TIÊN XẾP ĐẦU TIÊN	Cuộc sống thường nhật
tôi không thích màu tím đậm	TÔI MÀU TÍM ĐẬM KHÔNG THÍCH	Cuộc sống thường nhật
em bé có khuôn mặt tròn trịa và đôi má phúng phính	EM BÉ KHUÔN MẶT TRÒN TRỊA ĐÔI MÁ PHÚNG PHÍNG CÓ	Cuộc sống thường nhật
tôi không muốn macintosh tôi muốn pc	TÔI MÁY MACINTOSH MUỐN KHÔNG PC CƠ MUỐN	Cuộc sống thường nhật
ok tôi sẽ quấn chúng cho bạn	TÔI QUẤN CHÚNG CHO BẠN	Cuộc sống thường nhật
nón của tôi cũng mới	NÓN CỦA TÔI MỚI CŨNG	Cuộc sống thường nhật
biển có màu xanh	BIỂN MÀU XANH	Cuộc sống thường nhật
sử dụng muối iốt trong bữa ăn rất tốt cho sức khỏe	MUỐI I ỐT DÙNG BỮA ĂN SỨC KHOẺ TỐT	Sức khỏe
em hãy mô tả lại cảnh đẹp của quê hương mình	EM MÔ TẢ CẢNH ĐẸP QUÊ HƯƠNG MÌNH	Cuộc sống học đường
tôi đăng ký vào thứ sáu này	TÔI THỨ SÁU NÀY ĐĂNG KÝ ĐƯỢC KHÔNG	Cuộc sống học đường
thế còn đi bơi thì sao	BƠI CÒN ĐI THÌ SAO	Cuộc sống thường nhật
xin lỗi tôi không nghe thấy bạn bạn có thể lên tiếng một chút được không	TÔI NGHE RÕ CHƯA BẠN NÓI TO HƠN CHÚT CÓ THỂ KHÔNG XIN LỖI	Công việc
oh tôi xin lỗi đây là nắp vâng nó đi kèm với chảo	ĐÂY CÁI NẮP NÓ ĐI KÈM CÁI CHẢO	Cuộc sống thường nhật
con sẽ làm sau bố à con phải chuẩn bị buổi hòa nhạc vào thứ bảy	CON LÀM SAU NHÉ BỐ GIỜ CON CHUẨN BỊ CHO BUỔI HÒA NHẠC THỨ BẢY PHẢI	Cuộc sống thường nhật
bạn có mang theo mặt hàng nào khác không 	BẠN MẶT HÀNG KHÁC MANG THEO CÓ KHÔNG	Du lịch
không có gì chúc bạn đi đường bình an	KHÔNG CÓ GÌ CHÚC ĐI ĐƯỜNG BÌNH AN	Du lịch
bạn thích loại tài khoản nào tài khoản kiểm tra hoặc tài khoản tiết kiệm	BẠN TÀI KHOẢN THÍCH NÀO TÀI KHOẢN KIỂM TRA HOẶC TIẾT KIỆM	Tài chính
khi nào tôi nên cho biết sự hiện diện của mình	KHI NÀO TÔI CHO BIẾT SỰ CÓ MẶT CỦA MÌNH NÊN	Công việc
bạn học vào những ngày nào	BẠN HỌC NHỮNG NGÀY NÀO	Cuộc sống học đường
ồ đó là chuông điện thoại di động của tôi tôi đặt nó ở chế độ rung	CHUÔNG ĐIỆN THOẠI CỦA TÔI TÔI ĐẶT RUNG	Công việc
không không hềcác ví dụ của anh ấy thực sự thú vị	KHÔNG CÁC VÍ DỤ CỦA ANH ẤY THÚ VỊ	Cuộc sống học đường
tôi muốn một cái bánh mỳ một ít khoai tây chiên và một lon coca	TÔI BÁNH MỲ MỘT KHOAI TÂY CHIÊN MỘT ÍT VÀ COCA MỘT	Cuộc sống thường nhật
vâng tôi muốn đặt chỗ ở houston vào ngày mai	NGÀY MAI ĐẶT CHỖ MUỐN	Du lịch
chú tôi tặng tôi chiếc xe đạp này như một món quà sinh nhật nhìn kìa	CHÚ TÔI CHIẾC XE ĐẠP NÀY TẶNG TÔI NHƯ MÓN QUÀ SINH NHẬT NHÌN KÌA	Thái độ và Cảm xúc
bây giờ thì sao	BÂY GIỜ THÌ SAO	Sức khỏe
ok tôi sẽ thổi	OK TÔI THỔI	Cuộc sống thường nhật
tên ký hiệu của bạn là gì	BẠN TÊN KÝ HIỆU GÌ	Cuộc sống thường nhật
cuốn sách yêu thích của bạn là gì	SÁCH BẠN THÍCH NHẤT GÌ	Mối quan hệ
hành vi bắt nạt bạn bè trong trường học là không tốt	TRONG TRƯỜNG HỌC BẮT NẠT BẠN BÈ LÀ HÀNH VI KHÔNG TỐT	Cuộc sống học đường
bạn rút ra bao nhiêu tiền 	BẠN TIỀN RÚT RA BAO NHIÊU	Tài chính
ai cũng vậy cả	MỌI NGƯỜI CŨNG	Cuộc sống thường nhật
vui mừng có gì để phấn khích đó chỉ là một bữa tối của công ty phải không	PHẤN KHÍCH GÌ ĐÓ BỮA TIỆC CÔNG TY THÔI	Mối quan hệ
nhà thơ đã sử dụng biện pháp nhân cách hoá để miêu tả dòng sông	NHÀ THƠ BIỆN PHÁP CÁCH LÀM NHÂN CÁCH HOÁ SỬ DỤNG MIÊU TẢ MÔ TẢ DÒNG SÔNG	Văn hóa và Giáo dục
cảm ơn cô đã dành thời gian	THỜI GIAN DÀNH CHO CẢM ƠN	Công việc
mười bốn	14	Cuộc sống thường nhật
tôi xin lỗi tôi có một chút khó khăn trong việc hiểu giọng nói của bạn	XIN LỖI GIỌNG CỦA BẠN HIỂU KHÓ MỘT CHÚT	Mối quan hệ
gọi điện thoại nhé	ĐIỆN THOẠI GỌI	Cuộc sống thường nhật
anh sẽ sớm quay lại thôi	ANH QUAY LẠI SỚM SẼ	Mối quan hệ
bạn đang đi du lịch ở mỹ	BẠN MỸ DU LỊCH ĐI ĐÚNG KHÔNG	Mối quan hệ
cô ấy học tiếng anh	CÔ ẤY HỌC TIẾNG ANH	Văn hóa và Giáo dục
bố nhìn thấy một chiếc áo khoác rất đẹp trong gói hàng	BỐ THẤY CHIẾC ÁO KHOÁC ĐẸP GÓI HÀNG TRONG	Mối quan hệ
hãy bình tĩnh thời gian cho điệu nhảy chậm là phần giữa của bữa tiệc	BÌNH TĨNH PHẦN KHIÊU VŨ CHẬM GIỮA BUỔI TIỆC THƯỜNG	Mối quan hệ
chuyến bay 516 thì sao	CHUYẾN BAY 516 THÌ SAO	Du lịch
tôi nghĩ bạn cần một con thú cưng	TÔI NGHĨ BẠN THÚ CƯNG MỘT CẦN	Cuộc sống thường nhật
cô bé dỗi mẹ vì không được mua cho món đồ chơi yêu thích	CÔ BÉ MẸ DỖI VÌ MÓN ĐỒ CHƠI YÊU THÍCH MUA KHÔNG ĐƯỢC	Thái độ và Cảm xúc
gà nướng của bà đây thưa bà	BÀ GÀ NƯỚNG ĐÂY Ạ	Cuộc sống thường nhật
vâng tôi có tôi có một cuộc hẹn lúc 10 giờ sáng nay với cô ấy	TÔI CÓ TÔI MỘT CUỘC HẸN LÚC 10 GIỜ SÁNG NAY VỚI CÔ ẤY CÓ	Công việc
các bạn đều giống nhau	CÁC BẠN GIỐNG NHAU	Thái độ và Cảm xúc
bạn ở đâu	BẠN Ở ĐÂU	Cuộc sống thường nhật
bạn sẽ nhận được một tăng lương phải không 	BẠN LƯƠNG TĂNG NHẬN ĐÚNG KHÔNG	Mối quan hệ
tôi có một bàn cho 4 người lúc 7 giờ	TÔI BÀN CHO NGƯỜI 4 GIỜ 7	Mối quan hệ
tôi nghĩ tôi biết nó ở đâu	TÔI NGHĨ BIẾT NÓ Ở ĐÂU	Cuộc sống học đường
có món mì họ phục vụ là một trong những món chính thống nhất	CÓ MÓN MÌ PHỤC VỤ MÓN ĂN CHÍNH THỐNG NHẤT	Cuộc sống thường nhật
tôi có thể kiểm tra cho bạn ngay bây giờ bạn có phiền giữ không	TÔI KIỂM TRA CHO BẠN BÂY GIỜ BẠN GIỮ PHIỀN KHÔNG	Công việc
vâng tôi muốn gặp quản lý đây là danh thiếp của tôi	TÔI QUẢN LÍ GẶP MUỐN DANH THIẾP CỦA TÔI ĐÂY	Công việc
bạn cảm thấy thế nào khi tốt nghiệp	BẠN CẢM THẤY THẾ NÀO KHI TỐT NGHIỆP	Mối quan hệ
trời nắng nhưng không quá nóng	TRỜI NẮNG NHƯNG NÓNG KHÔNG	Cuộc sống thường nhật
bạn muốn một số quà lưu niệm	BẠN QUÀ LƯU NIỆM MỘT SỐ MUỐN	Du lịch
chuyến tàu tiếp theo sẽ khởi hành lúc 20 o5	CHUYẾN TÀU TIẾP THEO KHỞI HÀNH LÚC 20 GIỜ 05	Du lịch
bạn lấy những quả trứng này từ trang trại	BẠN TRANG TRẠI NHỮNG QUẢ TRỨNG NÀY LẤY	Cuộc sống thường nhật
vâng nó phụ thuộc vào giá cả tất nhiên nó là gì	VÂNG GIÁ CẢ TÙY BAO NHIÊU TẤT NHIÊN CÒN	Du lịch
nhà văn hóa tổ chức nhiều hoạt động cho thiếu nhi	NHÀ VĂN HOÁ THIẾU NHI TỔ CHỨC HOẠT ĐỘNG NHIỀU	Văn hóa và Giáo dục
bạn nghĩ nó có thể là gì	BẠN NGHĨ NÓ CÓ THỂ GÌ	Cuộc sống thường nhật
bạn có thể cho tôi xin địa chỉ của cửa hàng đó không	BẠN CHO TÔI ĐỊA CHỈ CỬA HÀNG ĐÓ ĐƯỢC KHÔNG	Cuộc sống thường nhật
tôi chắc chắn được rồi bây giờ chúng ta hãy chuyển sang kinh nghiệm làm việc của bạn nhé	TÔI CHẮC CHẮN RỒI BÂY GIỜ CHÚNG TA KINH NGHIỆM LÀM VIỆC CỦA BẠN ĐỔI	Công việc
oh thực sự bạn ấy ổn chứ	CẬU ẤY ỔN KHÔNG	Mối quan hệ
tôi luôn tự hỏi vì sao bầu trời lại có màu xanh	TÔI TỰ HỎI BẦU TRỜI MÀU XANH LUÔN CÓ VÌ SAO	Cuộc sống thường nhật
hãy cho tôi biết một cái gì đó về mục tiêu của bạn	CHO TÔI BIẾT MỤC TIÊU CỦA BẠN GÌ	Công việc
tôi nghe nói anh đã tìm được việc làm mới	TÔI NGHE BẠN VIỆC LÀM MỚI TÌM ĐƯỢC	Mối quan hệ
bạn đã trở lại rồi đó chắc chắn là nhanh chóng	VỀ RỒI NHANH	Mối quan hệ
tôi rảnh vào chiều thứ ba từ 2 giờ đến 4 giờ chiều có thuận tiện cho bạn không	CHIỀU THỨ BA 2 GIỜ ĐẾN 4 GIỜ TÔI RẢNH BẠN THUẬN TIỆN CÓ KHÔNG	Công việc
bạn đã hoàn thành	BẠN XONG CHƯA	Cuộc sống thường nhật
đây là dịch vụ phòng tôi có thể giúp gì cho bà	ĐÂY DỊCH VỤ PHÒNG TÔI GIÚP BÀ GÌ	Du lịch
con rạch nhỏ chảy quanh co sau làng tôi	CON KÊNH NHỎ LÀNG TÔI CHẢY QUANH CO	Cuộc sống thường nhật
thật đáng tiếc khi bạn phải rời đi sớm như vậy	BẠN RỜI ĐI SỚM THẾ TIẾC THẬT	Mối quan hệ
chúng ta cần một số thay đổi ở đất nước này	CHÚNG TA ĐẤT NƯỚC NÀY THAY ĐỔI MỘT VÀI CÓ CẦN	Chính trị
những cánh buồm trắng ngoài khơi trông thật yên bình	NGOÀI BIỂN NHỮNG CÁNH BUỒM TRẮNG NHÌN THẬT BÌNH YÊN	Du lịch
nghe hay đấy tôi muốn đi uống cà phê	NGHE HAY TÔI CÀ PHÊ UỐNG MUỐN	Công việc
nhìn những quả mơ kia kìa	NHÌN NHỮNG QUẢ MƠ KÌA	Cuộc sống thường nhật
xin chào tôi đã hy vọng được gặp bạn bạn khỏe không gia đình thế nào	CHÀO TÔI BẠN GẶP MONG BẠN KHỎE GIA ĐÌNH THẾ NÀO	Mối quan hệ
điều đó tốt chỉ cần chắc chắn để tắm cho họ sau này	TỐT ĐẤY NHỚ TẮM CHO TỤI NHỎ SAU ĐÓ NHÉ	Mối quan hệ
khoảng giờ ăn trưa là xong	KHOẢNG GIỜ TRƯA XONG	Cuộc sống thường nhật
mẹ dùng rau cải thảo để nấu món canh kim chi	MẸ RAU CẢI THẢO DÙNG CANH KIM CHI NẤU	Cuộc sống thường nhật
tôi không phải lúc nào cũng có thời gian để làm bữa sáng	TÔI THỜI GIAN KHÔNG CÓ ĐỂ LÀM BỮA SÁNG LUÔN LUÔN	Cuộc sống thường nhật
cảm ơn bạn vì có một buổi tối tốt đẹp	CẢM ƠN BẠN VÌ BUỔI TỐI TỐT ĐẸP CÓ	Cuộc sống thường nhật
người nghệ sĩ tỏa sáng rực rỡ trên sân khấu đêm qua	ĐÊM QUA TRÊN SÂU KHẤU NGƯỜI NGHỆ SĨ RỰC RỠ TOẢ SÁNG	Văn hóa và Giáo dục
bà có tính phí giao hàng không	BÀ GIAO HÀNG TIỀN CÓ KHÔNG	Cuộc sống thường nhật
à khó nói lắm tối nào tôi cũng ho nhiều	À NÓI KHÓ TỐI TÔI HO NHIỀU	Mối quan hệ
bạn có thích công việc mới của bạn không	BẠN CÔNG VIỆC MỚI CỦA BẠN THÍCH CÓ	Mối quan hệ
kiến thức tiếng anh của bạn thực sự đáng ngạc nhiên	TRÌNH ĐỘ TIẾNG ANH CỦA BẠN ĐÁNG NỂ	Thái độ và Cảm xúc
vị trọng tài đã đưa ra một quyết định rất công bằng	VỊ TRỌNG TÀI QUYẾT ĐỊNH ĐƯA RA ĐẾN CÔNG BẰNG	Công việc
chờ một chút tôi muốn chụp một số ảnh ở đây	CHỜ MỘT CHÚT TÔI HÌNH CHỤP VÀI TẤM MUỐN	Du lịch
bạn quan tâm đến thương hiệu nào	BẠN THƯƠNG HIỆU QUAN TÂM NÀO	Cuộc sống thường nhật
gia đình bạn có 3 người ba mẹ và bạn	GIA ĐÌNH CỦA BẠN NGƯỜI 3 BA MẸ BẠN	Cuộc sống thường nhật
bố ơi lạnh quá	BỐ ƠI LẠNH QUÁ	Cuộc sống thường nhật
còn cái ghế này thì sao	CÒN CÁI GHẾ NÀY THÌ SAO	Cuộc sống thường nhật
bạn ở ngay đây trạm xe buýt chúng tôi đang ở trung tâm thành phố	TRẠM XE BUÝT ĐẾN RỒI CHÚNG TA TRUNG TÂM THÀNH PHỐ ĐẾN RỒI	Cuộc sống thường nhật
không anh đến đúng giờ chúng tôi vẫn chưa bắt đầu	BẠN ĐẾN ĐÚNG GIỜ CHÚNG TÔI BẮT ĐẦU CHƯA VẪN	Mối quan hệ
tôi cảm thấy rất nóng	TÔI NÓNG	Sức khỏe
tại sao tôi không thể gọi ai đó để sửa nó hôm nay	HÔM NAY TÔI GỌI AI SỬA KHÔNG THỂ TẠI SAO	Cuộc sống thường nhật
tôi chưa bao giờ ăn ở đó	TÔI ĂN Ở ĐÓ CHƯA	Cuộc sống thường nhật
học võ tự vệ giúp bạn nâng cao sức khỏe và sự tự tin	VÕ TỰ VỆ BẠN HỌC GIÚP SỨC KHOẺ NÂNG CAO VÀ SỰ TỰ TIN	Sức khỏe
này bộ bài đâu rồi	BỘ BÀI ĐÂU	Cuộc sống thường nhật
tôi cứ tưởng hôm nay là chủ nhật nên đã ngủ nướng	TÔI TƯỞNG NGHĨ HÔM NAY CHỦ NHẬT NÊN NGỦ NƯỚNG	Cuộc sống thường nhật
mẹ tôi thích cắm hoa	MẸ TÔI HOA CẮM THÍCH	Cuộc sống học đường
đó không phải là nắng đó là ánh sáng	ĐÓ LÀ ÁNH SÁNG NẮNG KHÔNG PHẢI	Cuộc sống thường nhật
tôi tự hỏi nếu tôi có thể sử dụng xe đạp của bạn	TÔI TỰ HỎI NẾU TÔI SỬ DỤNG XE ĐẠP CỦA BẠN CÓ THỂ	Mối quan hệ
nhìn đống lá to kia kìa	NHÌN KÌA LÁ ĐỐNG TO	Cuộc sống thường nhật
chữ r là một phụ âm khó phát âm trong tiếng việt	TRONG TIẾNG VIỆT CHỮ R PHỤ ÂM PHÁT ÂM KHÓ	Văn hóa và Giáo dục
tha cho tôi đi ông yang	THA CHO TÔI	Công việc
bảy giờ được không tôi có thể mời cô ăn tối	7 GIỜ ĐƯỢC KHÔNG BẠN ĂN TỐI MỜI	Mối quan hệ
hoàn toàn đúng	ĐÚNG	Cuộc sống thường nhật
trẻ em rất háo hức tham gia lễ hội halloween 3110 hàng năm	TRẺ EM LỄ HỘI HALLOWEEN MA 31 10 HÀNG NĂM THAM GIA THÍCH	Văn hóa và Giáo dục
không sao đâu	KHÔNG SAO	Cuộc sống thường nhật
tôi chuyển từ trường khác đến	TÔI TRƯỜNG KHÁC CHUYỂN ĐẾN	Văn hóa và Giáo dục
cô bé mê say đọc cuốn truyện cổ tích mới mua hôm qua	CÔ BÉ CUỐN TRUYỆN CỔ TÍCH MUA HÔM QUA ĐỌC MÊ SAY THÍCH THÚ	Cuộc sống thường nhật
chúng tôi đã có một sự khác biệt về ý kiến	CHÚNG TÔI Ý KIẾN KHÁC NHAU	Mối quan hệ
tôi muốn có một cơ hội thăng tiến trong công việc	TÔI CƠ HỘI LÊN CHỨC TRONG CÔNG VIỆC CÓ MUỐN	Công việc
rất tốt bạn có muốn bất cứ điều gì khác	BẠN THÊM GÌ NỮA MUỐN KHÔNG	Cuộc sống thường nhật
cô ấy làm công việc phiên dịch cho một công ty nước ngoài	CÔ ẤY LÀM PHIÊN DỊCH CHO CÔNG TY NƯỚC NGOÀI	Công việc
cảm ơn rất nhiều hẹn gặp lại vào ngày mốt	CẢM ƠN RẤT NHIỀU HẸN GẶP LẠI VÀO NGÀY KIA	Cuộc sống thường nhật
vâng đó là một trò chơi rất đồng đều	ĐÓ TRẬN ĐẤU CÂN SỨC KHÁ VÂNG	Mối quan hệ
cậu bé thường đến một mình	CẬU BÉ ĐẾN MỘT MÌNH	Cuộc sống thường nhật
chúng ta có thể pha trộn các màu khác nhau để tạo thành sơn xanh lá cây	CHÚNG TA CÁC MÀU KHÁC NHAU TRỘN MÀU XANH LÁ TẠO THÀNH	Cuộc sống thường nhật
tôi đã mua một số kem dưỡng da không kê đơn	TÔI MUA KEM DƯỠNG DA MỘT SỐ	Sức khỏe
ok tôi sẽ đảm bảo bạn nhận được tin nhắn	OK TÔI CHẮC CHẮN CHUYỂN TIN NHẮN CHO BẠN	Cuộc sống thường nhật
cuối tuần của bạn vui chứ	CUỐI TUẦN CỦA BẠN VUI	Mối quan hệ
tôi đồng ý tôi sẽ tìm trên báo	TÔI ĐỒNG Ý TÌM BÁO	Cuộc sống thường nhật
giờ thì tôi sẽ đến muộn	BÂY GIỜ TÔI ĐẾN MUỘN SẼ	Thái độ và Cảm xúc
hm tôi nghĩ bạn bị cúm	TÔI BẠN CẢM BỊ NGHĨ ỪM RỒI ĐẤY	Sức khỏe
tôi nghe nói chỉ khoảng một trăm hai mươi đô la một tháng cho 8 buổi học	TÔI NGHE 1 THÁNG BUỔI HỌC 8 TIỀN 120 ĐÔ	Cuộc sống thường nhật
chiếc hộp này chứa đựng rất nhiều kỷ vật tuổi thơ tôi	CHIẾC HỘP NÀY KỈ VẬT TUỔI THƠ TÔI CHỨA ĐỰNG CÓ NHIỀU	Thái độ và Cảm xúc
chủ đề bài luận tuần này là bảo vệ môi trường	TUẦN NÀY CHỦ ĐỀ BÀI LUẬN LÀ BẢO VỆ MÔI TRƯỜNG	Cuộc sống học đường
bạn theo học nhà thờ nào	BẠN NHÀ THỜ NÀO HỌC	Mối quan hệ
hồ ba bể ở bắc kạn là một điểm đến du lịch nổi tiếng	HỒ BA BỂ BẮC KẠN LÀ ĐỊA ĐIỂM DU LỊCH NỔI TIẾNG	Du lịch
không ngạc nhiên	NGẠC NHIÊN KHÔNG	Công việc
đồng bằng sông cửu long là vựa lúa lớn nhất của cả nước	ĐỒNG BẰNG SÔNG CỬU LONG VỰA LÚA LỚN NHẤT CẢ NƯỚC	Du lịch
bạn có nói tiếng tây ban nha không	BẠN TIẾNG TÂY BAN NHA NÓI CÓ KHÔNG	Công việc
tôi thấy một bộ bát đũa cho bữa ăn trưa và một bộ cho bữa ăn tối	TÔI THẤY BÁT ĐŨA BỘ CHO BỮA TRƯA VÀ BỮA TỐI	Cuộc sống thường nhật
nhưng giao thông khá tệ	NHƯNG GIAO THÔNG TỆ	Mối quan hệ
tôi sẽ bỏ tất cả vào túi cho bạn	TÔI TẤT CẢ TÚI BỎ BẠN CHO	Cuộc sống thường nhật
chúng ta cần chăm chỉ học tập để có tương lai tốt	CHÚNG TA MUỐN TƯƠNG LAI TỐT HỌC CHĂM CHỈ CẦN	Cuộc sống học đường
rất tốt cảm ơn	RẤT TỐT CẢM ƠN	Du lịch
bé trai nhà hàng xóm rất ngoan và lễ phép	BÉ TRAI NHÀ HÀNG XÓM NGOAN VÀ LỄ PHÉP	Mối quan hệ
bức tường nhà tôi được sơn lại bằng màu xanh nhạt	NHÀ TÔI BỨC TƯỜNG MÀU XANH NHẠT SƠN LẠI	Cuộc sống thường nhật
thật sao bạn đã nghĩ gì	THẬT SAO BẠN NGHĨ GÌ	Mối quan hệ
tôi chưa bao giờ thử shopee nó có tốt hơn mua sắm tại một cửa hàng thực tế không	TÔI SHOPEE THỬ CHƯA NÓ MUA SẮM CỬA HÀNG THỰC TẾ TỐT HƠN CÓ KHÔNG	Cuộc sống thường nhật
nhiều hoạt động ý nghĩa diễn ra vào ngày người khuyết tật việt nam 184	NGÀY KHUYẾT TẬT VIỆT NAM 18 4 HOẠT ĐỘNG Ý NGHĨA CÓ NHIỀU	Văn hóa và Giáo dục
vâng tôi muốn xem hóa đơn oh tôi thấy bạn đã mua đồng hồ tuần trước	TÔI HÓA ĐƠN XEM Ồ TUẦN TRƯỚC BẠN ĐỒNG HỒ MUA	Du lịch
hả cái gì	GÌ HẢ	Công việc
không khí trong lành sạch sẽ	KHÔNG KHÍ TRONG LÀNH SẠCH SẼ	Cuộc sống thường nhật
chưa tôi sẽ lấy vào ngày mai	CHƯA NGÀY MAI TÔI LẤY	Công việc
bạn có thường xuyên đi xem phim không	BẠN XEM PHIM ĐI THƯỜNG XUYÊN CÓ KHÔNG	Mối quan hệ
nghe có vẻ hay đấy đi thôi	NGHE HAY ĐI THÔI	Thái độ và Cảm xúc
đó là tin tốt con rất vui cho bố	ĐÓ TIN TỨC TỐT CON VUI CHO BỐ	Thái độ và Cảm xúc
bạn có thể gọi trực tiếp nếu bạn thích	BẠN GỌI TRỰC TIẾP NẾU THÍCH CÓ THỂ	Du lịch
đây không phải là hộp quà	ĐÂY HỘP QUÀ KHÔNG PHẢI	Cuộc sống thường nhật
tôi có phải điền vào mẫu đơn khi làm thủ tục không	KHI THỦ TỤC LÀM TÔI MẪU ĐƠN ĐIỀN VÀO PHẢI KHÔNG	Du lịch
đây là phòng của bạn bạn nghĩ sao	ĐÂY PHÒNG CỦA BẠN BẠN NGHĨ THẾ NÀO	Du lịch
tôi chỉ cần xem một số id ví dụ như hộ chiếu	TÔI ID MỘT SỐ XEM CẦN VÍ DỤ VISA	Tài chính
cảng hải phòng là một trong những cảng biển lớn nhất nước	CẢNG HẢI PHÒNG CẢNG BIẾN LỚN NHẤT TRONG NƯỚC	Công việc
bạn không ghét chiến đấu với đám đông vào cuối tuần	CUỐI TUẦN BẠN ĐÁM ĐÔNG GHÉT KHÔNG	Mối quan hệ
tôi có kế hoạch trả nợ trong vòng 2 năm và lãi suất	VÒNG 2 NĂM TÔI KẾ HOẠCH TRẢ NỢ LÃI SUẤT	Tài chính
đây là lần đầu tiên tôi giặt quần áo ở đây	TÔI QUẦN ÁO GIẶT LẦN ĐẦU TIÊN	Cuộc sống thường nhật
tôi rất vui được chỉ cho bạn	TÔI RẤT VUI KHI CHỈ CHO BẠN	Thái độ và Cảm xúc
ở sông có cá tôm cua	CÁ TÔM CUA SÔNG CÓ	Cuộc sống thường nhật
mười lăm	15	Cuộc sống thường nhật
một vụ va chạm giao thông vừa xảy ra ở ngã tư	VỤ VA CHẠM GIAO THÔNG NGÃ TƯ 1 XẢY RA	Cuộc sống thường nhật
tôi nghĩ chắc chắn anh ấy sẽ ra ngoài chơi môn thể thao yêu thích của mình	TÔI NGHĨ ANH ẤY RA NGOÀI MÔN THỂ THAO YÊU THÍCH CỦA CHƠI	Cuộc sống thường nhật
xin lỗi tôi cần phải điền vào đơn thuốc này	TÔI ĐƠN THUỐC VIẾT VÀO CẦN	Sức khỏe
làm thế nào về một đậu phụ cay và rau xào	HAY LÀ GỌI MÓN ĐẬU PHỤ CAY VÀ RAU XÀO NHÉ	Mối quan hệ
xin chào bạn thế nào	CHÀO BẠN THẾ NÀO	Cuộc sống thường nhật
anh ấy đang trông chờ kết quả của buổi phỏng vấn hôm qua 	ANH ẤY TRÔNG CHỜ BUỔI PHỎNG VẤN KẾT QUẢ HÔM QUA	Công việc
bạn thích lắm	BẠN THÍCH	Cuộc sống thường nhật
bạn có quýt không tôi muốn có hai kg	BẠN CÓ QUÝT KHÔNG TÔI HAI KG CHO NHÉ	Cuộc sống thường nhật
dĩ nhiên là có phải không	DĨ NHIÊN CÓ ĐÚNG KHÔNG	Chính trị
tôi sẽ gửi cho ông li một số hoa còn bạn thì sao	TÔI ÔNG LI HOA GỬI CHO BẠN THẾ NÀO	Mối quan hệ
gia đình họ đông người chứ	GIA ĐÌNH CỦA HỌ NGƯỜI ĐÔNG	Mối quan hệ
nhưng bây giờ không còn hoa sen nữa	NHƯNG BÂY GIỜ HOA SEN CÒN KHÔNG	Mối quan hệ
nền văn hóa trung quốc có nhiều nét đặc sắc và bí ẩn	TRUNG QUỐC VĂN HOÁ NÉT ĐẶC SẮC BÍ MẬT CÓ NHIỀU	Văn hóa và Giáo dục
sẵn sàng đi	SẴN SÀNG ĐI	Cuộc sống thường nhật
nó ở đường số 7	NÓ ĐƯỜNG SỐ 7 Ở	Mối quan hệ
chú chó nhà tôi rất khôn biết trông nhà khi mọi người đi vắng	NHÀ TÔI CHÚ CHÓ KHÔN TRÔNG NHÀ BIẾT KHI MỌI NGƯỜI ĐI VẮNG	Cuộc sống thường nhật
tôi sẽ đi và xem 	TÔI XEM ĐI SẼ	Du lịch
ừm em chỉ muốn nghe thôi anh là chú rể mà sao anh không đi trước	ỪM EM NGHE MUỐN ANH CHÚ RỂ ANH ĐI TRƯỚC KHÔNG TẠI SAO	Cuộc sống thường nhật
tôi nghe nói đó là một bộ phim rất hay	TÔI NGHE PHIM ĐÓ HAY LẮM	Mối quan hệ
anh ấy đang tìm kiếm một việc làm mới phù hợp chuyên môn	ANH ẤY VIỆC LÀM MỚI 1 TÌM KIẾM CHUYÊN MÔN PHÙ HỢP	Công việc
bữa trưa hôm nay anh ăn gì	TRƯA NAY ANH ĂN GÌ	Cuộc sống thường nhật
ánh đèn đường bắt đầu chập chờn khi trời dần tối	ĐÈN ĐƯỜNG CHẬP CHỜN KHI TRỜI TỐI	Cuộc sống thường nhật
tôi chắc chắn tôi có thể nhận được một 95 thời gian này	TÔI LẦN NÀY MÌNH 95 ĐIỂM ĐẠT CÓ THỂ CHẮC	Cuộc sống học đường
nghe hay đấy bạn sẽ ăn món chính gì	NGHE HAY BẠN MÓN CHÍNH ĂN GÌ	Cuộc sống thường nhật
chúng ta có đủ thời gian không	CHÚNG TA THỜI GIAN ĐỦ KHÔNG	Mối quan hệ
căn hộ ở thành phố này có đắt không	THÀNH PHỐ NÀY CĂN HỘ ĐẮT KHÔNG	Cuộc sống thường nhật
bạn có đi cùng ai khác không	BẠN CÙNG AI KHÁC ĐI CÓ KHÔNG	Chính trị
cô giáo yêu cầu học sinh giơ tay khi muốn phát biểu	CÔ GIÁO YÊU CẦU HỌC SINH PHÁT BIỂU GIƠ TAY	Cuộc sống học đường
tôi sẽ mua một cái tuyệt vời phải không	TÔI MUA 1 TUYỆT VỜI PHẢI KHÔNG	Mối quan hệ
có nhiều lựa chọn mua sắm trực tuyến không	LỰA CHỌN MUA SẮM TRỰC TUYẾN NHIỀU CÓ KHÔNG	Cuộc sống thường nhật
nó mềm	NÓ MỀM MẠI	Cuộc sống thường nhật
ai là cầu thủ bóng đá yêu thích của bạn	CẦU THỦ BÓNG ĐÁ BẠN YÊU THÍCH AI	Mối quan hệ
bạn biết chúng tôi đang nhận được gì không	BẠN BIẾT CHÚNG TÔI NHẬN ĐƯỢC GÌ	Công việc
di chuyển con trỏ chuột đến biểu tượng bạn muốn mở	MÁY TÍNH CON CHUỘT DI CHUYỂN ĐẾN BIỂU TƯỢNG BẠN MUỐN	Công việc
tất nhiên tôi đã rất thích nó tôi đã gặp những người bạn cũ và kết bạn mới	TẤT NHIÊN RỒI TÔI THÍCH RẤT NHIỀU BẠN CŨ GẶP LẠI VÀ BẠN MỚI LÀM QUEN THÊM	Công việc
bạn đi đâu vậy	BẠN ĐI ĐÂU	Cuộc sống thường nhật
khi nào	KHI NÀO	Công việc
chúng tôi có thể nhận được một số ý tưởng	CHÚNG TÔI Ý TƯỞNG 1 SỐ NHẬN ĐƯỢC CÓ THỂ	Cuộc sống thường nhật
chào bob ngày mai tôi không đi làm	CHÀO NGÀY MAI TÔI ĐI LÀM KHÔNG	Công việc
bạn có biết nhiều về máy tính	BẠN MÁY TÍNH RÀNH KHÔNG	Mối quan hệ
thuyền trưởng ra lệnh thả cái neo để dừng con tàu lại	THUYỀN TRƯỞNG CÁI NEO LỆNH THẢ ĐỂ CON TÀU DỪNG LẠI	Du lịch
chúng ta có thể làm một cái gì đó co giãn	CHÚNG TA CÁI GÌ CO GIÃN LÀM CÓ THỂ	Cuộc sống thường nhật
bạn có thể điền vào nó	MẪU NÀY BẠN ĐIỀN	Sức khỏe
chiếc phao cứu sinh được ném xuống cho người bị nạn	CHIẾC PHAO CỨU SINH NÉM XUỐNG CHO NGƯỜI BỊ NẠN	Sức khỏe
vâng công việc bắt đầu lúc tám giờ và tôi về nhà sau sáu giờ	CÔNG VIỆC BẮT ĐẦU LÚC 8 GIỜ TÔI NHÀ VỀ SAU 6 GIỜ	Mối quan hệ
có làm gì cho bữa trưa không	ANH NẤU GÌ BỮA TRƯA KHÔNG	Mối quan hệ
hành động chen lấn khi xếp hàng là rất xấu	KHI XẾP HÀNG CHEN LẤN THỨ TỰ KHÔNG THEO LÀ RẤT XẤU	Thái độ và Cảm xúc
tại sao anh lại tử tế với hắn vậy	ANH SAO HẮN TA TỐT VỚI NHƯ VẬY	Mối quan hệ
xin vui lòng cho tôi xem hóa đơn của bạn một lần nữa	TÔI XEM LẠI HÓA ĐƠN CỦA BẠN MỘT LẦN NỮA	Cuộc sống thường nhật
hãy xem bây giờ cắt khoai tây thành khối nhỏ	KHOAI TÂY KHỐI NHỎ CẮT NHÉ	Cuộc sống thường nhật
uống đủ nước mỗi ngày rất tốt cho hoạt động của thận	MỖI NGÀY NƯỚC UỔNG ĐỦ TỐT CHO HOẠT ĐỘNG CỦA THẬN	Sức khỏe
hôm nay vậy là đủ rồi	HÔM NAY ĐỦ RỒI	Tài chính
vâng những cuốn sách đang ở trong hộp tôi có thể làm gì bây giờ	SÁCH MẤY CUỐN HỘP TRONG RỒI TÔI LÀM GÌ TIẾP VÂNG	Cuộc sống học đường
bạn thích mùa gì nhất	BẠN MÙA THÍCH NHẤT GÌ	Cuộc sống thường nhật
tôi sẽ đón bạn lúc 6 giờ 30 chiều tại khách sạn 	TẠI KHÁCH SẠN TÔI BẠN ĐÓN 6 GIỜ 30 CHIỀU	Mối quan hệ
tôi đã làm rồi	TÔI LÀM RỒI	Thái độ và Cảm xúc
tôi không biết mình muốn ăn gì	TÔI MUỐN ĂN GÌ CHƯA BIẾT	Cuộc sống thường nhật
chi phí cho chuyến đi này sẽ rơi vào trong khoảng mười triệu đồng	CHUYẾN ĐI NÀY CHI PHÍ KHOẢNG 10 TRIỆU ĐỒNG	Tài chính
bạn có muốn tôi đưa bạn đi không	BẠN TÔI ĐƯA ĐI MUỐN KHÔNG	Chính trị
bạn đang trễ mảnh cuối cùng đã được bán hết	BẠN ĐẾN MUỘN MÓN CUỐI CÙNG BÁN HẾT RỒI	Cuộc sống thường nhật
cổ động viên đốt pháo sáng ăn mừng chiến thắng của đội nhà	CỔ ĐỘNG VIÊN PHÁO SÁNG ĐỐT ĐỘI NHÀ ĂN MỪNG CHIẾN THẮNG	Cuộc sống thường nhật
tôi không biết ai	TÔI KHÔNG BIẾT AI VẬY	Mối quan hệ
môn đạo đức dạy chúng em những điều hay lẽ phải trong đời	MÔN ĐẠO ĐỨC DẠY CHÚNG EM NHỮNG ĐIỀU HAY LẼ PHẢI CỦA CUỘC SỐNG	Văn hóa và Giáo dục
mũi tên đồng cổ loa là một di vật lịch sử quý giá	MŨI TÊN ĐỒNG CỔ LOA LÀ DI VẬT LỊCH SỬ QUÝ GIÁ	Văn hóa và Giáo dục
10 giờ sáng đến 2 giờ chiều	SÁNG GIỜ 10 ĐẾN CHIỀU GIỜ 2	Tài chính
bố nghĩ họ sẽ cưới nhau chứ	BỐ NGHĨ HỌ CƯỚI NHAU SẼ	Mối quan hệ
trong số 123 số 3 thuộc về hàng đơn vị	TRONG SỐ 123 SỐ 3 HÀNG ĐƠN VỊ THUỘC VỀ	Cuộc sống học đường
bạn đã hoàn thành báo cáo về dự án chưa	BẠN DỰ ÁN BÁO CÁO HOÀN THÀNH CHƯA	Công việc
thỉnh thoảng	THỈNH THOẢNG	Mối quan hệ
bạn càng làm việc bạn càng kiếm được nhiều tiền	BẠN TIỀN NHIỀU KIẾM ĐƯỢC CÀNG LÀM CÀNG NHIỀU THÌ	Du lịch
chị ấy là người dẫn chương trình cho sự kiện tối nay	TỐI NAY CHỊ ẤY DẪN CHƯƠNG TRÌNH CHO SỰ KIỆN	Công việc
bạn nghe được những tin tức gì	BẠN TIN TỨC NGHE GÌ	Mối quan hệ
trong nhà bạn thương ai nhất	NHÀ BẠN THƯƠNG NHẤT AI	Mối quan hệ
chắc hẳn bạn có rất nhiều thứ hữu ích cho căn hộ mới của mình	CĂN HỘ CỦA BẠN NHỮNG THỨ HỮU ÍCH NHIỀU	Cuộc sống thường nhật
bố ơi con rất vui vì bố đã ra ngoài với chúng con	BỐ CON VUI BỐ RA NGOÀI CHƠI CHÚNG CON	Cuộc sống thường nhật
cô ơi cô muốn đi đâu	CÔ ƠI CÔ ĐI ĐÂU	Cuộc sống thường nhật
chúng ta nên đánh răng hai lần mỗi ngày để bảo vệ	CHÚNG TA RĂNG ĐÁNH NGÀY LẦN 2 BẢO VỆ	Sức khỏe
các bác nông dân đang khẩn trương gặt lúa trên cánh đồng vàng	CÁC BÁC NÔNG DÂN LÚA GẶT NHANH CHÓNG TRÊN CÁNH ĐỒNG VÀNG	Cuộc sống thường nhật
bạn dừng lại đúng lúc tốt cho bạn	BẠN DỪNG LẠI ĐÚNG LÚC ĐÓ GIỎI	Cuộc sống thường nhật
vâng tôi muốn xem nó	XEM MUỐN	Cuộc sống thường nhật
sau đó 50 quan cho món tráng miệng 500 quan tất cả cùng nhau	MÓN TRÁNG MIỆNG GIÁ 50 NGHÌN ĐỒNG TẤT CẢ CÙNG NHAU GIÁ 500 NGHÌN ĐỒNG	Cuộc sống thường nhật
tôi nghĩ chúng ta nên làm sàn trước khi làm rèm và tường	TÔI NGHĨ CHÚNG TA SÀN LÀM TRƯỚC RÈM TƯỜNG LÀM SAU	Cuộc sống thường nhật
này nhìn cái cây to này xem	NÀY CÂY TO NÀY NHÌN	Cuộc sống thường nhật
tôi thấy tôi có thể hỏi nhân dịp này là gì	TÔI THẤY LÚC NÀY HỎI GÌ	Cuộc sống thường nhật
cuối tuần này tôi sẽ thử lặn trên không	CUỐI TUẦN NÀY TÔI NHẢY DÙ THỬ ĐỊNH	Mối quan hệ
vâng sáng hôm sau	VÂNG SÁNG HÔM SAU VÀO	Chính trị
bé an thích ngồi trên ghế xích đu ngoài sân vườn	BÉ AN GHẾ XÍCH ĐU NGOÀI SÂN VƯỜN NGỒI THÍCH	Cuộc sống thường nhật
cô ấy chăm sóc tôi rất tốt	CÔ ẤY TÔI CHĂM SÓC RẤT TỐT	Cuộc sống thường nhật
bạn muốn có một con thú cưng	BẠN THÚ CƯNG MỘT MUỐN	Cuộc sống thường nhật
tôi ủng hộ maggie	TÔI MAGGIE ỦNG HỘ	Công việc
nó không phải là vấn đề lớn cảm ơn bạn	NÓ VẤN ĐỀ LỚN KHÔNG PHẢI BẠN CẢM ƠN	Cuộc sống thường nhật
chúng tôi sẽ thử một trong những đặc biệt của bạn thời gian này	LẦN NÀY CHÚNG TÔI MÓN ĐẶC BIỆT BẠN THỬ MỘT TRONG	Cuộc sống thường nhật
thật dễ dàng bạn chỉ cần tìm kiếm trên internet để có được thông tin bạn đang tìm	DỄ QUÁ BẠN TÌM KIẾM INTERNET CẦN THÔNG TIN TÌM CÓ	Mối quan hệ
không tôi đã không còn bạn nó có ngon không	KHÔNG TÔI KHÔNG BẠN NÓ NGON CÓ	Mối quan hệ
tôi không thể chờ để bỏ phiếu	TÔI BỎ PHIẾU CHỜ KHÔNG THỂ	Chính trị
món canh nấm này rất tốt cho sức khỏe của bạn	MÓN CANH NẤM NÀY TỐT CHO CHO SỨC KHOẺ CỦA BẠN	Sức khỏe
đây là tiền mặt cho anh	ĐÂY TIỀN CHO BẠN	Tài chính
vâng ngôn ngữ rất khó học nhưng nó rất thú vị	NGÔN NGỮ HỌC KHÓ NHƯNG NÓ THÚ VỊ	Văn hóa và Giáo dục
tôi xin lỗi khi nghe điều đó xin vui lòng cho tôi biết vấn đề chính xác	TÔI XIN LỖI KHI NGHE ĐIỀU ĐÓ CHO TÔI BIẾT VẤN ĐỀ CHÍNH XÁC	Du lịch
tôi sẽ đến trường đúng giờ đừng lo	TÔI ĐẾN TRƯỜNG GIỜ ĐÚNG LO LẮNG ĐỪNG	Cuộc sống thường nhật
thành phố trồng thêm nhiều cây xanh để không khí trong lành	THÀNH PHỐ CÂY XANH TRỒNG THÊM NHIỀU ĐỂ KHÔNG KHÍ TRONG LÀNH	Cuộc sống thường nhật
cá sấu là một loài động vật bò sát rất nguy hiểm	CÁ SẤU LOÀI ĐỘNG VẬT BÒ SÁT 1 NGUY HIỂM	Văn hóa và Giáo dục
tôi đã tự hỏi nếu bạn cần bất kỳ sự giúp đỡ về dự án mới của bạn	DỰ ÁN MỚI TÔI GIÚP BẠN CẦN KHÔNG	Công việc
cửa an ninh rất chắc chắn đến nỗi không ai có thể đột nhập vào	CỬA KIỂM TRA CHẮC CHẮN AI ĐỘT NHẬP VÀO KHÔNG THỂ	Cuộc sống thường nhật
cà phê dưới phố thì sao	CÀ PHÊ QUÁN DƯỚI PHỐ UỐNG ĐƯỢC KHÔNG	Mối quan hệ
tôi sẽ mang một số hộp để đi cho bạn	TÔI HỘP VÀI GÓI MANG VỀ BẠN CHO	Cuộc sống thường nhật
phố đi bộ đường nguyễn huệ luôn đông đúc vào cuối tuần	ĐƯỜNG NGUYỄN HUỆ PHỐ ĐI BỘ ĐÔNG ĐÚC LUÔN LUÔN VÀO CUỐI TUẦN	Du lịch
được rồi tôi đã sẵn sàng	OK TÔI SẴN SÀNG	Cuộc sống thường nhật
có lẽ đó là những gì tôi sẽ làm cảm ơn rất nhiều	TÔI LÀM THẾ CÓ THỂ CẢM ƠN NHIỀU	Cuộc sống thường nhật
tôi không thích màu cam hồng	TÔI MÀU CAM MÀU HỒNG KHÔNG THÍCH	Cuộc sống thường nhật
anh ấy ném phi tiêu rất chính xác vào hồng tâm	ANH ẤY PHI TIÊU MŨI TÊN NÉM CHÍNH XÁC VÀO HỒNG TÂM VỊ TRÍ	Cuộc sống thường nhật
em bé nhà tôi đã bắt đầu mọc tóc sau vài tháng	SAU VÀI THÁNG EM BÉ NHÀ TÔI TÓC MỌC BẮT ĐẦU	Sức khỏe
cám ơn bạn tôi sẽ lấy số 13	CẢM ƠN BẠN TÔI SỐ 13 LẤY	Cuộc sống thường nhật
lòng dũng cảm là một đặc điểm nổi bật của người anh hùng	NGƯỜI ANH HÙNG LÒNG DŨNG CẢM ĐẶC ĐIỂM 1 NỔI BẬT	Thái độ và Cảm xúc
đây là bạn anh ấy greg	ĐÂY BẠN CỦA ANH ẤY GREG	Cuộc sống thường nhật
cô ấy sử dụng thành thạo ba ngoại ngữ trong công việc	CÔ ẤY NGOẠI NGỮ 3 SỬ DỤNG THÀNH THẠO TỐT TRONG CÔNG VIỆC	Công việc
chúng ta cần cho con bé một vài gợi ý	CHÚNG TA CON BÉ GỢI Ý CHO	Cuộc sống thường nhật
đó là một ý tưởng tốt bạn có nhiều kinh nghiệm trong ngành du lịch phải không	BẠN NGÀNH DU LỊCH KINH NGHIỆM NHIỀU ĐÚNG KHÔNG Ý HAY	Công việc
thầy giáo dùng viên phấn trắng viết bài lên bảng đen	THẦY GIÁO VIÊN PHẤN DÙNG BÀI HỌC VIẾT LÊN BẢNG ĐEN	Cuộc sống học đường
đó là tất cả	XONG RỒI	Cuộc sống học đường
tôi đoán lần tới anh phải nghĩ lại	ANH LẦN SAU CÂN NHẮC KỸ HƠN NÊN TÔI NGHĨ	Mối quan hệ
cô ấy dùng phấn trang điểm để che đi khuyết điểm trên mặt	CÔ ẤY PHẤN TRANG ĐIỂM KHUYẾT ĐIỂM MẶT CHE DÙNG	Cuộc sống thường nhật
học sinh học về tính chất giao hoán của phép cộng	HỌC SINH TÍNH CHẤT GIAO HOÁN CỦA PHÉP CỘNG HỌC	Cuộc sống học đường
vâng tôi muốn một món súp ý để bắt đầu và sau đó một số mì chiên	TÔI SÚP Ý ĂN TRƯỚC MUỐN MÌ CHIÊN SAU	Cuộc sống thường nhật
nó là một bữa ăn trưa đặc biệt	TRƯA BỮA ĂN ĐẶC BIỆT	Cuộc sống thường nhật
nước ép từ quả chanh rất giàu vitamin c và tốt cho sức khỏe	QUẢ CHANH NƯỚC ÉP VITAMIN C CÓ NHIỀU VÀ SỨC KHOẺ TỐT	Sức khỏe
chính phủ cần đảm bảo an ninh lương thực cho toàn dân	CHÍNH PHỦ AN NINH LƯƠNG THỰC ĐẢM BẢO CHO TOÀN DÂN	Chính trị
anh ấy là một người dám nghĩ dám làm và rất quyết đoán	ANH ẤY 1 NGƯỜI DÁM NGHĨ DÁM LÀM QUYẾT ĐOÁN	Thái độ và Cảm xúc
có nhưng bạn có yêu tôi không	CÓ NHƯNG BẠN YÊU TÔI CÓ KHÔNG	Mối quan hệ
sao bạn lại hỏi tôi về bạn trai tôi	BẠN HỎI BẠN TRAI CỦA TÔI TẠI SAO	Mối quan hệ
được rồi thưa bà cần giúp đỡ với hành lý của bạn	BÀ HÀNH LÝ MANG GIÚP TÔI CẦN KHÔNG	Cuộc sống thường nhật
số chín được coi là con số may mắn ở nhiều nơi	SỐ 9 CON SỐ MAY MẮN Ở NHIỀU NƠI	Văn hóa và Giáo dục
ông còn muốn gì nữa không	BẠN MUỐN THÊM GÌ	Cuộc sống thường nhật
công ty đã đạt được những thành tựu to lớn trong năm qua	NĂM QUA CÔNG TY THÀNH TỰU TO LỚN ĐẠT ĐƯỢC	Công việc
bạn có thể nhìn thấy nó vào ngày mai	NGÀY MAI BẠN NÓ NHÌN THẤY CÓ THỂ	Mối quan hệ
tên của bạn đánh vần như thế nào	TÊN CỦA BẠN ĐÁNH VẦN NHƯ THẾ NÀO	Du lịch
tôi rất muốn thử nó nhưng thiết bị đắt tiền và vẫn phải thực hành rất nhiều	TÔI THIẾT BỊ THỬ MUỐN NHƯNG ĐẮT LUYỆN TẬP CẦN	Mối quan hệ
tôi có thể giữ sổ sách trong bao lâu	TÔI SỔ SÁCH GIỮ LÂU BAO NHIÊU	Cuộc sống học đường
tôi rất vui được giúp bạn có chuyện gì vậy	TÔI GIÚP BẠN VUI GÌ	Cuộc sống thường nhật
vâng thưa ngài làm thế nào tôi có thể phục vụ	TÔI PHỤC VỤ LÀM THẾ NÀO	Cuộc sống thường nhật
xin chào tôi có thể đặt phòng không	TÔI PHÒNG ĐẶT CÓ THỂ XIN CHÀO KHÔNG	Cuộc sống thường nhật
vâng một ly cà phê sẽ được tốt đẹp cảm ơn bạn	MỘT LY CÀ PHÊ TUYỆT CẢM ƠN	Công việc
đó là một cơ hội tuyệt vời để làm việc bên ngoài	CƠ HỘI TUYỆT VỜI LÀM VIỆC BÊN NGOÀI	Công việc
kỷ niệm 10 năm ngày cưới của chúng tôi	CHÚNG TÔI KỶ NIỆM CƯỚI 10 NĂM	Du lịch
tôi còn rất nhiều việc giấy tờ phải làm tôi chậm tiến độ	TÔI VIỆC GIẤY TỜ RẤT NHIỀU LÀM PHẢI TÔI CHẬM RỒI	Mối quan hệ
vâng nhưng tôi cách này tốt nhất	TÔI NGHĨ CÁCH NÀY TỐT NHẤT	Mối quan hệ
đó là một ngày đáng yêu phải không	ĐÓ LÀ NGÀY ĐÁNG YÊU PHẢI KHÔNG	Mối quan hệ
bức tranh phong cảnh làng quê được trưng bày ở triển lãm	Ở TRIỂN LÃM BỨC TRANH PHONG CẢNH LÀNG QUÊ TRƯNG BÀY ĐƯỢC	Văn hóa và Giáo dục
chú bé đang tập thổi kèn trong ban nhạc của trường học	CHÚ BÉ KÈN TẬP THỔI TRONG TRƯỜNG HỌC BAN NHẠC	Cuộc sống học đường
chúng em học về cấu tạo tế bào trong môn sinh học	CHÚNG EM MÔN SINH HỌC CẤU TẠO CẤU TRÚC TẾ BÀO HỌC	Cuộc sống học đường
bạn có cái gì để đọc không	BẠN ĐỌC CÓ GÌ	Cuộc sống thường nhật
nhanh lên	NHANH LÊN	Thái độ và Cảm xúc
nhiệm vụ mới của tôi là gì	NHIỆM VỤ MỚI CỦA TÔI GÌ	Công việc
hành động vứt rác bừa bãi ngoài đường thật vô ý thức	NGOÀI ĐƯỜNG VỨT RÁC BỪA BÃI LÀ VÔ Ý THỨC	Thái độ và Cảm xúc
vâng đúng vậy bạn có một trí nhớ tốt	VÂNG ĐÚNG BẠN TRÍ NHỚ TỐT	Mối quan hệ
xin vui lòng điền vào mẫu đầu tiên	MẪU ĐẦU TIÊN VIẾT VÀO	Du lịch
bạn muốn đăng ký lớp học nào	BẠN LỚP HỌC ĐĂNG KÍ NÀO	Cuộc sống thường nhật
đúng con và bạn con đã đi bộ đường dài trong một khu rừng quốc gia rất hoang dã	ĐÚNG CON BẠN CỦA CON ĐƯỜNG DÀI ĐI BỘ KHU RỪNG QUỐC GIA HOANG DÃ TRONG	Mối quan hệ
anh cũng nhớ em	TÔI BẠN NHỚ CŨNG	Mối quan hệ
tôi thích làm ra các món ăn có trái cây	TÔI CÁC MÓN ĂN TRÁI CÂY CÓ LÀM THÍCH	Cuộc sống thường nhật
con số lợi nhuận của công ty tăng trưởng ấn tượng	CON SỐ LỢI NHUẬN DOANH THU TIỀN LÃI CÔNG TY CỦA TĂNG TRƯỞNG TĂNG LÊN ẤN TƯỢNG	Tài chính
tôi nghĩ rằng có ai đó ở cửa	TÔI NGHĨ AI ĐÓ Ở CỬA CÓ	Mối quan hệ
chúng ở khắp mọi nơi rồi	CHÚNG KHẮP NƠI	Cuộc sống thường nhật
tôi rất tiếc khi nghe điều đó tôi sẽ phải kiểm tra bạn	TÔI TIẾC KHI NGHE TÔI BẠN KIỂM TRA PHẢI	Sức khỏe
sau buổi leo núi tôi bị đau chân và đi lại rất khó khăn	BUỔI LEO NÚI SAU TÔI ĐAU CHÂN ĐI LẠI KHÓ KHĂN	Sức khỏe
bạn có đang vội không	BẠN VỘI CÓ KHÔNG	Mối quan hệ
em muốn xem tự truyện của nelson mandela	EM TỰ TRUYỆN CỦA NELSON MANDELA XEM MUỐN	Cuộc sống học đường
tôi không phiền nếu bạn muốn	NẾU BẠN MUỐN TÔI PHIỀN KHÔNG	Thái độ và Cảm xúc
trận sóng thần đã gây ra thiệt hại nặng nề	TRẬN SÓNG THẦN THIỆT HẠI GÂY RA NẶNG NỀ	Du lịch
vâng bạn sẽ làm được sau khi kiểm tra	BẠN LÀM ĐƯỢC	Công việc
bob bạn đang nghĩ gì vậy	CẬU NGHĨ GÌ VẬY	Mối quan hệ
sợi dây này dài đúng một đềcamét theo tiêu chuẩn đo lường	SỢI DÂY NÀY DÀI ĐÚNG 1 DAM THEO ĐO LƯỜNG	Văn hóa và Giáo dục
họ đang đưa con đến trường	HỌ CON ĐƯA TRƯỜNG ĐẾN	Cuộc sống học đường
tôi rất vui vì bạn tham gia buổi họp lớp kỷ niệm 10 năm tốt nghiệp cấp 3	TÔI VUI VÌ BẠN BUỔI HỌP LỚP KỶ NIỆM 10 NĂM TỐT NGHIỆP CẤP 3 THAM GIA	Cuộc sống thường nhật
tất nhiên là không thưa ngài	KHÔNG CHẮC CHẮN	Du lịch
tốt tôi sẽ ở đây cho đến khi anh quay lại	TÔI Ở ĐÂY ĐẾN KHI BẠN QUAY LẠI	Mối quan hệ
chúng tôi đã chinh phục thành công con đèo hải vân hùng vĩ	CHÚNG TÔI CON ĐÈO HẢI VÂN HÙNG VĨ CHINH PHỤC THÀNH CÔNG	Du lịch
oh có rất nhiều người tốt tôi yêu spice girls họ thật tuyệt	RẤT NHIỀU NGƯỜI DỄ THƯƠNG TÔI NHÓM SPICE GIRLS THÍCH HỌ TUYỆT	Mối quan hệ
vậy bạn bạn có bộ phim hài yêu thích nào không	BẠN BỘ PHIM HÀI YÊU THÍCH NÀO	Mối quan hệ
vâng tôi rất vui khi có cơ hội	VÂNG TÔI CƠ HỘI NÀY CÓ VUI	Cuộc sống học đường
nụ cười ngây thơ của đứa trẻ làm mọi người vui lây	ĐỨA TRẺ NỤ CƯỜI MỌI NGƯỜI VUI	Thái độ và Cảm xúc
hạn mức hành lý khác nhau tùy theo hạng vé của bạn bạn đang đi hạng nào	HẠN MỨC HÀNH LÝ KHÁC NHAU TÙY THEO HẠNG VÉ BẠN HẠNG NÀO	Du lịch
được thôi tôi sẽ lấy cho anh một cái	ĐƯỢC TÔI 1 CÁI LẤY CHO ANH	Cuộc sống thường nhật
bạn không thích sống với anh sao	BẠN SỐNG CÙNG ANH ẤY THÍCH KHÔNG	Cuộc sống thường nhật
chúng ta nên để lại bao nhiêu tiền cho một mẹo	CHÚNG TA TIỀN TIP ĐỂ LẠI BAO NHIÊU NHỈ	Mối quan hệ
tôi sẽ gọi trứng bác và bánh mì nướng còn bạn thì sao	TÔI ĐẶT TRỨNG CHIÊN BÁNH MÌ NƯỚNG CÒN BẠN THÌ SAO	Cuộc sống thường nhật
đó có phải là điều mọi người thường làm vào ngày tưởng niệm không	NGÀY KỶ NIỆM MỌI NGƯỜI LÀM THƯỜNG CÓ KHÔNG	Mối quan hệ
nghỉ ăn trưa thì sao bạn	NGHỈ ĂN TRƯA THÌ SAO	Công việc
khi nào bạn quyết định trở thành một người ăn chay	KHI NÀO BẠN QUYẾT ĐỊNH NGƯỜI ĂN CHAY TRỞ THÀNH	Mối quan hệ
thứ bảy cả ngày	THỨ 7 CẢ NGÀY	Cuộc sống thường nhật
chào mừng bạn sun	CHÀO MỪNG SUN	Công việc
xe ô tôcủa bạn màu gì 	XE Ô TÔ CỦA BẠN MÀU GÌ	Cuộc sống thường nhật
ồ đội bóng rổ của trường đại học số 1 à con biết họ là một đội mạnh mà	Ồ TRƯỜNG CAO ĐẲNG SỐ 1 ĐỘI BÓNG RỔ CỦA TÔI BIẾT HỌ ĐỘI MẠNH	Cuộc sống học đường
anh đã làm việc ở đó quá lâu với quá nhiều hy sinh anh chắc chắn xứng đáng với nó	ANH Ở ĐÓ LÂU LÀM NHIỀU HY SINH XỨNG ĐÁNG HOÀN TOÀN ANH	Công việc
mùa thi cử đang đến gần khiến các học sinh rất bận rộn	HỌC SINH BẬN RỘN VÌ MÙA THI ĐẾN GẦN	Cuộc sống học đường
tối nay tôi muốn làm bữa tối	TỐI NAY TÔI BỮA TỐI NẤU MUỐN	Cuộc sống thường nhật
bạn đã bao giờ mua sắm tại aeon mall chưa	BẠN AEON MALL MUA SẮM CHƯA	Cuộc sống thường nhật
bác sĩ khuyên tôi nên ăn ít đồ ngọt lại	BÁC SĨ TÔI KHUYÊN ĐỒ NGỌT ĂN ÍT LẠI	Sức khỏe
hoa đẹp quá	HOA ĐẸP QUÁ	Cuộc sống thường nhật
làm thế nào tôi có thể giúp bạn	TÔI GIÚP BẠN THẾ NÀO	Du lịch
vâng tôi khuyên bạn nên đến london nó thực sự quyến rũ	BẠN LONDON ĐẾN NÊN THÀNH PHỐ ĐÓ QUYẾN RŨ THẬT SỰ	Du lịch
bạn bao nhiêu tuổi	BẠN TUỔI MẤY	Cuộc sống thường nhật
cô giáo dạy chúng em công thức tính diện tích của hình chữ nhật	CÔ GIÁO DẠY CHÚNG EM CÔNG THỨC DIỆN TÍCH HÌNH CHỮ NHẬT	Cuộc sống học đường
tại sao bạn không thử chiếc áo phông khác tôi nghĩ rằng nó sẽ trông đẹp trên bạn	BẠN ÁO PHÔNG KHÁC THỬ SAO KHÔNG TÔI NGHĨ NÓ HỢP VỚI BẠN HƠN ĐẤY SẼ	Cuộc sống thường nhật
brian dạo này anh thế nào	DẠO NÀY BẠN THẾ NÀO	Mối quan hệ
cắm trại là gì	CẮM TRẠI GÌ	Du lịch
chúng ta phải cần có thời gian để đọc báo cáo	CHÚNG TA THỜI GIAN ĐỌC BÁO CÁO CẦN	Công việc
bây giờ lấy ống hút	BÂY GIỜ ỐNG HÚT LẤY	Cuộc sống thường nhật
vườn nhà bà ngoại trồng rất nhiều loại cây ăn quả	NHÀ BÀ NGOẠI VƯỜN CÂY ĂN QUẢ TRỒNG NHIỀU	Cuộc sống thường nhật
vào đi	VÀO ĐI	Cuộc sống thường nhật
tôi biết họ	TÔI HỌ BIẾT	Cuộc sống thường nhật
tôi sẽ lấy nó cho anh ngay bây giờ	TÔI NÓ LẤY CHO ANH NGAY BÂY GIỜ	Cuộc sống thường nhật
có quá muộn không nếu tôi gọi vào khoảng 10 giờ tối nay	TỐI NAY GIỜ 10 TÔI GỌI MUỘN CÓ	Cuộc sống thường nhật
đó là một khu vườn riêng	KHU VƯỜN RIÊNG ĐÓ	Cuộc sống thường nhật
bạn có thể hiểu giáo viên tiếng tây ban nha của bạn	ANH THẦY DẠY TIẾNG TÂY BAN NHA MÌNH HIỂU CÓ KHÔNG	Cuộc sống học đường
chúng ta sẽ đến công viên quốc gia	CHÚNG TA CÔNG VIÊN QUỐC GIA ĐI	Du lịch
tôi phải đi đâu để lấy lá phiếu của tôi	TÔI ĐẾN ĐÂU NHẬN LÁ PHIẾU MÌNH	Chính trị
chào buổi sáng mary	SÁNG CHÀO MARY	Mối quan hệ
để tôi lấy ví ra	TÔI VÍ LẤY RA	Du lịch
để tôi đo nhiệt độ của bạn bằng nhiệt kế nhé	TÔI NHIỆT ĐỘ CỦA BẠN ĐO BẰNG NHIỆT KẾ	Cuộc sống học đường
anh ấy dùng máy ảnh ghi lại những khoảnh khắc đẹp	ANH ẤY MÁY ẢNH KHOẢNH KHẮC HÌNH ẢNH ĐẸP CHỤP LẠI	Du lịch
vâng màu nâu	VÂNG MÀU NÂU	Cuộc sống thường nhật
gia đình tôi đã sinh sống ở thành phố này từ rất lâu	GIA ĐÌNH TÔI THÀNH PHỐ NÀY SINH SỐNG RẤT LÂU	Cuộc sống thường nhật
giờ ra chơi sân trường rộn rã tiếng cười nói của học sinh	GIỜ RA CHƠI SÂN TRƯỜNG TIẾNG CƯỜI NÓI HỌC SINH RỘN RÀNG	Cuộc sống học đường
tôi khuyên bạn lấy cuốn sách này nó rất thú vị	TÔI BẠN LẤY CUỐN SÁCH NÀY KHUYÊN NÓ RẤT THÚ VỊ	Cuộc sống thường nhật
bất cứ lúc nào sau 6 giờ là tốt cho tôi oh tôi trễ tôi có một lớp học	SAU 6 GIỜ BẤT CỨ LÚC NÀO ĐƯỢC TÔI LỚP HỌC CÒN TRỄ RỒI	Mối quan hệ
bạn có thể cho tôi biết tôi còn nợ bao nhiêu không	TÔI NỢ CÒN BAO NHIÊU BẠN CHO TÔI BIẾT	Tài chính
bạn có chương trình đào tạo hoặc kế hoạch cho nhân viên	BẠN CHƯƠNG TRÌNH ĐÀO TẠO HOẶC KẾ HOẠCH CHO NHÂN VIÊN CÓ	Công việc
bao giờ thì chuyến tàu của chúng ta sẽ khởi hành	CHÚNG TA CHUYẾN TÀU KHỞI HÀNH GIỜ MẤY	Cuộc sống thường nhật
cái kia màu đỏ	CÁI KIA MÀU ĐỎ	Cuộc sống thường nhật
tôi sẽ ghi nhớ điều đó mọi thứ trên bàn có thuộc về tôi không	TÔI GHI NHỚ MỌI THỨ BÀN THUỘC VỀ TÔI CÓ KHÔNG	Mối quan hệ
viết tên và địa chỉ của bạn cho tôi chìa khóa và tôi sẽ kiểm tra xem nó ra	BẠN TÊN ĐỊA CHỈ GHI CHÌA KHÓA ĐƯA TÔI KIỂM TRA	Cuộc sống thường nhật
còn hồ sơ học tập của bạn ở trường đại học thì sao	CÒN HỒ SƠ HỌC TẬP CỦA BẠN TRƯỜNG ĐẠI HỌC THÌ SAO	Công việc
tôi hy vọng bạn sẽ sẵn sàng để động não với tôi cho các ý tưởng bên	HY VỌNG BẠN SẴN SÀNG TÔI CÙNG ĐỘNG NÃO CÁC Ý TƯỞNG	Mối quan hệ
cánh đồng lúa chín vàng trải dài đến tận chân trời	CÁNH ĐỒNG LÚA CHÍN VÀNG TRẢI DÀI ĐẾN CHÂN TRỜI	Cuộc sống thường nhật
cây lúa có bộ rễ chùm giúp bám đất rất tốt	CÂY LÚA BỘ RỄ CHÙM BÁM ĐẤT TỐT	Cuộc sống học đường
được rồi đây là một cái mới cho bạn	ĐÂY CÁI MỚI TÔI CHO BẠN	Cuộc sống thường nhật
tôi xin lỗi thưa bà ở đây có giới hạn tốc độ	XIN LỖI Ở ĐÂY TỐC ĐỘ GIỚI HẠN	Cuộc sống thường nhật
đúng vậy tuần sau anh sẽ đi	TUẦN SAU ANH ẤY ĐI SẼ	Tài chính
à tôi thích chơi violin	TÔI CHƠI VIOLIN THÍCH	Mối quan hệ
chị dâu tôi là một người phụ nữ rất hiền lành và đảm đang	CHỊ DÂU TÔI HIỀN LÀNH ĐẢM ĐANG	Mối quan hệ
internet đã kết nối mọi người trên khắp thế giới lại với nhau	INTERNET MỌI NGƯỜI KẾT NỐI TRÊN KHẮP THẾ GIỚI	Cuộc sống thường nhật
bạn sẽ đến thăm cô ấy và em bé chứ	BẠN CÔ ẤY ĐỨA TRẺ ĐẾN THĂM CÓ KHÔNG	Mối quan hệ
mấy giờ nó đi	NÓ ĐI MẤY GIỜ	Du lịch
vận động viên phải phẫu thuật chân sau một chấn thương nghiêm trọng	VẬN ĐỘNG VIÊN CHÂN SAU PHẪU THUẬT PHẢI SAU CHẤN THƯƠNG NẶNG	Sức khỏe
tôi thích trái cây	TÔI TRÁI CÂY RẤT THÍCH	Cuộc sống thường nhật
bạn đang ứng tuyển vào công việc gì	BẠN CÔNG VIỆC VÀO MUỐN GÌ	Mối quan hệ
tôi rất vui vì đã mua chiếc đồng hồ này	TÔI RẤT VUI MUA ĐỒNG HỒ NÀY	Thái độ và Cảm xúc
vâng tôi đang vội vui lòng đi đường tắt	VÂNG TÔI ĐANG VỘI VUI LÒNG ĐƯỜNG TẮT ĐI	Cuộc sống thường nhật
đó là vì chất lượng tốt và thiết kế đẹp	VÌ CHẤT LƯỢNG TỐT THIẾT KẾ ĐẸP	Thái độ và Cảm xúc
tôi và bạn tôi đã chơi với nhau từ rất lâu	TÔI BẠN TÔI CHƠI CÙNG NHAU RẤT LÂU	Mối quan hệ
bà ấy yêu thương con nuôi như chính con đẻ của mình	BÀ ẤY CON NUÔI CON ĐẺ YÊU THƯƠNG GIỐNG NHAU	Mối quan hệ
tôi sẽ ra mở cửa	TÔI RA MỞ CỬA SẼ	Cuộc sống thường nhật
công ty đã tổ chức một buổi hội thảo về kỹ năng mềm	CÔNG TY TỔ CHỨC MỘT BUỔI HỘI THẢO KỸ NĂNG MỀM	Công việc
có lẽ điều đó sẽ làm việc	CÁCH ĐÓ HIỆU QUẢ CÓ LẼ	Cuộc sống học đường
gia đình tôi sẽ đi cắm trại ở ngoại ô vào cuối tuần này	GIA ĐÌNH TÔI CẮM TRẠI Ở NGOẠI Ô VÀO CUỐI TUẦN NÀY	Du lịch
bố em sẽ đến đây trong một phút nữa để giúp em vượt qua chuyện này với anh	BỐ EM ĐÂY ĐẾN NGAY EM CHUYỆN NÀY ANH GIÚP GIẢI QUYẾT	Cuộc sống thường nhật
tôi thích nghe các loại nhạc khác nhau	TÔI NHẠC NHIỀU THỂ LOẠI NGHE THÍCH	Mối quan hệ
tôi không thể có mặt ở đó vì chờ đợi lâu quá	TÔI Ở ĐÓ KHÔNG THỂ VÌ CHỜ ĐỢI LÂU QUÁ	Du lịch
vậy thì bao nhiêu bước	BƯỚC BAO NHIÊU	Cuộc sống thường nhật
xin lỗi tôi đến muộn tôi ngủ quên người quản lý hôm nay có ở đây không	XIN LỖI TÔI ĐẾN MUỘN NGỦ QUÊN HÔM NAY QUẢN LÝ ĐÂY CÓ KHÔNG	Công việc
gà salad là thực sự tốt	MÓN SALAD GÀ NGON LẮM	Cuộc sống thường nhật
bạn nên thể hiện tốt nhất về bản thân để đạt được thành công trong cuộc phỏng vấn	BẠN BẢN THÂN THỂ HIỆN TỐT NHẤT CẦN ĐỂ PHỎNG VẤN THÀNH CÔNG	Công việc
chỉ một ngày thôi	1 NGÀY	Du lịch
con gà ăn gì	CON GÀ ĂN GÌ	Cuộc sống thường nhật
tôi khỏe còn bạn thì sao	TÔI KHỎE BẠN THẾ NÀO	Cuộc sống học đường
ông có biết anh chàng đó không	ÔNG ANH CHÀNG ĐÓ BIẾT KHÔNG	Mối quan hệ
tôi thích mặc áo phông và quần jean vì sự thoải mái	TÔI ÁO PHÔNG QUẦN JEAN MẶC THÍCH VÌ SỰ THOẢI MÁI	Cuộc sống thường nhật
lễ bế giảng năm học đã diễn ra trong không khí trang trọng	BẾ GIẢNG NĂM HỌC NGHIÊM TÚC LỊCH SỰ	Cuộc sống học đường
hàng nghìn người đã đến tham dự lễ hội văn hóa này	NGƯỜI HÀNG NGHÌN LỄ HỘI VĂN HOÁ NÀY ĐẾN THAM DỰ ĐÃ	Văn hóa và Giáo dục
tôi dự định sẽ đi chợ sớm	TÔI ĐI CHỢ SỚM SẼ	Cuộc sống thường nhật
chúc mừng kỷ niệm ngày cưới em yêu	CHÚC MỪNG NGÀY CƯỚI KỈ NIỆM EM YÊU	Mối quan hệ
tôi có thói quen đọc sách khoảng ba mươi phút vào mỗi buổi tối hàng ngày	HÀNG NGÀY MỖI BUỐI TỐI TÔI SÁCH ĐỌC PHÚT 30 THÓI QUEN CÓ	Cuộc sống thường nhật
bát phở bò sẽ ngon hơn khi có thêm chút tương ớt	BÁT PHỞ BÒ TƯƠNG ỚT THÊM MỘT CHÚT NGON HƠN	Cuộc sống thường nhật
hôm nay đến phiên em làm trực nhật lau bảng và quét lớp	HÔM NAY EM ĐẾN LƯỢT LAU BẢNG VÀ QUÉT LỚP	Cuộc sống học đường
cô bạn thân của tôi vừa cắt một mái tóc ngắn cá tính	TÔI CÔ BẠN THÂN TÓC CẮT NGẮN CÁ TÍNH ĐỘC ĐÁO CẢM XÚC	Mối quan hệ
bởi vì mặt trời đang lặn	VÌ MẶT TRỜI ĐANG LẶN	Cuộc sống thường nhật
hình ảnh chiếc xe lam gợi nhớ về sài gòn xưa	HÌNH ẢNH CHIẾC XE LAM GỢI NHỚ VỀ SÀI GÒN XƯA	Văn hóa và Giáo dục
này bạn đã đăng ký lớp học chưa	NÀY BẠN LỚP HỌC ĐĂNG KÍ CHƯA	Cuộc sống học đường
bạn muốn ăn bánh kẹp thịt không	BẠN BÁNH KẸP THỊT ĂN MUỐN KHÔNG	Cuộc sống thường nhật
không chúng ta hãy đi vào thứ bảy	KHÔNG MÌNH THỨ BẢY VÀO ĐI	Cuộc sống thường nhật
tiếp theo sẽ thế nào	TIẾP THEO THẾ NÀO	Công việc
họ thật tốt bụng	HỌ TỐT BỤNG	Cuộc sống thường nhật
chúng ta sẽ có thời gian rảnh ở đó chứ	CHÚNG TA Ở ĐÓ THỜI GIAN RẢNH CÓ KHÔNG	Du lịch
có lẽ bạn không biết rằng bạn ấy yêu bạn từ lâu rồi	BẠN ẤY BẠN YÊU TỪ LÂU BẠN BIẾT KHÔNG	Mối quan hệ
sao tối qua bạn không gọi cho tôi	SAO TỐI QUA BẠN GỌI TÔI CHO KHÔNG	Cuộc sống thường nhật
lần này tôi sẽ thử rượu vang trung quốc	TÔI RƯỢU VANG TRUNG QUỐC THỬ	Cuộc sống thường nhật
tại sao bạn nói như vậy	BẠN NÓI NHƯ VẬY TẠI SAO	Mối quan hệ
có thể tôi sẽ đến	TÔI ĐẾN CÓ THỂ	Công việc
tôi không phải vip	TÔI VIP KHÔNG PHẢI	Mối quan hệ
nó bắt đầu dày lên rồi	NÓ BẮT ĐẦU DÀY LÊN	Cuộc sống thường nhật
vâng tốt tôi điền vào một chi tiết sau	TỐT TÔI VIẾT VÀO CHI TIẾT SAU	Cuộc sống thường nhật
bạn sẽ giải quyết vấn đề như thế nào	BẠN VẤN ĐỀ GIẢI QUYẾT NHƯ THẾ NÀO	Mối quan hệ
không vấn đề gì thưa ngài	KHÔNG SAO	Du lịch
bạn tôi viết chữ rất đẹp bằng tay trái của mình	BẠN TÔI CHỮ VIẾT ĐẸP BẰNG TAY TRÁI	Cuộc sống thường nhật
bạn sẽ nhận được một bản sao bất cứ lúc nào sớm	BẠN BẢN SAO SỚM NHẬN	Cuộc sống học đường
có cách nào chúng ta có thể tăng tốc nó lên	CHÚNG TA NÓ CHẠY NHANH LÊN LÀM THẾ NÀO	Tài chính
đây là sổ tiết kiệm của tôi được không	SỔ TIẾT KIỆM CỦA TÔI ĐÂY ĐƯỢC KHÔNG	Tài chính
được rồi tôi hứa chúng ta sẽ đến đó trong 20 phút nữa	ĐƯỢC 20 PHÚT TÔI HỨA CHÚNG TA ĐẾN	Cuộc sống thường nhật
bé học phép so sánh đơn giản 2 nhỏ hơn 5	BÉ PHÉP SO SÁNH 2 NHỎ HƠN 5 HỌC	Cuộc sống học đường
hôm nay các em đã học hành chăm chỉ phải không	HÔM NAY CÁC EM HỌC CHĂM CHỈ PHẢI KHÔNG	Mối quan hệ
ok làm thế nào về một số chả giò chiên và mực ống bóng da lợn và một ít bia	CHẢ GIÒ CHIÊN MỰC DA HEO GIÒN VÀI CHAI BIA ÍT GỌI THÊM ĐƯỢC THÔI NHÉ	Cuộc sống thường nhật
gọi điện thoại cho ông ấy được không	GỌI ĐIỆN THOẠI CHO ÔNG ẤY ĐƯỢC KHÔNG	Cuộc sống thường nhật
tốt bạn thực sự biết làm thế nào để tận hưởng chính mình	TỐT BẠN THƯ GIÃN BIẾT LÀM THẾ NÀO	Mối quan hệ
bố mẹ không cho tôi đi chơi khuya với bạn bè	BỐ MẸ TÔI VỚI BẠN ĐI CHƠI KHUYA CẤM	Mối quan hệ
ôi thật tệ bạn có thể đậu xe ở đâu quanh đây	BẠN ĐẬU XE GẦN ĐÂY Ở ĐÂU	Mối quan hệ
anh nói đúng chuyện đó không thể sai được	ANH NÓI ĐÚNG CHUYỆN ĐÓ SAI KHÔNG THỂ	Mối quan hệ
tôi sẽ cho bạn một câu trả lời chính xác càng sớm càng tốt	TÔI CÂU TRẢ LỜI CHÍNH XÁC CHO BẠN SỚM NHẤT	Công việc
vâng cảm ơn bạn rất nhiều tôi hy vọng tôi có thể tìm thấy nó	CẢM ƠN BẠN NHIỀU TÔI HY VỌNG NÓ TÌM THẤY CÓ THỂ	Cuộc sống thường nhật
vâng tôi biết đôi khi thị lực của tôi thực sự mờ	Ừ TÔI BIẾT DẠO NÀY MẮT TÔI BỊ MỜ HAY	Sức khỏe
thật sao thật tuyệt vời tôi biết rằng công ty của bạn có rất nhiều khách hàng ở pháp	CÔNG TY ANH KHÁCH HÀNG NHIỀU PHÁP TÔI BIẾT	Cuộc sống học đường
cây cối rất quan trọng	CÂY CỐI QUAN TRỌNG	Cuộc sống thường nhật
hút thuốc lá có hại nghiêm trọng cho sức khỏe của bạn	HÚT THUỐC LÁ SỨC KHOẺ CỦA BAN CÓ HẠI XẤU	Sức khỏe
bạn có thể chỉ cho tôi toa lét ở đâu không	NHÀ VỆ SINH Ở ĐÂU KHÔNG	Cuộc sống thường nhật
không có gì đây là nhiệm vụ của tôi còn gì nữa không	KHÔNG CÓ GÌ NHIỆM VỤ TÔI CÒN CẦN GÌ KHÔNG	Công việc
chủ tịch hồ chí minh kêu gọi toàn thể đồng bào đứng lên	CHỦ TỊCH HỒ CHÍ MINH KÊU GỌI TOÀN THỂ ĐỒNG BÀO ĐỨNG LÊN	Chính trị
tôi không chắc có lẽ khoảng 8 giờ tối	TÔI KHÔNG CHẮC KHOẢNG TÁM GIỜ TỐI	Mối quan hệ
tiếng con muỗi vo ve bên tai khiến tôi không ngủ được	TÔI NGỦ KHÔNG ĐƯỢC VÌ MUỖI KÊU NHIỀU	Cuộc sống thường nhật
ngôi nhà bao nhiêu tuổi rồi	NGÔI NHÀ TUỔI BAO NHIÊU	Cuộc sống thường nhật
bao nhiêu tiền	TIỀN BAO NHIÊU	Cuộc sống thường nhật
tôi cần mua ít trái cây	TÔI TRÁI CÂY ÍT MUA	Cuộc sống thường nhật
chúng ta đều bình đẳng ở cùng một vạch xuất phát	CHÚNG TA ĐỀU BÌNH ĐẲNG Ở CÙNG VẠCH XUẤT PHÁT 1	Thái độ và Cảm xúc
có bất kỳ hướng dẫn đặc biệt nào về thuốc này không	NÀY HƯỚNG DẪN DÙNG THUỐC ĐẶC BIỆT CÓ KHÔNG	Sức khỏe
chất lượng dịch vụ của nhà hàng này rất tuyệt vời	NHÀ HÀNG DỊCH VỤ CHẤT LƯỢNG TUYỆT VỜI	Du lịch
chúng ta có thể làm một số dây chuyền giấy	CHÚNG TA DÂY CHUYỀN GIẤY LÀM CÓ THỂ	Cuộc sống thường nhật
tại sao bạn không bỏ nó vào món salad	NÓ SALAD CHO VÀO KHÔNG TẠI SAO	Cuộc sống thường nhật
vâng và tôi nhìn nhiều hình ảnh	VÂNG TÔI HÌNH ẢNH NHIỀU XEM CÓ	Mối quan hệ
bạn chơi cho một đội nghiệp dư phải không	BẠN ĐÔI NGHIỆP DƯ CHƠI PHẢI	Mối quan hệ
anh ấy có ước mơ được du lịch vòng quanh trái đất	ANH ẤY MƠ ƯỚC DU LỊCH VÒNG QUANH TRÁI ĐẤT	Du lịch
chúng ta cần một cái muỗng	CHÚNG TA CÁI MUỖNG MỘT CẦN	Cuộc sống thường nhật
tôi cảm thấy mình đã học được rất nhiều từ thử thách đó	TÔI CẢM THẤY HỌC TỪ NHIỀU KHÓ KHĂN ĐÓ	Công việc
tôi cần tìm các tài liệu liên quan đến dự án sắp tới của mình	TÔI TÀI LIỆU DỰ ÁN SẮP TỚI CẦN TÌM	Công việc
tốt khóa học tiếp theo sẽ bắt đầu vào tuần tới	TỐT TUẦN TỚI KHÓA HỌC TIẾP THEO BẮT ĐẦU	Công việc
vâng họ vừa được gửi đến văn phòng của bạn bạn sẽ có chúng trong khoảng nửa giờ	HỌ VĂN PHÒNG BẠN GỬI ĐẾN VỪA RỒI BẠN NHẬN TRONG KHOẢNG NỬA TIẾNG NỮA SẼ VÂNG	Công việc
đối với bạn hạnh phúc thực sự là gì	BẠN HẠNH PHÚC THỰC SỰ LÀ GÌ	Thái độ và Cảm xúc
tôi muốn có một tấm thảm màu khác nhau	TÔI TẤM THẢM MÀU KHÁC MUỐN	Cuộc sống thường nhật
con có biết tối nay có gì không	TỐI NAY CÓ GÌ CON BIẾT KHÔNG	Mối quan hệ
bạn đang đọc gì vậy 	BẠN ĐỌC GÌ	Mối quan hệ
anh cho phép nuôi thú cưng phải không	ANH THÚ CƯNG NUÔI CHO PHÉP ĐÚNG KHÔNG	Cuộc sống thường nhật
thật vui khi được học cùng cô ấy trong lớp	CÔ ẤY LỚP HỌC CÙNG RẤT VUI	Cuộc sống thường nhật
tôi biết một cửa hàng bán loại áo len này	TÔI BIẾT CỬA HÀNG ÁO LEN LOẠI BÁN CÓ	Cuộc sống thường nhật
xin chào jack tôi đang làm việc với những tài liệu này người quản lý muốn họ trong nửa giờ	JACK CHÀO TÔI TÀI LIỆU NÀY LÀM QUẢN LÝ NỬA TIẾNG NỮA MUỐN	Mối quan hệ
tôi xin lỗi tôi muốn hỏi cô	TÔI CÔ HỎI CHÚT CHUYỆN MUỐN XIN LỖI	Thái độ và Cảm xúc
tôi gọi để nói lời tạm biệt	TÔI GỌI NÓI LỜI TẠM BIỆT	Mối quan hệ
hộp ăn trưa	HỘP TRƯA ĂN	Cuộc sống thường nhật
được rồi tôi sẽ đặt chuyến bay này	TÔI CHUYẾN BAY NÀY ĐẶT SẼ	Du lịch
bạn hãy rẽ sang bên phải ở ngã tư tiếp theo	NGÃ TƯ TIẾP THEO BẠN RẼ PHẢI	Cuộc sống thường nhật
dòng sông chảy hiền hòa qua ngôi làng nhỏ của tôi	DÒNG SÔNG HIỀN HOÀ CHẢY QUA NGÔI LÀNG NHỎ CỦA TÔI	Cuộc sống thường nhật
bà đang lau nền nhà gạch hoa cho sạch bóng để đón khách	BÀ NỀN NHÀ GẠCH HOA LAU SẠCH BÓNG ĐỂ ĐÓN KHÁCH	Cuộc sống thường nhật
có một bất ngờ sắp đến	BẤT NGỜ SẮP	Cuộc sống thường nhật
số mười tám chia hết cho cả hai ba và sáu	SỐ 18 CHIA HẾT CHO HAI BA VÀ SÁU	Cuộc sống học đường
thật tệ nhưng đừng lo lắng chúng tôi sẽ hoãn bữa tối đến một giờ	TỆ NHƯNG LO ĐỪNG CHÚNG TA BỮA TỐI DỜI MỘT TIẾNG	Mối quan hệ
em rất thích khổ thơ cuối cùng trong bài thơ lượm	EM KHỔ THƠ CUỐI CÙNG THÍCH TRONG BÀI THƠ LƯỢM	Văn hóa và Giáo dục
bố tôi có thói quen nhổ râu bằng nhíp mỗi buổi sáng	MỖI BUỖI SÁNG BỐ TÔI RÂU NHÍP NHỔ THÓI QUEN CÓ	Cuộc sống thường nhật
con vật gì sống ở sông	SÔNG SỐNG ĐỘNG VẬT GÌ	Cuộc sống thường nhật
chiếc ghế mẹ đang ngồi rất thoải mái	MẸ CHIẾC GHẾ NGỒI THOẢI MÁI	Cuộc sống thường nhật
có lẽ bạn nói đúng bạn nghĩ sao về yangshao	BẠN NÓI ĐÚNG BẠN VĂN HOÁ NGƯỠNG THIỀU NGHĨ GÌ	Mối quan hệ
ung thư buồng trứng là một căn bệnh nguy hiểm ở phụ nữ	PHỤ NỮ BUỒNG TRỨNG UNG THƯ 1 CĂN BỆNH NGUY HIỂM	Sức khỏe
được rồi tôi sẽ quay lại sau một phút với đồ uống và salad của anh	ĐỒ UỐNG SALAD CỦA ANH TÔI ĐƯA SẼ 1 PHÚT SAU TÔI QUAY LẠI	Cuộc sống thường nhật
cô giáo yêu cầu học sinh sắp xếp lại dãy số này	CÔ GIÁO YÊU CẦU HỌC SINH DÃY SỐ NÀY SẮP XẾP LẠI	Cuộc sống học đường
bạn có bất kỳ câu hỏi nào về công việc	BẠN CÔNG VIỆC CÂU HỎI NÀO	Công việc
tôi muốn một cái chảo lớn	TÔI CÁI CHẢO LỚN MỘT MUỐN	Cuộc sống thường nhật
bánh pía sóc trăng là một đặc sản rất nổi tiếng	BÁNH PÍA SÓC TRĂNG LÀ ĐẶC SẢN NỔI TIẾNG	Văn hóa và Giáo dục
bà tôi thích uống trà vào buổi sáng	BUỔI SÁNG BÀ TÔI TRÀ UỐNG THÍCH	Văn hóa và Giáo dục
hai bánh xe nhé	BÁNH XE 2	Cuộc sống thường nhật
hoạt động mua bán trên thị trường chứng khoán hôm nay rất sôi động	HÔM NAY THỊ TRƯỜNG CHỨNG KHOÁN HOẠT ĐỘNG MUA BÁN RẤT SÔI ĐỘNG	Tài chính
bởi vì em là người vợ yêu quý của anh	VÌ EM VỢ YÊU QUÝ CỦA ANH	Cuộc sống thường nhật
chúng tôi sẽ đi du lịch đến gia lai vào mùa hè	MÙA HÈ CHÚNG TÔI DU LỊCH GIA LAI SẼ ĐI	Du lịch
cô giáo dạy chúng em cách dùng dấu ngoặc kép trong câu	CÔ GIÁO DẠY CHÚNG EM CÁCH DÙNG DẤU NGOẶC KÉP TRONG CÂU	Cuộc sống học đường
có hai điểm dừng sau điểm này	ĐIỂM DỪNG NÀY SAU ĐIỂM DỪNG 2 CÓ	Cuộc sống thường nhật
coca là tốt cảm ơn bạn	COCA CŨNG ĐƯỢC CẢM ƠN BẠN	Mối quan hệ
chúng tôi đã thấy những con cá mập khổng lồ ở thủy cung	CHÚNG TÔI NHỮNG CON CÁ MẬP KHỔNG LỔ THẤY Ở THUỶ CUNG	Du lịch
làm sao anh biết	ANH BIẾT SAO	Tài chính
vâng tôi thích mùa đông	TÔI MÙA ĐÔNG THÍCH	Mối quan hệ
chúng tôi sẽ gặp bạn lúc 7 giờ nhé	CHÚNG TÔI GẶP BẠN LÚC 7 GIỜ	Du lịch
thật sao hãy đến đó	THẬT ĐẾN ĐÓ	Cuộc sống thường nhật
ông muốn gì thưa ông	ÔNG MUỐN GÌ	Du lịch
vâng tôi sẽ gọi sau để sửa chữa mọi thứ	VÂNG TÔI LẠI SAU GỌI THU XẾP MỌI THỨ ĐỂ SẼ	Mối quan hệ
nhân viên thu ngân dùng máy quét mã vạch để tính tiền	NHÂN VIÊN THU NGÂN DÙNG MÁY QUÉT MÃ VẠCH TÍNH TIỀN	Công việc
thợ may cần lấy số đo chính xác để may một bộ quần áo	THỢ MAY SỐ ĐO CẦN LẤY CHÍNH XÁC ĐỂ QUẦN ÁO BỘ 1 MAY	Công việc
ngôi nhà được dọn dẹp sạch sẽ từ trong ngoài để đón tết	NGÔI NHÀ DỌN DẸP SẠCH SẼ TRONG NGOÀI ĐỂ ĐÓN TẾT	Cuộc sống thường nhật
đạo diễn đang cùng ekip dựng phim cho tác phẩm điện ảnh mới	ĐẠO DIỄN Ê KÍP PHIM TÁC PHẨM ĐIỆN ẢNH MỚI DỰNG CÙNG	Công việc
anh ấy đã bị sa thải vì không hoàn thành công việc	ANH ẤY SA THẢI BỊ VÌ CÔNG VIỆC HOÀN THÀNH KHÔNG	Công việc
bạn làm nghề gì	BẠN LÀM NGHỀ GÌ	Mối quan hệ
cô ấy suýt nữa thì bị lỡ chuyến tàu cuối cùng rồi	CÔ ẤY CHUYẾN TÀU CUỐI CÙNG SUÝT BỎ LỠ	Cuộc sống thường nhật
chúng tôi có súp thịt bò và canh cà chua	CHÚNG TÔI SÚP THỊT BÒ CANH CÀ CHUA CÓ	Cuộc sống thường nhật
thầy giáo giới thiệu một phương pháp học tập rất hiệu quả	THẤY GIÁO GIỚI THIỆU PHƯƠNG PHÁP HỌC HIỆU QUẢ	Văn hóa và Giáo dục
bạn đang nói gì vậy chúng tôi đã thử mọi thứ	BẠN NÓI GÌ CHÚNG TÔI THỬ MỌI THỨ	Công việc
tôi biết anh ta sẽ thắng	TÔI ANH TA THẮNG BIẾT SẼ MÀ	Chính trị
bạn đang cười tôi à	BẠN CƯỜI TÔI À	Mối quan hệ
không họ sẽ đến vào sáng mai để bật gas lên	KHÔNG HỌ ĐẾN VÀO SÁNG MAI ĐỂ BẬT GAS LÊN	Cuộc sống thường nhật
bé na phải nghỉ học vài ngày vì bị mắc bệnh thủy đậu	BÉ NA BỆNH THUỶ ĐẬU HỌC NGHỈ VÀI NGÀY PHẢI	Sức khỏe
bác bảo vệ đánh trống báo hiệu giờ vào lớp học	BÁC BẢO VỆ ĐÁNH TRỐNG GIỜ LỚP VÀO BÁO HIỆU	Cuộc sống học đường
bạn đã được nhận vào mit chưa	BẠN NHẬN VÀO ĐƯỢC CHƯA	Mối quan hệ
được rồi tôi sẽ gặp anh sau	TÔI GẶP ANH SAU	Công việc
chúc mừng sinh nhật bạn nhiều lợi nhuận hạnh phúc trong ngày	CHÚC MỪNG SINH NHẬT BẠN NIỀM VUI NHIỀU MAY MẮN HÔM NAY CHÚC	Cuộc sống thường nhật
hôm nay cô giáo dạy chúng em môn lịch sử	HÔM NAY CÔ GIÁO CHÚNG EM MÔN DẠY LỊCH SỬ	Văn hóa và Giáo dục
không có vấn đề gì cả ông waterstone bất kỳ sở thích như thế nào bạn muốn tiền	KHÔNG VẤN ĐỀ GÌ ÔNG MUỐN NHẬN TIỀN THEO CÁCH NÀO	Tài chính
oh tôi xin lỗi bạn đang ở đây cho phép tôi đề nghị bữa trưa đặc biệt của chúng tôi	Ô XIN LỖI BẠN Ở ĐÂY CHO PHÉP TÔI BỮA TRƯA ĐẶC BIỆT MỜI	Cuộc sống thường nhật
không cảm ơn bạn tôi không cần bất kỳ váy	KHÔNG CẢM ƠN TÔI KHÔNG CẦN VÁY	Cuộc sống thường nhật
tôi muốn đến lần khác nếu nó có thể được sắp xếp	NẾU NÓ SẮP XẾP ĐƯỢC TÔI ĐẾN KHÁC	Công việc
bạn chắc là có rất nhiều đĩa ở đây	NHIỀU ĐĨA THẬT	Cuộc sống học đường
ăn quá nhiều đồ dầu mỡ có thể gây ra chứng khó tiêu	ĐỒ DẦU MỠ ĂN NHIỀU CHỨNG KHÓ TIÊU CÓ THỂ GÂY RA	Sức khỏe
chú rùa di chuyển một cách chậm chạp trên bãi cát vàng	CHÚ RÙA DI CHUYỂN CHẬM CHẠP TRÊN BÃI CÁT VÀNG	Cuộc sống thường nhật
xin chào bạn bạn đang đi đâu trong kỳ nghỉ hè này	KỲ NGHỈ HÈ BẠN ĐI ĐÂU	Du lịch
trời đang tối dần vì mặt trời đã lặn	TRỜI TỐI DẦN VÌ MẶT TRỜI LẶN RỒI	Cuộc sống thường nhật
tại 8	8 GIỜ LÚC	Mối quan hệ
vâng tôi có quá nhiều việc phải làm vào lúc này	TÔI BẬN NGẬP ĐẦU	Mối quan hệ
có bao gồm bữa sáng tôi có thể thực hiện cuộc gọi trên đường dây bên ngoài	PHÒNG GIÁ BAO GỒM BỮA SÁNG KHÔNG TÔI ĐIỆN RA NGOÀI GỌI CÓ THỂ KHÔNG	Du lịch
làm ơn nói với ông ấy là chiều mai tôi sẽ gọi lại văn phòng	NÓI VỚI ÔNG ẤY CHIỀU MAI TÔI VĂN PHÒNG GỌI LẠI	Công việc
bạn có thể nói điều gì về việc làm của bạn không 	BẠN NÓI VIỆC LÀM CỦA BẠN CÓ KHÔNG	Công việc
chắc chắn rồi hôm nay là sinh nhật của cha bạn	HÔM NAY SINH NHẬT BỐ BẠN ĐÚNG KHÔNG	Mối quan hệ
và tôi dắt chó đi dạo mỗi thứ tư thứ năm và thứ sáu	TÔI DẮT CHÓ ĐI DẠO THỨ TƯ THỨ NĂM THỨ SÁU	Cuộc sống thường nhật
tôi sẽ đến ngân hàng tôi cần đổi một số séc	TÔI NGÂN HÀNG ĐẾN TÔI SÉC ĐỔI CẦN	Mối quan hệ
vâng cảm ơn vì những gợi ý	CẢM ƠN VÌ NHỮNG GỢI Ý	Mối quan hệ
giờ ra chơi các bạn nữ thường rủ nhau chơi nhảy lò cò	GIỜ RA CHƠI CÁC BẠN NỮ RỦ NHAU NHẢY LÒ CÒ	Cuộc sống học đường
nghe có vẻ tốt bạn muốn chơi ở đâu	THẤY HAY CHÚNG TA CHƠI Ở ĐÂU	Mối quan hệ
yêu cầu là gì	YÊU CẦU GÌ	Công việc
anh ta vẫn thản nhiên làm việc dù xung quanh rất ồn ào	ANH TA LÀM VIỆC THẢN NHIÊN TẬP TRUNG DÙ XUNG QUANH ỒN ÀO	Thái độ và Cảm xúc
khách sạn star được không 	KHÁCH SẠN ĐƯỢC KHÔNG	Cuộc sống thường nhật
bạn có tất cả các loại hải sản ở đây	ĐÂY HẢI SẢN ĐỦ LOẠI CÓ KHÔNG	Cuộc sống thường nhật
ông tôi phải đeo kính khi đọc báo vì mắt đã kém đi nhiều	ÔNG TÔI KÍNH ĐEO BÁO ĐỌC MẮT KÉM NHIỀU	Sức khỏe
chỉ vài người thôi	NGƯỜI 1 SỐ	Cuộc sống thường nhật
bà tôi là một người phụ nữ mạnh mẽ và đầy nghị lực	BÀ TÔI LÀ NGƯỜI PHỤ NỮ MẠNH MẼ VÀ NGHỊ LỰC	Thái độ và Cảm xúc
bạn đã bao giờ tìm ra điểm tín dụng của bạn	BẠN ĐIỂM TÍN DỤNG MÌNH BIẾT BAO GIỜ CHƯA	Cuộc sống thường nhật
chiều nay tôi sẽ đến xem bạn sẽ đến chứ	CHIỀU NÀY TÔI ĐẾN XEM BẠN ĐẾN CÓ KHÔNG	Cuộc sống thường nhật
bạn đến từ nhật bản phải không	BẠN NHẬT BẢN ĐẾN PHẢI KHÔNG	Cuộc sống thường nhật
phố cổ hội an mang một vẻ đẹp cổ kính và trầm mặc	PHỐ CỔ HỘI AN VẺ ĐẸP CỔ KÍNH VÀ TRẦM MẶC	Du lịch
hành vi đưa hối lộ cho quan chức sẽ bị pháp luật trừng trị	HÀNH VI HÀNH ĐỘNG HỐI LỘ QUAN CHỨC CÁN BỘ PHÁP LUẬT TRỪNG TRỊ BỊ	Chính trị
bạn muốn tôi làm gì	BẠN MUỐN TÔI LÀM GÌ	Cuộc sống thường nhật
các em nhỏ rất háo hức tham gia lễ hội hóa trang halloween	CÁC EM NHỎ LỄ HỘI HALLOWEEN THAM GIA HOÁ TRANG RẤT HÁO HỨC	Văn hóa và Giáo dục
tình yêu là nền tảng của một gia đình hạnh phúc	GIA ĐÌNH HẠNH PHÚC TÌNH YÊU CẦN CÓ	Mối quan hệ
tôi sẽ nhờ bạn sắp xếp	TÔI BẠN NHỜ SẮP XẾP	Công việc
cảm ơn bà nhưng tôi vẫn còn nhiều điều phải học	CẢM ƠN NHƯNG TÔI HỌC NHIỀU PHẢI	Mối quan hệ
gửi lời chào đến bạn bè của bạn cho tôi	BẠN BÈ BẠN TÔI LỜI CHÀO GỬI	Mối quan hệ
đó là một thỏa thuận	THỎA THUẬN VẬY	Cuộc sống thường nhật
hôm nay chúng em học về cách biểu diễn số trên tia số	HÔM NAY CHÚNG EM SỐ TRÊN TIA SỐ BIỂU DIỄN VẼ HỌC	Cuộc sống học đường
bạn có tất cả mọi thứ	BẠN MỌI THỨ ĐỦ RỒI CHỨ	Du lịch
anh trai tôi sẽ nhập ngũ vào tháng sau theo lệnh gọi	THÁNG SAU ANH TRAI TÔI SẼ NHẬP NGŨ THEO LỆNH GỌI	Công việc
thôi nào anh lo lắng chuyện gì vậy	ANH LO LẮNG SAO	Công việc
bạn con gà của bạn thế nào	CON GÀ BẠN DẠO NÀY THẾ NÀO	Mối quan hệ
ông có vẻ chân thành và đáng tin cậy	ÔNG ẤY TRUNG THẬT VÀ TIN TƯỞNG	Mối quan hệ
tôi mới đến trường này và không quen thuộc với thư viện này bạn có thể giúp tôi không	TÔI TRƯỜNG ĐẾN MỚI THƯ VIỆN QUEN THUỘC KHÔNG BẠN TÔI GIÚP KHÔNG	Cuộc sống học đường
cái này rỗng ruột còn cái kia phẳng lì	CÁI NÀY RỖNG CÁI KIA BẰNG PHẲNG	Cuộc sống thường nhật
tủ bếp của họ cũng có màu xanh	TỦ BẾP CỦA HỌ MÀU XANH CŨNG	Cuộc sống thường nhật
cô giáo đọc danh sách những học sinh được khen thưởng	CÔ GIÁO DANH SÁCH NHỮNG HỌC SINH KHEN THƯỞNG ĐỌC	Cuộc sống học đường
chúng ta nên học cách bỏ qua những lỗi lầm nhỏ của nhau	CHÚNG TA LỖI NHỎ NHAU BỎ QUA HỌC	Mối quan hệ
chúng ta không thể đi nhanh hơn sao	CHÚNG TA ĐI NHANH KHÔNG THỂ À	Cuộc sống thường nhật
cô ấy đến từ đâu	CÔ ẤY ĐẾN TỪ ĐÂU	Cuộc sống học đường
tôi muốn gửi bưu kiện này đến sài gòn	TÔI BƯU KIỆN NÀY SÀI GÒN GỬI MUỐN	Cuộc sống thường nhật
bạn có chắc chắn về điều này	BẠN ĐIỀU NÀY CHẮC CHẮN CÓ KHÔNG	Thái độ và Cảm xúc
bạn biết đấy tôi nghĩ bạn rất tuyệt	BẠN BIẾT TÔI NGHĨ BẠN TUYỆT	Mối quan hệ
người già thường bị đau nhức các khớp xương khi trời trở lạnh	NGƯỜI GIÀ XƯƠNG KHỚP ĐAU NHỨC KHI TRỜI TRỞ LẠNH	Sức khỏe
lớp chúng tôi đang chuẩn bị cho buổi biểu diễn văn nghệ cuối năm	LỚP CHÚNG TÔI CHUẨN BỊ BUỔI BIỂU DIỄN VĂN NGHỆ CUỐI NĂM	Cuộc sống học đường
tôi nghĩ là phải có	TÔI NGHĨ PHẢI	Mối quan hệ
tôi sẽ giao hàng miễn phí cho bạn	TÔI GIAO HÀNG CHO BẠN MIỄN PHÍ	Cuộc sống thường nhật
bạn có bất kỳ tuyến đường du lịch đến budapest	BẠN TOUR DU LỊCH ĐI BUDAPEST CÓ KHÔNG	Du lịch
đợi tôi tắt máy trước đã	CHỜ CHÚT TÔI TẮT MÁY TRƯỚC	Cuộc sống thường nhật
muối gì	MUỐI GÌ	Cuộc sống thường nhật
đưa số điện thoại cho tôi và chúng tôi sẽ liên lạc với anh ta	TÔI SỐ ĐIỆN THOẠI CHO CHÚNG TÔI ANH TA LIÊN HỆ	Cuộc sống thường nhật
bạn đã làm gì kỳ nghỉ cuối cùng	KỲ NGHỈ VỪA RỒI BẠN GÌ LÀM	Mối quan hệ
4 6 8 10 12 14 16 18	4 6 8 10 12 14 16 18	Cuộc sống thường nhật
giờ thì cho tôi biết em ăn gì	BÂY GIỜ CHO TÔI BIẾT EM ĂN GÌ	Mối quan hệ
này tôi là hướng dẫn viên du lịch tôi sẽ chăm sóc khách hàn quốc	TÔI HƯỚNG DẪN VIÊN DU LỊCH TÔI KHÁCH HÀN QUỐC HƯỚNG DẪN	Cuộc sống thường nhật
em bé có đôi mắt đen láy và rất thông minh	EM ĐÔI MẮT CÓ ĐEN LÁY THÔNG MINH	Cuộc sống thường nhật
lũ trẻ con đang nô đùa vui vẻ ngoài sân đình	TRẺ CON SÂN ĐÌNH NGOÀI NÔ ĐÙA VUI VẺ	Cuộc sống thường nhật
đoàn học sinh miền nam ra thăm thủ đô hà nội	ĐOÀN HỌC SINH MIỀN NAM RA THĂM THỦ ĐÔ HÀ NỘI	Văn hóa và Giáo dục
chắc chắn rồi tôi có thể đến chúng ta nên làm gì	ĐƯỢC TÔI ĐẾN CHÚNG TA LÀM GÌ	Thái độ và Cảm xúc
đúng vậy nó đang nổi	ĐÚNG NÓ NỔI	Cuộc sống thường nhật
tôi chỉ vừa mới cắt hành tây xong	TÔI HÀNH TÂY CẮT XONG	Cuộc sống thường nhật
ma cà rồng là một nhân vật hư cấu trong các truyện kinh dị	MA CÀ RỒNG NHÂN VẬT HƯ CẤU TƯỞNG TƯỢNG TRONG TRUYỆN KINH DỊ ĐÁNG SỢ	Văn hóa và Giáo dục
một hai ba bốn năm	1 2 3 4 5	Cuộc sống thường nhật
chú tôi là một đại úy trong quân đội nhân dân	CHÚ TÔI ĐẠI UÝ TRONG QUÂN ĐỘI NHÂN DÂN	Công việc
một chuyến đi thật thú vị	CHUYẾN ĐI THÚ VỊ	Mối quan hệ
không không có gì đặc biệt	ĐẶC BIỆT KHÔNG CÓ	Công việc
giá vàng bạc trên thị trường thế giới đang có nhiều biến động	GIÁ VÀNG BẠC THỊ TRƯỜNG THẾ GIỚI BIẾN ĐỘNG MẠNH	Tài chính
ba của tôi tốt bụng	BA CỦA TÔI BỤNG TỐT	Cuộc sống thường nhật
tôi đã trả tiền nghỉ	TÔI TIỀN NGHỈ THANH TOÁN RỒI À	Công việc
vâng tôi hy vọng như vậy tôi đang học cho belts của tôi ngay bây giờ	TÔI HY VỌNG TÔI HỌC CHO BELTS BÂY GIỜ	Cuộc sống học đường
cái này chỉ có 50 quan	CÁI NÀY 50 QUAN CHỈ CÓ THÔI	Cuộc sống thường nhật
thật sao tôi nghĩ bạn sẽ thích nó	THẬT SAO TÔI NGHĨ BẠN THÍCH	Mối quan hệ
thật là một trò chơi tuyệt vời	TRẬN ĐẤU TUYỆT VỜI	Mối quan hệ
nó rất nóng nhiệt độ thường trên 40  c	NÓ RẤT NÓNG NHIỆT ĐỘ THƯỜNG 40 C TRÊN	Mối quan hệ
lễ hội khinh khí cầu thu hút rất nhiều khách du lịch	LỄ HỘI KHINH KHÍ CẦU KHÁCH DU LỊCH THU HÚT NHIỀU	Du lịch
tôi muốn được mát xa mặt	TÔI MÁT XA MẶT MUỐN	Cuộc sống thường nhật
chúng ta cần kết hợp nhiều phương pháp học tập hiệu quả	CHÚNG TA NHIỀU PHƯƠNG PHÁP HỌC TẬP HIỆU QUẢ KẾT HỢP CẦN	Văn hóa và Giáo dục
vâng tôi hiểu tôi sẽ lấy nó đây là 200 đô la	TÔI HIỂU TÔI LẤY 200 ĐÔ LA	Cuộc sống thường nhật
tôi sẽ thanh toán hóa đơn ở đâu	TÔI HÓA ĐƠN THANH TOÁN ĐÂU	Cuộc sống thường nhật
thầy cô luôn khuyến khích học sinh phát biểu ý kiến của mình	THẦY CÔ HỌC SINH CỔ VŨ PHÁT BIỂU Ý KIẾN	Văn hóa và Giáo dục
bọn trẻ đang chơi trò tung xúc xắc rất vui vẻ	BỌN TRẺ XÚC XẮC TUNG CHƠI VUI	Cuộc sống thường nhật
nhìn khu vườn này	KHU VƯỜN NHÌN	Du lịch
chợ nổi cái bè là điểm du lịch đặc sắc của tiền giang	CHỢ NỔI CÁI BÈ LÀ ĐIỂM DU LỊCH TIỀN GIANG ĐẶC SẮC THÚ VỊ	Du lịch
đây là hộ chiếu của tôi	ĐÂY HỘ CHIẾU CỦA TÔI	Du lịch
chồng tôi sẽ đón tôi	CHỒNG TÔI ĐÓN	Mối quan hệ
em trai tôi năm nay bắt đầu đi học lớp vỡ lòng	NĂM NAY EM TRAI TÔI LỚP MẦM NON ĐI HỌC BẮT ĐẦU	Cuộc sống học đường
vâng chỉ có hai lớp học mở	VÂNG HAI LỚP CHỈ CÓ ĐANG MỞ THÔI	Cuộc sống học đường
tôi e là ông ấy đang ở xa bàn làm việc	TÔI NGHĨ ÔNG ẤY LÀM VIỆC XA	Công việc
tôi muốn lấy bằng cử nhân nhưng tôi không biết nên đi đâu	TÔI BẰNG CỬ NHÂN LẤY NHƯNG TÔI KHÔNG BIẾT ĐI ĐÂU	Cuộc sống học đường
tốt bạn cũng có thể liệt kê tất cả các tài liệu trong các tệp cũ đó không	BẠN TẤT CẢ TÀI LIỆU TRONG FILE CŨ VIẾT LẠI CŨNG ĐƯỢC KHÔNG	Công việc
dạo này tôi ăn rất ít vì không cảm thấy ngon miệng	DẠO NÀY TÔI ĂN ÍT VÌ NGON MIỆNG KHÔNG	Sức khỏe
bạn có cần biên lai không	BẠN HOÁ ĐƠN CÓ KHÔNG	Cuộc sống thường nhật
tôi muốn mua một trò chơi nhập vai rpg hay bạn có thể gợi ý cho tôi trò nào không	TÔI TRÒ CHƠI NHẬP VAI MUA MUỐN BẠN GỢI Ý CHO TÔI CÓ THỂ	Cuộc sống thường nhật
gia đình tôi đi xe khách về quê ăn tết	GIA ĐÌNH TÔI XE KHÁCH ĐI VỀ QUÊ ĂN TẾT	Du lịch
thật sao khi nào nó bật	THẬT NÓ BẬT KHI NÀO	Cuộc sống thường nhật
bây giờ đến phần thú vị	BÂY GIỜ TIẾP THEO THÚ VỊ	Cuộc sống thường nhật
bạn không phiền nếu tôi hút thuốc chứ	THUỐC HÚT ĐƯỢC KHÔNG	Cuộc sống thường nhật
cảm ơn tôi sẽ chờ bạn tại nhà của tôi	CẢM ƠN TÔI NHÀ TÔI ĐỢI BẠN	Mối quan hệ
tôi chưa thi bằng lái	TÔI BẰNG LÁI XE THI CHƯA	Cuộc sống thường nhật
ồ có không phòng nào vậy	THẬT SAO PHÒNG NÀO	Du lịch
bạn có chỗ ngồi nào cho ngày 16 tháng 9 không	BẠN CÒN CHỖ NGỒI NGÀY 16 THÁNG 9 KHÔNG	Du lịch
đọc đi	ĐỌC HÃY	Văn hóa và Giáo dục
oh tạ ơn chúa tôi không biết làm thế nào để cảm ơn bạn mọi người	ÔI TẠ ƠN CHÚA TÔI MỌI NGƯỜI CẢM ƠN PHẢI BIẾT KHÔNG THẬT SỰ	Cuộc sống thường nhật
làm thế nào chính xác để bạn tìm ra giá vé xe	BẠN GIÁ VÉ XE CHÍNH XÁC TÍNH BẰNG CÁCH NÀO	Cuộc sống thường nhật
nóng quá	TRỜI NÓNG QUÁ	Mối quan hệ
ông đã sẵn sàng gọi món chưa thưa ông	ÔNG MÓN ĂN GỌI SẴN SÀNG CHƯA	Cuộc sống thường nhật
tôi có thể ăn bánh táo với kem không	TÔI BÁNH TÁO KEM ĂN ĐƯỢC KHÔNG	Cuộc sống thường nhật
ồ tôi e là đắt quá ông có thể cho tôi xem phòng nào rẻ hơn được không	Ồ ĐẮT QUÁ ÔNG PHÒNG RẺ HƠN CHO TÔI XEM ĐƯỢC KHÔNG	Cuộc sống thường nhật
tôi không nghe thấy bạn nó quá ồn ào	TÔI BẠN NGHE KHÔNG NÓ ỒN ÀO	Cuộc sống thường nhật
này trò chơi là gì	NÀY TRÒ CHƠI GÌ	Cuộc sống thường nhật
thật sao tôi có thể làm gì	THẬT À TÔI LÀM GÌ	Cuộc sống thường nhật
tốt tôi nghĩ rằng tôi sẽ thuê một trong 7 ngày	TỐT TÔI NGHĨ THUÊ 7 NGÀY	Du lịch
tôi đã đưa ra quyết định nghỉ việc vào tháng sau	TÔI VIỆC NGHỈ QUYẾT ĐỊNH THÁNG SAU ĐƯA RA	Công việc
tôi tự hỏi cái nào trông bóng hơn	TÔI HỎI TỰ CÁI NÀO BÓNG HƠN TRÔNG	Cuộc sống thường nhật
bạn rất tử tế bạn đã giúp tôi rất nhiều	BẠN TỐT BẠN GIÚP TÔI NHIỀU	Công việc
anh ăn được không	ANH ĂN ĐƯỢC KHÔNG	Sức khỏe
hôm nay chúng em học về các loại hình tứ giác đặc biệt	HÔM NAY CHÚNG EM CÁC HÌNH BÌNH HÀNH ĐẶC BIỆT HỌC	Cuộc sống học đường
bồi bàn tôi e là cô đã tính hóa đơn của tôi sai	PHỤC VỤ ƠI HÌNH NHƯ CÔ TÍNH NHẦM HÓA ĐƠN TÔI RỒI	Cuộc sống thường nhật
không tôi không biết nhưng tôi thấy một số quảng cáo thú vị trên báo	KHÔNG TÔI KHÔNG BIẾT NHƯNG TÔI BÁO QUẢNG CÁO THÚ VỊ THẤY	Công việc
hãy để tôi ngủ thêm 5 phút nữa	TÔI NGỦ 5 PHÚT THÊM	Cuộc sống thường nhật
chúng tôi đang ở tầng 5 và có một cái nhìn rất đẹp từ ban công	BỌN TÔI TẦNG NĂM BAN CÔNG NHÌN ĐẸP LẮM	Cuộc sống học đường
bố tôi dùng cái vợt cá để vớt lá cây trong hồ	LÁ Ở HỒ BỐ TÔI VỢT CÁ VỚT	Cuộc sống thường nhật
cô có phiền cho tôi biết cô bao nhiêu tuổi không	CÔ ẤY PHIỀN KHI TÔI HỎI CÔ ẤY TUỔI BAO NHIÊU	Mối quan hệ
chắc chắn rồi số phòng của ông là gì	ÔNG SỐ PHÒNG BAO NHIÊU NÓI ĐƯỢC RỒI	Du lịch
vậy thì mỗi người 260 quan	MỖI NGƯỜI 260 000 Đ	Công việc
bạn có thấy cái này không	BẠN THẤY CÁI TÚI XÁCH CỦA TÔI CÓ KHÔNG	Mối quan hệ
nạn trộm cắp vặt thường xảy ra ở những khu dân cư đông đúc	Ở NHỮNG KHU DÂN CƯ ĐÔNG ĐÚC TRỘM CẮP XẢY RA NHIỀU	Cuộc sống thường nhật
tôi sẽ mua quà sinh nhật cho cô ấy	TÔI MUA QUÀ SINH NHẬT CHO CÔ ẤY	Mối quan hệ
đây giờ trộn nó với nhau	BÂY GIỜ HÃY TRỘN	Cuộc sống thường nhật
tại sao bạn lại vứt nó vào thùng rác	BẠN THÙNG RÁC VỨT VÀO TẠI SAO	Cuộc sống thường nhật
năm ngoái gia đình tôi đã có một chuyến du lịch đáng nhớ	GIA ĐÌNH TÔI CHUYẾN DU LỊCH ĐÁNG NHỚ NĂM NGOÁI CÓ	Du lịch
bạn đã đặt phòng khách sạn chưa	BẠN PHÒNG KHÁCH SẠN ĐẶT CHƯA	Mối quan hệ
có lần này bạn phải cố gắng hơn	CÓ LẦN NÀY BẠN CỐ GẮNG HƠN	Cuộc sống thường nhật
oh tôi đang tận hưởng nhưng ở đây nóng quá	TÔI NGHỈ NGƠI NHƯNG NÓNG QUÁ	Mối quan hệ
xin lỗi bạn giáo sư tôi có một vấn đề và cần phải rời lớp sớm	XIN LỖI THẦY EM VIỆC GẤP PHẢI RA SỚM	Cuộc sống học đường
rất hân hạnh tôi có thể lấy cho anh một ly sâm banh khác không	RẤT HÂN HẠNH TÔI ANH SÂM BANH MỘT LY THÊM RÓT CÓ THỂ KHÔNG	Mối quan hệ
xin chào andy tôi sẽ đến chỗ isabel bạn có đi không	XIN CHÀO TÔI CHỖ LAN ĐẾN BẠN ĐI CÓ KHÔNG	Cuộc sống thường nhật
bạn thấy cái nào là tốt nhất	BẠN THẤY TỐT NHẤT NÀO	Cuộc sống thường nhật
chúng ta không nên coi thường những người có hoàn cảnh khó khăn hơn	CHÚNG TA NHỮNG NGƯỜI KINH TẾ KHÓ KHĂN CÓ COI THƯỜNG KHÔNG	Thái độ và Cảm xúc
vâng thưa ngài tôi sẽ mang nó qua ngài đã quyết định những gì ngài muốn chưa	TÔI VẬT ĐÓ MANG QUA NGAY NGÀI MÓN NÀO CHỌN CHƯA	Cuộc sống thường nhật
bạn là người mỹ à	BẠN NGƯỜI MỸ À	Cuộc sống học đường
chúng tôi muốn mua một số tài sản ở địa phương của bạn	CHÚNG TÔI TÀI SẢN ĐỊA PHƯƠNG CỦA BẠN MUA MUỐN	Cuộc sống thường nhật
sau đó chúng tôi đã lên kế hoạch để đi đến bãi biển	SAU ĐÓ CHÚNG TÔI KẾ HOẠCH BÃI BIỂN ĐẾN	Du lịch
chiếc xe tải bất ngờ bị nổ lốp xe trên đường cao tốc	CHIẾC XE TẢI LỐP NỔ BẤT NGỜ TRÊN ĐƯỜNG CAO TỐC	Cuộc sống thường nhật
chào buổi sáng lâu rồi không gặp	CHÀO BUỔI SÁNG LÂU RỒI GẶP KHÔNG	Mối quan hệ
bố con muốn mượn ít tiền	BỐ ƠI CON ÍT TIỀN MƯỢN	Cuộc sống thường nhật
bánh bột lọc là một đặc sản nổi tiếng của ẩm thực huế	HUẾ ẨM THỰC BÁNH BỘT LỌC ĐẶC SẢN NỔI TIẾNG 1	Văn hóa và Giáo dục
chúng tôi vẫn thường xuyên liên lạc với nhau dù ở rất xa	CHÚNG TÔI LIÊN LẠC THƯỜNG XUYÊN DÙ KHI Ở RẤT XA	Mối quan hệ
bạn muốn loại coca nào	BẠN CHỌN LOẠI COCA NÀO	Cuộc sống thường nhật
được rồi nói khi nào nhé	RỒI NÓI KHI NÀO	Cuộc sống thường nhật
tại sao tôi làm việc rất chăm chỉ	TẠI SAO TÔI LÀM VIỆC RẤT CHĂM CHỈ	Công việc
vâng tôi sẽ miễn là nó có chất lượng tốt	TÔI CHẤT LƯỢNG TỐT MIỄN LÀ SẼ VÂNG	Cuộc sống thường nhật
bố đang giúp em bơm xe đạp vì lốp bị non hơi	BỐ GIÚP EM BƠM XE ĐẠP VÌ LỐP XE NON HƠI	Cuộc sống thường nhật
chỉ có anh thôi	CHỈ BẠN CÓ	Cuộc sống thường nhật
cho tôi xin vé được không	VÉ XIN CHO TÔI ĐƯỢC KHÔNG	Chính trị
tôi thực sự muốn tìm hiểu thêm về các loại dụng cụ khác nhau	TÔI CÁC DỤNG CỤ KHÁC NHAU TÌM HIỂU MUỐN	Văn hóa và Giáo dục
cởi găng tay ra	GĂNG TAY THÁO RA	Cuộc sống thường nhật
vâng câu lạc bộ của bạn có khác không	CÂU LẠC BỘ BẠN KHÁC GÌ	Mối quan hệ
bạn có nghĩ rằng tôi vẫn còn thời trang trong chiếc váy này	TÔI VÁY NÀY MẶC ĐẸP CÒN BẠN NGHĨ SAO	Mối quan hệ
trước tiên tôi có thể hỏi về gói thù lao không	ĐẦU TIÊN TÔI TIỀN LƯƠNG HỎI ĐƯỢC KHÔNG	Công việc
bố bố có biết mẹ ở đâu không	BỐ BIẾT MẸ Ở ĐÂU CÓ KHÔNG	Cuộc sống thường nhật
có một trận bóng đá	MỘT TRẬN BÓNG ĐÁ CÓ	Cuộc sống thường nhật
tình trạng bệnh của ông ấy đã trở nên nặng hơn so với hôm qua	ÔNG ẤY TÌNH TRẠNG BỆNH NẶNG HƠN HÔM QUA	Sức khỏe
tôi nghĩ bạn thích patricia	TÔI NGHĨ BẠN DŨNG THÍCH	Mối quan hệ
một ý tưởng rất hay	Ý TƯỞNG RẤT HAY	Mối quan hệ
cô ấy là người bạn duy nhất mà tôi hoàn toàn tin tưởng	CÔ ẤY NGƯỜI BẠN THÂN NHẤT TÔI TIN TƯỞNG HOÀN TOÀN TOÀN BỘ	Mối quan hệ
tôi e là bạn nói đúng tôi chọn bạn gái tôi vì cô ấy có tính cách tuyệt vời	BẠN NÓI ĐÚNG TÔI BẠN GÁI CHỌN VÌ CÔ ẤY TÍNH CÁCH TUYỆT VỜI	Cuộc sống thường nhật
được rồi có một chỗ trống ở cuối bãi đậu xe đây là giấy phép đỗ xe của anh	ĐƯỢC RỒI MỘT CHỖ TRỐNG Ở CUỐI BÃI ĐẬU XE ĐÂY LÀ VÉ ĐỖ XE CỦA ANH	Cuộc sống thường nhật
nghe có vẻ tuyệt vời mấy giờ nó chơi	NGHE TUYỆT MẤY GIỜ BUỔI BIỂU DIỄN BẮT ĐẦU	Mối quan hệ
tôi nghĩ em nên bỏ thuốc lá đi	TÔI NGHĨ EM THUỐC LÁ BỎ	Cuộc sống thường nhật
tôi sẽ làm giúp bạn	TÔI LÀM GIÚP BẠN	Tài chính
tôi hy vọng như vậy quá cảm ơn bạn lily cám ơn vì mọi thứ	TÔI HY VỌNG VẬY CẢM ƠN BẠN LILY CẢM ƠN MỌI CHUYỆN	Mối quan hệ
vâng chúng tôi cần một quả chanh	CHÚNG TÔI QUẢ CHANH MỘT CẦN	Cuộc sống thường nhật
vậy thì chúng ta có thể đi xem phim	CHÚNG TA XEM PHIM ĐI	Cuộc sống thường nhật
khi thấy đèn vàng chúng ta nên giảm tốc độ lại	KHI THẤY ĐÈN VÀNG CHÚNG TA TỐC ĐỘ GIẢM NÊN	Cuộc sống thường nhật
30 quan	300 000 Đ	Cuộc sống thường nhật
tháng sau	THÁNG SAU	Công việc
chúng tôi góp tiền để mua một món quà tặng thầy giáo	CHÚNG TÔI THẦY GIÁO TIỀN GÓP MÓN QUÀ 1 MUA TẶNG	Tài chính
oh nhìn kìa có một chỗ mở bên cạnh nhà vệ sinh công cộng bạn có thể lấy nó không	NHÌN KÌA CHỖ TRỐNG CẠNH NHÀ VỆ SINH CÔNG CỘNG BẠN ĐẬU ĐÓ ĐƯỢC KHÔNG	Thái độ và Cảm xúc
bạn có thể dạy tôi lái xe không	BẠN TÔI LÁI XE DẠY CÓ THỂ KHÔNG	Cuộc sống thường nhật
nước trong chậu để ngoài nắng sẽ nhanh chóng bốc hơi	NƯỚC TRONG CHẬU ĐỂ NGOÀI NẮNG BỐC HƠI NHANH CHÓNG	Cuộc sống thường nhật
thật tuyệt khi được nhìn thấy	KHI NHÌN THẤY TUYỆT	Cuộc sống thường nhật
tôi muốn hẹn hò với cô ấy nhưng tôi không có nhiều tiền	TÔI HẸN HÒ VỚI CÔ ẤY MUỐN NHƯNG TÔI TIỀN NHIỀU KHÔNG CÓ	Mối quan hệ
tôi nghĩ rằng chúng ta nên thảo luận vấn đề này kỹ hơn	TÔI NGHĨ VẤN ĐỀ NÀY CHÚNG TA THẢO LUẬN KĨ HƠN CẦN	Thái độ và Cảm xúc
vâng điều đó có vẻ dễ dàng đủ	CÓ VẺ ĐỦ RỒI	Mối quan hệ
còn gia đình anh thì sao	GIA ĐINH CỦA ANH SAO	Mối quan hệ
tòa nhà ở phía nam thư viện là gì	TÒA NHÀ PHÍA NAM THƯ VIỆN LÀ GÌ VẬY	Cuộc sống học đường
chúc mừng sinh nhật	CHÚC MỪNG SINH NHẬT	Mối quan hệ
bất cứ điều gì bạn muốn biết	BẠN MUỐN BIẾT ĐIỀU GÌ	Công việc
vâng làm những gì bạn thích có nhiều loại giày new balance khác nhau bạn không phải mua đắt nhất	VÂNG LÀM ĐIỀU BẠN THÍCH NHIỀU MẪU GIÀY NEW BALANCE KHÁC NHAU CẦN MUA LOẠI ĐẮT NHẤT KHÔNG	Cuộc sống thường nhật
hãy làm một thỏa thuận	BÀN BẠC ĐỒNG Ý HÃY	Cuộc sống thường nhật
tôi á tôi đã sống ở đây khoảng sáu năm	TÔI TÔI SỐNG Ở ĐÂY 6 NĂM	Cuộc sống thường nhật
câu hỏi khó quá làm thế nào bạn trả lời được nó 	CÂU HỎI KHÓ QUÁ BẠN TRẢ LỜI ĐÚNG LÀM THẾ NÀO	Mối quan hệ
nhà văn đã sử dụng những từ ngữ rất trau chuốt và giàu hình ảnh	NHÀ VĂN TỪ NGỮ SỬ DỤNG DỄ HIỂU GIÀU HÌNH ẢNH	Văn hóa và Giáo dục
cô thủ thư ra hiệu suỵt khi thấy chúng tôi nói chuyện ồn ào	KHI THẤY CHÚNG TÔI NÓI CHUYỆN ỒN ÀO CÔ THỦ THƯ RA HIỆU SUỴT	Cuộc sống học đường
anh ấy là một người cởi mở và dễ dàng kết bạn mới	ANH ẤY CỞI MỞ VÀ BẠN MỚI LÀM QUEN DỄ	Thái độ và Cảm xúc
bạn có thể giảm giá cho tôi không	BẠN TIỀN GIẢM CHO TÔI CÓ THỂ	Cuộc sống thường nhật
bánh cốm là đặc sản nổi tiếng của thủ đô hà nội	BÁNH CỐM LÀ ĐẶC SẢN NỔI TIẾNG CỦA THỦ ĐÔ HÀ NỘI	Văn hóa và Giáo dục
cảm ơn và tất nhiên bạn có thể điền vào mẫu trao đổi không	BẠN CẢM ƠN MẪU ĐỔI HÀNG NÀY GIÚP TÔI ĐIỀN CÓ THỂ KHÔNG	Tài chính
sự giúp đỡ kịp thời của anh ấy thật vô cùng đáng quý	SỰ GIÚP ĐỠ KỊP THỜI CỦA ANH ẤY RẤT ĐÁNG QUÝ	Mối quan hệ
trời nóng quá mẹ vừa mua một chiếc quạt cây mới toanh	VÌ TRỜI NÓNG MẸ QUẠT CÂY MỚI MUA	Cuộc sống thường nhật
đám bạn thân thường hay trêu chọc và đùa giỡn nhau	ĐÁM BẠN THÂN TRÊU TRỌC ĐÙA NHAU NHIỀU	Mối quan hệ
mất bao lâu để bạn nấu một bữa ăn cho năm hoặc sáu người	BẠN BỮA ĂN NẤU CHO NGƯỜI 5 HOẶC 6 THỜI GIAN BAO NHIÊU	Cuộc sống thường nhật
vâng tôi sống trong ngôi nhà đó với cha mẹ và em gái tôi	TÔI NHÀ ĐÓ SỐNG CÙNG BỐ MẸ EM GÁI	Cuộc sống thường nhật
các bạn nam bắt đầu mọc ria mép khi bước vào tuổi dậy thì	CÁC BẠN NAM RIA MÉP BẮT ĐẦU MỌC KHI ĐẾN TUỔI DẬY THÌ	Sức khỏe
chắc chắn rồi tôi sẽ đi xem nhà với anh bất cứ lúc nào anh muốn	CHẮC CHẮN TÔI NHÀ ĐI XEM CÙNG TẤT CẢ THỜI GIAN ANH MUỐN	Cuộc sống thường nhật
diễn viên xiếc thực hiện những pha nhào lộn trên không ngoạn mục	DIỄN VIÊN XIẾC NHÀO LỘN TRÊN CAO LÀM NGOẠN MỤC GIỎI	Văn hóa và Giáo dục
bạn thích mưa không	BẠN MƯA THÍCH KHÔNG	Mối quan hệ
tôi đang tự hỏi khi nào là ngày thu gom rác	TÔI NGÀY THU GOM RÁC TỰ HỎI KHI NÀO	Cuộc sống thường nhật
không đời nào ông già cổ giàu có ổng mua cho cổ mọi thứ cổ muốn	KHÔNG BỐ CỦA CÔ ẤY GIÀU CÔ ẤY MỌI THỨ MUỐN ÔNG ẤY MUA CHO	Mối quan hệ
nó rất đẹp tôi muốn mua tủ lạnh này	NÓ RẤT ĐẸP TÔI TỦ LẠNH NÀY MUA MUỐN	Cuộc sống thường nhật
mọi nhân viên phải tuân thủ nghiêm ngặt nội quy của công ty	CÔNG TY NHÂN VIÊN NỘI QUY MỌI TẤT CẢ NHÂN VIÊN THỰC HIỆN ĐÚNG	Công việc
lễ hội ok om bok là của dân tộc khơ me	LỄ HỘI ÓC BOM BÓC LÀ CỦA NGƯỜI KHƠ ME	Văn hóa và Giáo dục
bạn có kế hoạch gì cho bữa tối nay không	BẠN KẾ HOẠCH CHO BỮA TỐI NAY CÓ KHÔNG	Cuộc sống thường nhật
bé lan đang học thuộc lòng bảng chia hai trong lớp	BÉ LAN BẢNG CHIA HAI HỌC THUỘC TRONG LỚP	Cuộc sống học đường
chúng cũng dễ pha trộn	CHÚNG PHA TRỘN DỄ	Cuộc sống thường nhật
cậu bé đứng khoanh tay và nghiêm trang chào người lớn tuổi	CẬU BÉ KHOANH TAY ĐỨNG VÀ CHÀO NGHIÊM TÚC NGƯỜI LỚN TUỔI	Thái độ và Cảm xúc
cẩn thận nhé	CẨN THẬN	Cuộc sống thường nhật
tôi muốn mua một chai nước súc miệng một bàn chải đánh răng	TÔI NƯỚC SÚC MIỆNG BÀN CHẢI ĐÁNH RĂNG MUA MUỐN	Cuộc sống thường nhật
tôi có thể ngồi được không	TÔI NGỒI ĐƯỢC KHÔNG	Công việc
làng bát tràng nổi tiếng với các sản phẩm gốm sứ	LÀNG BÁT TRÀNG CÁC SẢN PHẨM GỐM SỨ NỔI TIẾNG	Văn hóa và Giáo dục
tôi có một món quà cho bạn	TÔI MÓN QUÀ MỘT CHO BẠN	Cuộc sống thường nhật
vâng để nói với bạn sự thật tôi đang ăn kiêng	ĐỂ NÓI VỚI BẠN SỰ THẬT TÔI ĂN KIÊNG	Mối quan hệ
rất nhiều du khách đang chờ tàu tại bến tàu cát bà	TẠI BẾN TÀU CÁT BÀ DU KHÁCH CHỜ ĐỢI NHIỀU	Du lịch
tôi không nghĩ chúng ta đã gặp nhau	TÔI NGHĨ KHÔNG CHÚNG TA GẶP NHAU CHƯA	Mối quan hệ
chỉ cho tôi cách nhanh nhất để đến đó	CHỈ CHO TÔI CÁCH NHANH NHẤT ĐẾN ĐÓ	Du lịch
nếu tôi là bạn tôi sẽ không uống quá nhiều	NẾU TÔI LÀ BẠN TÔI UỐNG QUÁ NHIỀU KHÔNG	Cuộc sống thường nhật
dĩa luôn để bên trái và dao bên phải	ĐĨA BÊN TRÁI DAO BÊN PHẢI LUÔN LUÔN	Cuộc sống thường nhật
cô ấy luôn nói chuyện rất nhẹ nhàng và tình cảm với mọi người	CÔ ẤY NÓI CHUYỆN NHẸ NHÀNG VÀ TÌNH CẢM VỚI MỌI NGƯỜI	Thái độ và Cảm xúc
em có muốn sống ở đó không	EM SỐNG Ở ĐÓ MUỐN KHÔNG	Mối quan hệ
thằng bé rất thông minh nhưng lại quá ham chơi	THẰNG BÉ THÔNG MINH NHƯNG BÉ CHƠI NHIỀU	Cuộc sống học đường
muốn ăn trưa thứ bảy này không	THỨ BẢY ĂN TRƯA MUỐN KHÔNG	Công việc
đó sẽ là tôi	CHẮC TÔI RỒI	Mối quan hệ
mẹ tôi đang phơi quần áo ngoài sân sau nhà	MẸ TÔI QUẦN ÁO PHƠI NGOÀI SÂN SAU NHÀ	Cuộc sống thường nhật
chúng ta nên lựa chọn những loại thực phẩm sạch và an toàn	CHÚNG TA THỰC PHẨM SẠCH VÀ AN TOÀN LỰA CHỌN NÊN	Sức khỏe
tôi đảm bảo với bạn rằng bạn đang trả tiền cho chất lượng	TÔI ĐẢM BẢO TIỀN CỦA BẠN CHẤT LƯỢNG XỨNG ĐÁNG	Cuộc sống thường nhật
bạn phải biết địa chỉ email của đơn vị	BẠN BIẾT E MAIL CỦA ĐƠN VỊ PHẢI	Công việc
bạn có muốn mì rau gạo thịt hải sản đậu hoặc món tráng miệng	BẠN MÌ RAU GẠO THỊT HẢI SẢN ĐẬU HOẶC MÓN TRÁNG MIỆNG MUỐN KHÔNG	Cuộc sống thường nhật
bạn đã nói rồi	BẠN NÓI RỒI	Mối quan hệ
anh có đi bỏ phiếu vào thứ ba không	THỨ BA BẠN BỎ PHIẾU ĐI CÓ KHÔNG	Chính trị
số dư của bạn là 34000 đồng	SỐ DƯ BẠN LÀ 34 000 ĐỒNG	Tài chính
vâng bạn có muốn bánh mì kẹp thịt thức ăn trung quốc hoặc thức ăn mexico	BẠN BÁNH MÌ THỊT THỨC ĂN TRUNG QUỐC HOẶC THỨC ĂN MEXICO MUỐN	Cuộc sống thường nhật
nghe có vẻ không tệ lắm	NGHE BÌNH THƯỜNG	Cuộc sống thường nhật
các doanh nghiệp cần liên kết để cùng nhau phát triển	CÁC DOANH NGHIỆP CÙNG NHAU CẦN LIÊN KẾT KẾT NỐI PHÁT TRIỂN	Công việc
vậy thì sao tôi chỉ mất một giờ làm việc	SAO TÔI MẤT MỘT GIỜ LÀM THÔI	Cuộc sống thường nhật
chú bé loắt choắt nhưng lại chạy rất nhanh và khỏe	CHÚ BÉ THẤP CÒI NHƯNG CHẠY NHANH VÀ KHOẺ	Cuộc sống thường nhật
bạn có muốn tôi thử một thẻ khác	BẠN MUỐN TÔI THỬ DÙNG THẺ KHÁC KHÔNG	Tài chính
tôi không nghĩ đó là quá nhiều cho thuê	TÔI KHÔNG NGHĨ ĐÓ QUÁ NHIỀU CHO THUÊ	Cuộc sống thường nhật
mỗi người nhận được phần thưởng lớn sau dự án	MỖI NGƯỜI PHẦN THƯỞNG LỚN NHẬN SAU DỰ ÁN	Công việc
chữ y đứng gần cuối trong bảng chữ cái tiếng việt	BẢNG CHỮ CÁI TIẾNG VIỆT CHỮ Y ĐỨNG GẦN CUỐI	Cuộc sống học đường
cây bàng trước sân trường đã trụi lá khi đông về	TRƯỚC SÂN TRƯỜNG CÂY BÀNG MÙA ĐÔNG VỀ LÁ TRỤI CÓ KHÔNG	Cuộc sống thường nhật
dạo này anh có vẻ chán nản có chuyện gì vậy	DẠO NÀY ANH TRÔNG BUỒN CÓ VẺ CHUYỆN GÌ CÓ SAO	Mối quan hệ
uống một ly cocacola mát lạnh giúp tôi sảng khoái hơn	COCACOLA 1 LY MÁT LẠNH UỐNG GIÚP TÔI THOẢI MẢI HƠN	Cuộc sống thường nhật
em rất thích bìa sách của cuốn truyện tranh mới mua này	EM CUỐN TRUYỆN TRANH MỚI NÀY BÌA SÁCH MUA THÍCH	Cuộc sống học đường
tôi phải đến gặp lưu ích	TÔI LƯU GẶP ĐẾN PHẢI	Cuộc sống thường nhật
anh ấy đang điều hành một doanh nghiệp nhỏ về công nghệ	ANH ẤY DOANH NGHIỆP TIN HỌC NHỎ 1 QUẢN LÝ	Công việc
bố tôi cũng vậy tôi quen rồi	BỐ CỦA TÔI CŨNG VẬY TÔI QUEN RỒI	Mối quan hệ
thằng bé hay nói leo khi người lớn đang trò chuyện	BÉ THẰNG NÓI KHI NGƯỜI LỚN NÓI	Thái độ và Cảm xúc
anh nói anh sẽ đi vắng hai ngày mà	ANH NÓI ANH ĐI VẮNG 2 NGÀY SẼ	Mối quan hệ
ồ tuyệt quá phòng sáng sủa và nhà rất yên tĩnh	TUYỆT PHÒNG SÁNG SỦA NGÔI NHÀ YÊN TĨNH	Cuộc sống thường nhật
được rồi ở đâu và khi nào	Ở ĐÂU KHI NÀO	Mối quan hệ
việc cắt lông mũi thường xuyên giúp gương mặt trông sạch sẽ hơn	LÔNG MŨI CẮT TỈA THƯỜNG XUYÊN GƯƠNG MẶT SẠCH SẼ GIÚP	Sức khỏe
món bún ốc nguội là một đặc sản của hà nội	MÓN BÚN ỐC NGUỘI LÀ ĐẶC SẢN CỦA HÀ NỘI	Văn hóa và Giáo dục
tôi tên là hiếu	TÔI TÊN HIẾU	Cuộc sống thường nhật
vâng xin vui lòng bạn có dùng thẻ tín dụng không	VÂNG ĐƯỢC Ở ĐÂY THẺ TÍN DỤNG NHẬN KHÔNG	Du lịch
à tôi nấu rất nhiều bữa ăn lớn	TÔI NẤU BỮA ĂN LỚN NHIỀU	Cuộc sống thường nhật
tổ chim yến được coi là một thực phẩm rất bổ dưỡng	TỔ CHIM YẾN LÀ THỰC PHẨM BỔ DƯỠNG	Sức khỏe
thế còn một chuyến tham quan nhà máy	CHUYẾN THAM QUAN NHÀ MÁY CÒN	Mối quan hệ
bạn làm việc rất hiệu quả	BẠN LÀM VIỆC RẤT TỐT	Cuộc sống thường nhật
ồ vâng bạn nói đúng các cơ quan rất quan trọng thực sự	Ồ ĐÚNG RỒI BẠN NÓI PHẢI CƠ QUAN QUAN TRỌNG RẤT	Văn hóa và Giáo dục
vâng tôi đang tự hỏi liệu tôi có thể nghỉ thêm hai tuần nữa không	TÔI HAI TUẦN NGHỈ THÊM XIN CÓ THỂ KHÔNG BIẾT ĐANG NGHĨ	Công việc
và tôi có thể có một sốt cà chua làm ơn	TÔI SỐT CÀ CHUA THÊM MUỐN	Cuộc sống thường nhật
lần này tôi sẽ thử sữa đậu nành	LẦN NÀY TÔI SỮA ĐẬU NÀNH THỬ	Cuộc sống thường nhật
tôi thua ư	TÔI THUA RỒI À	Tài chính
xin lỗi tôi nghĩ rằng bạn biết	XIN LỖI TÔI NGHĨ BẠN BIẾT	Thái độ và Cảm xúc
bạn dự định chi tiền bao nhiêu	BẠN TIỀN QUYẾT ĐỊNH BAO NHIÊU	Cuộc sống thường nhật
khi nào tôi có thể chăm sóc cho bạn	TÔI CHĂM SÓC BẠN BẮT ĐẦU KHI NÀO	Du lịch
đó là tốt bạn sẽ cho tôi biết chi tiết	TỐT BẠN CHI TIẾT CHO THÊM CÓ KHÔNG	Cuộc sống thường nhật
không có gì nhiều có gì mới với bạn	MỚI KHÔNG CÓ CŨNG BẠN SAO	Mối quan hệ
vâng tôi muốn thử	VÂNG TÔI THỬ MUỐN	Cuộc sống thường nhật
bạn làm gì để cải thiện tiếng anh của mình	BẠN TIẾNG ANH CẢI THIỆN LÀM GÌ	Văn hóa và Giáo dục
hôm nay là thứ năm	HÔM NAY LÀ THỨ NĂM	Mối quan hệ
bạn còn muốn mua gì nữa không	BẠN MUA THÊM GÌ MUỐN KHÔNG	Cuộc sống thường nhật
bạn sẽ rất vui	BẠN VUI SẼ	Cuộc sống thường nhật
cảm ơn anh tôi yêu anh rất nhiều	CẢM ƠN TÔI ANH ANH YÊU RẤT NHIỀU	Mối quan hệ
tôi đặc biệt thích món gà tuyệt vời	TÔI ĐẶC BIỆT THÍCH MÓN GÀ Ở ĐÂY NGON TUYỆT	Mối quan hệ
được rồi tôi chọn bộ đồ bơi này bạn có thích không	RỒI TÔI BỘ ĐỒ BƠI NÀY CHỌN BẠN THÍCH KHÔNG	Du lịch
mỗi quốc gia đều có những nét văn hóa đặc trưng riêng biệt	MỖI QUỐC GIA NHỮNG NÉT VĂN HOÁ ĐẶC TRƯNG ĐẶC ĐIỂM RIÊNG ĐỀU CÓ	Văn hóa và Giáo dục
tôi vẫn chưa quyết định còn bạn thì sao	TÔI QUYẾT ĐỊNH CHƯA BẠN THẾ NÀO	Cuộc sống học đường
nó đang hòa tan	NÓ HÒA TAN	Cuộc sống thường nhật
vâng khi nào nó sẽ thuận tiện cho bạn	BẠN TIỆN KHI NÀO	Mối quan hệ
bạn đã học hành chăm chỉ chưa	BẠN HỌC HÀNH CHĂM CHỈ CHƯA	Cuộc sống học đường
nó ghi  không hút thuốc ở đây 	NÓ GHI Ở ĐÂY KHÔNG HÚT THUỐC	Cuộc sống thường nhật
tôi xin lỗi tôi không biết điều đó nhưng tôi muốn giúp đỡ	XIN LỖI TÔI KHÔNG BIẾT NHƯNG TÔI GIÚP MUỐN	Cuộc sống thường nhật
tiếng trống trường báo hiệu giờ ra chơi đã đến rồi	TRƯỜNG TIẾNG TRỐNG VANG LÊN BÁO HIỆU GIỜ RA CHƠI ĐẾN RỒI	Cuộc sống học đường
có một chuyến tàu tốc hành sẽ khởi hành trong 20 phút nữa	CHUYẾN TÀU TỐC HÀNH KHỞI HÀNH TRONG 20 PHÚT NỮA	Du lịch
tôi ngã trên đường đến trường và xe đạp của bạn bị trầy xước tôi thực sự xin lỗi	TÔI TRƯỜNG ĐẾN ĐƯỜNG TRÊN NGÃ BỊ XE ĐẠP BẠN TRẦY LÀM TÔI XIN LỖI THẬT SỰ	Mối quan hệ
trời vẫn còn mưa	TRỜI MƯA VẪN CÒN	Cuộc sống thường nhật
chúng tôi dậy sớm để ngắm cảnh mặt trời mọc trên biển	CHÚNG TÔI SỚM DẬY MẶT TRỜI BIỂN MỌC NGẮM CẢNH ĐẸP	Du lịch
chúng tôi đã bị ướt hết cả người nhưng chúng ta vẫn tận hưởng chính mình	CHÚNG TÔI ƯỚT HẾT NHƯNG CHÚNG TA THƯ GIÃN VẪN	Mối quan hệ
kỹ năng hội thoại tiếng anh của cô ấy rất lưu loát	CÔ ẤY KĨ NĂNG HỘI THOẠI TIẾNG ANH RẤT GIỎI	Công việc
rất hân hạnh bạn đã xem phim chưa	BẠN PHIM ĐÓ XEM CHƯA	Mối quan hệ
tôi không thấy bạn ở lớp của thầy johnson hôm nay	TÔI BẠN KHÔNG THẤY Ở LỚP CỦA THẦY THỨC HÔM NAY	Cuộc sống học đường
kiểm tra tình trạng xăng của bạn	BẠN LƯỢNG XĂNG KIỂM TRA ĐI	Cuộc sống thường nhật
tôi sẽ gọi điện và đặt chỗ	TÔI GỌI ĐIỆN ĐẶT CHỖ SẼ	Mối quan hệ
bạn cũng cần phải chọn một món quà cho cha của bạn phải không	BẠN MÓN QUÀ CHO CHA CỦA BẠN CHỌN CẦN PHẢI KHÔNG	Mối quan hệ
tôi thực sự vui mừng khi nghe về sự thăng tiến của bạn xin chúc mừng	TÔI VUI MỪNG KHI NGHE SỰ LÊN CHỨC CỦA BẠN XIN CHÚC MỪNG	Công việc
sẽ đến đó lúc 1145 nhưng có thể hơi muộn một chút	ĐẾN ĐÓ GIỜ 11 45 MUỘN 1 CHÚT CÓ THỂ	Du lịch
tiếng đàn vĩ cầm violin du dương trong phòng hòa nhạc	TIẾNG ĐÀN VIOLIN DU DƯƠNG TRONG PHÒNG HOÀ NHẠC	Văn hóa và Giáo dục
cậu giúp cậu ta cả buổi chiều à	BẠN CẬU TA GIÚP CẢ BUỔI CHIỀU À	Mối quan hệ
người phụ nữ anh vừa nói chuyện là ai	NGƯỜI PHỤ NỮ ANH NÓI CHUYỆN AI	Mối quan hệ
công ty đang xây dựng một kế hoạch phát triển kinh doanh dài hạn	CÔNG TY KẾ HOẠCH 1 CÓ XÂY DỰNG KINH DOANH PHÁT TRIỂN DÀI HẠN	Công việc
nghe có vẻ ổn đấy bạn tính phí bao nhiêu	NGHE HAY BẠN TIỀN BAO NHIÊU	Cuộc sống thường nhật
không tôi không uống rượu	TÔI RƯỢU UỐNG	Du lịch
bạn có biết gì về các lớp học của tiến sĩ miller không	BẠN LỚP HỌC TIẾN SĨ BIẾT GÌ	Cuộc sống học đường
ông thực sự phải đi sao	ÔNG ĐI THẬT	Mối quan hệ
cô ấy bị sao vậy	CÔ ẤY THẾ NÀO	Mối quan hệ
cuộc họp kéo dài bao lâu	CUỘC HỌP KÉO DÀI LÂU BAO NHIÊU	Công việc
con đang chơi ngoài trời và mẹ đang ở trong này chuẩn bị mọi thứ cho bữa trưa	CON CHƠI NGOÀI MẸ TRONG BỮA TRƯA MỌI THỨ CHUẨN BỊ	Cuộc sống thường nhật
một hai ba bốn năm sáu bảy tám chín 9 giờ	1 2 3 4 5 6 7 8 9 GIỜ 9	Cuộc sống thường nhật
xin chào bạn có thể giúp tôi được không máy tính của tôi ôi trời	CHÀO BẠN GIÚP TÔI ĐƯỢC KHÔNG MÁY TÍNH CỦA TÔI ÔI TRỜI	Cuộc sống thường nhật
tôi xin lỗi nhưng tôi không thể đi	XIN LỖI NHƯNG TÔI ĐI KHÔNG THỂ	Mối quan hệ
làm thế nào để bạn có đủ protein trong chế độ ăn uống của bạn	BẠN DINH DƯỠNG ĐỦ TRONG ĂN UỐNG LÀM THẾ NÀO	Mối quan hệ
tôi tự hỏi liệu ở đó có lạnh không	TÔI TỰ HỎI Ở ĐÓ LẠNH CÓ KHÔNG	Cuộc sống thường nhật
được rồi bạn có chắc là không còn gì khác không	BẠN CHẮC KHÔNG CÒN GÌ KHÁC KHÔNG	Du lịch
công ty chúng tôi vừa kỷ niệm 40 năm ngày thành lập	CÔNG TY CHÚNG TÔI 40 NĂM NGÀY THÀNH LẬP VỪA MỚI TỔ CHỨC	Công việc
được rồi để tôi xem nên bắt đầu từ đâu	TÔI XEM BẮT ĐẦU Ở ĐÂU	Công việc
bạn gửi thư cho cô ấy khi nào	BẠN CÔ ẤY THƯ GỬI KHI NÀO	Mối quan hệ
ngọn núi thấp này rất phù hợp cho những người mới leo	NGỌN NÚI THẤP NÀY NHỮNG NGƯỜI MỚI LEO NÚI PHÙ HỢP	Du lịch
du lịch bến tre nổi tiếng với những vườn dừa	BẾN TRE DU LỊCH NHỮNG VƯỜN DỪA NỔI TIẾNG	Du lịch
chiếc gậy của người già giúp ông đi lại vững vàng hơn	CHIẾC GẬY CỦA NGƯỜI GIÀ GIÚP ÔNG ĐI VỮNG VÀNG HƠN	Sức khỏe
vâng tôi thích xem chương trình động vật	TÔI CHƯƠNG TRÌNH ĐỘNG VẬT XEM THÍCH	Cuộc sống thường nhật
bạn có rượu vang hay rượu mạnh không	BẠN RƯỢU VANG HOẶC RƯỢU MẠNH CÓ KHÔNG	Du lịch
tôi thích dâu sầu riêng	TÔI DÂU SẦU RIÊNG THÍCH	Cuộc sống thường nhật
tôi nghĩ rằng nó rất có thể	TÔI NGHĨ NÓ CÓ THỂ	Văn hóa và Giáo dục
sa lát ngon lắm	SA LÁT NGON LẮM	Cuộc sống thường nhật
hình ảnh cây tre đã gắn liền với làng quê việt nam	CÂY TRE HÌNH ẢNH GẮN LIỀN LIÊN KẾT GẮN BÓ LÀNG QUÊ VIỆT NAM	Văn hóa và Giáo dục
bạn gặp vấn đề đó bao lâu rồi	BẠN VẤN ĐỀ ĐÓ GẶP BAO LÂU	Sức khỏe
bạn có nghĩ rằng ông có thể làm tốt không	BẠN NGHĨ ÔNG LÀM TỐT CÓ THỂ	Cuộc sống học đường
tôi sẽ làm vườn một chút tôi thấy rất thư giãn	TÔI LÀM VƯỜN 1 CHÚT MUỐN TÔI CẢM THẤY THƯ GIÃN	Mối quan hệ
chắc chắn văn phòng của bạn ở đâu	VĂN PHÒNG ANH ĐÂU Ở DĨ NHIÊN RỒI	Cuộc sống thường nhật
bạn học sinh đang tự tin trình bày bài thuyết trình trước cả lớp	BẠN HỌC SINH BÀI LÀM TRÌNH BÀY TỰ TIN TRƯỚC CẢ LỚP	Cuộc sống học đường
bạn nghĩ sao về bác sĩ thompson	BẠN THẤY BÁC SĨ THOMPSON THẾ NÀO	Mối quan hệ
anh ấy là một thành viên tích cực trong câu lạc bộ nhiếp ảnh	ANH ẤY THÀNH VIÊN MỘT TÍCH CỰC TRONG CÂU LẠC BỘ NHIẾP ẢNH	Mối quan hệ
không vấn đề gì bạn có cần ohp không	KHÔNG SAO BẠN MÁY CHIẾU OHP CẦN KHÔNG	Công việc
anh ấy luôn có khát vọng cháy bỏng để trở thành một bác sĩ giỏi	ANH ẤY BÁC SĨ GIỎI TRỞ THÀNH KHÁT VỌNG MÃNH LIỆT CÓ	Thái độ và Cảm xúc
chúng tôi cần đặt chỗ cho bốn người	CHÚNG TÔI ĐẶT CHO BỐN NGƯỜI CẦN	Mối quan hệ
thành tích học tập của cô ấy luôn vượt trội so với các bạn khác	CÔ ẤY SO VỚI CÁC BẠN KHÁC THÀNH TÍCH HỌC TẬP VƯỢT TRỘI GIỎI HƠN	Cuộc sống học đường
nó có bị hỏng không	NÓ BỊ HỎNG CO KHÔNG	Du lịch
cuối tuần cuối cùng là ở đây	CUỐI TUẦN CUỐI CÙNG Ở ĐÂY	Mối quan hệ
chúng ta xuống ở đâu	CHÚNG TA XUỐNG Ở ĐÂU	Cuộc sống thường nhật
bà ấy có thích bộ váy này không	BÀ ẤY BỘ VÁY THÍCH KHÔNG	Mối quan hệ
vâng tôi biết chính xác anh ta trông như thế nào	TÔI BIẾT CHÍNH XÁC ANH ẤY TRÔNG THẾ NÀO	Chính trị
tôi có thể nói chuyện riêng với cô ấy được không	TÔI CÔ ẤY NÓI CHUYỆN RIÊNG ĐƯỢC KHÔNG	Mối quan hệ
hãy luôn giữ tinh thần tỉnh táo khi lái xe trên đường	KHI LÁI XE TRÊN ĐƯỜNG TINH THẦN TỈNH TÁO PHẢI CÓ	Sức khỏe
chiếc lá vàng rơi nhẹ nhàng xuống mui xe ô tô	CHIẾC LÁ VÀNG RƠI XUỐNG NHẸ NHÀNG MUI XE NẮP XE Ô TÔ	Cuộc sống thường nhật
một biên nhận	BIÊN NHẬN MỘT	Thái độ và Cảm xúc
chúng ta cần cảnh giác trước những cuộc gọi lừa đảo	CHÚNG TA CẢNH GIÁC CẦN TRƯỚC NHỮNG CUỘC GỌI LỪA ĐẢO	Cuộc sống thường nhật
tháng này nhà tôi dùng hết mười mét khối nước sạch	NHÀ TÔI THÁNG NÀY NƯỚC DÙNG 10 MÉT KHỐI HẾT	Cuộc sống thường nhật
túi của bạn bạn đã lấy lại được chưa	TÚI CỦA BẠN BẠN LẤY LẠI CHƯA	Mối quan hệ
chậu xương rồng nhỏ bé vẫn kiên cường nở hoa rực rỡ	CHẬU XƯƠNG RỒNG NHỎ BÉ KIÊN QUYẾT NỞ HOA RỰC RỠ	Cuộc sống thường nhật
xin lỗi không phải vào buổi tối nay	BUỔI TỐI NAY KHÔNG PHẢI	Mối quan hệ
yếu tố thứ bốn là sự kiên trì và không ngừng học hỏi	YẾU TỐ THỨ 4 SỰ KIỆN TRÌ VÀ HỌC HỎI NGỪNG KHÔNG	Văn hóa và Giáo dục
bạn bạn có bằng thợ mộc không	BẠN BẰNG NGHỀ MỘC THẬT CÓ À	Mối quan hệ
chuyến đi du lịch sapa để lại trong tôi nhiều kỷ niệm	SA PA DU LỊCH CHUYẾN ĐI ĐỂ LẠI CHO TÔI KỶ NIỆM NHIỀU	Du lịch
tôi rất ngưỡng mộ những người có ý chí vươn lên mạnh mẽ	TÔI NGƯỜI Ý CHÍ VƯƠN LÊN MẠNH MẼ NGƯỠNG MỘ	Thái độ và Cảm xúc
khói bụi từ nhà máy rất độc hại cho sức khỏe con người	NHÀ MÁY KHÓI BỤI ĐỘC HẠI CHO SỨC KHOẺ CON NGƯỜI	Sức khỏe
nó có khác với loại vườn thú này không	VƯỜN THÚ NÀY KHÁC CÓ KHÔNG	Mối quan hệ
các em đang mặc đồng phục học sinh	HỌC SINH ĐỒNG PHỤC MẶC	Cuộc sống học đường
bố tôi đang sửa chữa chiếc xe đạp bị hỏng	BỐ TÔI SỬA CHỮA XE ĐẠP HỎNG	Cuộc sống thường nhật
có tạp chí không	TẠP CHÍ CÓ KHÔNG	Cuộc sống thường nhật
đà lạt thực sự là một nơi đáng yêu để ghé thăm	ĐÀ LẠT ĐÁNG YÊU GHÉ THĂM	Du lịch
đoàn xe đang làm thủ tục tại cửa khẩu mộc bài	ĐOÀN XE THỦ TỤC GIẤY TỜ LÀM TẠI CỬA KHẨU MỘC BÀI	Du lịch
người nhập cư bất hợp pháp có thể bị trục xuất về nước	NGƯỜI CƯ TRÚ Ở KHÔNG ĐÚNG CÓ THỂ ĐUỔI VỀ ĐẤT NƯỚC	Chính trị
tôi đã tìm nó khắp nơi chắc tôi để quên đâu đó hy vọng tôi không mất nó	TÔI NƠI NƠI TÌM RỒI CHẮC QUÊN ĐÂU ĐÓ MONG MẤT CHƯA	Cuộc sống thường nhật
vâng tôi có thể tôi nói rất tốt	TÔI CÓ THỂ TÔI NÓI RẤT TỐT	Mối quan hệ
cái váy đó rất đẹp sao anh không thích nó	CÁI VÁY ĐÓ RẤT ĐẸP BẠN THÍCH KHÔNG TẠI SAO	Cuộc sống thường nhật
nó rất thú vị tôi thích nó rất nhiều	TÔI THÍCH RẤT THÚ VỊ	Mối quan hệ
tại sao chúng ta không xem một số trẻ em làm thuyền	CHÚNG TA XEM TRẺ EM THUYỀN LÀM KHÔNG TẠI SAO	Du lịch
để tôi lấy cái này	ĐỂ TÔI LẤY CÁI NÀY	Cuộc sống thường nhật
đúng vậy khoai tây trông có vẻ khô	ĐÚNG KHOAI TÂY TRÔNG KHÔ	Cuộc sống thường nhật
sở thích là tuyệt vời tôi sẽ lập một danh sách tất cả những điều tôi thích làm	SỞ THÍCH THẬT TUYỆT TÔI VIỆC THÍCH LÀM TẤT CẢ LIỆT KÊ SẼ	Mối quan hệ
trong nhà bếp xuất hiện một con gián rất đáng sợ	TRONG NHÀ BẾP CON GIÁN 1 CÓ ĐÁNG SỢ	Cuộc sống thường nhật
ok bây giờ bạn có bút và giấy không	BẠN BÚT GIẤY CÓ	Công việc
nước là thức uống rất quan trọng nhưng tôi nghĩ chúng ta có thể làm nước chanh	NƯỚC ĐỒ UỐNG QUAN TRỌNG NHƯNG TÔI NGHĨ CHÚNG TA NƯỚC CHANH LÀM CÓ THỂ	Cuộc sống thường nhật
đây có phải là nơi tôi có thể bắt xe buýt đến nhà hát không	TÔI XE BUÝT ĐÓN ĐẾN NHÀ HÁT PHẢI KHÔNG	Cuộc sống thường nhật
bước ba là bỏ ra bát bước bốn là đem ra bàn bước năm là gọi mọi người ăn	THỨ NHẤT BÁT BỎ VÀO THỨ HAI BÀN ĐEM RA THỨ BA MỌI NGƯỜI GỌI VÀO ĂN	Văn hóa và Giáo dục
bạn nói có những lựa chọn khác	BẠN NÓI LỰA CHỌN KHÁC PHẢI KHÔNG	Du lịch
bữa tối nay nhà tôi ăn món con ghẹ hấp bia	BỮA TỐI NAY NHÀ TÔI MÓN GHẸ HẤP BIA ĂN	Cuộc sống thường nhật
trên thực tế tôi muốn một gian hàng bên cửa sổ nếu có thể	NẾU CÓ GHẾ CỬA SỔ CẠNH MUỐN	Cuộc sống thường nhật
mình có linh cảm tốt về ngôi nhà này đó	MÌNH NGÔI NHÀ NÀY LINH CẢM TỐT	Cuộc sống thường nhật
được nhưng trả lời câu hỏi nhé	ĐƯỢC NHƯNG CÂU HỎI TRẢ LỜI	Mối quan hệ
căng thẳng kéo dài có thể ảnh hưởng xấu đến dây thần kinh	CĂNG THẲNG KÉO DÀI DÂY THẦN KINH ẢNH HƯỞNG XẤU CÓ THỂ	Sức khỏe
con đường đèo dẫn lên đỉnh núi rất khúc khuỷu và nguy hiểm	ĐỈNH NÚI CON ĐƯỜNG ĐÈO LÊN KHÚC KHUỶU NGUY HIỂM	Du lịch
nghe hay đấy bạn dành buổi sáng của mình như thế nào	NGHE HAY BUỔI SÁNG BẠN LÀM GÌ	Mối quan hệ
làm việc với máy tính nhiều có thể ảnh hưởng đến thị giác	MÁY TÍNH LÀM NHIỀU THỊ GIÁC ẢNH HƯỞNG CÓ THỂ	Sức khỏe
nghe có vẻ tốt khách sạn mà chúng tôi sẽ ở như thế nào	NGHE ỔN ĐẤY KHÁCH SẠN CHÚNG TA Ở THÌ NHƯ THẾ NÀO	Du lịch
bên ngoài trời rất ẩm ướt	BÊN NGOÀI TRỜI ẨM ƯỚT	Cuộc sống thường nhật
được rồi tôi đã đăng ký rồi	ĐƯỢC RỒI TÔI ĐĂNG KÝ RỒI	Cuộc sống thường nhật
học sinh cần chú ý lắng nghe cô giáo giảng bài	CÔ GIÁO GIẢNG BÀI HỌC SINH LẮNG NGHE CHÚ Ý CẦN	Cuộc sống học đường
chúng tôi đang tìm một địa điểm lý tưởng để tổ chức tiệc	CHÚNG TÔI ĐỊA ĐIỂM BUỔI TIỆC TÌM	Cuộc sống thường nhật
bạn đã bỏ phiếu cho anh ta	BẠN ANH TA BẦU CHƯA	Chính trị
chúng tôi cần tính toán chính xác diện tích của khu đất này	CHÚNG TÔI KHU ĐẤT NÀY DIỆN TÍCH TÍNH TOÁN CHÍNH XÁC CẦN	Công việc
bạn có muốn đến ăn cơm với chúng tôi vào thứ sáu tới không	THỨ SÁU BẠN ĂN CƠM ĐẾN CHÚNG TÔI VỚI MUỐN KHÔNG	Mối quan hệ
cô ấy có tính cẩn thận nên làm việc gì cũng tốt	CÔ ẤY TÍNH CẤN THẬN CÓ NÊN CÔNG VIỆC LÀM TỐT	Thái độ và Cảm xúc
lễ hội hóa trang có rất nhiều loại mặt nạ độc đáo	LỄ HỘI HOÁ TRANG CẢI TRANG MẶT NẠ ĐỘC ĐÁO ĐẶC BIỆT CÓ NHIỀU	Văn hóa và Giáo dục
mẹ em thường dùng dầu ăn để chiên cá cho bữa tối	MẸ DẦU ĂN DÙNG ĐỂ RÁN CÁ CHO BỮA TỐI	Cuộc sống thường nhật
bạn đã nói bạn sẽ dừng lại ở đâu	BẠN NÓI BẠN DỪNG LẠI Ở ĐÂU	Cuộc sống thường nhật
ai ở trên con trâu nước này	AI CON TRÂU NƯỚC NGỒI KIA	Mối quan hệ
vâng điều đó là đúng	VÂNG ĐÚNG	Cuộc sống thường nhật
nhà tôi có nuôi chó mèo	NHÀ CỦA TÔI CHÓ L MÈO CÓ	Cuộc sống thường nhật
không sao chúng ta đã có 48 giờ để đảm bảo an toàn	KHÔNG SAO CHÚNG TA 48 TIẾNG CÒN AN TOÀN ĐẢM BẢO ĐƯỢC	Công việc
lần sau đi giày thoải mái đi bạn sẽ quay lại với tôi phải không	LẦN SAU ĐI GIÀY THOẢI MÁI BẠN QUAY LẠI VỚI TÔI PHẢI KHÔNG	Thái độ và Cảm xúc
ông ngoại thường kể cho tôi nghe những câu chuyện ngày xưa	ÔNG NGOẠI NHỮNG CÂU CHUYỆN NGÀY XƯA KỂ TÔI NGHE	Mối quan hệ
bạn sẽ ngay lập tức tràn ngập niềm vui và nụ cười	BẠN NIỀM VUI NỤ CƯỜI NHIỀU	Cuộc sống thường nhật
ah bạn đã thay đổi rất nhanh	À BẠN THAY ĐỔI NHANH THẬT	Mối quan hệ
không sao tôi nên trả tiền phạt ở đâu	KHÔNG SAO TÔI TIỀN PHẠT TRẢ Ở ĐÂU	Du lịch
tối qua mẹ xem kênh gì vậy	TỐI QUA MẸ KÊNH XEM GÌ	Mối quan hệ
tại sao hôm nay bạn buồn vậy bạn vui lên	HÔM NAY BẠN BUỒN SAO VUI LÊN NÀO	Cuộc sống học đường
vâng tôi nghĩ vậy nó không đóng cửa cho đến 5 giờ bạn vẫn còn rất nhiều thời gian	VÂNG TÔI NGHĨ CŨNG NÓ ĐÓNG CỬA GIỜ 5 BẠN THỜI GIAN CÒN NHIỀU	Mối quan hệ
tôi sẽ lấy khăn và lau khô cho anh ấy	TÔI KHĂN LẤY CHO ANH ẤY LAU KHÔ	Sức khỏe
chúng ta nên bắt đầu từ đâu trước nhỉ	CHÚNG TA BẮT ĐẦU ĐẾN TRƯỚC ĐÂU	Cuộc sống thường nhật
người xưa đã để lại cho chúng ta nhiều bài học quý giá	NGƯỜI XƯA BÀI HỌC QUÝ GIÁ ĐỂ LẠI NHIỀU CHO CHÚNG TA	Văn hóa và Giáo dục
tên tội phạm nguy hiểm đã bị đưa vào trại giam	TÊN TỘI PHẠM NGUY HIỂM TRẠI GIAM ĐƯA VÀO RỒI	Chính trị
thế giới thay đổi gia đình cũng vậy	THẾ GIỚI THAY ĐỔI GIA ĐÌNH CŨNG	Mối quan hệ
có ở trên giường và uống nhiều nước cơn sốt của bạn sẽ biến mất trong một hoặc hai ngày	Ừ NẰM NGHỈ UỐNG NHIỀU NƯỚC NHÉ CƠN SỐT MỘT HAI NGÀY THÔI HẾT SẼ	Sức khỏe
tôi làm việc rất chăm chỉ	TÔI LÀM VIỆC CHĂM CHỈ	Cuộc sống thường nhật
tôi có thể hủy đặt phòng của tôi	TÔI ĐẶT PHÒNG HUỶ ĐƯỢC KHÔNG	Du lịch
công ty chúng tôi luôn đặt chất lượng sản phẩm lên hàng đầu	CÔNG TY CHÚNG TÔI CHẤT LƯỢNG HÀNG HOÁ ĐẶT LÊN HÀNG ĐẦU	Công việc
bạn đã nấu món gì	BẠN MÓN GÌ NẤU ĐÃ	Cuộc sống thường nhật
bạn thích xe tải lớn nào nhất	BẠN XE TẢI LỚN THÍCH NHẤT NÀO	Cuộc sống thường nhật
bạn đã nghe nói về phúc 	BẠN PHÚC NGHE NÓI VỀ	Mối quan hệ
người ê đê có nhiều nét văn hóa truyền thống rất đặc sắc	NGƯỜI Ê ĐÊ VĂN HÓA TRUYỀN THỐNG NHIỀU NÉT ĐẶC SẮC CÓ	Văn hóa và Giáo dục
vào mỗi chiều tối công viên lại đông người tập thể dục	MỖI BIỀU CHIỀU CÔNG VIÊN NGƯỜI TẬP THỂ DỤC NHIỀU	Cuộc sống thường nhật
buổi chiều lũ trẻ thường rủ nhau ra đồng rong chơi	BUỔI CHIỀU LŨ BỌN TRẺ CÁNH ĐỒNG RỦ NHAU RONG CHƠI ĐI CHƠI	Cuộc sống thường nhật
chế độ phong kiến việt nam đã chấm dứt từ lâu	CHẾ ĐỘ PHONG KIẾN VIỆT NAM CHẤM DỨT LÂU	Văn hóa và Giáo dục
hình ảnh bụi tre đầu làng thật thân thuộc và bình yên	HÌNH ẢNH BỤI TRE ĐẦU LÀNG THÂN THUỘC BÌNH YÊN	Văn hóa và Giáo dục
em rất thích đọc sách để mở mang thêm nhiều kiến thức	EM SÁCH ĐỌC THÍCH ĐỂ KIẾN THỨC THÊM NHIỀU	Văn hóa và Giáo dục
vậy tình trạng chiến dịch quảng cáo của chúng tôi như thế nào	BÂY GIỜ CHƯƠNG TRÌNH QUẢNG CÁO CỦA CHÚNG TÔI THẾ NÀO	Công việc
số bốn	SỐ BỐN	Chính trị
ngày nào sẽ phù hợp với bạn	BẠN NGÀY PHÙ HỢP NÀO	Mối quan hệ
người nông dân đang dọn dẹp chuồng cho đàn gia súc	NGƯỜI NÔNG DÂN CHUỒNG GIA SÚC DỌN DẸP	Cuộc sống thường nhật
ngư dân ra khơi đánh bắt hải sản từ sáng sớm	NGƯ DÂN RA KHƠI ĐÁNH BẮT HẢI SẢN TỪ SÁNG SỚM	Công việc
chúng tôi muốn làm sạch bản thân	CHÚNG TÔI BẢN THÂN LÀM SẠCH MUỐN	Sức khỏe
em bé có đôi má mũm mĩm trông rất đáng yêu	EM BÉ MÁ MŨM MĨM ĐÔI CÓ TRÔNG ĐÁNG YÊU	Mối quan hệ
bạn có biết họ đang chơi gì không	BẠN BIẾT HỌ CHƠI GÌ	Mối quan hệ
tôi đã không đến trung tâm mua sắm trong một thời gian dài hãy đến đó	TÔI TRUNG TÂM ĐI SẮM ĐỒ LÂU ĐẾN KHÔNG ĐẾN ĐÓ HÃY	Mối quan hệ
tôi thấy bạn có nghĩa là bạn không thích hút thuốc nữa	TÔI HÚT THUỐC KHÔNG THÍCH NỮA HIỂU	Cuộc sống thường nhật
tôi muốn thử một cái gì đó điển hình của việt nam	TÔI NỔI TIẾNG CỦA VIỆT NAM THỬ	Cuộc sống thường nhật
trạm y tế xã luôn sắn sàng chăm sóc sức khoẻ cho người dân	TRẠM Y TẾ XÃ CHĂM SÓC SỨC KHOẺ NGƯỜI DÂN LUÔN SẴN SÀNG	Sức khỏe
cuối tuần cả gia đình tôi thường về quê thăm ông bà	CUỐI TUẦN GIA ĐÌNH TÔI ÔNG BÀ VỀ THĂM THƯỜNG	Mối quan hệ
er tôi đang lái xe ngay bây giờ bạn có thể gọi lại sau 30 phút không	TÔI LÁI XE BẠN GỌI LẠI 30 PHÚT NHÉ	Công việc
xong rồi	XONG RỒI	Cuộc sống thường nhật
chị hai ở nhà trông coi các em khi bố mẹ đi vắng	CHỊ HAI CÁC EM TRÔNG Ở NHÀ BỐ MẸ Ở NHÀ KHÔNG VẮNG	Mối quan hệ
sách nào	SÁCH NÀO	Cuộc sống thường nhật
vâng bạn cũng nghĩ rất nhiều	BẠN NGHĨ NHIỀU CŨNG	Du lịch
cái máy bơm này hút nước rất mạnh mẽ	CÁI MÁY BƠM NÀY HÚT NƯỚC MẠNH MẼ	Cuộc sống thường nhật
lưỡi dao này có hình răng cưa nên cắt rất sắc bén	LƯỠI DAO NÀY HÌNH RĂNH CƯA NÊN CẮT SẮC BÉN	Cuộc sống thường nhật
hãy bán cho tôi 60 nghìn đồng tiền xăng	BÁN CHO TÔI 60 NGHÌN ĐỒNG TIỀN XĂNG HÃY	Cuộc sống thường nhật
con người sẽ dần trưởng thành qua những trải nghiệm trong cuộc sống	CON NGƯỜI TRƯỞNG THÀNH DẦN QUA NHỮNG KHÓ KHĂN TRONG CUỘC SỐNG	Thái độ và Cảm xúc
chúng ta nên chia sẻ khó khăn với những người xung quanh	CHÚNG TA VỚI NHỮNG NGƯỜI XUNG QUANH KHÓ KHĂN CHIA SẺ NÊN	Mối quan hệ
bạn có thể gửi lên một coke và salad	BẠN GỬI LÊN MỘT COCA VÀ RAU TRỘN	Cuộc sống thường nhật
nó sẽ trông đẹp	NÓ TRÔNG ĐẸP	Cuộc sống thường nhật
một đềximét khối bằng một nghìn xăngtimét khối	MỘT ĐỀ XI MÉT KHỐI MỘT NGHÌN XĂNG TI MÉT KHỐI BẰNG	Cuộc sống học đường
giá bao nhiêu	TIỀN BAO NHIÊU	Cuộc sống thường nhật
trước giờ học vẽ em thường ngồi gọt bút chì màu cẩn thận	TRƯỚC GIỜ HỌC VẼ EM BÚT CHÌ MÀU GỌT CẨN THÂN	Cuộc sống học đường
trường của tôi có 3 tầng	TRƯỜNG CỦA TÔI TẦNG 3	Cuộc sống học đường
học phải đi đôi với thực hành mới có hiệu quả	HỌC HÀNH ĐI CÙNG NHAU HIỆU QUẢ CÓ	Cuộc sống học đường
tổ quạ đã sẵn sàng	TỔ QUẠ SẴN SÀNG RỒI	Cuộc sống thường nhật
để tôi xem đi thẳng sau đó rẽ trái đầu tiên	TÔI XEM ĐI THẲNG SAU ĐÓ RẼ TRÁI ĐẦU TIÊN	Cuộc sống thường nhật
mức lương cuối cùng của bạn là bao nhiêu	MỨC LƯƠNG TRƯỚC BẠN BAO NHIÊU	Công việc
tôi không muốn bỏ lỡ nó ngày hôm nay	HÔM NAY TÔI NÓ BỎ QUÊN MUỐN KHÔNG	Mối quan hệ
tôi không muốn làm phiền bạn	TÔI BẠN LÀM PHIỀN MUỐN KHÔNG	Cuộc sống thường nhật
chú công an đã nhanh chóng tóm cổ tên trộm cướp	CHÚ CÔNG AN TÊN TRỘM TÓM CỔ NHANH CHÓNG	Cuộc sống thường nhật
giá vé bao nhiêu	VÉ TIỀN BAO NHIÊU	Mối quan hệ
có gì không ổn à	CHUYỆN KHÔNG ỔN CÓ À	Cuộc sống thường nhật
tuyệt vời có thuận tiện không nếu tôi ghé thăm bạn vào cuối tuần này	CUỐI TUẦN NÀY THĂM ĐƯỢC KHÔNG	Mối quan hệ
ông ấy sẽ lấy xe ô tô sớm nhất có thể	ÔNG ẤY XE Ô TÔ LẤY SỚM NHẤT	Công việc
tôi xin lỗi tôi đã mất thẻ và biên lai làm thế nào tôi có thể làm gì về nó	TÔI XIN LỖI TÔI THẺ VÀ HÓA ĐƠN MẤT RỒI TÔI CÓ THỂ LÀM THẾ NÀO	Du lịch
nếu chúng ta bị ốm thì sao	NẾU TÔI ỐM THÌ SAO	Cuộc sống học đường
sao bạn không nói với tôi là bạn có bạn gái	TÔI BẠN GÁI CÓ BẠN NÓI KHÔNG TẠI SAO	Mối quan hệ
bác thợ rèn sắt đang miệt mài làm việc trong lò lửa	BÁC THỢ RÈN SẮT LÀM VIỆC MIỆT MÀI CHĂM CHỈ TRONG LÒ LỬA	Công việc
bạn có rửa cửa sổ không	BẠN CỬA SỔ RỬA CÓ KHÔNG	Cuộc sống thường nhật
lớp học của tôi có tất cả 8 bạn học sinh nam	LỚP TÔI HỌC SINH NAM TẤT CẢ 8 CÓ	Cuộc sống học đường
bún chả là một món ăn sáng quen thuộc của người dân	BÚN CHẢ LÀ MÓN ĂN SÁNG QUEN THUỘC 1 CỦA NGƯỜI DÂN	Cuộc sống thường nhật
xin chào lần đầu tiên tôi đến ai cập tôi nên xem gì ở đây	CHÀO TÔI AI CẬP ĐẾN LẦN ĐẦU TIÊN Ở ĐÂY TÔI XEM GÌ	Du lịch
tôi cảm thấy vô cùng chán tôi sẽ nhận một công việc	TÔI CÔNG VIỆC NHẬN TÔI CẢM THẤY CHÁN	Cuộc sống thường nhật
chiếc bàn này được làm từ gỗ sồi rất chắc chắn và đẹp	CHIẾC BÀN GỖ SỒI CHẮC CHẮN ĐẸP	Cuộc sống thường nhật
mùi bỏng ngô thơm lừng lan tỏa khắp rạp chiếu phim	MÙI BỎNG NGÔ THƠM RẠP CHIẾU PHIM LAN KHẮP	Cuộc sống thường nhật
wow giờ đã 10 giờ sáng rồi chắc đêm qua anh ấy thức khuya	WOW SÁNG GIỜ 10 RỒI ĐÊM QUA ANH ẤY THỨC KHUYA	Mối quan hệ
mẹ vừa mua một lốc cuộn giấy vệ sinh mới về	MẸ CUỘN GIẤY VỆ SINH MỘT BỊCH MỚI VỪA MUA	Cuộc sống thường nhật
có một cái khác	MỘT CÁI KHÁC CÓ	Cuộc sống thường nhật
rất vui được gặp cả hai bạn	2 BẠN GẶP VUI	Cuộc sống thường nhật
vâng tôi nghe nói đèn đã tắt cả đêm	TÔI NGHE ĐÈN TẮT CẢ ĐÊM	Chính trị
bạn hoàn toàn đúng đó là con số rất tôi thích nhất	BẠN ĐÚNG HOÀN TOÀN ĐÓ SỐ TÔI THÍCH NHẤT	Mối quan hệ
tôi thích bơi lội khi trời nóng và đi trượt nước	KHI TRỜI NÓNG TÔI BƠI LỘI TRƯỢT NƯỚC ĐI THÍCH	Sức khỏe
vâng hôm nay tôi đã đi học bạn có ở đó không	HÔM NAY TÔI HỌC ĐI CÓ BẠN ĐÓ Ở À	Mối quan hệ
du khách rất thích thú khi khám phá cuộc sống trong bản làng	DU KHÁCH CUỘC SỐNG BẢN LÀNG KHÁM PHÁ THÍCH THÚ	Du lịch
hôm nay trời nóng quá	HÔM NAY TRỜI NÓNG	Cuộc sống thường nhật
người thuỷ thủ dũng cảm vượt qua bao con sóng dữ dội	NGƯỜI THỦY THỦ SÓNG DỮ VƯỢT QUA DŨNG CẢM	Công việc
trưởng nhóm đang phân công nhiệm vụ cho các thành viên	TRƯỞNG NHÓM CÁC THÀNH VIÊN NHIỆM VỤ PHÂN CÔNG ĐƯỢC	Công việc
dù khó khăn cô ấy vẫn giữ thái độ lạc quan yêu đời	CÔ ẤY KHÓ KHĂN THÁI ĐỘ LẠC QUAN YÊU ĐỜI GIỮ VẪN	Thái độ và Cảm xúc
tôi muốn mua một vật lưu niệm cho bạn gái của tôi bạn có thể giới thiệu cho tôi không	TÔI QUÀ LƯU NIỆM BẠN GÁI MUA MUỐN BẠN GỢI Ý CHO ĐƯỢC KHÔNG	Cuộc sống thường nhật
không lần này thì không lần trước chúng tôi đã đến đó rồi	KHÔNG LẦN NÀY KHÔNG LẦN TRƯỚC CHÚNG TÔI ĐẾN RỒI	Mối quan hệ
được hay là ra ngoài tận hưởng ánh nắng trên bãi cỏ nhé	ĐƯỢC HAY RA NGOÀI BÃI CỎ ÁNH NẮNG TẬN HƯỞNG	Mối quan hệ
thầy giáo đang cẩn thận chấm điểm bài kiểm tra của chúng tôi	BÀI KIỂM TRA CỦA CHÚNG TÔI THẦY GIÁO CHẤM ĐIỂM CẨN THẬN	Cuộc sống học đường
bạn có ăn nhiều rau không	BẠN RAU ĂN THƯỜNG KHÔNG	Cuộc sống thường nhật
bạn đã lựa chọn đúng phải không	BẠN LỰA CHỌN ĐÚNG PHẢI KHÔNG	Cuộc sống thường nhật
sẽ dễ thôi	DỄ THÔI	Chính trị
ôi dễ thương quá	ÔI DỄ THƯƠNG QUÁ	Cuộc sống thường nhật
ít nhất chúng ta đồng ý về điều đó hãy đi uống một ly	CHÚNG TA ĐIỂM ĐÓ ĐỒNG Ý ĐI UỐNG MỘT LY	Mối quan hệ
ồ bạn có thích trung quốc không	BẠN TRUNG QUỐC THÍCH KHÔNG	Văn hóa và Giáo dục
tháp rùa là một biểu tượng văn hóa của thủ đô hà nội	THÁP RÙA BIỂU TƯỢNG 1 VĂN HOÁ CỦA THỦ ĐÔ HÀ NỘI	Du lịch
người đang ở cửa bây giờ	BÂY GIỜ NGƯỜI CỬA Ở	Cuộc sống thường nhật
bạn thấy khó làm việc với loại người nào	BẠN THẤY LÀM VIỆC KHÓ VỚI LOẠI NGƯỜI NÀO	Công việc
cô ấy bị thâm quầng mắt vì thiếu ngủ nhiều đêm	CÔ ẤY MẮT THÂM QUẦNG MỆT MỎI VÌ NGỦ THIẾU NHIỀU ĐÊM	Sức khỏe
chỉ hơn ba tuần bạn có muốn uống một ly không	HƠN BA TUẦN BẠN UỐNG MỘT LY MUỐN KHÔNG	Mối quan hệ
làm thế nào về số dặm và khí đốt	SỐ DẶM TIỀN XĂNG SAO	Mối quan hệ
vâng tất nhiên tôi cần id sinh viên của bạn xin vui lòng	ID SINH VIÊN CỦA BẠN CHO TÔI XEM	Cuộc sống học đường
vậy anh nói tiếng đức phải không	ANH TIẾNG ĐỨC NÓI PHẢI	Mối quan hệ
có bao nhiêu loại thư ký làm việc ở đây	Ở ĐÂY BAO NHIÊU THƯ KÝ LÀM VIỆC	Công việc
mẹ tôi làm mứt dừa rất ngon cho cả nhà ngày tết	NGÀY TẾT MẸ TÔI MỨT DỪA LÀM RẤT NGON	Cuộc sống thường nhật
chào tôi khỏe còn bạn thì sao	CHÀO TÔI KHỎE BẠN THẾ NÀO	Mối quan hệ
bạn nên đi đến nha sĩ	BẠN NHA SĨ ĐẾN	Sức khỏe
điều đó sẽ giúp chúng phát triển to lớn và khỏe mạnh	ĐIỀU ĐÓ GIÚP CÂY PHÁT TRIỂN TO LỚN MẠNH MẼ	Cuộc sống thường nhật
được rồi chúng sẽ sẵn sàng trong một giờ nữa	RỒI CHÚNG 1 TIẾNG THÊM SẴN SÀNG	Cuộc sống thường nhật
oh tôi đã đọc cái này trước đây tôi có thể có một cái khác thay vào đó không	CÁI NÀY TÔI ĐỌC RỒI TÔI CÁI KHÁC ĐỔI CÓ THỂ KHÔNG	Du lịch
nhân tiện tôi đã thấy một công việc trên báo sáng nay mà bạn có thể quan tâm	À TÔI TRÊN BÁO SÁNG NAY THẤY CÔNG VIỆC MỘT BẠN QUAN TÂM CÓ THỂ	Công việc
loại thuốc này có tác dụng giảm đau rất nhanh chóng	THUỐC NÀY GIẢM ĐAU NHANH CHÓNG TÁC DỤNG HIỆU QUẢ KẾT QUẢ CÓ	Sức khỏe
nghe có vẻ hợp lý tôi sẽ xuống đó ngay	NGHE HỢP LÝ TÔI XUỐNG ĐÓ BÂY GIỜ	Du lịch
giá đã tăng bao nhiêu	TIỀN TĂNG BAO NHIÊU	Mối quan hệ
chữ e là một nguyên âm trong bảng chữ cái tiếng việt	CHỮ E BẢNG CHỮ CÁI TIẾNG VIỆT NGUYÊN ÂM 1	Văn hóa và Giáo dục
không cao như tôi muốn chỉ 25 độ thôi	CAO NHƯ TÔI MUỐN KHÔNG 2 5 ĐỘ	Công việc
nguyên liệu tiếp theo là bột ca cao	NGUYÊN LIỆU TIẾP THEO BỘT CA CAO	Cuộc sống thường nhật
cảnh sát bắt được hắn chưa	CẢNH SÁT BẮT ANH ẤY CHƯA	Chính trị
tôi hy vọng như vậy	TÔI HI VỌNG NHƯ VẬY	Mối quan hệ
bạn sẽ làm gì tại bữa tiệc	BỮA TIỆC BẠN LÀM GÌ	Mối quan hệ
xin lỗi tôi quên nói là tôi cũng không thích phim kinh dị lắm	XIN LỖI TÔI QUÊN TÔI PHIM KINH DỊ THÍCH KHÔNG	Cuộc sống thường nhật
tôi mang theo một số thẻ bạn có lên cho một trò chơi dài	TÔI THẺ MANG THEO BẠN TRÒ CHƠI DÀI CHUẨN BỊ CÓ KHÔNG	Du lịch
bộ phim tài liệu về lịch sử việt nam rất ý nghĩa	BỘ PHIM TÀI LIỆU LỊCH SỬ VIỆT NAM Ý NGHĨA	Văn hóa và Giáo dục
bạn có muốn đi trượt tuyết không	BẠN ĐI TRƯỢT TUYẾT MUỐN CÓ KHÔNG	Du lịch
nhưng anh nói ước mơ của anh là trở thành một doanh nhân là ông chủ của chính mình	ANH NÓI ƯỚC MƠ TRỞ THÀNH DOANH NHÂN LÀM CHỦ BẢN THÂN	Cuộc sống học đường
bột mì đâu rồi	BỘT MÌ Ở ĐÂU	Cuộc sống thường nhật
dù sao thì tôi cũng cần hái rau	TÔI RAU HÁI CẦN	Cuộc sống thường nhật
bát mỳ vằn thắn nóng hổi rất hợp cho bữa sáng	BÁT MỲ VẰN THẮN NÓNG HỔI BỮA SÁNG RẤT HỢP	Cuộc sống thường nhật
cảm ơn bố đã cảnh báo	BỐ CẢNH BÁO CẢM ƠN	Cuộc sống thường nhật
bạn hãy tải về tài liệu cuộc họp đã được gửi qua email	BẠN TÀI LIỆU CUỘC HỌP EMAIL ĐÃ GỬI TẢI VỀ	Công việc
chào buổi sáng tôi đã đến đây để hỏi xem tôi có thể xin visa đến nước bạn không	CHÀO BUỔI SÁNG TÔI ĐẾN ĐỂ HỎI XEM VISA BẠN NƯỚC ĐẾN XIN CÓ THỂ KHÔNG	Du lịch
tại sao anh không bỏ đi với anh ta	BẠN VỚI ANH ẤY BỎ ĐI KHÔNG TẠI SAO	Mối quan hệ
cô người mẫu tạo dáng chuyên nghiệp trước ống kính máy ảnh	CÔ NGƯỜI MẪU DÁNG CHUYÊN NGHIỆP ỐNG KÍNH MÁY ẢNH TẠO	Công việc
tôi không thể tin được	TÔI TIN KHÔNG THỂ	Cuộc sống thường nhật
xin chào ông wang bạn có cảm thấy muốn đi thuyền với tôi không	XIN CHÀO ÔNG WANG ÔNG TÔI ĐI THUYỀN MUỐN CÓ KHÔNG	Mối quan hệ
khi nào chúng ta bắt đầu	CHÚNG TA BẮT ĐẦU KHI NÀO	Văn hóa và Giáo dục
ồ không có gì đặc biệt tôi chỉ hơi mệt	KHÔNG CÓ GÌ ĐẶC BIỆT TÔI CHỈ HƠI MỆT THÔI	Mối quan hệ
nó có bao gồm phí dịch vụ không	NÓ PHÍ DỊCH VỤ BAO GỒM CÓ KHÔNG	Cuộc sống thường nhật
bạn có muốn giúp đỡ	BẠN GIÚP ĐỠ MUỐN KHÔNG	Mối quan hệ
tôi xin lỗi vì đã sơn khăn của bạn màu xanh lá cây	TÔI XIN LỖI VÌ KHĂN CỦA BẠN MÀU XANH LÁ SƠN LÊN	Mối quan hệ
cứ ra ngoài và tận hưởng thôi	ĐI RA NGOÀI TẬN HƯỞNG TỰ MÌNH	Cuộc sống thường nhật
xin vui lòng tên bạn là gì	BẠN TÊN GÌ XIN HỎI	Du lịch
thật tốt đẹp chúc vui vẻ	TỐT QUÁ CHÚC VUI VẺ	Mối quan hệ
không tôi thích chơi với những người tôi biết	KHÔNG TÔI NHỮNG NGƯỜI BIẾT CHƠI VỚI THÍCH	Mối quan hệ
tôi không đi muộn phải không	TÔI ĐI MUỘN KHÔNG ĐÚNG KHÔNG	Tài chính
tôi biết anh ấy rất muốn giúp đỡ	TÔI BIẾT ANH ẤY GIÚP ĐỠ MUỐN	Mối quan hệ
điều quan trọng nhất là không được bỏ cuộc	QUAN TRỌNG BỎ CUỘC ĐỪNG	Cuộc sống thường nhật
cây cối trong công viên giúp không khí thêm trong lành	Ở CÔNG VIÊN CÂY CỐI KHÔNG KHÍ GIÚP TRONG LÀNH THÊM	Cuộc sống thường nhật
tôi nên đi bao xa	TÔI ĐI XA BAO NHIÊU	Cuộc sống thường nhật
bạn có loại xe gì	BẠN LOẠI XE CÓ GÌ	Cuộc sống thường nhật
chúng ta nên đối xử tử tế với tất cả mọi người	CHÚNG TA VỚI MỌI NGƯỜI HÀNH ĐỘNG TỬ TẾ TỐT NÊN	Mối quan hệ
máy ảnh mát mẻ các tính năng của nó là gì	MÁY ẢNH NÀY TRÔNG NGẦU QUÁ NÓ CÓ TÍNH NĂNG GÌ	Cuộc sống thường nhật
bạn đang tìm kiếm điều gì trong công việc tiếp theo của mình	BẠN CÔNG VIỆC TIẾP THEO CỦA MÌNH TÌM KIẾM GÌ	Công việc
bác sĩ bảo tôi phải vệ sinh lưỡi sạch sẽ hàng ngày	BÁC SĨ BẢO TÔI LƯỠI VỆ SINH HÀNH NGÀY SẠCH SẼ	Sức khỏe
tôi cần vào nhà nấu súp	TÔI ĐI VÀO SÚP NẤU	Cuộc sống thường nhật
leo núi có tiện lợi và rẻ không	NÓ THUẬN TIỆN TIỀN RẺ CÓ KHÔNG	Mối quan hệ
tôi cần một số tem cho lá thư này	TÔI VÀI CON TEM THƯ NÀY CẦN	Cuộc sống thường nhật
bạn có gì trên vòi	BẠN VÒI NƯỚC CÓ GÌ	Mối quan hệ
bạn có chắc không làm thế nào để bạn biết	BẠN CHẮC CHỨ LÀM SAO BẠN BIẾT ĐƯỢC	Cuộc sống thường nhật
đội nào sẽ chơi tối nay	ĐỘI NÀO ĐÁ TỐI NAY	Mối quan hệ
bye bạn	BYE	Cuộc sống thường nhật
đúng vậy	ĐÚNG	Cuộc sống thường nhật
hôm nay tôi sẽ làm nước ép trái cây	HÔM NAY TÔI TRÁI CÂY NƯỚC ÉP LÀM	Cuộc sống thường nhật
bệnh tiểu đường có thể do yếu tố di truyền gây ra	BỆNH TIỂU ĐƯỜNG DI TRUYỀN YẾU TỐ GÂY RA CÓ THỂ	Sức khỏe
tôi đã rất bận rộn tưới vườn nên quên uống nước 	TÔI VƯỜN TƯỚI BẬN NƯỚC UỐNG QUÊN	Cuộc sống thường nhật
trông đẹp bạn tính phí bao nhiêu	NHÌN ĐẸP BẠN GIÁ BAO NHIÊU TÍNH	Cuộc sống thường nhật
tôi không biết tôi muốn quần áo của tôi được sạch sẽ	TÔI KHÔNG BIẾT QUẦN ÁO CỦA TÔI SẠCH SẼ MUỐN	Cuộc sống thường nhật
cậu bé cứ chúi đầu vào màn hình điện thoại suốt cả ngày	CẬU BÉ MÀN HÌNH ĐIỆN THOẠI CHÚI ĐẦU CẢ NGÀY	Cuộc sống thường nhật
em muốn xem bạn có muốn đi không	EM ANH ĐI CÙNG MUỐN CÓ HỎI XEM	Mối quan hệ
hẹn gặp lại bạn vào tối mai	TỐI MAI HẸN GẶP LẠI	Mối quan hệ
khi đi cắm trại bạn chỉ cần một vài thứ chỉ những thứ thiết yếu thôi	KHI CẮM TRẠI ĐI BẠN ĐỒ VẬT MỘT SỐ CẦN	Du lịch
cô có thể nhắc tôi cô ở tầng nào không	CÔ NHẮC TÔI CÔ Ở TÂNG NÀO	Cuộc sống thường nhật
chúng ta cần giữ tay chân sạch sẽ để phòng tránh bệnh tật	CHÚNG TA TAY CHÂN SẠCH SẼ GIỮ CẦN BỆNH TẬT PHÒNG TRÁNH	Sức khỏe
chào bạn mua sắm thế nào	CHÀO MUA SẮM THẾ NÀO	Cuộc sống thường nhật
người dân đến ủy ban nhân dân xã để làm giấy tờ	UBND XÃ NGƯỜI DÂN ĐẾN ĐỂ GIẤY TỜ LÀM	Chính trị
vâng tôi nghe về nó mỗi khi cô ấy đến đây	TÔI NÓ NGHE KHI CÔ ẤY ĐẾN ĐÂY	Cuộc sống thường nhật
bạn sẽ đi xe máy hay ô tô	BẠN ĐI XE MÁY HAY Ô TÔ	Cuộc sống học đường
cảm ơn bạn đã đưa tôi đến đây chúng ta sẽ đặt hàng gì	CẢM ƠN BẠN ĐƯA TÔI ĐẾN ĐÂY CHÚNG TA ĐẶT HÀNG GÌ	Cuộc sống thường nhật
xin chào bạn có quan tâm đến chiếc honda này không	BẠN XE HONDA NÀY QUAN TÂM KHÔNG	Cuộc sống thường nhật
mẹ dặn tôi phải lau chùi nhà cửa thật sạch sẽ	MẸ TÔI TÔI NHÀ LAU SẠCH SẼ	Cuộc sống thường nhật
chào buổi chiều tôi muốn làm tóc	CHÀO BUỔI CHIỀU TÔI MUỐN LÀM TÓC	Cuộc sống thường nhật
cô bé mặc chiếc áo kẻ sọc trông rất đáng yêu	CÔ BÉ CHIẾC ÁO KẺ SỌC MẶC TRÔNG ĐÁNG YÊU	Cuộc sống thường nhật
tôi thích xe hơi tôi nghĩ mọi người cũng thích xe hơi	TÔI XE HƠI THÍCH TÔI NGHĨ MỌI NGƯỜI XE HƠI THÍCH CŨNG	Cuộc sống thường nhật
và khi nào bạn muốn chúng tôi gọi cho bạn lần này	BẠN CHÚNG TÔI GỌI LẠI MUỐN KHI NÀO	Du lịch
tôi đến cửa hàng để mua đồ ăn trung quốc	TÔI CỬA HÀNG ĐẾN ĐỒ ĂN TRUNG QUỐC MUA	Cuộc sống thường nhật
bạn muốn mua cổ phiếu nào và bao nhiêu	BẠN CỔ PHIẾU LOẠI NÀO MUA BAO NHIÊU	Tài chính
vùng núi này có địa hình hiểm trở và rất khó đi lại	VÙNG NÚI NÀY ĐỊA HÌNH HIỂM TRỞ VÀ ĐI LẠI KHÓ	Du lịch
chào mừng đến với buổi biểu diễn	CHÀO MỪNG BUỔI BIỂU DIỄN ĐẾN	Văn hóa và Giáo dục
vâng cái này có thể làm việc cho bạn	CÁI NÀY HỢP BẠN	Cuộc sống học đường
anh đã gọi dịch vụ xe hơi	ANH DỊCH VỤ XE HƠI GỌI RỒI	Cuộc sống thường nhật
lý do là gì	LÍ DO GÌ	Thái độ và Cảm xúc
và bạn có biết tiếng ồn đến từ phòng nào không	BẠN TIẾNG ỒN PHÒNG NÀO PHÁT RA BIẾT KHÔNG	Du lịch
hôm nay là ngày 18 tháng 12	HÔM NAY NGÀY 18 THÁNG 12	Mối quan hệ
điện thoại của tôi cũng sẽ hoạt động	ĐIỆN THOẠI CỦA TÔI HOẠT ĐỘNG CŨNG	Cuộc sống thường nhật
còn cái áo len màu xanh này thì sao	ÁO LEN XANH NÀY SAO	Thái độ và Cảm xúc
vâng có bất kỳ lợi thế khác	LỢI THẾ KHÁC CÓ	Cuộc sống thường nhật
bạn nên súc miệng bằng nước muối để bảo vệ răng miệng	BẠN NƯỚC MUỐI SÚC MIỆNG ĐỂ BẢO VỆ RĂNG MIỆNG	Sức khỏe
thật tuyệt cảm ơn bạn đã nhượng bộ này tôi chấp nhận	THẬT TUYỆT CẢM ƠN BẠN VÌ NHƯỜNG TÔI TÔI ĐỒNG Ý	Tài chính
làm thế nào con có thể giúp mẹ 	CON GIÚP MẸ LÀM THẾ NÀO	Cuộc sống thường nhật
em có thể xem thử xem có gì khác biệt không	EM XEM THỬ XEM KHÁC BIỆT GÌ	Cuộc sống thường nhật
vâng nhưng tôi thích một cô gái có tính cách tốt đẹp	TÔI THÍCH CÔ GÁI TÍNH CÁCH DỄ THƯƠNG	Mối quan hệ
chiếc đệm mới rất êm ái giúp tôi có một giấc ngủ thật ngon	CHIẾC ĐỆM MỚI ÊM ÁI TÔI NGỦ NGON CÓ	Sức khỏe
bạn thích khóa học nào nhất	BẠN MÔN HỌC NÀO THÍCH NHẤT	Công việc
lần sau bạn phải nấu bữa tối đó	LẦN SAU BẠN BỮA TỐI NẤU PHẢI	Cuộc sống thường nhật
buổi chiều mọi người thường ra công viên đi dạo và tập thể dục	BUỔI CHIỀU MỌI NGƯỜI CÔNG VIÊN RA ĐI DẠO VÀ TẬP THỂ DỤC	Cuộc sống thường nhật
đây có phải là xe buýt phù hợp cho bạn	XE BUÝT NÀY CỦA BẠN ĐÚNG KHÔNG	Cuộc sống thường nhật
mẹ dùng giẻ lau để lau sạch vết nước đổ trên sàn nhà	MẸ GIẺ LAU DÙNG SÀN NHÀ LAU SẠCH	Cuộc sống thường nhật
học sinh được dùng máy tính bỏ túi trong giờ kiểm tra toán	HỌC SINH MÁY TÍNH BỎ TÚI DÙNG ĐƯỢC TRONG GIỜ TOÁN KIỂM TRA	Cuộc sống học đường
an ninh sân bay bạn có thể đổ túi của bạn trên đây xin vui lòng	AN NINH SÂN BAY ĐÂY LÀM ƠN TÚI BẠN TRONG ĐỒ ĐỔ LÊN ĐÂY	Du lịch
nó sẽ tốn kém nhưng chúng tôi nghĩ rằng nó sẽ có giá trị	NÓ ĐẮT NHƯNG CHÚNG TÔI NGHĨ NÓ GIÁ TRỊ CÓ	Mối quan hệ
1 ngày có bao nhiêu giờ	1 NGÀY GIỜ MẤY	Cuộc sống thường nhật
cậu bé có vẻ nhút nhát khi gặp người lạ	CẬU BÉ NHÚT NHÁT KHI NGƯỜI LẠ GẶP	Thái độ và Cảm xúc
nói cho tôi biết lý lẽ của bạn	BẠN LÝ DO NÓI TÔI NGHE	Cuộc sống học đường
tôi nghĩ vậy có lẽ anh ta đã yêu cô ấy	TÔI CŨNG NGHĨ VẬY CÓ LẼ ANH TA CÔ ẤY YÊU RỒI	Mối quan hệ
nghe có vẻ là một công việc tốt	NGHE CÔNG VIỆC TỐT	Du lịch
nghe có vẻ như bạn đang nướng gì đó là gì vậy	NGHE BẠN NƯỚNG GÌ	Cuộc sống thường nhật
cuốn băng hình cũ ghi lại kỷ niệm của gia đình	GIA ĐÌNH CUỐN BĂNG HÌNH VIDEO CUỐN PHIM CŨ KỶ NIỆM GHI LẠI	Cuộc sống thường nhật
phổ thông hạng thương gia hoặc vé hạng nhất	VÉ PHỔ THÔNG HẠNG THƯƠNG GIA HOẶC VÉ HẠNG NHẤT	Du lịch
thời gian là tiền bạc chúng ta thực sự cần phải tiết kiệm nó	THỜI GIAN TIỀN CHÚNG TA TIẾT KIỆM PHẢI	Mối quan hệ
nước sôi rồi hơi nước bốc ra	NƯỚC SÔI RỒI HƠI BAY RA	Cuộc sống thường nhật
oh sau đó nó sẽ là một đô la hai mươi lăm xu cảm ơn bạn	MỘT ĐÔ LA HAI MƯƠI LĂM XU VẬY LÀ CẢM ƠN BẠN	Cuộc sống thường nhật
số điện thoại của tôi là 3811658	SỐ ĐIỆN THOẠI CỦA TÔI 3811658	Du lịch
đêm qua tôi mơ ngủ thấy mình đang bay trên bầu trời	ĐÊM QUA TÔI NGỦ MƠ MÌNH BẦU TRỜI BAY LÊN	Thái độ và Cảm xúc
làm ơn cho tôi nửa cân thịt bò xay	CHO TÔI THỊT BÒ XAY CÂN NỬA	Cuộc sống thường nhật
chúng ta đi trước nhé	CHÚNG TA ĐI TRƯỚC	Cuộc sống thường nhật
tôi có thể giúp gì cho bạn	TÔI CHO BẠN GIÚP GÌ	Công việc
sau giờ học chúng em thường rủ nhau ra sân chơi đá cầu	SAU GIỜ HỌC Ở SÂN CHÚNG EM RỦ NHAU CHƠI ĐÁ CẦU	Cuộc sống học đường
vâng tôi muốn một ly trà đá	TÔI TRÀ ĐÁ MỘT	Cuộc sống thường nhật
 sau khi ăn sáng  tầng nào là triển lãm nghệ thuật chúng ta sẽ đến	SÁNG ĂN XONG TRIỂN LÃM NGHỆ THUẬT TẦNG MẤY	Mối quan hệ
gia đình tôi đi thăm mộ ông bà ở nghĩa trang	GIA ĐÌNH TÔI ÔNG BÀ MỘ THĂM Ở NƠI BIA MỘ	Văn hóa và Giáo dục
hôm nay trời có mưa không	HÔM NAY TRỜI MƯA CÓ KHÔNG	Mối quan hệ
ngày mai tôi sẽ đón anh ở đây	NGÀY MAI Ở ĐÂY ĐÓN ĐƯỢC KHÔNG	Mối quan hệ
còn siemens của tôi thì sao	SIEMENS TÔI SAO	Mối quan hệ
trước tiên bạn cần một con tem	ĐẦU TIÊN BẠN CON TEM 1 CẦN	Cuộc sống thường nhật
bạn muốn nói chuyện gì với tôi 	BẠN VỚI TÔI NÓI CHUYỆN GÌ	Công việc
nền nông nghiệp việt nam đang ngày càng phát triển mạnh mẽ	Ở VIỆT NAM NỀN CÔNG NGHIỆP ĐANG PHÁT TRIỂN MẠNH MẼ	Công việc
tôi thích mèo	TÔI MÈO THÍCH	Cuộc sống thường nhật
chắc chắn rồi cứ thong thả	CHẮC CHẮN RỒI THONG THẢ NHÉ	Cuộc sống thường nhật
tôi vừa nghĩ ra một chuyện	TÔI CÂU CHUYỆN 1 NGHĨ	Mối quan hệ
vâng cô ấy cần một cái gì đó để giúp cô ở trường	CÔ ẤY VẬT HỌC TRƯỜNG GIÚP ÍCH CẦN	Cuộc sống thường nhật
vậy bài đánh giá cuối năm của bạn thế nào	BÀI ĐÁNH GIÁ CUỐI NĂM CỦA BẠN THẾ NÀO	Công việc
bữa trưa nhanh gọn của tôi là một chiếc bánh hamburger	TÔI BỮA TRƯA NHANH GỌN LÀ CHIẾC BÁNH HAMBURGER 1	Cuộc sống thường nhật
môn thể thao phổ biến nhất ở nước bạn là gì	MÔN THỂ THAO PHỔ BIẾN NHẤT Ở NƯỚC BẠN GÌ	Mối quan hệ
giám đốc nhấn mạnh tầm quan trọng của việc hoàn thành đúng hạn	GIÁM ĐỐC NHẤN MẠNH KHẲNG ĐỊNH VIỆC HOÀN THÀNH ĐÚNG HẠN QUAN TRỌNG	Công việc
bạn có thể hướng dẫn tôi đến nơi tôi thay đổi tiền	BẠN TÔI HƯỚNG DẪN ĐẾN TIỀN ĐỔI	Tài chính
em mang theo phô mai cho bánh mì kẹp thịt phô mai và hành tây cho xúc xích	EM PHÔ MAI MANG THEO CHO BÁNH MÌ THỊT PHÔ MAI HÀNH TÂY CHO XÚC XÍCH	Cuộc sống thường nhật
vâng là tôi đây	TÔI ĐÂY	Công việc
cô bé ấy có một tài năng âm nhạc thiên bẩm rất đặc biệt	CÔ BÉ ẤY TÀI NĂNG ÂM NHẠC ĐẶC BIÊT CÓ	Văn hóa và Giáo dục
bạn sẽ gửi số tiền này vào tài khoản nào	BẠN TIỀN NÀY GỬI TÀI KHOẢN NÀO	Tài chính
các ngôi nhà phía bên phải đường mang số lẻ	CÁC NGÔI NHÀ BÊN PHẢI CON ĐƯỜNG MANG SỐ LẺ	Cuộc sống thường nhật
anh là wu phải không	ANH WU PHẢI KHÔNG	Công việc
điều đầu tiên bạn làm khi đi vệ sinh vào buổi sáng là gì	ĐẦU TIÊN BẠN LÀM KHI BUỔI SÁNG ĐI VỆ SINH LÀ GÌ	Mối quan hệ
tôi sẽ vui vẻ	TÔI VUI VẺ SẼ	Du lịch
tôi hy vọng trời sẽ mưa	TÔI HY VỌNG TRỜI MƯA	Mối quan hệ
trận động đất có làm hư hại các cây cầu không	TRẬN ĐỘNG ĐẤT CÂY CẦU HƯ HẠI LÀM KHÔNG	Công việc
mày quên hết rồi phải không	MÀY HẾT QUÊN RỒI À	Mối quan hệ
chúng có rẻ hơn không	CHÚNG RẺ HƠN CÓ KHÔNG	Cuộc sống thường nhật
bạn có thể đọc và viết cả hai bài tập đó không 	BẠN BÀI TẬP HAI ĐỌC VÀ VIẾT CÓ KHÔNG	Công việc
quả hồng xiêm chín có vị ngọt lịm và mùi thơm	QUẢ HỒNG XIÊM CHÍN NGỌT LỊM VÀ MÙI THƠM CÓ	Cuộc sống thường nhật
môn âm nhạc là môn học yêu thích nhất của tôi	TÔI MÔN ÂM NHẠC LÀ MÔN HỌC YÊU THÍCH NHẤT	Cuộc sống học đường
vậy giờ cậu chính thức là học sinh năm cuối rồi à	BẠN CHÍNH THỨC LÊN NĂM CUỐI	Cuộc sống học đường
vâng cảm ơn bạn rất nhiều	VÂNG CẢM ƠN NHIỀU	Sức khỏe
chúc mừng thành công của bạn	CHÚC MỪNG THÀNH CÔNG CỦA BẠN	Cuộc sống thường nhật
hàng cây ven đường được trồng thẳng tắp rất đẹp	CÂY CỐI VEN ĐƯỜNG TRỒNG THẲNG TẮP ĐẸP	Cuộc sống thường nhật
tôi không tò mò đó chỉ là một câu hỏi	TÔI TÒ MÒ KHÔNG ĐÓ CÂU HỎI MỘT	Mối quan hệ
vâng chúng ta hãy thử một số thịt lợn om cá chua ngọt và một ít đậu chiên	CHÚNG TA THỊT LỢN MỘT SỐ THỬ CÁ CHUA NGỌT ĐẬU CHIÊN MỘT ÍT	Cuộc sống thường nhật
bạn có muốn ăn gì không	BẠN ĂN MUỐN GÌ	Mối quan hệ
tháng 11 này	THÁNG 11 NÀY	Du lịch
môn hình học không gian đòi hỏi học sinh phải có trí tưởng tượng tốt	MÔN HÌNH HỌC KHÔNG GIAN HỌC SINH TRÍ TƯỞNG TƯỢNG TỐT ĐÒI HỎI CÓ	Cuộc sống học đường
chúng tôi muốn đặt bữa sáng cho sáng mai	SÁNG MAI CHÚNG TÔI BỮA SÁNG ĐẶT MUỐN	Du lịch
các phương tiện truyền thông đang đưa tin về sự kiện	CÁC PHƯƠNG TIỆN TRUYỀN THÔNG ĐƯA TIN SỰ KIỆN	Công việc
tôi học chuyên ngành tiếng anh và ngành phụ tiếng trung quốc	TÔI HỌC NGÀNH TIẾNG ANH VÀ NGÀNH PHỤ TIẾNG TRUNG QUỐC	Mối quan hệ
bảy rưỡi	7H 30	Cuộc sống thường nhật
đi bảy bước	BƯỚC 7 ĐI	Cuộc sống thường nhật
bạn đã làm gì trong cuộc phỏng vấn	BẠN LÀM GÌ BUỔI PHỎNG VẤN TRONG THẾ	Công việc
nó cứng hay mềm	NÓ CỨNG MỀM HAY	Cuộc sống thường nhật
tôi có thể thanh toán bằng séc không	TÔI SÉC THANH TOÁN ĐƯỢC KHÔNG	Du lịch
ông tôi có bộ ria mép bạc trắng trông rất hiền từ	ÔNG TÔI BỘ RIA MÉP TRẮNG CÓ TRÔNG HIỀN TỪ	Cuộc sống thường nhật
xin lỗi bao nhiêu cho một chai coke hai lít	XIN LỖI TÔI MỘT CHAI COKE HAI LÍT GIÁ BAO NHIÊU HỎI CHO	Cuộc sống thường nhật
chúng tôi khá bận rộn ngay bây giờ sẽ mất thêm 15 phút nữa	CHÚNG TÔI BẬN ĐỢI THÊM KHOẢNG 15 PHÚT PHẢI	Du lịch
vậy cái này có bảo hành không	CÁI NÀY BẢO HÀNH CÓ KHÔNG	Cuộc sống thường nhật
bạn thật tốt bụng	BẠN TỐT BỤNG	Mối quan hệ
được rồi hôm nay là ngày gì 	ĐƯỢC RỒI HÔM NAY NGÀY GÌ	Mối quan hệ
không không phải trên tàu nhưng trong nhà ga	TRÊN TÀU KHÔNG TRONG NHÀ GA	Cuộc sống thường nhật
vậy anh có thể về sớm được không	ANH VỀ SỚM ĐƯỢC	Công việc
cô giáo khen chữ viết của em ngày càng tiến bộ	CÔ GIÁO EM KHEN CHỮ VIẾT TIẾN BỘ HÀNG NGÀY	Cuộc sống học đường
bạn có muốn giúp tôi làm không	BẠN GIÚP TÔI MUỐN KHÔNG	Cuộc sống thường nhật
tôi muốn một ly trà chanh	TÔI TRÀ CHANH MỘT MUỐN	Mối quan hệ
thôi đi đừng nói chuyện kiểu đó nữa	NÓI CHUYỆN KIỂU ĐÓ ĐỪNG	Mối quan hệ
chỉ 10 phút nữa thôi	10 PHÚT NỮA	Cuộc sống thường nhật
anh ấy có một khuôn mặt vuông chữ điền trông rất nam tính	ANH ẤY KHUÔN MẶT CHỮ VUÔNG CÓ NAM TÍNH NHÌN	Mối quan hệ
tớ tưởng cậu nhảy giỏi lắm chứ	TỚ TƯỞNG CẬU NHẢY GIỎI LẮM	Mối quan hệ
bạn đã gọi cảnh sát chưa	BẠN CẢNH SÁT GỌI CHƯA	Mối quan hệ
tôi đã từng cưỡi ngựa nó rất thú vị	TÔI CƯỠI NGỰA RỒI NÓ THÚ VỊ	Công việc
tốt cảm ơn bạn sáng nay bạn thế nào	SÁNG NAY BẠN KHỎE KHÔNG	Mối quan hệ
khi nào hội chợ việc làm diễn ra	HỘI CHỢ VIỆC LÀM KHI NÀO	Công việc
căn phòng của cô ấy luôn được sắp xếp rất gọn gàng	CÔ ẤY CĂN PHÒNG SẮP XẾP GỌN GÀNG LUÔN	Cuộc sống thường nhật
xung quanh nhà tôi có rất nhiều cây xanh và bóng mát	NHÀ TÔI CÂY XANH BÓNG MÁT XUNG QUANH CÓ NHIỀU	Cuộc sống thường nhật
còn gì nữa không	CÒN GÌ	Cuộc sống học đường
vị quan ấy được người dân trong vùng vô cùng kính trọng	VỊ QUAN ẤY NGƯỜI DÂN KÍNH NỂ	Chính trị
làm mẹ tốt tôi có thể làm gì cho bạn	MẸ LÀM TỐT TÔI MẸ GIÚP GÌ CÓ THỂ KHÔNG	Du lịch
bây giờ nó mát hơn nhiều	BÂY GIỜ NÓ MÁT HƠN NHIỀU	Cuộc sống thường nhật
hôm nay họ có ưu đãi đặc biệt	HÔM NAY HỌ ĐẶC BIỆT GIÁ GIẢM	Cuộc sống thường nhật
ngôi nhà này nhìn từ đây không đẹp lắm	NHÌN TỪ ĐÂY NGÔI NHÀ NÀY ĐẸP KHÔNG	Cuộc sống thường nhật
rẽ trái	RẼ TRÁI	Cuộc sống thường nhật
ooh đó là yêu thích của tôi có lẽ tôi sẽ có một lát nhỏ	MÓN ĐÓ TÔI THÍCH LẮM MỘT MIẾNG NHỎ ĂN SẼ	Cuộc sống thường nhật
được rồi chúng tôi sẽ liên lạc với các nhà sản xuất của chúng tôi và xem họ nói gì	CHÚNG TÔI LIÊN HỆ BÊN SẢN XUẤT XEM HỌ NÓI SAO	Tài chính
bây giờ là bốn giờ tôi không muốn đi nhưng tôi nghĩ tôi phải đi	BÂY GIỜ GIỜ BỐN TÔI ĐI MUỐN KHÔNG NHƯNG TÔI NGHĨ TÔI ĐI PHẢI	Mối quan hệ
anh có thể ký vào mặt sau của tấm thẻ không	ANH THẺ MẶT SAU KÝ GIÚP TÔI NHÉ	Cuộc sống học đường
ngoài vườn nhà bà có một khóm dứa sắp cho quả	NGOÀI VƯỜN NHÀ BÀ KHÓM DỨA CHUẨN BỊ RA QUẢ	Cuộc sống thường nhật
 chịu đựng  nghĩa là sao	CHỊU ĐỰNG NGHĨA GÌ	Cuộc sống thường nhật
cảm ơn bạn đó là kết quả của tập thể dục	CẢM ƠN TẬP THỂ DỤC KẾT QUẢ CỦA	Cuộc sống thường nhật
cô ấy để quên cái túi xách trên chiếc ghế ở công viên	CÔ ẤY TÚI XÁCH QUÊN Ở GHẾ CÔNG VIÊN	Cuộc sống thường nhật
gợi ý tiếp theo của chúng ta là gì	CHÚNG TA GỢI Ý TIẾP THEO GÌ	Mối quan hệ
các em thiếu nhi đang vui vẻ nhảy múa trong sân trường	CÁC EM THIỀU NHI NHẢY MÚA VUI VẺ TRONG SÂN TRƯỜNG	Cuộc sống học đường
dự án đang bước vào giai đoạn cuối cùng và quan trọng	DỰ ÁN GIAI ĐOẠN CUỐI CÙNG QUAN TRỌNG BƯỚC VÀO ĐI ĐẾN	Công việc
bạn có cung cấp một khóa học về quản lý kinh doanh	TRƯỜNG KHÓA HỌC QUẢN LÝ KINH DOANH MỞ CÓ KHÔNG	Cuộc sống học đường
hai đứa trẻ giận dỗi nhau chỉ vì một món đồ chơi	2 ĐỨA TRẺ GIẬN DỖI VÌ ĐỒ CHƠI	Thái độ và Cảm xúc
điều đó thật tuyệt còn gì nữa không	ĐIỀU ĐÓ THẬT TUYỆT CÒN THÊM GÌ	Cuộc sống thường nhật
khi nào tôi có thể dùng nước hoa	TÔI NƯỚC HOA DÙNG KHI NÀO	Cuộc sống thường nhật
con không trách bố đâu tuần đầu tiên bố bận lắm nghỉ ngơi đi	CON TRÁCH BỐ KHÔNG ĐÂU TUẦN ĐẦU TIÊN BỐ BẬN NGHỈ NGƠI ĐI	Mối quan hệ
mẹ đan cho tôi một chiếc áo len rất ấm áp	MẸ ÁO LEN ĐẸP ĐAN CHO TÔI	Cuộc sống thường nhật
tôi không đùa đâu tôi đã được nhận	TÔI ĐÙA KHÔNG TÔI NHẬN RỒI	Văn hóa và Giáo dục
không đây là lần thứ hai	KHÔNG ĐÂY LẦN THỨ HAI RỒI	Du lịch
phí hủy là bao nhiêu	PHÍ HỦY BAO NHIÊU	Cuộc sống thường nhật
không khí tốt hơn nhà con nhiều	KHÔNG KHÍ TỐT HƠN NHÀ CỦA CON NHIỀU	Văn hóa và Giáo dục
tôi chắc chắn sẽ cố gắng giúp bạn chủ đề của bạn là gì	TÔI CỐ GẮNG GIÚP CHỦ ĐỀ CỦA BẠN GÌ	Cuộc sống thường nhật
được rồi câu hỏi tiếp theo nếu eric rủ bạn đi hẹn hò bạn sẽ nói gì	RỒI CÂU HỎI TIẾP THEO NẾU BẠN CỦA BẠN RỦ HẸN HÒ ĐI BẠN NÓI GÌ	Mối quan hệ
anh ta nói chủ lao động sẽ trả tiền cho nó	ANH ẤY NÓI CHỦ LAO ĐỘNG TRẢ TIỀN CHO NÓ	Công việc
ngôn ngữ kí hiệu là phương tiện giao tiếp chính của người khiếm thính	NGÔN NGỮ KÍ HIỆU LÀ PHƯƠNG TIỆN GIAO TIẾP CỦA NGƯỜI KHIẾM THÍNH	Văn hóa và Giáo dục
ồ đó chính là thứ tôi cần	CÁI ĐÓ TÔI CẦN ĐÚNG	Cuộc sống thường nhật
tuần trước bạn đi từ sài gòn đến hà nội bằng phương tiện gì	TUẦN TRƯỚC BẠN SÀI GÒN ĐẾN HÀ NỘI BẰNG GÌ	Du lịch
đồng hồ của bạn có chính xác không	ĐỒNG HỒ CỦA BẠN CHÍNH XÁC CÓ KHÔNG	Mối quan hệ
có đèn cảnh báo động cơ của tôi đang bật	XE TÔI ĐÈN BÁO ĐỘNG CƠ SÁNG CÓ	Cuộc sống thường nhật
tôi hy vọng tất cả mọi người có thể chơi bóng bàn	TÔI HY VỌNG MỌI NGƯỜI CHƠI BÓNG BÀN ĐƯỢC	Mối quan hệ
người phụ nữ xách túi đi chợ vào mỗi buổi sáng sớm	NGƯỜI PHỤ NỮ GIỎ ĐI CHỢ SÁNG SỚM XÁCH MỖI	Cuộc sống thường nhật
cả nhà quây quần bên nhau ăn vú sữa sau bữa cơm	SAU BỮA CƠM CẢ NHÀ BÊN NHAU VÚ SỮA ĂN	Cuộc sống thường nhật
tôi rất vinh dự vì anh đã hỏi tôi	TÔI BẠN HỎI ĐÃ VÌ VINH DỰ RẤT	Mối quan hệ
chắc chắn rồi nhân tiện bạn có bán bất kỳ loại thuốc truyền thống trung quốc nào không	CHẮC CHẮN RỒI BẠN LOẠI THUỐC TRUYỀN THỐNG TRUNG QUỐC BÁN CÓ KHÔNG	Sức khỏe
thế còn đi cắm trại thì sao	THẾ CÒN ĐI CẮM TRẠI THÌ SAO	Thái độ và Cảm xúc
bát canh hôm nay mẹ nấu hơi nhiều muối nên có vị hơi mặn	MẸ NẤU MUỐI NHIỀU BÁT CANH VỊ MẶN	Cuộc sống thường nhật
tôi có phải trả thêm phí không	PHÍ TRẢ THÊM CẦN KHÔNG	Du lịch
bạn hào hứng với điều gì	BẠN HÀO HỨNG ĐIỀU GÌ	Chính trị
bức hình này ghi lại khoảnh khắc gia đình sum vầy hạnh phúc	BỨC HÌNH NÀY KHOẢNH KHẮC KỶ NIỆM GIA ĐÌNH HẠNH PHÚC GHI LẠI CHỤP LẠI	Cuộc sống thường nhật
rất vui được gặp bạn lâu rồi không gặp	BẠN GẶP VUI LÂU RỒI GẶP KHÔNG	Mối quan hệ
vâng tôi sẽ ở lại với cùng một ly bia	TÔI CŨNG VẬY CHO TÔI MỘT LY BIA	Cuộc sống thường nhật
dòng suối trong vắt chảy róc rách qua những khe đá	DÒNG SUỐI TRONG VẮT NHỮNG KHE ĐÁ CHẢY RÓC RÁCH	Du lịch
oh tốt rất vui được nghe xin gửi lời chào tốt nhất của tôi đến họ khi bạn ở nhà	RẤT VUI KHI BẠN Ở NHÀ LỜI CHÀO TỐT NHẤT CỦA TÔI ĐẾN HỌ	Mối quan hệ
nhanh lên thời gian đang sắp hết	NHANH LÊN THỜI GIAN HẾT SẮP	Thái độ và Cảm xúc
trường hợp của bạn là gì	BẠN TRƯỜNG HỢP LÀ GÌ	Chính trị
đừng bỏ cuộc sớm vậy	BỎ CUỘC SỚM ĐỪNG	Mối quan hệ
con gì biết bay	ĐỘNG VẬT BAY BIẾT CON VẬT GÌ	Du lịch
đây là lưu phương	ĐÂY TÊN LƯU PHƯƠNG	Công việc
ồ vâng trà oulong tốt cho sức khỏe của bạn phải không	TRÀ Ô LONG SỨC KHỎE TỐT ĐÚNG KHÔNG	Sức khỏe
ồ cái đó để trong tủ lạnh	Ồ TỦ LẠNH TRONG	Cuộc sống thường nhật
1 năm có mấy mùa	1 NĂM MÙA MẤY	Cuộc sống thường nhật
bạn muốn gì 	BẠN MUỐN GÌ	Cuộc sống thường nhật
bố mẹ rất tự hào vì con gái mình học giỏi	BỐ MẸ TỰ HÀO VÌ CON GÁI HỌC GIỎI	Cuộc sống học đường
thể tích của chiếc hộp này là một nghìn xăngtimétkhối	CHIẾC HỘP THỂ TÍCH LÀ MỘT NGHÌN XĂNG TI MÉT KHỐI	Văn hóa và Giáo dục
mùa hè là mùa của những chùm quả roi đỏ mọng	MÙA HÈ MÙA NHỮNG QUẢ ROI CHÙM ĐỎ MỌNG TƯƠI	Cuộc sống thường nhật
thầy giáo đang chữa bài tập toán cho cả lớp chúng tôi	THẦY GIÁO BÀI TẬP TOÁN ĐANG CHỮA	Cuộc sống học đường
không sao tôi sẽ gọi lại sau	KHÔNG SAO TÔI GỌI LẠI SAU	Cuộc sống thường nhật
tôi nghe nói họ chỉ mới kết hôn được 5 tháng	TÔI NGHE NÓI HỌ MỚI CƯỚI 5 THÁNG ĐƯỢC	Mối quan hệ
vâng chiều nay sẽ là ba giờ	CHIỀU NAY GIỜ 3	Công việc
tôi cần sự giúp đỡ của bạn	TÔI GIÚP ĐỠ CỦA BẠN CẦN	Thái độ và Cảm xúc
bạn là người bạn tốt của tôi phải không	BẠN BẠN THÂN TÔI LÀ ĐÚNG KHÔNG	Mối quan hệ
tôi có thể xem hóa đơn không	TÔI HÓA ĐƠN XEM CÓ THỂ KHÔNG	Thái độ và Cảm xúc
tôi đã trả tiền đây là hóa đơn	TÔI THANH TOÁN RỒI ĐÂY HÓA ĐƠN LÀ	Du lịch
chàng trai ấy có một nụ cười rất ấm áp thân thiện	CHÀNG TRAI ẤY NỤ CƯỜI ẤM ÁP THÂN THIỆN CÓ	Mối quan hệ
vì mùa nóng nhất trong năm là mùa hè	VÌ MÙA HÈ MÙA NÓNG NHẤT TRONG NĂM	Chính trị
không có gì nghe có vẻ đáng ngờ sao	CÓ VẺ NGHI NGỜ ĐÚNG KHÔNG	Mối quan hệ
len là gì	LEN GÌ	Cuộc sống thường nhật
không có gì nếu bạn cần thêm gì cứ báo tôi nhé	KHÔNG CÓ GÌ BẠN CẦN THÊM GÌ BẢO TÔI	Cuộc sống thường nhật
đừng lo lắng sẽ không có gì xảy ra tôi sẽ đến đó sớm thôi	CHUYỆN GÌ KHÔNG CÓ TÔI SỚM TỚI SẼ	Thái độ và Cảm xúc
bạn có cùng kích cỡ không quần quá dài đối với tôi	BẠN CÙNG CỠ CÓ KHÔNG QUẦN NÀY TÔI DÀI HƠI	Cuộc sống thường nhật
tôi muốn thử một cái gì đó thú vị	TÔI CÁI GÌ ĐÓ THÚ VỊ THỬ MUỐN	Mối quan hệ
chính quyền địa phương luôn quan tâm đến đời sống của người dân	CHÍNH QUYỀN ĐỊA PHƯƠNG ĐỜI SỐNG NGƯỜI DÂN QUAN TÂM LUÔN	Chính trị
bạn cần ngủ ít nhất tám tiếng mỗi ngày để khỏe mạnh	BẠN NGỦ 8 TIẾNG ÍT NHẤT ĐỂ KHOẺ MẠNH MỖI NGÀY	Sức khỏe
bạn đã bao giờ nghĩ về thái độ của bạn chưa	BẠN THÁI ĐỘ MÌNH SUY NGHĨ BAO GIỜ CHƯA	Mối quan hệ
chúng ta cần một cái bát	CHÚNG TA CÁI BÁT MỘT CẦN	Cuộc sống thường nhật
vâng tôi đã làm nó ngày hôm qua cuộc họp của chúng tôi nên là 2 giờ chiều	HÔM QUA TÔI LÀM RỒI CUỘC HỌP CỦA CHÚNG TÔI 2 GIỜ CHIỀU	Công việc
vâng tôi đã biết điều đó đó có thể là một điều tốt	TÔI BIẾT RỒI ĐÓ ĐIỀU TỐT LẠI CÓ THỂ	Cuộc sống học đường
bạn nên gọi điện cho nhà để xe để được giúp đỡ	BẠN GỌI ĐIỆN NHÀ XE ĐỂ GIÚP ĐỠ NÊN	Cuộc sống thường nhật
tôi hiểu tại sao mẹ không dừng lại	TÔI HIỂU MẸ DỪNG LẠI KHÔNG TẠI SAO	Cuộc sống thường nhật
nó có thực sự hoàn toàn bằng phẳng	NÓ TẤT CẢ BẰNG PHẲNG THẬT SỰ	Mối quan hệ
bạn có thể thấy tử cấm thành	BẠN TỬ CẤM THÀNH THẤY ĐƯỢC	Mối quan hệ
cơn giận khiến anh ta đập mạnh xuống bàn	ANH TA GIẬN BÀN ĐẬP MẠNH	Thái độ và Cảm xúc
nó chỉ có giá hai ngàn nhân dân tệ	NÓ GIÁ BÁN 2 000 ĐỒNG	Cuộc sống thường nhật
sau đó khi nào bạn có kế hoạch kết hôn	BẠN KẾT HÔN SẼ KHI NÀO	Mối quan hệ
tốt tôi sẽ đi hút bụi hãy cho tôi biết nếu bạn cần bất kỳ sự giúp đỡ nào khác	TÔI HÚT BỤI CHO TÔI BIẾT NẾU BẠN GIÚP ĐỠ KHÁC CẦN	Cuộc sống thường nhật
chúng ta không thể thao như khi còn trẻ tập thể dục nhẹ nhàng phù hợp hơn với chúng ta	TÔI HỒI TRẺ KHỎE NHƯ ĐÂU CÒN TẬP NHẸ HỢP NHẤT	Mối quan hệ
bạn có nghĩ rằng bất kỳ studio sẽ mở ra sớm	BẠN NGHĨ HIỆU CHỤP ẢNH MỞ SỚM KHÔNG	Cuộc sống thường nhật
tôi đã có sẵn tất cả các loại rau	TÔI TẤT CẢ RAU CÓ RỒI	Cuộc sống thường nhật
hoàng thành thăng long là di sản văn hóa thế giới được công nhận	HOÀNG THÀNH THĂNG LONG DI SẢN VĂN HOÁ THẾ GIỚI CÔNG NHẬN XÁC NHẬN ĐƯỢC	Văn hóa và Giáo dục
bạn có thể tìm thấy một phòng ở cuối phố	BẠN PHÒNG 1 PHỐ CUỐI TÌM THẤY	Cuộc sống thường nhật
có rất nhiều hương vị kem để lựa chọn	MÙI VỊ KEM RẤT NHIỀU LỰA CHỌN	Thái độ và Cảm xúc
mỗi chúng ta có nên viết riêng không	MỖI CHÚNG TA VIẾT RIÊNG CÓ KHÔNG	Công việc
bạn đến từ miền nam à	BẠN MIỀN NAM ĐẾN À	Mối quan hệ
hai mươi năm đó là một thời gian dài	HAI MƯƠI NĂM RỒI LÂU THẬT	Cuộc sống thường nhật
bố chuyện này thật vô lý	BỐ CHUYỆN NÀY VÔ LÍ	Cuộc sống thường nhật
tôi sẵn sàng và sẵn lòng giúp đỡ	TÔI SẴN SÀNG GIÚP ĐỠ	Cuộc sống thường nhật
khá bận rộn tôi phải nhận rất nhiều tín chỉ trong năm nay	TÔI TÍN CHỈ NHIỀU LẤY PHẢI NĂM NAY BẬN KHÁ CŨNG	Cuộc sống học đường
tôi đã quen với những ngày như thế này	TÔI QUEN NGÀY KIỂU NÀY	Mối quan hệ
bạn có ipod không	BẠN IPAD CÓ KHÔNG	Mối quan hệ
thứ bảy được rồi tôi sẽ đặt bữa tối lúc 7 giờ có được không	THỨ BẢY ĐƯỢC TÔI BÀN ĂN TỐI ĐẶT BẢY GIỜ ĐƯỢC KHÔNG	Mối quan hệ
mỗi người dân đều có tiếng nói của riêng mình	NGƯỜI DÂN MỖI TIẾNG NÓI RIÊNG CÓ	Chính trị
cảm ơn byebye	CẢM ƠN BYEBYE	Cuộc sống thường nhật
vâng cô ấy có cô ấy làm việc tại nhà	CÔ ẤY CÓ CÔ ẤY NHÀ LÀM VIỆC	Mối quan hệ
chắc chắn mã bưu chính của thượng hải là gì	MÃ BƯU CHÍNH THƯỢNG HẢI LÀ GÌ ĐƯỢC THÔI	Cuộc sống thường nhật
đó sẽ là tốt nhất tôi muốn có một phần còn lại tốt nhất	ĐÓ TỐT NHẤT TÔI PHẦN CÒN LẠI TỐT NHẤT CÓ	Công việc
làm sao anh có cây đàn piano ở đây	BẠN CÂY ĐÀN PIANO Ở ĐÂY CÓ LÀM THẾ NÀO	Cuộc sống thường nhật
bạn có thích chiếc đồng hồ cổ điển đó không nó gần năm mươi tuổi	BẠN CHIẾC ĐỒNG HỒ CỔ ĐIỂN THÍCH CÓ KHÔNG NÓ TUỔI 50 GẦN	Cuộc sống thường nhật
bạn có nhận thấy các nhân vật trên những chiếc đèn lồng	BẠN NHÂN VẬT MẤY CÁI ĐÈN LỒNG TRÊN THẤY CÓ KHÔNG	Mối quan hệ
chúc vui vẻ	CHÚC VUI VẺ	Cuộc sống thường nhật
cảm ơn bạn đã nói điều đó nhưng đơn giá là gì	BẠN NÓI VẬY CẢM ƠN ĐƠN GIÁ BAO NHIÊU NHỈ	Công việc
con cá đang vùng vẫy rất mạnh trong chiếc lưới của ngư dân	CON CÁ VÙNG VẪY RẤT MANH TRONG CHIẾC LƯỚI CỦA NGƯ DÂN	Cuộc sống thường nhật
mỗi hành động nhỏ của bạn đều góp phần bảo vệ môi trường	MỖI HÀNH ĐỘNG NHỎ CỦA BẠN GÓP PHẦN BẢO VỆ MÔI TRƯỜNG	Cuộc sống thường nhật
tôi quá mệt mỏi tôi sẽ chỉ ngửa nó dễ dàng hơn	TÔI MỆT QUÁ NẰM XUỐNG CHO ĐỠ MỎI	Thái độ và Cảm xúc
tôi cần dùng nước để rửa cửa sổ	TÔI NƯỚC CẦN CỬA SỔ RỬA	Cuộc sống thường nhật
tôi nghe nói về điều đó nó đã thành công	TÔI NGHE NÓ THÀNH CÔNG RỒI	Mối quan hệ
đó là những gì tôi đang nói với bạn	ĐIỀU ĐÓ TÔI NÓI BẠN ĐANG	Cuộc sống thường nhật
tôi cần tìm ổ cắm để nạp điện cho chiếc điện thoại này	TÔI Ổ CẮM SẠC ĐIỆN THOẠI TÌM CẦN	Cuộc sống thường nhật
người lao động được nghỉ lễ vào ngày quốc tế lao động	NGƯỜI LAO ĐỘNG NGÀY QUỐC TẾ LAO ĐỘNG NGHỈ LỄ ĐƯỢC	Công việc
cô giáo đang viết bài giảng trên bảng	CÔ GIÁO BÀI GIẢNG TRÊN BẢNG VIẾT	Cuộc sống học đường
tối nay anh sẽ nấu nó chứ	TỐI NAY ANH NẤU TỰ SẼ À	Cuộc sống thường nhật
hôm nay thật là một ngày xui xẻo của tôi	HÔM NAY TÔI GẶP XUI XẺO	Thái độ và Cảm xúc
thật buồn cười	BUỒN CƯỜI	Thái độ và Cảm xúc
xin chào có phải cô smith không	XIN CHÀO CÔ SMITH PHẢI KHÔNG	Công việc
chúng ta phải đợi vậy mưa có thể tạnh trước buổi trưa được không	CHÚNG TA ĐỢI MƯA TẠNH TRƯỚC BUỔI TRƯA ĐƯỢC KHÔNG	Du lịch
uống nhiều rượu sẽ gây hại nghiêm trọng cho sức khỏe gan	RƯỢU UỐNG NHIỀU SỨC KHOẺ GAN TỔN HẠI NẶNG	Sức khỏe
buổi sáng hay buổi chiều tốt nhất	BUỔI SÁNG BUỔI CHIỀU HAY TỐT NHẤT	Công việc
tôi muốn mua một số hoa xin vui lòng một cái gì đó thực sự tốt đẹp	TÔI BÔNG HOA ĐẸP XIN GIÚP MUA MỘT SỐ HOA MUỐN	Cuộc sống thường nhật
sữa dê có nhiều chất dinh dưỡng tốt cho sức khỏe con người	SỮA DÊ CHẤT DINH DƯỠNG TỐT CHO SỨC KHOẺ CON NGƯỜI CÓ NHIỀU	Sức khỏe
tôi rất hài lòng cảm ơn	TÔI HÀI LÒNG CẢM ƠN	Cuộc sống thường nhật
tôi có thể giúp bạn	TÔI GIÚP BẠN CÓ THỂ	Thái độ và Cảm xúc
tôi cần ít thuốc	TÔI CẦN MUA ÍT THUỐC	Sức khỏe
bạn thích thể loại nhạc nào	BẠN NHẠC THÍCH LOẠI NÀO	Mối quan hệ
không bố chúng ta có hướng dẫn viên du lịch	CHÚNG TA HƯỚNG DẪN VIÊN DU LỊCH CÓ	Du lịch
chắc chắn rồi bạn có bất cứ nơi nào trong tâm trí	CHẮC CHẮN RỒI BẠN NHỚ CÓ KHÔNG	Mối quan hệ
bạn có bị sốt không	BẠN BỊ SỐT CÓ KHÔNG	Sức khỏe
pizza ngon tuyệt	PIZZA NGON	Cuộc sống thường nhật
bữa cơm chiều nay có món canh rau dền nấu tôm rất ngon	CHIỀU NAY BỮA CƠM CÓ CANH RAU DỀN TÔM NẤU RẤT NGON	Cuộc sống thường nhật
tôi sẽ mua cho mình một cốc cà phê ở đây	TÔI CỐC CÀ PHÊ 1 Ở ĐÂY MUA	Cuộc sống thường nhật
bố tôi đang dùng bơm để bơm căng lốp xe đạp cho em	BỐ TÔI EM XE ĐẠP LỐP BƠM CĂNG	Cuộc sống thường nhật
hút thuốc lá có hại cho sức khỏe của bạn và người xung quanh	BẠN HÚT THUỐC LÁ VÀ NGƯỜI XUNG QUANH SỨC KHOẺ HẠI CÓ	Sức khỏe
có rất nhiều hoa quả trên đó	TRÊN ĐÓ HOA QUẢ NHIỀU	Cuộc sống thường nhật
đến lượt anh	ANH ĐẾN LƯỢT	Cuộc sống thường nhật
anh ấy trông xanh xao tôi có thể làm gì cho anh ta	THẤY ANH ẤY ỐM YẾU TÔI ANH ẤY CÓ THỂ CHO LÀM GÌ	Du lịch
thật sao trông tôi có hạnh phúc mọi lúc không	THẬT SAO TÔI HẠNH PHÚC CÓ KHÔNG	Mối quan hệ
sâu bướm rất nhỏ khi chúng chui ra	KHI CHUI RA SÂU BƯỚM NHỎ	Cuộc sống thường nhật
chào buổi tối bạn có thể cho chúng tôi có một phòng đôi	BẠN CHÚNG TÔI CHO PHÒNG ĐÔI CÓ THỂ	Du lịch
bạn có nghĩ họ sẽ quay lại với nhau không	BẠN NGHĨ HỌ QUAY LẠI KHÔNG	Mối quan hệ
ánh nắng mặt trời sáng chói chiếu rọi khắp mọi nơi trên cánh đồng	MẶT TRỜI ÁNH NẮNG SÁNG CHÓI CHIẾU RỌI KHẮP MỌI NƠI TRÊN CÁNH ĐỒNG	Cuộc sống thường nhật
tôi muốn một số mỹ phẩm bạn có thể giới thiệu một vài	TÔI MỸ PHẨM ÍT MUA MUỐN BẠN LOẠI VÀI GIỚI THIỆU CÓ KHÔNG	Cuộc sống thường nhật
tôi khá cởi mở tôi nghĩ vậy	TÔI CỞI MỞ KHÁ CHẮC VẬY	Công việc
cô ấy quyết định tha thứ cho mọi lỗi lầm của anh	CÔ ẤY MỌI LỖI LẦM QUYẾT ĐỊNH THA THỨ CHO ANH ẤY	Thái độ và Cảm xúc
nó là tuyệt vời	NÓ TUYỆT VỜI	Cuộc sống thường nhật
phòng lắp đặt ở đâu tôi không thấy nó	TÔI KHÔNG THẤY PHÒNG THỊ NGHIỆM Ở ĐÂU	Cuộc sống thường nhật
mâm ngũ quả ngày tết được bày biện rất trang trọng đẹp mắt	NGÀY TẾT MÂM NGŨ QUẢ TRANG TRỌNG ĐẸP ĐƯỢC BÀY BIỆN	Văn hóa và Giáo dục
đồ uống thế nào  bạn có muốn bia hoặc rượu vang	ĐỒ UỐNG THẾ NÀO BẠN BIA HOẶC RƯỢU MUỐN	Cuộc sống thường nhật
có lẽ bạn nói đúng vâng bạn có thể nói chuyện với họ	BẠN NÓI ĐÚNG BẠN NÓI CHUYỆN VỚI HỌ	Cuộc sống thường nhật
bạn đã quyết định chưa	BẠN QUYẾT ĐỊNH CHƯA	Mối quan hệ
mức lương của anh ấy là thấp nhất trong văn phòng	ANH ẤY MỨC LƯƠNG THẤP NHẤT TRONG VĂN PHÒNG	Tài chính
bạn nhận được 5 ngày ốm được trả lương	BẠN ỐM 5 NGÀY TRẢ LƯƠNG NHẬN ĐƯỢC	Công việc
vâng đã là tháng mười hai bạn biết đấy	PHẢI THÁNG MƯỜI HAI RỒI	Cuộc sống thường nhật
thật tuyệt vời john sẽ làm gì vào mùa hè này	THẬT TUYỆT VỜI MÙA HÈ BẠN LÀM GÌ	Mối quan hệ
vâng vào đi công việc mới của bạn thế nào	MỜI VÀO CÔNG VIỆC MỚI BẠN SAO	Công việc
đi đâu thưa cô	BẠN ĐI ĐÂU	Mối quan hệ
thật đáng tiếc vậy chủ nhật thì sao	TIẾC CHỦ NHẬT THÌ SAO	Mối quan hệ
chúng ta có thể có kỳ nghỉ 7 ngày vào ngày quốc khánh không	CHÚNG TA CÓ THỂ NGHỈ BẢY NGÀY VÀO DỊP QUỐC KHÁNH ĐƯỢC KHÔNG	Công việc
đối với tôi ba là người hùng thầm lặng trong gia đình	BA TÔI LÀ NGƯỜI HÙNG THẦM LẶNG TRONG GIA ĐÌNH	Mối quan hệ
cô bé thích nghe mẹ kể chuyện về hoàng tử và công chúa	CÔ BÉ NGHE MẸ KỂ CHUYỆN VỀ HOÀNG TỬ CÔNG CHÚA THÍCH	Văn hóa và Giáo dục
bọn trẻ đang chơi đùa rất vui vẻ ở ngoài sân	BỌN TRẺ CHƠI ĐÙA VUI VẺ Ở NGOÀI SÂN	Cuộc sống thường nhật
tôi không thích đi xem phim trong buổi hẹn hò ở đó ồn quá	BUỔI HẸN HÒ TÔI XEM PHIM KHÔNG THÍCH ĐÓ ỒN QUÁ	Mối quan hệ
bạn có muốn thử một số màu sắc khác không	BẠN MÀU SẮC KHÁC NHAU THỬ MUỐN KHÔNG	Cuộc sống thường nhật
tôi nghe nói bạn có thể có một phòng trống	TÔI NGHE NÓI BẠN PHÒNG TRỐNG MỘT CÓ	Cuộc sống thường nhật
chắc chắn rồi bạn thích bữa ăn của bạn hôm nay như thế nào	BẠN BỮA ĂN HÔM NAY THẤY THẾ NÀO CHẮC CHẮN	Cuộc sống thường nhật
xin chào đây là dịch vụ sưởi ấm và làm mát tôi có thể giúp gì cho bạn	CHÀO DỊCH VỤ SƯỞI ẤM LÀM MÁT TÔI GIÚP BẠN GÌ	Cuộc sống thường nhật
tốt nhưng bạn có thể cho tôi biết làm thế nào để đến văn phòng của bạn	TỐT THÔI NHƯNG BẠN CHỈ TÔI CÁCH ĐẾN VĂN PHÒNG CỦA BẠN CÓ THỂ KHÔNG	Sức khỏe
còn hiệp 3 thì sao	CÒN HIỆP 3 THÌ SAO	Công việc
tôi muốn mua một bó hoa được chứ	TÔI BÓ HOA MỘT MUA ĐƯỢC CHỨ	Mối quan hệ
không thực sự tôi đã nghĩ có thể đi xem phim bạn có muốn đi với tôi không	TÔI RẠP CHIẾU PHIM ĐI SẼ BẠN ĐI CÙNG MUỐN KHÔNG	Mối quan hệ
ông có thể giải thích rõ hơn không	GIẢI THÍCH RÕ ĐƯỢC KHÔNG	Công việc
ở đây	Ở ĐÂY	Cuộc sống thường nhật
bạn muốn vay bao nhiêu	BẠN MUỐN MƯỢN BAO NHIÊU	Tài chính
không tôi không biết	KHÔNG TÔI KHÔNG BIẾT	Cuộc sống thường nhật
nghe hay đấy	NGHE HAY	Cuộc sống thường nhật
bạn có phiền không nếu tôi mở cửa sổ	BẠN TÔI CỬA SỔ MỞ NẾU PHIỀN CÓ KHÔNG	Cuộc sống thường nhật
không sao tôi đang đợi bạn bè đến đón	KHÔNG SAO TÔI ĐỢI BẠN BÈ ĐẾN ĐÓN	Du lịch
bạn có tin vào bói toán tử vi không	BẠN BÓI TOÁN TỬ VI TIN KHÔNG	Mối quan hệ
những quả táo thật tuyệt bạn có thể mang thêm một vài quả nữa không	QUẢ TÁO TUYỆT BẠN MANG VÀI QUẢ THÊM ĐƯỢC KHÔNG	Du lịch
bằng cách nào	CÁCH NÀO	Văn hóa và Giáo dục
chúc may mắn tôi chắc chắn bạn sẽ làm tốt công việc	CHÚC MAY MẮN TÔI CHẮC CHẮN BẠN LÀM TỐT CÔNG VIỆC	Cuộc sống học đường
bạn hy vọng nhận được bao nhiêu một tháng ở đây	MỖI THÁNG TIỀN NHẬN BẠN MUỐN BAO NHIÊU	Công việc
chào mừng bạn đến với công ty này tôi có thể giúp bạn ngày hôm nay	CHÀO MỪNG BẠN ĐẾN CÔNG TY HÔM NAY TÔI GIÚP BẠN ĐƯỢC KHÔNG	Cuộc sống thường nhật
trước hết tôi sẽ cần một pound thịt bò xay	TÔI THỊT BÒ BĂM CẦN MỘT KG	Cuộc sống thường nhật
nó không quan trọng nhiều nếu nó có chất lượng cao và giá cả hợp lý nó sẽ ổn thôi	KHÔNG SAO ĐÂU CHẤT LƯỢNG TỐT GIÁ HỢP LÝ MIỄN LÀ ĐƯỢC	Cuộc sống thường nhật
vâng thực sự tôi thích một cái gì đó lớn hơn một chút nếu có thể	TÔI MUỐN CÁI NÀO LỚN HƠN MỘT CHÚT NẾU CÓ THỂ	Cuộc sống thường nhật
nếu chúng tôi tuyển dụng bạn bạn sẽ muốn mức lương khởi điểm là bao nhiêu	NẾU CHÚNG TÔI BẠN NHẬN BẠN TIỀN LƯƠNG BẮT ĐẦU MUỐN BAO NHIÊU	Công việc
bạn thích bơi ở sông hay biển	BẠN BƠI SÔNG BIỂN THÍCH HAY	Cuộc sống thường nhật
bà tôi có một chiếc hộp kim chỉ để vá quần áo	BÀ TÔI CHIẾC HỘP KIM CHỈ 1 CÓ ĐỂ QUẦN ÁO VÁ	Cuộc sống thường nhật
chúng tôi thích lang thang khám phá những con phố cổ	CHÚNG TÔI NHỮNG CON PHỐ CỔ LANG THANG ĐI DẠO KHÁM PHÁ NHÌN NGẮM THÍCH	Du lịch
tôi hy vọng tôi có thể ở lại đây lâu hơn	TÔI HY VỌNG Ở LẠI LÂU HƠN	Mối quan hệ
điều gì khiến bạn căng thẳng nhất	BẠN CĂNG THẲNG NHẤT GÌ	Mối quan hệ
sau cơn sốt sức khỏe của cậu bé đã trở lại bình thường	SAU CƠN SỐT CẬU BÉ SỨC KHOẺ BÌNH THƯỜNG TRỞ LẠI	Sức khỏe
vì mấy tuần nay trời không mưa nhiều	VÌ VÀI TUẦN NÀY MƯA NHIỀU KHÔNG	Cuộc sống thường nhật
anh vợ tôi là một người rất vui tính và tốt bụng	ANH VỢ TÔI RẤT VUI TÍNH VÀ TỐT BỤNG	Mối quan hệ
nhà tôi ở ngay cạnh bên một công viên cây xanh	NHÀ TÔI CÔNG VIÊN CÂY XANH 1 Ở CẠNH	Cuộc sống thường nhật
tôi cũng vậy tôi cảm thấy rất khát	TÔI CŨNG VẬY TÔI CẢM THẤY RẤT KHÁT	Mối quan hệ
đàn con ngỗng đang bơi lội tung tăng dưới ao	ĐÀN NGỖNG BƠI LỘI TUNG TĂNG VUI VẺ DƯỚI AO	Cuộc sống thường nhật
và anh có bạn ở đó không	ANH BẠN ĐÓ CÓ KHÔNG	Mối quan hệ
tôi chỉ đủ khả năng chi trả khoảng 1000 tệ một tháng	TÔI 1 THÁNG TIỀN 1000 NHÂN DÂN TỆ ĐỦ	Cuộc sống thường nhật
người nông dân đang miệt mài tuốt lúa trên cánh đồng	TRÊN CÁNH ĐỒNG NGƯỜI NÔNG DÂN TUỐT LÚA CHĂM CHỈ	Công việc
nó tròn đấy	NÓ TRÒN	Cuộc sống thường nhật
vịnh hạ long là một kỳ quan thiên nhiên của thế giới	VỊNH HẠ LONG LÀ KỲ QUAN THIÊN NHIÊN THẾ GIỚI	Du lịch
bạn có thể sử dụng các trường hợp bằng gỗ thay thế	BẠN SỬ DỤNG CÁC TRƯỜNG HỢP BẰNG GỖ THAY THẾ	Tài chính
thứ sáu được không	THỨ SÁU ĐƯỢC KHÔNG	Cuộc sống thường nhật
bạn lớp trưởng luôn giúp cô giáo xóa bảng sau mỗi tiết học	BẠN LỚP TRƯỞNG BẢNG XOÁ SAU TIẾT HỌC ĐỂ GIÚP CÔ GIÁO	Cuộc sống học đường
nói cho tôi biết vấn đề là gì	NÓI CHO TÔI BIẾT VẤN ĐỀ LÀ GÌ	Cuộc sống thường nhật
tôi nghe nói hôm nay nhiệt độ sẽ lên đến 90 độ f	HÔM NAY NHIỆT ĐỘ 32 SẼ	Mối quan hệ
tôi xin lỗi tôi không thể ghi chú nói gì	GHI CHÚ GÌ VIẾT	Cuộc sống thường nhật
xôi gấc là món ăn truyền thống trong các dịp lễ tết	TRONG CÁC DỊP LỄ TẾT XÔI GẤC LÀ MÓN ĂN TRUYỀN THỐNG	Văn hóa và Giáo dục
khán giả đồng loạt đứng dậy vỗ tay tán thưởng màn trình diễn tuyệt vời	KHÁN GIẢ ĐỨNG DẬY VỖ TAY TÁN THƯỞNG TIẾT MỤC BIỂU DIỄN HAY	Văn hóa và Giáo dục
nhà văn hóa quận là nơi tổ chức các hoạt động cộng đồng	QUẬN NHÀ VĂN HOÁ LÀ NƠI CÁC CỘNG ĐỒNG TỔ CHỨC HOẠT ĐỘNG	Văn hóa và Giáo dục
cảm ơn bạn nói chuyện với bạn chiều nay	CẢM ƠN NÓI CHUYỆN VỚI BẠN CHIỀU NAY	Công việc
bạn không nên ngắt hoa bẻ cành ở nơi công cộng nhé	Ở NƠI CÔNG CỘNG BẠN NGẮT HOA BẺ CÀNH KHÔNG NÊN	Cuộc sống thường nhật
bạn có thể điều khiển robot này không	BẠN SỬ DỤNG ROBOT NÀY CÓ THỂ CÓ KHÔNG	Công việc
ok vậy thì chúng tôi cũng muốn nhấn cái này	ĐƯỢC RỒI VẬY CHÚNG TÔI CŨNG MUỐN NHẤN CÁI NÀY	Cuộc sống thường nhật
lề đường màu gì	LỀ ĐƯỜNG MÀU GÌ	Cuộc sống học đường
chất liệu vải này có độ co dãn rất tốt và thoáng mát	CHẤT LIỆU VẢI NÀY ĐỘ CO GIÃN TỐT VÀ THOÁNG MÁT CÓ	Cuộc sống thường nhật
chúng ta có thể làm điều đó vào ngày mai chỉ cần gọi cho tôi	CHÚNG TA LÀM NGÀY MAI GỌI CHO TÔI CẦN	Cuộc sống thường nhật
con tem của tôi là bao nhiêu	CON TEM CỦA TÔI BAO NHIÊU	Thái độ và Cảm xúc
viên chức đó đã bị kết tội vì hành vi ăn hối lộ	VIÊN CHỨC NHÂN VIÊN ĐÓ KẾT TỘI XÉT XỬ BỊ VÌ HÀNH VI HÀNH ĐỘNG HỐI LỘ ĂN	Chính trị
wow cái gì vậy	WOW CÁI KIA GÌ	Cuộc sống thường nhật
đội thiếu niên tiền phong là tổ chức dành cho thiếu nhi việt nam	ĐỘI THIẾU NIÊN TIỀN PHONG LÀ TỔ CHỨC DÀNH CHO THIẾU NHI VIỆT NAM	Cuộc sống học đường
cảm ơn bạn có thể lấy thêm một cái từ góc này không	BẠN GÓC KIA MỘT CÁI THÊM LẤY GIÚP	Du lịch
những bông hoa huệ trong vườn có màu trắng muốt và thơm ngát	TRONG VƯỜN HOA HUỆ MÀU TRẮNG MUỐT VÀ THƠM NGÁT	Cuộc sống thường nhật
bạn đã bao giờ nhìn thấy một cơn bão	BẠN NHÌN THẤY CƠN BÃO BAO GIỜ	Mối quan hệ
thỉnh thoảng tôi chơi bóng rổ và bóng bầu dục	THỈNH THOẢNG TÔI BÓNG RỔ VÀ BÓNG BẦU DỤC CHƠI	Công việc
được rồi một chiếc taxi sẽ tới đó lúc 9 30	TAXI ĐẾN ĐÓ 9 GIỜ 30 SẼ ĐƯỢC RỒI	Cuộc sống thường nhật
khung thời gian của chúng ta là gì	THỜI GIAN DỰ KIẾN CHÚNG TA BAO LÂU	Công việc
thật sao cảm ơn bạn	THẬT BẠN CẢM ƠN	Mối quan hệ
tôi cần hỏi bạn chuyện này	TÔI BẠN HỎI CHUYỆN NÀY CẦN	Mối quan hệ
bạn muốn mở loại tài khoản nào	BẠN MUỐN MỞ LOẠI TÀI KHOẢN NÀO	Tài chính
tôi không biết những gì để đặt hàng	TÔI ĐẶT HÀNG GÌ KHÔNG BIẾT	Cuộc sống thường nhật
tôi có thể xem bằng lái xe của bạn không	TÔI BẰNG LÁI XE BẠN XEM ĐƯỢC KHÔNG	Cuộc sống thường nhật
ok tôi sẽ gọi cho bạn vào sáng thứ bảy	OK TÔI THỨ BẢY SÁNG GỌI SẼ	Mối quan hệ
được rồi cảm ơn hẹn gặp lại	RỒI CẢM ƠN HẸN GẶP LẠI	Du lịch
thưa bà kiên nhẫn là đức hạnh	KIÊN NHẪN LÀ TỐT NHẤT	Thái độ và Cảm xúc
không cảm ơn nhà của anh ấy không xa và tôi có thể đi bộ đến đó	KHÔNG CẢM ƠN NHÀ ANH ẤY GẦN ĐÂY TÔI ĐI BỘ ĐƯỢC	Mối quan hệ
oh ok tôi xuống ở đâu	ĐƯỢC RỒI TÔI XUỐNG Ở ĐÂU	Cuộc sống thường nhật
bất cứ lúc nào cũng được ngoại trừ chủ nhật	LÚC NÀO CŨNG ĐƯỢC CHỦ NHẬT KHÔNG	Công việc
mẹ tôi thường gọt củ đậu cho cả nhà ăn tráng miệng	MẸ TÔI CỦ ĐẬU GỌT CẢ NHÀ CHO TRÁNG MIỆNG ĂN	Cuộc sống thường nhật
mẹ tôi nấu món sườn xào chua ngọt rất ngon	MẸ TÔI SƯỜN XÀO CHUA NGỌT NẤU NGON	Cuộc sống thường nhật
bạn có muốn đi xem hòa nhạc tối nay không	BẠN CA NHẠC TỐI NAY ĐI XEM MUỐN KHÔNG	Mối quan hệ
bạn đang sống ở đâu	BẠN SỐNG ĐÂU	Cuộc sống thường nhật
cây đa ở đầu làng đã có từ rất lâu đời rồi	Ở ĐẦU LÀNG CÂY ĐA CÓ RẤT LÂU RỒI	Cuộc sống thường nhật
tôi thích đi leo núi	TÔI LEO NÚI THÍCH	Du lịch
bạn nên ăn mặc lịch sự và tự tin	BẠN ĂN MẶC LỊCH SỰ TỰ TIN	Công việc
lợi nhuận của công ty năm nay đã tăng gấp đôi so với năm ngoái	CÔNG TY NĂM NAY LỢI NHUẬN NĂM NGOÁI SO GẤP ĐÔI TĂNG	Tài chính
đây là núi hay đồi	ĐÂY NÚI ĐỒI HAY	Du lịch
kelly đây tôi gọi từ london ông khỏe không ông chang	ÔNG KHỎE KHÔNG	Công việc
còn thuốc lá hay xì gà thì sao	CÒN THUỐC LÁ HAY RƯỢU THÌ SAO	Du lịch
chúng ta cần chung tay bảo vệ môi trường sống xanh sạch đẹp	CHÚNG TA MÔI TRƯỜNG SỐNG BẢO VỆ XANH SẠCH ĐẸP	Văn hóa và Giáo dục
bạn có cao không	BẠN CAO CÓ KHÔNG	Mối quan hệ
mỗi người có một tính cách riêng không ai giống ai	MỖI NGƯỜI TÍNH CÁCH RIÊNG KHÁC NHAU CÓ	Thái độ và Cảm xúc
chúng tôi trả tiền vé ở đâu	CHÚNG TÔI VÉ TRẢ TIỀN Ở ĐÂU	Cuộc sống thường nhật
tôi có một ý tưởng	TÔI Ý TƯỞNG MỘT CÓ	Cuộc sống thường nhật
rất tốt chúng ta sẽ thảo luận lại vấn đề này tại hội chợ lần sau	RẤT TỐT CHÚNG TA VẤN ĐỀ NÀY THẢO LUẬN LẠI HỘI CHỢ LẦN SAU	Tài chính
ok hỏi đi	HỎI ĐI	Công việc
cái bản lề cửa bị rỉ sét nên kêu cọt kẹt rất khó chịu	CÁI BẢN LỀ CỬA RỈ SÉT HOEN GỈ BỊ NÊN TIẾNG KÊU CỌT KẸT NHỎ KHÓ CHỊU BỰC BỘI	Cuộc sống thường nhật
tôi biết chúc ngủ ngon	TÔI BIẾT RỒI NGỦ NGON CHÚC NHÉ	Cuộc sống thường nhật
bát canh rau ngót nấu tôm thật là ngon	BÁT CANH RAU NGÓT TÔM NẤU NGON	Cuộc sống thường nhật
30 cho người lớn 20 cho trẻ em	NGƯỜI LỚN 30 TRẺ EM 20	Cuộc sống thường nhật
nhìn này tôi nghĩ có lẽ trời đã tạnh mưa rồi	NHÌN TÔI NGHĨ NGOÀI KIA MƯA HẾT RỒI	Cuộc sống thường nhật
hôm nay tôi không có bài tập về nhà	HÔM NAY TÔI BÀI TẬP VỀ NHÀ KHÔNG	Cuộc sống học đường
mùa đông là mùa của những quả quýt mọng nước và ngọt lịm	MÙA ĐÔNG QUẢ QUÝT NHIỀU TRÒN MỌNG NGON	Cuộc sống thường nhật
bạn đã có nó	BẠN NÓ CÓ RỒI	Mối quan hệ
hãy cho tôi biết chút ít về bạn	CHO TÔI BIẾT BẠN CHÚT ÍT	Công việc
tôi nghĩ bạn sẽ nhận được một khoản tiền thưởng lớn bởi vì bạn luôn có doanh số cao	TÔI NGHĨ BẠN THƯỞNG LỚN SẼ ĐƯỢC VÌ DOANH SỐ CỦA BẠN NHIỀU LUÔN LUÔN	Công việc
làm tôi ngạc nhiên	NGẠC NHIÊN QUÁ	Cuộc sống thường nhật
10 quan	10 NGHÌN ĐỒNG	Cuộc sống thường nhật
xin lỗi túi không được phép trong siêu thị	XIN LỖI SIÊU THỊ TÚI MANG VÀO KHÔNG CHO	Cuộc sống thường nhật
tôi đã mong chờ học kỳ mới	TÔI HỌC KỲ MỚI MONG CHỜ RẤT	Cuộc sống học đường
cho tôi hai cái bánh	CHO TÔI CÁI BÁNH HAI	Cuộc sống thường nhật
may mà tủ lạnh còn nhiều đồ ăn và vườn cũng có nhiều rau	MAY MẮN TỦ LẠNH ĐỒ ĂN NHIỀU VƯỜN RAU NHIỀU CŨNG	Cuộc sống thường nhật
phải không gần đây trời lạnh và gió bạn có thích thời tiết ở đây không	TRỜI LẠNH GIÓ QUÁ ANH THỜI TIẾT ĐÂY THÍCH KHÔNG	Mối quan hệ
tôi thấy món bít tết tiêu khá ngon nhiều khách rất thích	TÔI THẤY MÓN BÍT TẾT NGON KHÁCH NHIỀU THÍCH	Cuộc sống thường nhật
um tốt bộ phận giày nam ở đâu	TỐT GIÀY NAM BỘ PHẬN Ở ĐÂU	Cuộc sống thường nhật
tôi rất muốn đi	TÔI ĐI MUỐN	Công việc
các đại biểu tranh luận sôi nổi về chính sách mới	CÁC ĐẠI BIỂU CHÍNH SÁCH MỚI TRANH LUẬN THẢO LUẬN SÔI NỔI HĂNG HÁI NHIỀU	Chính trị
trong truyện cổ tích ngọc hoàng sống trên thiên đình	TRONG TRUYỆN CỔ TÍCH NGỌC HOÀNG SỐNG Ở THIÊN ĐÌNH TRÊN TRỜI	Văn hóa và Giáo dục
được rồi giả sử là 6	RỒI GIẢ SỬ 6	Công việc
tôi nghĩ ý anh là rau và thịt khi anh hỏi tôi những thứ như thế tôi không có rau	TÔI ANH RAU THỊT NÓI NGHĨ ĐẾN KIỂU NHƯ VẬY TÔI RAU KHÔNG CÓ	Du lịch
thật tuyệt khi được gặp lại bạn bạn đã ở đâu	GẶP LẠI BẠN THẬT TUYỆT BẠN ĐÃ Ở ĐÂU	Mối quan hệ
nó là một cánh cửa tốt	CÁNH CỬA TỐT	Cuộc sống thường nhật
bạn có những ý tưởng tốt như vậy	BẠN NHIỀU Ý TƯỞNG HAY THẬT	Mối quan hệ
ok bạn có nghĩ rằng chúng ta có thể đi mua một tờ báo đầu tiên	BẠN NGHĨ CHÚNG TA ĐI MUA TỜ BÁO ĐẦU TIÊN	Mối quan hệ
xin chào tôi muốn trả lại tv này	TI VI TRẢ LẠI MUỐN	Cuộc sống thường nhật
vâng vâng món thịt bò hầm thì sao chúng tôi có thể phục vụ bạn cùng một lúc	VÂNG THỊT BÒ HẦM THẾ NÀO CHÚNG TÔI PHỤC VỤ CÙNG	Cuộc sống thường nhật
nhưng anh nên quyết định trước đã	NHƯNG ANH QUYẾT ĐỊNH TRƯỚC	Mối quan hệ
tôi vào rồi đi thôi	TÔI VÀO RỒI ĐI THÔI	Thái độ và Cảm xúc
đây là một cơ hội tuyệt vời để bạn thể hiện năng lực	ĐÂY LÀ CƠ HỘI TUYỆT VỜI ĐỂ BẠN THỂ HIỆN NĂNG LỰC	Công việc
đừng cho tôi điều đó nếu bạn đói thì nấu bữa tối	CÁI ĐÓ TÔI CHO ĐỪNG NẾU ĐÓI BỮA TỐI TỰ NẤU ĐI	Cuộc sống thường nhật
15 phút trước khi máy bay cất cánh máy bay dự kiến sẽ rời đi đúng giờ	MÁY BAY CẤT CÁNH 15 PHÚT TRƯỚC MÁY BAY RỜI ĐÚNG GIỜ	Du lịch
công ty vừa ra thông báo về lịch nghỉ lễ sắp tới	CÔNG TY THÔNG BÁO NGHỈ LỄ SẮP TỚI	Công việc
hậu giang là một tỉnh thuộc vùng đồng bằng sông cửu long	HẬU GIANG LÀ TỈNH CỦA ĐỒNG BẰNG SÔNG CỬU LONG	Du lịch
bọn trẻ con chơi đùa với nhau thật hồn nhiên và vô tư	BỌN TRẺ CON CHƠI ĐÙA CÙNG NHAU THẬT HỒN NHIÊN VÀ VÔ TƯ	Thái độ và Cảm xúc
bộ rễ cây bám sâu vào lòng đất để hút chất dinh dưỡng	RỄ CÂY BỘ LÒNG ĐẤT BÁM SÂU ĐỂ CHẤT DINH DƯỠNG HÚT	Cuộc sống thường nhật
tôi có học bổng từ chính phủ của tôi trong bốn năm còn bạn thì sao	BỐN NĂM CHÍNH PHỦ CỦA TÔI HỌC BỔNG CÓ CÒN BẠN THÌ SAO	Cuộc sống học đường
không tôi chưa có dịp đọc báo	KHÔNG TÔI BÁO ĐỌC CHƯA	Mối quan hệ
cô có nghe nói về vụ cướp không	CÔ VỤ CƯỚP NGHE CÓ KHÔNG	Chính trị
em vừa nhận được một món quà từ bạn thân	EM BẠN THÂN NHẬN MÓN QUÀ 1 TẶNG	Mối quan hệ
bạn đang bực bội vì điều gì ở chỗ làm	KHI LÀM VIỆC BẠN CẢM THẤY BỰC BỘI GÌ	Công việc
tôi xin lỗi tôi sẽ không làm thế nữa	XIN LỖI TÔI LÀM THÊM KHÔNG	Mối quan hệ
có thể tùy thuộc vào chất lượng và đảm bảo giao hàng	TÙY THUỘC CHẤT LƯỢNG ĐẢM BẢO GIAO HÀNG	Công việc
những thông tin nào sẽ có trong bức thư đó	BỨC THƯ ĐÓ THÔNG TIN GÌ CÓ	Công việc
tiếng còi tàu vang lên báo hiệu con tàu sắp rời cảng	CON TÀU TIẾNG CÒI KÊU LÊN BÁO HIỆU SẮP ĐI	Công việc
bạn đã sẵn sàng cho bài học lái xe đầu tiên của bạn	BẠN BÀI HỌC LÁI XE ĐẦU TIÊN CỦA BẠN SẴN SÀNG	Cuộc sống thường nhật
hóa học là một môn khoa học tự nhiên rất thú vị	HOÁ HỌC LÀ MÔN KHOA HỌC TỰ NHIÊN THÚ VỊ	Cuộc sống học đường
vâng bạn sẽ xin vui lòng đặt chúng xuống	BẠN CHÚNG ĐẶT XUỐNG GIÚP TÔI	Công việc
vậy thì lương của anh phải cao	LƯƠNG CỦA ANH CAO PHẢI	Mối quan hệ
bạn lấy ý tưởng đó từ đâu vậy	BẠN Ý TƯỞNG LẤY ĐÂU	Mối quan hệ
helen bạn có nghe tôi tổ chức tiệc vào thứ bảy tới ở chỗ tôi không	BẠN NGHE NÓI TÔI THỨ BẢY NHÀ TÔI TIỆC TỔ CHỨC KHÔNG	Mối quan hệ
tôi muốn cà phê	TÔI CÀ PHÊ MUỐN	Mối quan hệ
ồ được rồi tôi sẽ đọc nó sớm	TÔI ĐỌC SỚM	Công việc
chúng em đang học cách tính bình phương của một số tự nhiên	CHÚNG EM BÌNH PHƯƠNG SỐ TỰ NHIÊN HỌC TÍNH	Cuộc sống học đường
anh ta phải có trách nhiệm cấp dưỡng cho con cái sau ly hôn	ANH TA LI HÔN XONG CON CÁI CẤP DƯỠNG TRÁCH NHIỆM PHẢI CÓ	Tài chính
đã có hàng chục người đăng ký tham gia cuộc thi	NGƯỜI CUỘC THI HÀNG CHỤC NGƯỚI ĐĂNG KÝ THAM GIA CÓ	Cuộc sống học đường
khí hậu ở nước bạn như thế nào	THỜI TIẾT BẠN NHƯ THẾ NÀO	Mối quan hệ
chiến dịch quảng cáo mới đã thu hút nhiều khách hàng	QUẢNG CÁO CHIẾN DỊCH HOẠT ĐỘNG MỚI KHÁCH HÀNG THU HÚT LÔI CUỐN NHIỀU	Công việc
đây là người anh muốn à	ĐÂY LÀ NGƯỜI BẠN MUỐN À	Cuộc sống thường nhật
cảm ơn bạn nhưng không điều này sẽ làm điều đó cho bây giờ	CẢM ƠN BẠN NHƯNG KHÔNG CẦN ĐÂU CÁI NÀY ĐỦ RỒI	Cuộc sống thường nhật
chắc rồi chúng tôi có một cái ở tầng hai	CHẮC CHẮN RỒI CHÚNG TÔI MỘT CÁI Ở TẦNG HAI	Cuộc sống thường nhật
sếp đã duyệt kế hoạch của chúng ta chưa	SẾP KẾ HOẠCH CỦA CHÚNG TA DUYỆT CHƯA	Mối quan hệ
bạn nói đúng nhiều quảng cáo như thế	BẠN NÓI ĐÚNG QUẢNG CÁO KIỂU ĐÓ NHIỀU	Cuộc sống thường nhật
bạn cần nộp một bản sao công chứng của giấy khai sinh	BẠN BẢN SAO CÔNG CHỨNG CỦA GIẤY KHAI SINH MỘT NỘP CẦN	Công việc
được rồi tôi sẽ điều tra	ĐƯỢC RỒI TÔI KIỂM TRA	Công việc
sao cũng được uống chút nước đi	NƯỚC UỐNG	Cuộc sống thường nhật
xe cấp cứu nhanh chóng đưa bệnh nhân đến bệnh viện gần nhất	XE CẤP CỨU BỆNH NHÂN BỆNH VIỆN GẦN NHẤT ĐƯA NHANH CHÓNG	Sức khỏe
công việc này có yêu cầu nhân viên mới tham gia bất kỳ khóa đào tạo nào không	CÔNG VIỆC NHÂN VIÊN MỚI YÊU CẦU THAM GIA TẤT CẢ ĐÀO TẠO NÀO	Công việc
vâng em có ba đứa con trai thực ra em còn có một đứa cháu trai nữa	EM CON TRAI 3 CHÁU TRAI 1 CÒN	Mối quan hệ
gia đình của bạn sẽ rất vui khi nghe điều đó chắc họ rất lo lắng	GIA ĐÌNH CỦA BẠN RẤT VUI KHI NGHE CHẮC CHẮN HỌ LO LẮNG	Mối quan hệ
đã bao giờ nghe nói về webtracker	BẠN NGHE CHƯA	Mối quan hệ
tôi có thể nói chuyện với tom không	TÔI TOM NÓI CHUYỆN VỚI ĐƯỢC KHÔNG	Cuộc sống thường nhật
lễ hội đã thu hút hàng chục nghìn du khách đến tham dự	LỄ HỘI THU HÚT KHÁCH DU LỊCH HÀNG CHỤC NGHÌN ĐẾN THAM DỰ	Du lịch
lấy thêm ít đồ ăn vặt nữa anh bạn	BẠN ĐỒ ĂN VẶT THÊM ÍT LẤY ĐI	Cuộc sống thường nhật
hãy rửa tay sạch sẽ bằng xà phòng trước khi ăn	TAY XÀ PHÒNG RỬA SẠCH SẼ TRƯỚC KHI ĂN	Sức khỏe
âm thanh của tiếng đàn piano du dương và trong trẻo quá	TIẾNG ĐÀN PIANO DU DƯƠNG VÀ TRONG TRẺO	Văn hóa và Giáo dục
nghe ấn tượng thật đấy bạn làm tốt lắm	NGHE ẤN TƯỢNG BẠN LÀM TỐT	Tài chính
những người công nhân đang bốc vác hàng hóa lên xe tải	CÔNG NHÂN HÀNG HÓA XE TẢI BỐC VÁC	Công việc
vị hoàng tử chính thức lên ngôi vào năm mười tám tuổi	HOÀNG TỬ ANH TRAI NGÔI VỊ VỊ TRÍ CHỨC VỤ LÊN GIỮ CHÍNH THỨC VÀO TUỔI 18	Chính trị
còn giấy phép lái xe thì sao	BẰNG LÁI XE SAO CÒN	Tài chính
đây là thẻ bảo hiểm tai nạn du lịch nước ngoài của tôi	ĐÂY THẺ BẢO HIỂM DU LỊCH NƯỚC NGOÀI CỦA TÔI	Chính trị
một phòng đơn tốt nhất là có bồn tắm	PHÒNG ĐƠN MỘT TỐT NHẤT CÓ BỒN TẮM	Du lịch
bạn cần phải đi ngủ ngay bây giờ vì vậy hãy ngủ	NGAY BÂY GIỜ BẠN ĐI NGỦ PHẢI NGỦ ĐI	Cuộc sống thường nhật
xin lỗi cái nào có chất lượng cao nhất ở đây	XIN LỖI Ở ĐÂY CHẤT LƯỢNG TỐT NHẤT NÀO	Cuộc sống thường nhật
mẹ tôi rất khéo tay trong việc nấu những món ăn truyền thống	MẸ TÔI KHÉO TAY KHI NẤU NHỮNG MÓN ĂN TRUYỀN THỐNG	Cuộc sống thường nhật
tôi đã đặt bàn cho 3 người tối nay tôi muốn hủy nó	TÔI ĐĂNG KÝ 3 NGƯỜI TỐI NAY RỒI TÔI HỦY MUỐN	Cuộc sống thường nhật
tình bạn của chúng tôi ngày ấy thật hồn nhiên trong sáng	NGÀY ẤY TÌNH BẠN CỦA CHÚNG TÔI THẬT ĐẸP	Mối quan hệ
không đó là tất cả cảm ơn	KHÔNG CẢM ƠN	Du lịch
vâng chúng tôi có cả bìa mềm và vỏ cứng bạn muốn mua cái nào	CHÚNG TÔI BẢN BÌA MỀM BÌA CỨNG CÓ BẠN LOẠI NÀO MUỐN	Cuộc sống thường nhật
công ty sẽ thanh toán tất cả các chi phí	CÔNG TY CHI PHÍ TOÀN BỘ CHI TRẢ SẼ	Công việc
cậu bé bất cẩn bị ngã khi đang chạy chơi ngoài sân	CẬU BÉ BẤT CẨN NGÃ KHI CHẠY CHƠI NGOÀI SÂN	Sức khỏe
xin hãy nhìn lên bầu trời bạn không thấy những đám mây đen sắp mưa rồi	NHÌN LÊN BẦU TRỜI BẠN THẤY ĐÁM MÂY ĐEN CÓ KHÔNG SẮP MƯA RỒI	Mối quan hệ
hôm qua bạn đã làm gì anh ấy và bạn có đi khiêu vũ không	HÔM QUA BẠN LÀM GÌ ANH ẤY BẠN ĐI KHIÊU VŨ CÓ KHÔNG	Cuộc sống thường nhật
thầy giáo chủ nhiệm rất gần gũi và quan tâm học sinh	THẦY GIÁO CHỦ NHIỆM GẦN GŨI QUAN TÂM HỌC SINH	Mối quan hệ
tôi muốn một số loại kẹo	TÔI LOẠI KẸO MỘT SỐ	Cuộc sống thường nhật
vâng bạn có ý định đặt một lacarne hoặc bạn sẽ có buffet hải sản của chúng tôi	BẠN ĐẶT HÀNG BÍT TẾT HOẶC BUFFET HẢI SẢN CỦA CHÚNG TÔI CHỌN GÌ	Cuộc sống thường nhật
mua bảo hiểm nhân thọ là một khoản đầu tư cho tương lai	BẢO HIỂM NHÂN THỌ ĐẦU TƯ KHOẢN TIỀN 1 CHO TƯƠNG LAI	Tài chính
đàn bò thong thả gặm cỏ trên sườn đồi xanh mướt	ĐÀN BÒ CỎ GẶM TRÊN ĐỒI XANH	Cuộc sống thường nhật
ông ấy đã trở thành triệu phú nhờ kinh doanh bất động sản	ÔNG ẤY KINH DOANH BẤT ĐỘNG SẢN NHỜ TRIỆU PHÚ TRỞ THÀNH	Tài chính
tôi vẫn đang chờ cuộc gọi của họ	TÔI CUỘC GỌI HỌ CHỜ	Công việc
tôi sẽ nói nó khoảng 5 độ c	TÔI ĐOÁN 5 ĐỘ C KHOẢNG THÔI	Mối quan hệ
trời sắp mưa rồi	TRỜI MƯA SẮP	Cuộc sống thường nhật
ngày tốt lành chúng tôi có thể làm gì cho bạn	CHÚC NGÀY TỐT CHÚNG TÔI CHO BẠN LÀM GÌ	Tài chính
của anh đây	CỦA ANH ĐÂY	Cuộc sống thường nhật
cảm thấy ấm hơn một chút	CẢM THẤY ẤM HƠN MỘT CHÚT	Cuộc sống thường nhật
quả nho có chua không	NHO CHUA CÓ KHÔNG	Cuộc sống thường nhật
tôi muốn ăn súp trứng	TÔI SÚP TRỨNG ĂN MUỐN	Cuộc sống thường nhật
tôi sẽ sử dụng gừng tỏi hành lá ớt và giấm	TÔI GỪNG TỎI HÀNH LÁ ỚT VÀ GIẤM DÙNG SẼ	Cuộc sống thường nhật
con mèo tinh nghịch vẫy vẫy cái đuôi dài	CON MÈO CÁI ĐUÔI DÀI VẪY VẪY TINH NGHỊCH	Cuộc sống thường nhật
tôi nghĩ tôi sẽ dùng thẻ tín dụng	TÔI NGHĨ TÔI THẺ TÍN DỤNG DÙNG	Cuộc sống thường nhật
không bạn bóc vỏ và vứt bỏ hạt	KHÔNG BẠN BÓC VỎ HẠT VỨT	Cuộc sống thường nhật
cảm ơn bạn rất nhiều bạn thật tốt bụng	CẢM ƠN NHIỀU BẠN TỐT BỤNG	Cuộc sống thường nhật
chúng tôi đã đến thăm thác bản giốc ở cao bằng	CHÚNG TÔI DU LỊCH THÁC NƯỚC BẢN GIỐC THÁC NƯỚC CAO BẰNG	Du lịch
tôi chưa từng đến hàn quốc tôi đã đến nhật bản trước đây nhưng chưa bao giờ đến triều tiên	TÔI HÀN QUỐC ĐẾN CHƯA NHẬT ĐI RỒI TRIỀU TIÊN CHƯA BAO GIỜ	Cuộc sống học đường
lần đầu tiên nó bị hỏng là khi nào	LẦN ĐẦU TIÊN NÓ HỎNG KHI NÀO	Cuộc sống thường nhật
cô bé có nụ cười trong sáng tựa như một thiên thần	CÔ BÉ NỤ CƯỜI TRONG SÁNG CÓ GIỐNG NHƯ THIÊN THẦN 1	Thái độ và Cảm xúc
sao chúng ta không thấy một số em được bố mẹ đưa đến trường lần đầu tiên nhỉ	BỐ MẸ TRẺ EM ĐƯA TRƯỜNG ĐẾN LẦN ĐẦU TIÊN KHÔNG THẤY TẠI SAO	Cuộc sống học đường
còn chưa tới trưa mà	CÒN ĐẾN TRƯA CHƯA	Mối quan hệ
gia đình tôi phải thuê nhà để ở trong thành phố	GIA ĐÌNH TÔI THUÊ NHÀ SỐNG TRONG THÀNH PHỐ	Tài chính
bạn đã làm gì và bạn đã học khóa nào ở đó	BẠN LÀM GÌ BẠN HỌC Ở ĐÓ HỌC KỲ NÀO	Mối quan hệ
đó là một con đường mới	ĐÓ TUYẾN ĐƯỜNG MỚI MỘT	Du lịch
họ quyết định chấm dứt mối quan hệ tình cảm sau nhiều mâu thuẫn	HỌ QUAN HỆ TÌNH CẢM CHẤM DỨT SAU MÂU THUẪN NHIỀU	Mối quan hệ
giờ con sẵn sàng đi rồi	BÂY GIỜ CON ĐI SẴN SÀNG RỒI	Du lịch
chúc may mắn	CHÚC MAY MẮN	Mối quan hệ
được rồi đó là một ngày sau	ĐÓ NGÀY SAU	Mối quan hệ
không chưa tôi muốn mua một ấm trà	CHƯA TÔI ẤM TRÀ 1 MUA MUỐN	Cuộc sống thường nhật
vâng nó giúp mọi người hiểu những gì chúng ta đang làm	NÓ GIÚP MỌI NGƯỜI HIỂU CHÚNG TA LÀM	Công việc
thôi kệ cứ đọc càng nhiều càng tốt	KỆ ĐỌC NHIỀU TỐT	Sức khỏe
còn hai bên thì sao	CÒN HAI BÊN THÌ SAO	Cuộc sống thường nhật
sao bạn dậy sớm vậy mary	BẠN DẬY SỚM TẠI SAO	Cuộc sống thường nhật
wow bánh xe đu quay ở đó rất lớn tôi muốn đi xe trên đó	ĐU QUAY Ở ĐÓ RẤT LỚN TÔI ĐI XE TRÊN ĐÓ MUỐN	Cuộc sống thường nhật
ai cũng có những ưu điểm và nhược điểm riêng của mình	MỖI NGƯỜI ƯU ĐIỂM NHƯỢC ĐIỂM RIÊNG CÓ	Thái độ và Cảm xúc
xin lỗi nhưng tôi không tìm thấy cuốn sách bạn cho tôi mượn	XIN LỖI NHƯNG CUỐN SÁCH CỦA BẠN TÔI MƯỢN TÌM THẤY KHÔNG	Thái độ và Cảm xúc
chỉ cần đến đây vào đi nhanh lên	ĐẾN ĐÂY ĐI VÀO NHANH LÊN	Sức khỏe
trông chúng giống bánh kếp	CHÚNG BÁNH KẾP TRÔNG GIỐNG	Cuộc sống thường nhật
bạn đang nói về loại đấu tranh quyền lực nào vậy	BẠN LOẠI TRANH CHẤP QUYỀN LỰC NÀO NÓI ĐANG	Thái độ và Cảm xúc
bạn biết hollywood bao nhiêu	BẠN BIẾT NƯỚC MỸ THẾ NÀO	Mối quan hệ
nhưng chúng ta cần làm ướt nó	NHƯNG CHÚNG TA NÓ LÀM ƯỚT CẦN	Cuộc sống thường nhật
nó không quan trọng tôi sẽ dạy cho bạn	NÓ QUAN TRỌNG KHÔNG TÔI BẠN DẠY CHO	Mối quan hệ
con vật gì sống ở rừng	RỪNG ĐỘNG VẬT GÌ	Du lịch
có họ thông báo cho tôi làm việc vào tuần tới	CÓ HỌ THÔNG BÁO TÔI ĐI LÀM TUẦN TỚI	Công việc
chúng tôi có buổi định hướng chiều nay	CHIỀU NAY CHÚNG TÔI CÓ BUỔI ĐỊNH HƯỚNG	Công việc
bạn phải đến nhà tôi ngay	BẠN NHÀ TÔI ĐẾN NGAY	Sức khỏe
tất cả vẫn còn đó	TẤT CẢ Ở ĐÓ VẪN	Cuộc sống thường nhật
oh tôi thấy nếu tôi mua nhiều hơn một bộ tôi có thể được giảm giá không	TÔI THẤY NẾU TÔI ĐỒ BỘ NHIỀU MUA GIẢM GIÁ ĐƯỢC KHÔNG	Cuộc sống thường nhật
đứa trẻ sợ hãi vì nghe kể những câu chuyện ma	ĐỨA TRẺ CÂU CHUYỆN MA NGHE SỢ HÃI	Văn hóa và Giáo dục
tôi có thể ăn burger và khoai tây chiên cỡ lớn không	TÔI BÁNH MỲ KHOAI TÂY CHIÊN CỠ LỚN ĂN ĐƯỢC KHÔNG	Cuộc sống thường nhật
vâng có những nơi hẻm núi rất hẹp với những vách đá dựng đứng ở hai bên	VÂNG NÚI HẺM HẸP NHIỀU 2 BÊN VÁCH ĐÁ DỰNG ĐỨNG	Mối quan hệ
chắc chắn rồi nhưng tôi vẫn thích nó	CHẮC CHẮN RỒI NHƯNG TÔI NÓ VẪN THÍCH	Mối quan hệ
tôi khuyên bạn nên chọn 100 cotton	BẠN COTTON 100 CHỌN	Cuộc sống thường nhật
người học trò ngoan ngoãn luôn lắng nghe lời thầy cô giảng	NGƯỜI HỌC TRÒ THẦY CÔ GIÁO LỜI LẮNG NGHE NGOAN NGOÃN	Cuộc sống học đường
mấy giờ thì anh ta đến	ANH ẤY ĐẾN MẤY GIỜ	Công việc
bạn có quan tâm đến lịch sử	BẠN THÍCH LỊCH SỬ KHÔNG	Mối quan hệ
bài kiểm tra toán hôm nay của nam được 5 điểm	HÔM NAY NAM BÀI KIỂM TRA TOÁN ĐIỂM 5 ĐƯỢC	Cuộc sống học đường
tôi bị đau họng nên không thể nói chuyện to được	TÔI ĐAU HỌNG NÊN NÓI CHUYỆN TO KHÔNG THỂ	Sức khỏe
mùa xuân về những chồi non xanh mơn mởn lại nhú lên	MÙA XUÂN VỀ NHỮNG CHỒI NON XANH NHÚ LÊN	Cuộc sống thường nhật
cô ấy dùng dây buộc tóc để cột gọn mái tóc dài	CÔ ẤY DÂY BUỘC TÓC DÙNG ĐỂ MÁI TÓC DÀI CỘT GỌN	Cuộc sống thường nhật
tôi là giáo viên	TÔI GIÁO VIÊN	Mối quan hệ
đồ ăn việt nam	ĐỒ ĂN CỦA VIỆT NAM	Mối quan hệ
bạn nói đúng tôi yêu nó rất nhiều	BẠN NÓI ĐÚNG TÔI NÓ THÍCH RẤT	Mối quan hệ
giờ đến kem	BÂY GIỜ KEM	Cuộc sống thường nhật
ví dụ bạn có thể đổi sang đồ ăn trung quốc	VÍ DỤ BẠN ĐỒ ĂN TRUNG QUỐC ĐỔI	Cuộc sống thường nhật
anh ta cảm thấy vô cùng hối hận vì những lời nói lúc nóng giận	ANH TA CẢM THẤY HỐI HẬN VÌ LỜI NÓI NÓNG GIẬN	Thái độ và Cảm xúc
mọi chuyện thế nào	MỌI CHUYỆN THẾ NÀO	Mối quan hệ
cảm ơn bạn rất nhiều chúng tôi đã có một khoảng thời gian thực sự vui vẻ	CẢM ƠN NHIỀU CHÚNG TÔI KHOẢNG THỜI GIAN VUI VẺ CÓ	Mối quan hệ
tôi có thể nhận đơn hàng của bạn không	TÔI ĐƠN HÀNG CỦA BẠN NHẬN CÓ THỂ	Cuộc sống thường nhật
ý anh là gì	Ý KIẾN CỦA ANH GÌ	Mối quan hệ
họ có thể ra ngoài và chơi với bạn bè	TỤI NÓ CÓ THỂ RA NGOÀI CHƠI BẠN BÈ	Cuộc sống thường nhật
cô giáo đang giảng bài về danh từ trong tiếng việt	CÔ GIÁO GIẢNG BÀI VỀ DANH TỪ TRONG TIẾNG VIỆT	Cuộc sống học đường
trong một mối quan hệ việc lắng nghe nhau là rất cần thiết	TRONG QUAN HỆ 1 LẮNG NGHE CÙNG NHAU CẦN THIẾT	Mối quan hệ
hey bạn có biết niềm tin bí ẩn nào phục vụ lễ hội không	LỄ HỘI PHỤC VỤ BẠN BIẾT NIỀM TIN BÍ ẨN CÓ KHÔNG	Mối quan hệ
đó là cách nó hoạt động	NÓ HOẠT ĐỘNG NHƯ VẬY ĐẤY THẾ ĐẤY	Chính trị
vâng 4 x 6 là tốt	CỠ 4 X 6 ĐƯỢC VÂNG	Cuộc sống thường nhật
món đồ này có giá trị lên tới hàng trăm triệu đồng	ĐỒ VẬT NÀY GIÁ TRĂM TRIỆU ĐỒNG	Tài chính
các bạn học sinh đang xếp hàng dọc để vào lớp học	CÁC BẠN HỌC SINH HÀNG DỌC THẲNG HÀNG XẾP LỚP HỌC VÀO	Cuộc sống học đường
tôi đã nói là anh có một cuộc phỏng vấn	TÔI NÓI RỒI ANH CUỘC PHỎNG VẤN CÓ	Công việc
độc thân hay trở lại	ĐỘC THÂN HAY TRỞ LẠI	Du lịch
nghe có vẻ như anh ta khá dễ thương bạn nghĩ gì về anh ấy	ANH ẤY DỄ THƯƠNG BẠN ANH ẤY NGHĨ GÌ	Mối quan hệ
tôi đã được chơi bóng đá bên ngoài và bây giờ tôi đang đói	TÔI BÓNG ĐÁ CHƠI NGOÀI RỒI BÂY GIỜ TÔI ĐÓI	Cuộc sống thường nhật
không nhưng ngày mai tôi có thể	KHÔNG NHƯNG NGÀY MAI TÔI CÓ THỂ	Mối quan hệ
à tôi chỉ muốn cô giúp tôi lên lịch nghỉ lễ	TÔI MUỐN CÔ ẤY GIÚP TÔI SẮP XẾP LỊCH NGHỈ LỄ	Công việc
tôi dùng sữa rửa mặt hai lần mỗi ngày để da sạch	MỖI NGÀY TÔI SỮA RỬA MẶT RỬA MẶT HAI LẦN ĐỂ DA SẠCH	Sức khỏe
tôi phải chăm sóc con trai tôi ở nhà	TÔI NHÀ CON TRAI TRÔNG PHẢI	Mối quan hệ
màu vàng	MÀU VÀNG	Văn hóa và Giáo dục
bạn có nghĩ rằng áo này thực sự phù hợp với tôi	BẠN CHIẾC ÁO NÀY TÔI HỢP NGHĨ CÓ KHÔNG	Cuộc sống thường nhật
những hàng cây xanh tươi hai bên đường làm không khí trong lành	NHỮNG HÀNG CÂY XANH BÊN ĐƯỜNG GIÚP KHÔNG KHÍ TRONG LÀNH	Cuộc sống thường nhật
xin chúc mừng bạn là khách hàng may mắn của lễ kỷ niệm của chúng tôi	XIN CHÚC MỪNG BẠN KHÁCH HÀNG MAY MẮN LỄ KỶ NIỆM CỦA CHÚNG TÔI	Cuộc sống thường nhật
dậy sớm tập thể dục là một thói quen rất tốt	DẬY SỚM TẬP THỂ DỤC THÓI QUEN 1 TỐT	Sức khỏe
tôi hoàn toàn nghiêm túc	TÔI NÓI NGHIÊM TÚC ĐẤY	Cuộc sống thường nhật
họ bao nhiêu tuổi	HỌ TUỔI BAO NHIÊU	Mối quan hệ
hmm bạn có tai nghe tốt cho nhạc phim không	BẠN NHẠC PHIM TAI NGHE TỐT CÓ KHÔNG	Cuộc sống thường nhật
vâng tôi rất vui vì bạn đang bắt đầu chú ý nhiều hơn đến chế độ ăn uống của bạn	BẠN CHẾ ĐỘ ĂN UỐNG BẮT ĐẦU CHÚ Ý HƠN TÔI MỪNG	Cuộc sống thường nhật
tôi đã điền xong mẫu đơn rồi tôi có thể về phòng được chưa	TÔI MẪU ĐƠN ĐIỀN XONG RỒI BÂY GIỜ TÔI PHÒNG VỀ CÓ THỂ	Du lịch
bạn có thể ăn nhiều món khác nhau trong vài ngày tới	VÀI NGÀY TỚI BẠN CÁC MÓN ĂN KHÁC NHAU ĂN	Sức khỏe
em thật lãng mạn em yêu	EM LÃNG MẠN EM YÊU	Mối quan hệ
gia đình tôi có chuyến du lịch đà lạt	GIA ĐÌNH TÔI CHUYẾN DU LỊCH ĐÀ LẠT CÓ	Du lịch
vâng nhưng làm thế nào mà kỳ nghỉ này đến được	KỲ NGHỈ NÀY ĐẾN VÌ SAO VÂNG NHƯNG	Mối quan hệ
tất nhiên tôi xanh xao vừa mới bắt đầu mùa xuân tôi chưa có làn da rám nắng mùa hè	TÔI NHÌN NHỢT NHẠT MÙA XUÂN MỚI TÔI LÀN DA RÁM NẮNG MÙA HÈ CÓ CHƯA	Mối quan hệ
vâng tôi thích nó bởi vì nó thuận tiện	TÔI NÓ THÍCH VÌ NÓ DÙNG DỄ	Cuộc sống thường nhật
bạn là giám đốc bộ phận bán hàng giỏi nhất	BẠN GIÁM ĐỐC PHÒNG BÁN HÀNG GIỎI NHẤT	Công việc
tôi quyết định theo đuổi cuộc sống này	TÔI CUỘC SỐNG NÀY THEO ĐUỔI QUYẾT ĐỊNH RỒI	Mối quan hệ
mức giá là bao nhiêu làm ơn	CHO TÔI GIÁ BAO NHIÊU	Du lịch
tôi thấy cô ấy ngày hôm qua cô ấy đã khá hơn một chút	HÔM QUA TÔI CÔ ẤY THẤY CÔ ẤY KHÁ 1 CHÚT	Cuộc sống thường nhật
bây giờ nó đang gặp rắc rối nhưng tôi tin nó sẽ tự đứng lên được	BÂY GIỜ NÓ RẮC RỐI NHƯNG TÔI TỰ TIN ĐỨNG LÊN SẼ	Mối quan hệ
hành động bất hiếu với cha mẹ là điều không thể chấp nhận	VỚI CHA MẸ HÀNH ĐỘNG BẤT HIẾU CHẤP NHẬN KHÔNG	Mối quan hệ
lần sau ăn trưa tôi trả	LẦN SAU ĂN TRƯA TÔI TRẢ NHÉ	Thái độ và Cảm xúc
anh ấy là một người rất vui tính và hòa đồng	ÂNH ẤY NGƯỜI VUI TÍNH VÀ LÀM QUEN DỄ	Mối quan hệ
đội bóng đá việt nam thắng 2  0	ĐỘI BÓNG ĐÁ VIỆT NAM THẮNG 2 0	Mối quan hệ
đó là mới nhất	ĐÓ LÀ MỚI NHẤT	Cuộc sống thường nhật
tất cả những điều này là đủ chúc may mắn	THẾ NÀY ĐỦ RỒI CHÚC BẠN MAY MẮN	Công việc
lũ chim sẻ ríu rít chuyền cành trên cây phượng vĩ	LŨ ĐÀN CHIM SẺ CÀNH CHUYỂN RÍU RÍT TRÊN CÂY PHƯỢNG VĨ	Cuộc sống thường nhật
nếu bạn không phiền thì cho tôi hỏi chúng có giá bao nhiêu	NẾU BẠN PHIỀN KHÔNG TÔI HỎI CHÚNG TIỀN BAO NHIÊU	Mối quan hệ
ba cột	CỘT 3	Cuộc sống thường nhật
tôi nghĩ vậy	TÔI NGHĨ CŨNG	Cuộc sống thường nhật
cả gia đình tôi cùng nhau trang trí cây thông lễ nôen	CẢ GIA ĐÌNH TÔI CÂY THÔNG NÔ EN TRANG TRÍ CÙNG NHAU	Văn hóa và Giáo dục
mẹ mắng tôi vì đã không làm bài tập về nhà đầy đủ	MẸ TÔI BÀI TẬP VỀ NHÀ LÀM ĐẦY ĐỦ KHÔNG MẮNG	Mối quan hệ
hãy quay lại đây ăn sáng đi	ĂN SÁNG QUAY LẠI HÃY	Cuộc sống thường nhật
bạn nên tiếp tục chơi với tất cả các màu	BẠN TẤT CẢ MÀU SẮC CHƠI TIẾP TỤC	Cuộc sống thường nhật
nhìn ngôi làng kìa	NGÔI LÀNG KÌA NHÌN	Du lịch
chiếc áo của cô ấy có màu xanh lá cây rất đẹp	CÔ ẤY CHIẾC ÁO MÀU XANH LÁ ĐẸP	Cuộc sống thường nhật
cà chua	CÀ CHUA	Cuộc sống thường nhật
ngân hàng nằm ở phía đối diện với bưu điện thành phố	NGÂN HÀNG VÀ BƯU ĐIỆN THÀNH PHỐ NẰM ĐỐI DIỆN NHAU	Cuộc sống thường nhật
du khách thích thú khi thấy con cá sấu đang nằm phơi nắng	DU KHÁCH CÁ SẤU NẰM PHƠI NẮNG THẤY THÍCH THÚ	Du lịch
tượng đài bác hồ được đặt trang trọng tại quảng trường ba đình	BÁC HỒ TƯỢNG ĐÀI ĐƯỢC ĐẶT TRANG TRỌNG TẠI QUẢNG TRƯỜNG BA ĐÌNH	Văn hóa và Giáo dục
đưa tôi cái walkman tôi sẽ nghe nhạc	TÔI MÁY NGHE NHẠC CÁI ĐƯA TÔI NHẠC NGHE CHÚT	Thái độ và Cảm xúc
tôi phải nói hai người là một cặp rất hợp nhau	TÔI NÓI PHẢI HAI NGƯỜI CẶP ĐẸP ĐÔI LÀ	Mối quan hệ
tôi sẽ kiểm tra vào lúc mấy giờ tối thứ sáu	TỐI THỨ SÁU TÔI NHẬN PHÒNG MẤY GIỜ	Cuộc sống thường nhật
tiếng chim chóc líu lo mỗi buổi sáng thật yên bình	TIẾNG CHIM CHÓC LÍU LO HÓT BUỔI SÁNG YÊN BÌNH HÀNG NGÀY	Cuộc sống thường nhật
họ là những người bạn rất tốt phải không	HỌ BẠN THÂN	Mối quan hệ
bạn có thể vui lòng ngồi đằng kia không có một số tạp chí thú vị trên bàn cà phê	BẠN ĐẰNG KIA NGỒI ĐƯỢC KHÔNG BÀN CÀ PHÊ TRÊN TẠP CHÍ MẤY HAY CÓ	Cuộc sống thường nhật
tôi cảm thấy rất bực mình vì chờ đợi quá lâu	TÔI CHỜ ĐỢI QUÁ LÂU BỰC MÌNH	Thái độ và Cảm xúc
bạn có thể phục vụ salad với bữa tối của chúng tôi	BẠN SALAD THÊM BỮA TỐI CHÚNG TÔI CHO CÓ THỂ KHÔNG	Cuộc sống thường nhật
nhặt nó lên xem	NÓ NHẶT LÊN XEM	Cuộc sống thường nhật
mẹ tôi dùng chiếc máy khâu cũ để may vá quần áo	MẸ TÔI MÁY KHÂU CŨ QUẦN ÁO MAY VÁ	Cuộc sống thường nhật
tôi phải gọi cho mẹ tôi một tiếng trước	TÔI MẸ TÔI GỌI CHO 1 TIẾNG TRƯỚC	Mối quan hệ
tôi vừa trở về từ hàn quốc	TÔI HÀN QUỐC TRỞ VỀ	Mối quan hệ
đây rồi thưa bà	ĐÂY RỒI	Cuộc sống thường nhật
đây là chiếc bánh mà bạn làm hôm qua	ĐÂY CHIẾC BÁNH BẠN LÀM HÔM QUA	Cuộc sống thường nhật
chuyện gì xảy ra với cô ấy	CÔ ẤY SAO VẬY BỊ	Công việc
khi nào bạn mua máy tính mới của bạn	KHI NÀO BẠN MÁY TÍNH MỚI MUA	Cuộc sống thường nhật
bây giờ chúng ta hãy về nhà và nghỉ ngơi	BÂY GIỜ CHÚNG TA VỀ NHÀ NGHỈ NGƠI	Cuộc sống thường nhật
nước của quả dừa xiêm rất ngọt và mát lạnh	QUẢ DỪA XIÊM NƯỚC NGỌT MÁT LẠNH	Cuộc sống thường nhật
trọng tài phải đưa ra quyết định công bằng cho cả hai đội	TRỌNG TÀI QUYẾT ĐỊNH CÔNG BẰNG ĐƯA RA PHẢI CHO CẢ 2 ĐỘI	Thái độ và Cảm xúc
mức lương của công việc này được cố định hàng tháng	CÔNG VIỆC MỨC LƯƠNG HÀNG THÁNG TRẢ CỐ ĐỊNH THAY ĐỔI KHÔNG	Công việc
cô dâu mặc một chiếc váy cưới màu trắng tinh khôi thật lộng lẫy	CÔ DÂU CHIẾC VÁY CƯỚI MÀU TRẮNG MẶC TRONG SÁNG LỘNG LẪY	Cuộc sống thường nhật
những hộp đựng này rất tốt để đựng thức ăn	NHỮNG HỘP NÀY TỐT ĐỂ ĐỒ ĂN ĐỰNG	Cuộc sống thường nhật
quốc tịch của bạn là gì	ĐẤT NƯỚC CỦA BẠN GÌ	Công việc
đây là chứng minh thư của tôi	ĐÂY CHỨNG MINH THƯ CỦA TÔI	Du lịch
tôi chỉ muốn tận hưởng những gì mình đang làm đó là điều quan trọng nhất đối với tôi	TÔI TẤT CẢ LÀM TẬN HƯỞNG MUỐN ĐÓ TÔI QUAN TRỌNG NHẤT	Công việc
có chính phủ cung cấp những chế độ bảo hiểm y tế tuyệt vời cho nhân viên	CÓ CHÍNH PHỦ BẢO HIỂM Y TẾ TUYỆT VỚI CUNG CẤP NHÂN VIÊN CHO	Mối quan hệ
vâng xin vui lòng lúc 6 giờ 30 sáng	VÂNG LÀM ƠN LÚC SÁU GIỜ RƯỠI SÁNG	Du lịch
câu trả lời là gì	CÂU TRẢ LỜI GÌ	Công việc
hôm nay trời đẹp và sáng phải không	HÔM NAY TRỜI ĐẸP SÁNG PHẢI KHÔNG	Mối quan hệ
bạn không thích con vật gì	BẠN ĐỘNG VẬT KHÔNG THÍCH GÌ	Cuộc sống thường nhật
ồ chào ông cảm ơn ông đã phản hồi nhanh chóng	Ồ CHÀO ÔNG ÔNG PHẢN HỒI NHANH CHÓNG CẢM ƠN	Cuộc sống thường nhật
chắc chắn là bia hai chai	BIA HAI CHAI CHẮC CHẮN LÀ	Cuộc sống thường nhật
người thợ kim hoàn đang chế tác một chiếc nhẫn rất tinh xảo	NGƯỜI THỢ TINH HOÀN CHẾ TÁC MỘT CHIẾC NHẪN TINH XẢO	Công việc
con người khám phá mặt trăng	CON NGƯỜI MẶT TRĂNG KHÁM PHÁ	Văn hóa và Giáo dục
làm sao anh biết nó sẽ rất vui	BẠN BIẾT NÓ RẤT VUI LÀM THẾ NÀO	Mối quan hệ
tôi có thể thử cái này không	TÔI PHONG CÁCH THÍCH TÔI CÁI NÀY THỬ ĐƯỢC KHÔNG	Cuộc sống thường nhật
xe lửa nào là vé cho	VÉ NÀY CHUYẾN TÀU NÀO	Cuộc sống thường nhật
ok tôi sẽ thử điều đó	OK TÔI THỬ SẼ	Mối quan hệ
có chúng tôi chỉ đang tìm kiếm một phí mỗi ngày là bao nhiêu	CÓ BỌN TÔI MỘT CÁI TÌM THÔI PHÍ MỖI NGÀY BAO NHIÊU	Du lịch
tiếng ồn quá lớn khiến tôi cảm thấy rất đau tai khó chịu	TIẾNG ỒN LỚN QUÁ TÔI TAI ĐAU KHÓ CHỊU	Sức khỏe
bác sĩ khuyên nên khám sức khỏe tim mạch định kỳ	BÁC SĨ KHUYÊN TIM MẠCH KHÁM ĐỊNH KÌ NÊN	Sức khỏe
tôi nghĩ 700 là đủ	TÔI 700 NGHĨ ĐỦ RỒI	Công việc
chúng ta có thể làm nhiều thứ khác sau buổi dã ngoại phải không	CHÚNG TA BUỔI DÃ NGOẠI SAU LÀM NHIỀU THỨ KHÁC PHẢI KHÔNG	Mối quan hệ
lòng tôi náo nức chờ đợi ngày được về thăm quê hương	TÔI CHỜ ĐỢI NGÀY VỀ THĂM QUÊ HƯƠNG	Thái độ và Cảm xúc
anh ấy cởi áo khoác ngoài rồi treo nó lên móc	ANH ẤY ÁO KHOÁC CỞI XONG TREO LÊN MÓC	Cuộc sống thường nhật
cuối cùng	CUỐI CÙNG	Cuộc sống thường nhật
học sinh đang học cách vẽ một đoạn thẳng chính xác	HỌC SINH VẼ ĐOẠN THẲNG ĐÚNG ĐANG HỌC	Cuộc sống học đường
xin lỗi tôi đã vô tình giẫm vào chân bạn	XIN LỖI TÔI BẠN CHÂN GIẪM ĐẠP VÔ TÌNH CỐ Ý KHÔNG	Mối quan hệ
chú công nhân đang dùng máy để bơm nước vào trong bể	CHÚ CÔNG NHÂN DÙNG MÁY BƠM NƯỚC ĐỂ BƠM NƯỚC VÀO BỂ	Cuộc sống thường nhật
chúng tôi đi dạo dọc theo bờ biển vào buổi chiều	CHÚNG TÔI BỜ BIỂN ĐI DẠO VÀO BUỔI CHIỀU	Du lịch
bạn có thể vẽ nhiều hình dạng khác nhau	BẠN HÌNH DẠNG KHÁC NHAU VẼ CÓ THỂ	Cuộc sống thường nhật
vâng tôi ăn nhiều đậu phụ đậu các loại hạt và một số cá	TÔI ĐẬU PHỤ ĂN NHIỀU HẠT ĐẬU CÁC LOẠI HẠT VÀ CÁ MỘT SỐ	Mối quan hệ
nhìn xem tôi đã làm một con cá	NHÌN XEM TÔI CON CÁ MỘT LÀM	Cuộc sống thường nhật
phải không chỉ nhìn ra ngoài mà còn nhìn lên trên	VÂNG NHÌN RA NGOÀI NHÌN LÊN	Cuộc sống thường nhật
thật đáng tiếc nó khá thú vị cả hai đội đều chơi rất tốt	TIẾC THẬT NÓ THÚ VỊ CẢ ĐỘI 2 CHƠI TỐT	Mối quan hệ
còn hành khách thì sao	CÒN KHÁCH THẾ NÀO	Mối quan hệ
thật tốt khi có một người chồng như anh	TỐT KHI CHỒNG NHƯ ANH CÓ	Mối quan hệ
với một chút dầu ô liu	DẦU Ô LIU 1 CHÚT	Cuộc sống thường nhật
rất nhiều hình dạng khác nhau	HÌNH DẠNG KHÁC NHAU NHIỀU	Cuộc sống thường nhật
làm ơn cho tôi một lon coca ăn kiêng	TÔI LON COCA ĂN KIÊNG MUỐN	Cuộc sống thường nhật
ý tưởng hay bạn có muốn rửa hay massage không massage đặc biệt tốt khi bạn mệt mỏi	BẠN MẶT RỬA HAY MASSAGE MUỐN	Cuộc sống thường nhật
bạn đang làm gì vậy	BẠN LÀM GÌ	Mối quan hệ
bạn bị sao vậy	BẠN BỊ SAO VẬY	Sức khỏe
xin chào bạn có thể cho tôi một kéo xe du lịch của tôi bị mắc kẹt	ALO BẠN TÔI KÍCH XE GIÚP CÓ THỂ XE DU LỊCH TÔI BỊ KẸT	Cuộc sống thường nhật
cảm ơn bạn rất nhiều	CẢM ƠN NHIỀU	Cuộc sống thường nhật
các em hãy ghi chép cẩn thận những lời cô giáo giảng	CÁC EM GHI CHÉP CẨN THẬN LỜI CÔ GIÁO GIẢNG	Cuộc sống học đường
ngày giỗ tổ hùng vương là một ngày lễ lớn của dân tộc	NGÀY GIỖ TỔ HÙNG VƯƠNG LÀ NGÀY LỄ LỚN CỦA DÂN TỘC	Văn hóa và Giáo dục
lưu ý gì tôi không thể nhìn thấy tôi chỉ kéo một đêm	TÔI GÌ HẾT THẤY KHÔNG CHỈ ĐÊM THỨC CẢ MỚI LƯU Ý GÌ CƠ	Mối quan hệ
doanh thu của công ty quý này đã tăng gấp ba so với quý trước	CÔNG TY DOANH THU 3 THÁNG NÀY TĂNG GẤP 3 SO 3 THÁNG TRƯỚC	Tài chính
nó chủ yếu ở bên phải của tôi ngay đây	NÓ BÊN PHẢI TÔI CHỦ YẾU NGAY ĐÂY NÀY	Sức khỏe
có tất nhiên nếu bạn thích phòng hãy gọi cho chủ nhà và xác nhận thông tin về phòng	VÂNG NẾU BẠN PHÒNG ĐÓ THÍCH CHỦ NHÀ GỌI THÔNG TIN XÁC NHẬN	Cuộc sống thường nhật
hãy để tôi xem có một chỗ ngồi cửa sổ và một ghế lối đi	TÔI XEM ĐỂ CÓ RỒI CHỖ NGỒI MỘT CỬA SỔ CẠNH VÀ LỐI ĐI MỘT	Mối quan hệ
xin chào bạn zhang có chuyện gì vậy trông bạn không vui lắm buổi hẹn của bạn thế nào	ZHANG CHUYỆN GÌ CÓ TRÔNG BẠN VUI KHÔNG LẮM BUỔI HẸN SAO RỒI CHÀO	Mối quan hệ
tôi có thể nói chuyện với bạn một lúc không	TÔI BẠN NÓI CHUYỆN MỘT LÚC ĐƯỢC KHÔNG	Công việc
cảm ơn thưa ngài bạn cũng vậy lái xe an toàn tôi nghe nói có rất nhiều băng trên đường	CẢM ƠN BẠN CŨNG VẬY LÁI XE AN TOÀN ĐƯỜNG NHIỀU BĂNG	Mối quan hệ
tôi không phải lo lắng về việc tìm kiếm một công việc và phỏng vấn nữa	TÔI LO LẮNG KHÔNG TÌM KIẾM CÔNG VIỆC VÀ PHỎNG VẤN	Thái độ và Cảm xúc
đó là một ý tưởng tốt nhà bếp sẽ trông tuyệt vời	Ý TƯỞNG TỐT NHÀ BẾP TUYỆT VỜI	Cuộc sống thường nhật
mọi thứ đều ổn vui lòng làm thủ tục tại sân bay một tiếng trước chuyến bay	MỌI THỨ BÌNH THƯỜNG THỦ TỤC LÀM TẠI SÂN BAY TRƯỚC CHUYẾN BAY MỘT TIẾNG	Du lịch
nó có tốt không	NGON CHỨ	Cuộc sống thường nhật
nhà hàng red bạn có muốn đặt chỗ không	BẠN ĐẶT CHỖ NHÀ HÀNG MUỐN KHÔNG	Cuộc sống thường nhật
cái nào mắc hơn vậy	ĐẮT HƠN NÀO	Du lịch
trong câu này tính từ đóng vai trò làm bổ ngữ	CÂU NÀY TÍNH TỪ VAI TRÒ BỔ NGỮ CÓ	Cuộc sống học đường
số điện thoại của tôi là 709 678 5634	SỐ ĐIỆN THOẠI CỦA TÔI 709 678 5634	Du lịch
mùi thơm của quả sầu riêng lan tỏa khắp cả gian nhà	QUẢ SẦU RIÊNG MÙI THƠM LAN TOẢ KHẮP CẢ GIAN NHÀ	Cuộc sống thường nhật
cho tôi một cái màu đen đằng kia được không	CHO TÔI MỘT CÁI MÀU ĐEN ĐẰNG KIA ĐƯỢC KHÔNG	Cuộc sống thường nhật
vẫn chưa bạn nhưng tôi đang làm việc với nó	CHƯA NHƯNG TÔI CÁI ĐÓ LÀM VIỆC	Công việc
ký ức tuổi thơ của tôi gắn liền với cánh đồng lúa	TÔI KÝ ỨC TUỔI THƠ GẮN LIỀN VỚI CÁNH ĐỒNG LÚA	Cuộc sống thường nhật
tôi cũng sẽ tìm một vé cho bạn cảm ơn	TÔI BẠN CHO VÉ MỘT TÌM NỮA CẢM ƠN NHÉ	Cuộc sống thường nhật
lũ trẻ đang vui đùa trên bãi cỏ xanh mướt	LŨ TRẺ MẤY ĐỨA TRẺ VUI ĐÙA TRÊN BÃI CỎ XANH	Cuộc sống thường nhật
mọi người đều yêu mến cô giáo vì sự tận tâm của cô	MỌI NGƯỜI YÊU MẾN CÔ GIÁO VÌ CÔ TẬN TÂM	Mối quan hệ
bọn trẻ con đang vui đùa hồn nhiên ở ngoài sân	BỌN TRẺ VUI ĐÙA HỒN NHIÊN Ở NGOÀI SÂN	Mối quan hệ
giấy phép đó sẽ có giá 25 đô la đó là tiền mặt hay thẻ tín dụng	GIẤY PHÉP ĐÓ GIÁ 25 000 Đ BẠN TRẢ TIỀN MẶT HAY THẺ TÍN DỤNG	Cuộc sống học đường
thành tựu lớn nhất của bạn là gì	THÀNH TỰU LỚN NHẤT CỦA BẠN GÌ	Công việc
vâng và xin vui lòng bước qua đó	ÔNG BÀ ĐI LỐI NÀY MỜI	Du lịch
căn bệnh cũ của anh ấy có nguy cơ tái phát trở lại	ANH ẤY CĂN BỆNH CŨ NGUY CƠ TÁI PHÁT CÓ	Sức khỏe
nhà phê bình đã nói gì	NHÀ PHÊ BÌNH NÓI GÌ	Mối quan hệ
rượu vang làm ơn	TÔI RƯỢU MUỐN	Cuộc sống thường nhật
cậu bé không dám nói ra sự thật vì quá sợ hãi	CẬU BÉ SỰ THẬT NÓI KHÔNG DÁM VÌ QUÁ SỢ	Thái độ và Cảm xúc
đặt hàng	ĐẶT HÀNG	Chính trị
tất nhiên là không chúng tôi sẽ rất vui nếu bạn có thể đến mấy giờ bạn sẽ đến được	KHÔNG CHÚNG TÔI VUI NẾU BẠN ĐẾN ĐƯỢC BẠN ĐẾN MẤY GIỜ	Mối quan hệ
nhà tôi cách trường khoảng năm kilômét đường bộ	TỪ NHÀ TÔI ĐẾN TRƯỜNG CÁCH KHOẢNG 5KM ĐƯỜNG BỘ	Cuộc sống thường nhật
tôi có thể hỏi vài câu tieng tư không	TÔI BẠN RIÊNG TƯ HỎI CÓ THỂ	Công việc
những hàng hoá này có đảm bảo chất lượng không	NHỮNG HÀNG HOÁ NÀY CHẤT LƯỢNG ĐẢM BẢO CÓ KHÔNG	Cuộc sống thường nhật
hôm nay ai đi học vậy	HÔM NAY ĐI HỌC AI	Cuộc sống học đường
vâng tất nhiên rồi tôi sẽ nhận	VÂNG OK TÔI NHẬN	Cuộc sống thường nhật
cần có biện pháp hiệu quả để ngăn chặn nạn phá rừng	BIỆN PHÁP HIỆU QUẢ CÓ CẦN ĐỂ CHÁY RỪNG HẾT	Chính trị
bạn có thể mang thức ăn về nhà không	BẠN THỨC ĂN MANG VỀ NHÀ CÓ KHÔNG	Cuộc sống thường nhật
có phải là một chuyến tàu trực tiếp đến đà nẵng 	TÀU ĐI ĐÀ NẴNG TRỰC TIẾP PHẢI KHÔNG	Du lịch
bạn nghĩ gì về khóa học văn học	BẠN KHÓA HỌC VĂN HỌC NGHĨ GÌ	Cuộc sống học đường
bạn nên chú ý nhiều hơn đến sức khỏe của bạn	BẠN CHÚ Ý NHIỀU HƠN SỨC KHỎE	Mối quan hệ
phát hiện sớm bệnh ung thư giúp tăng cơ hội điều trị thành công	BỆNH UNG THƯ PHÁT HIỆN SỚM CƠ HỘI ĐIỀU TRỊ THÀNH CÔNG TĂNG	Sức khỏe
tình cảm gia đình mang lại cho tôi cảm giác rất ấm áp	TÌNH CẢM GIA ĐÌNH CHO TÔI SỰ ẤM ÁP	Mối quan hệ
chỗ này có đầy đủ tiện nghi không	CHỖ NÀY TIỆN NGHI ĐẦY ĐỦ CÓ KHÔNG	Cuộc sống thường nhật
khi nào bạn đi	BẠN ĐI KHI NÀO	Mối quan hệ
cảm ơn bạn bạn có cần hóa đơn không	CẢM ƠN BẠN HÓA ĐƠN CẦN CÓ KHÔNG	Cuộc sống thường nhật
khí hậu miền nam việt nam nóng ẩm quanh năm	MIỀN NAM VIỆT NAM KHÍ HẬU NÓNG ẨM CẢ NGÀY	Du lịch
sức khỏe sinh sản là một vấn đề quan trọng cần được quan tâm	SINH SẢN SỨC KHOẺ LÀ VẤN ĐỀ QUAN TÂM QUAN TRỌNG	Sức khỏe
nhìn bạn cao quá	NHÌN BẠN CAO	Mối quan hệ
ừ nghe này những đứa trẻ khác đang đi về hướng này	NGHE NHỮNG ĐỨA TRẺ KHÁC HƯỚNG NÀY ĐI VỀ	Cuộc sống học đường
lịch sử ghi lại giai đoạn đất nước bị chia cắt đau thương	LỊCH SỬ GIAI ĐOẠN ĐẤT NƯỚC CHIA CẮT ĐAU THƯƠNG GHI LẠI	Chính trị
tôi xin lỗi	TÔI XIN LỖI	Cuộc sống thường nhật
anh ấy đã giải thích lí do cho sự vắng mặt	ANH ẤY SỰ VẮNG MẶT LÝ DO GIẢI THÍCH CÓ	Mối quan hệ
để xem nào tôi muốn đi xem cung điện mùa hè	TÔI CUNG ĐIỆN MÙA HÈ THĂM ĐI MUỐN	Mối quan hệ
sáng nay tôi tìm được một công thức sinh tố chuối rất ngon	SÁNG NAY TÔI CÔNG THỨC SINH TỐ CHUỐI NGON TÌM THẤY	Cuộc sống thường nhật
người lính cứu hỏa đã dũng cảm lao vào đám cháy lớn	NGƯỜI LÍNH CỨU HOẢ ĐÁM CHÁY LỚN DŨNG CẢM LAO VÀO	Công việc
người thợ dùng tuốc nơ vít để siết chặt con ốc vít	NGƯỜI THỢ DÙNG TUỐC NƠ VÍT ĐỂ SIẾT CHẶT CON ỐC VÍT	Công việc
philíppin là một quốc đảo xinh đẹp ở khu vực đông nam á	PHI LIP PIN LÀ QUỐC ĐẢO 1 XINH ĐẸP Ở KHU VỰC ĐÔNG NAM Á	Du lịch
ngay tại đây	TẠI ĐÂY	Cuộc sống thường nhật
hợp đồng của bạn trong bao lâu	HỢP ĐỒNG BẠN KÉO DÀI BAO LÂU	Mối quan hệ
30 quan để làm gì	BẠN 30 NGHÌN ĐỒNG LÀM GÌ	Du lịch
tôi sẽ lấy khăn bạn lấy sơn	TÔI KHĂN LẤY BẠN SƠN LẤY	Cuộc sống thường nhật
chiến tranh đã để lại hậu quả nặng nề của bom đạn	CHIẾN TRANH BOM ĐẠN HẬU QUẢ ĐỂ LẠI NẶNG NỀ	Chính trị
vâng thưa ông tôi sẽ sử dụng kéo bạn có luôn rẽ tóc bên trái không	VÂNG ÔNG TÔI KÉO DÙNG ÔNG NGÔI BÊN TRÁI RẼ VẪN CHỨ	Cuộc sống thường nhật
nó sẽ giúp bạn đưa ra quyết định về trường bạn theo học	NÓ GIÚP BẠN QUYẾT ĐỊNH ĐƯA RA VỀ TRƯỜNG BẠN HỌC	Cuộc sống học đường
thôi nào trời mát mẻ quá	TRỜI MÁT MẺ	Mối quan hệ
thế còn trang thể thao thì sao điểm của trận đấu tối qua là bao nhiêu	BÁO THỂ THAO THÌ SAO ĐIỂM CỦA TRẬN ĐẤU TỐI QUA BAO NHIÊU	Mối quan hệ
nhà thiếu nhi là nơi sinh hoạt quen thuộc của các em nhi đồng	NHÀ THIẾU NHI NƠI SINH HOẠT QUEN THUỘC EM NHỎ	Văn hóa và Giáo dục
thưa ông ông ở phòng nào	ÔNG PHÒNG NÀO	Du lịch
sáng mai nhé thử xem	NGÀY MAI SÁNG THỬ XEM	Mối quan hệ
bạn dậy chưa	BẠN DẬY CHƯA	Cuộc sống thường nhật
tàu cá của ngư dân đang bắt cá ở biển đông	NGƯ DÂN TÀU CÁ BẮT CÁ Ở BIỂN ĐÔNG	Chính trị
cô ấy quyết định đi uốn tóc để thay đổi diện mạo	CÔ ẤY UỐN TÓC QUYẾT ĐỊNH LÀM DIỆN MẠO KHUÔN MẶT THAY ĐỔI	Cuộc sống thường nhật
à một ngày đẹp trời tôi muốn tập thể dục ngoài trời	À 1 NGÀY TRỜI ĐẸP TÔI TẬP THỂ DỤC NGOÀI MUỐN	Mối quan hệ
bạn hãy nhìn những thứ này xem	BẠN NHỮNG THỨ NÀY NHÌN XEM	Cuộc sống thường nhật
kết quả học tập của cậu ấy hơi kém trong học kỳ này	HỌC KỲ NÀY CẬU ẤY KẾT QUẢ HỌC TẬP KÉM HƠI	Cuộc sống học đường
ok đừng quên mang theo ô của bạn mưa có thể bắt đầu lại bất cứ lúc nào	Ô QUÊN KHÔNG MƯA LẠI CÓ THỂ	Mối quan hệ
tại sao có vẻ như bạn đang cảm thấy rất buồn chuyện gì đã xảy ra	TẠI SAO CÓ VẺ BẠN CẢM THẤY RẤT BUỒN CHUYỆN GÌ XẢY RA	Mối quan hệ
tôi đã nhận nó tuần trước	TUẦN TRƯỚC NHẬN RỒI	Du lịch
hôm nay đến lượt tôi phải lau nhà cho thật sạch sẽ	HÔM NAY ĐẾN LƯỢT TÔI NHÀ LAU SẠCH SẼ	Cuộc sống thường nhật
đừng lãng phí quá nhé	LÃNG PHÍ ĐỪNG	Cuộc sống thường nhật
vâng tôi có chúng với tôi bạn có muốn nhìn chúng không	VÂNG TÔI ĐÂY MANG THEO CÓ BẠN XEM MUỐN KHÔNG	Mối quan hệ
màu cam và vàng	MÀU CAM VÀNG	Cuộc sống thường nhật
tôi lấy nó ở đâu	TÔI LẤY Ở ĐÂU	Cuộc sống thường nhật
chắc phải vài năm trước rồi	VÀI NĂM TRƯỚC	Mối quan hệ
sau bữa ăn mọi người thường có thói quen dùng tăm xỉa răng	SAU BỮA ĂN MỌI NGƯỜI THÓI QUEN RĂNG XỈA TĂM CÓ	Cuộc sống thường nhật
bọn trẻ đang vui đùa cùng nhau ở ngoài sân nhà rất vui vẻ	Ở NGOÀI SÂN BỌN TRẺ CHƠI RẤT VUI VẺ	Cuộc sống thường nhật
hmm có lẽ tôi biết	TÔI BIẾT RỒI	Cuộc sống thường nhật
bao nhiêu cho vượt qua	THÔNG QUA ĐIỂM BAO NHIÊU	Cuộc sống thường nhật
bạn bị bệnh bao lâu rồi	BẠN BỆNH BỊ BAO LÂU	Sức khỏe
tình trạng ô nhiễm không khí ở thành phố ngày càng nghiêm trọng	THÀNH PHỐ KHÔNG KHÍ TÌNH TRẠNG Ô NHIỂM NGHIÊM TRỌNG NẶNG	Cuộc sống thường nhật
y học hiện đại đã có thuốc cho bệnh ung thư	HIỆN ĐẠI Y HỌC BỆNH UNG THƯ THUỐC CÓ	Sức khỏe
woo mát mẻ bạn sẽ chinh phục ngọn núi nào	BẠN NGỌN NÚI NÀO CHINH PHỤC ĐỊNH	Mối quan hệ
tôi có thể giúp gì cho bạn	TÔI GIÚP CHO BẠN GÌ	Du lịch
khi bạn phát hiện ra bạn có được thăng chức hay không hãy cho tôi biết	KHI BẠN PHÁT HIỆN BẠN THĂNG CHỨC CÓ KHÔNG CHO TÔI BIẾT	Mối quan hệ
chắc chắn rồi đợi một chút vài phút sau bạn ở đây	ĐỢI CHÚT SAU VÀI PHÚT ĐÂY BẠN Ở ĐÂY	Mối quan hệ
có văn phòng nào gần tôi không	VĂN PHÒNG GẦN CHỖ TÔI CÓ KHÔNG	Công việc
cảnh sát đã dùng còng số tám để bắt giữ tội phạm	CẢNH SÁT CÒNG SỐ TÁM DÙNG ĐỂ BẮT GIỮ TỘI PHẠM	Chính trị
xin lỗi thưa cô nhưng cô không gọi súp gà sao	XIN LỖI CÔ MÓN SÚP GÀ GỌI KHÔNG	Cuộc sống thường nhật
ánh sáng từ cột đèn chiếu rọi con đường vắng vẻ	CỘT ĐÈN ÁNH SÁNG CHIẾU RỌI CON ĐƯỜNG VẮNG VẺ	Cuộc sống thường nhật
thức ăn để qua đêm bị thiu nên không thể ăn được nữa	QUA ĐÊM THỨC ĂN BỊ THIU NÊN ĂN KHÔNG ĐƯỢC	Cuộc sống thường nhật
vâng ngay cả trong mùa đông	VÂNG MÙA ĐÔNG VÀO NGAY CẢ	Cuộc sống thường nhật
nhưng giờ thì bữa sáng đã sẵn sàng rồi	NHƯNG BÂY GIỜ BỮA SÁNG SẴN SÀNG RỒI	Cuộc sống thường nhật
khi nào bạn có thể vào	BẠN VÀO KHI NÀO	Cuộc sống thường nhật
tôi nghĩ rằng giày da sẽ làm tốt	GIÀY DA TỐT HƠN NGHĨ	Mối quan hệ
có hoặc không có phòng tắm riêng	PHÒNG TẮM RIÊNG CÓ HOẶC KHÔNG CÓ	Du lịch
anh ấy bị ngộ độc thực phẩm sau bữa ăn ở ngoài	ANH ÂY THỰC PHẨM NGỘ ĐỘC SAU BỮA ĂN NGOÀI	Sức khỏe
vâng bạn đã có rồi bạn có muốn tôi chỉ đường không	BẠN CÓ RỒI TÔI ĐƯỜNG CHỈ CHO BẠN MUỐN KHÔNG	Cuộc sống thường nhật
cô thật may mắn tôi tự hỏi anh ấy sẽ mua gì cho sinh nhật của cô	CÔ MAY MẮN THẬT ANH ẤY SINH NHẬT CÔ MUA GÌ BIẾT KHÔNG NHỈ	Mối quan hệ
này ray bạn đang làm gì thế	NÀY RAY CẬU LÀM GÌ ĐANG ĐẤY	Mối quan hệ
đi ăn burger và khoai tây chiên thôi	CHÚNG TA BÁNH MỲ KẸP VÀ KHOAI TÂY CHIÊN ĂN ĐI	Cuộc sống thường nhật
nó nói gì	NÓ NÓI GÌ	Mối quan hệ
xin lỗi anh ấy vừa đi ra ngoài tôi có thể gửi tin nhắn cho bạn không	XIN LỖI ANH ẤY ĐI RA NGOÀI RỒI TÔI GỬI TIN NHẮN CHO BẠN CÓ KHÔNG	Công việc
bạn muốn chi bao nhiêu cho mỗi người	NGƯỜI MỖI BẠN TRẢ BAO NHIÊU	Mối quan hệ
bạn có thể cho tôi biết bạn muốn vào trường đại học nào không	BẠN CHO TÔI BIẾT TRƯỜNG ĐẠI HỌC VÀO NÀO	Mối quan hệ
nhìn xem nó lớn như thế nào	NHÌN NÓ LỚN NHƯ THẾ NÀO	Cuộc sống thường nhật
tôi không nói dối	TÔI NÓI DỐI KHÔNG	Văn hóa và Giáo dục
nó đến từ nam phi	ĐÓ LÀ VÒNG CỔ HỒNG MỘT NÓ TỪ NAM PHI ĐẾN	Cuộc sống thường nhật
bạn là người đã gọi cho tôi nhớ không	BẠN GỌI TÔI NHỚ KHÔNG	Cuộc sống thường nhật
anh ấy đam mê võ thuật và luyện tập rất chăm chỉ	ANH ẤY VÕ THUẬT RẤT THÍCH VÀ LUYỆN TẬP CHĂM CHỈ	Sức khỏe
vâng chắc chắn là khác nhau	KHÁC NHAU CHẮC CHẮN	Cuộc sống thường nhật
làm ơn	LÀM ƠN	Công việc
tôi tưởng anh đã quên	TÔI NGHĨ BẠN QUÊN RỒI	Mối quan hệ
tôi nghĩ họ chỉ cần cắt tỉa một chút	TÔI NGHĨ CẮT MỘT CHÚT	Cuộc sống thường nhật
chồng tôi nói anh ta có thẻ tín dụng bạn có chấp nhận thẻ credit card không	CHỒNG TÔI NÓI ANH ẤY CÓ THẺ TÍN DỤNG Ở ĐÂY THẺ CHẤP NHẬN CÓ KHÔNG	Tài chính
cụ tôi năm nay đã ngoài chín mươi tuổi vẫn còn minh mẫn	NĂM NAY CỤ TÔI TRÊN 90 TUỔI MINH MẪN TỈNH TÁO CÒN	Mối quan hệ
không cô ấy ra ngoài ăn trưa tôi có thể nhận tin nhắn không	CÔ ẤY ĂN TRƯA RA NGOÀI RỒI TÔI NHẮN LẠI GIÚP ĐƯỢC KHÔNG	Cuộc sống thường nhật
cuộc sống thế nào rồi bạn	CUỘC SỐNG THẾ NÀO	Mối quan hệ
tôi có thể xin vé phạt ở đây không	TÔI VÉ PHẠT XIN Ở ĐÂY ĐƯỢC KHÔNG	Cuộc sống thường nhật
vâng nó tốt hơn so với  hữu nghị đầu tiên cạnh tranh thứ hai 	NÓ TỐT HƠN SO SÁNH VỚI THÂN THIỆN ĐẦU TIÊN THI ĐUA THỨ HAI	Mối quan hệ
công ty quyết định chuyển hướng sang lĩnh vực công nghệ mới	CÔNG TY QUYẾT ĐỊNH CHUYỂN HƯỚNG LĨNH VỰC CÔNG NGHỆ MỚI	Công việc
tôi khát quá	TÔI KHÁT	Cuộc sống thường nhật
chào buổi sáng xin mời vào văn phòng của tôi	CHÀO BUỔI SÁNG TÔI VĂN PHÒNG MỜI VÀO	Công việc
vâng tôi sẽ xem xét đôi khi các cửa hàng không có một số loại ngũ cốc mới	TÔI LẠI XEM SẼ ĐÔI KHI CỬA HÀNG MỚI NGŨ CỐC LOẠI CÓ KHÔNG	Cuộc sống thường nhật
sức khỏe của bạn dạo này thế nào rồi	DẠO NÀY BẠN SỨC KHOẺ THẾ NÀO	Sức khỏe
tôi cần một ít nước sốt cà chua	TÔI NƯỚC SỐT CÀ CHUA MỘT ÍT CẦN	Cuộc sống thường nhật
tôi muốn mua một lọ mứt dâu và một chai sốt cà chua chúng ta có cần thịt không	TÔI LỌ MỨT DÂU MỘT CHAI TƯƠNG CÀ MỘT MUA MUỐN THỊT MUA THÊM CẦN CÓ KHÔNG	Cuộc sống thường nhật
tôi thích căn hộ này bạn có nghĩ rằng chúng tôi có thể đủ khả năng thế chấp	TÔI CĂN HỘ NÀY THÍCH RẤT BẠN NGHĨ CHÚNG TA VAY THẾ CHẤP CÓ ĐỦ KHẢ NĂNG KHÔNG	Cuộc sống thường nhật
áo dài là trang phục truyền thống của phụ nữ việt nam	VIỆT NAM PHỤ NỮ ÁO DÀI TRUYỀN THỐNG MẶC	Văn hóa và Giáo dục
vẫn còn là sinh viên à	BẠN SINH VIÊN CÒN KHÔNG	Công việc
chai nước này được làm từ vật liệu chất dẻo tái chế	CHAI NƯỚC NÀY VẬT LIỆU CHẤT LIỆU CHẤT DẺO NHỰA TÁI CHẾ LÀM LẠI LÀM ĐƯỢC	Cuộc sống thường nhật
tôi nghe nói bạn đã ly dị có đúng vậy không	BẠN LY HÔN ĐÚNG KHÔNG	Mối quan hệ
tôi nhớ lúc đi ngang qua tiệm bánh	TÔI ĐI NGANG TIỆM BÁNH NHỚ	Cuộc sống thường nhật
nhưng đó là một cơ hội tốt để học tiếng pháp	NHƯNG ĐÓ HỌC TIẾNG PHÁP CƠ HỘI TỐT	Du lịch
tốt thôi bạn có biết làm thế nào để đọc loại hợp đồng này	BẠN HỢP ĐỒNG LOẠI NÀY ĐỌC CÁCH BIẾT CÓ	Cuộc sống thường nhật
tỉnh bình dương là một trung tâm công nghiệp lớn của cả nước	BÌNH DƯƠNG TỈNH TRUNG TÂM CÔNG NGHIỆP LỚN 1 CỦA CẢ NƯỚC	Du lịch
ông tôi có thói quen uống trà nóng vào mỗi buổi sáng	ÔNG TÔI TRÀ NÓNG UỐNG THÓI QUEN VÀO MỖI BUỔI SÁNG	Cuộc sống thường nhật
tôi thích nhìn nó lớn dần	NÓ LỚN DẦN NHÌN THÍCH	Cuộc sống thường nhật
tôi nghĩ tôi biết chuyện gì đã xảy ra	TÔI NGHĨ CHUYỆN GÌ XẢY RA BIẾT	Cuộc sống thường nhật
thùng carton có sao không	THÙNG À KHÔNG SAO	Công việc
tôi nghe nói đó là ngày valentine trung quốc bạn không biết	TÔI NGHE HÔM NAY LỄ TÌNH NHÂN TRUNG QUỐC BẠN BIẾT CHƯA	Mối quan hệ
tôi thích bơi lội nó là tuyệt vời	TÔI BƠI LỘI THÍCH NÓ TUYỆT VỜI	Sức khỏe
một người bạn nói tôi có thể tìm được phòng ở đây	BẠN CỦA TÔI NÓI TÔI Ở ĐÂY PHÒNG TÌM ĐƯỢC	Cuộc sống thường nhật
tôi nghe nói y học trung quốc có tác dụng lâu dài hơn trong chữa bệnh	TÔI Y HỌC TRUNG QUỐC TÁC DỤNG LÂU DÀI HƠN NGHE NÓI ĐẤY	Sức khỏe
vâng và tôi đã viết cho anh ta một lá thư	TÔI ANH TA THƯ VIẾT RỒI	Du lịch
chúng ta sẽ đi làm rất nhiều điều thú vị ngày hôm nay	HÔM NAY CHÚNG TA THÚ VỊ NHIỀU ĐI LÀM SẼ	Cuộc sống thường nhật
không cảm ơn chúng ta sẽ quay lại sau tôi có thể đặt bàn cho hai người được không	KHÔNG CẢM ƠN CHÚNG TÔI QUAY LẠI SAU TÔI BÀN NGƯỜI 2 ĐẶT ĐƯỢC KHÔNG	Cuộc sống thường nhật
bạn sẽ học ở đó bao lâu	BẠN HỌC Ở ĐÓ BAO LÂU SẼ	Cuộc sống học đường
mát mẻ tôi có thể đến	HAY ĐẤY TÔI ĐI CÙNG CÓ THỂ KHÔNG	Cuộc sống thường nhật
khoảng 6h	6H KHOẢNG	Mối quan hệ
vậy ai sẽ người chăm sóc nó	NÓ NGƯỜI CHĂM SÓC AI	Cuộc sống thường nhật
ý tưởng tuyệt vời đi nào	Ý TƯỞNG TUYỆT VỜI ĐI NÀO	Mối quan hệ
chúng ta đi uống nước ở đâu	CHÚNG TA ĐI UỐNG NƯỚC Ở ĐÂU	Mối quan hệ
bố làm thế nào chúng ta có thể đến sở thú	BỐ ƠI CHÚNG TA SỞ THÚ ĐẾN LÀM THẾ NÀO	Cuộc sống thường nhật
tôi thường đọc tin tức trên mạng vào mỗi buổi sáng	MỖI BUỔI SÁNG TÔI TIN TỨC TRÊN MẠNG ĐỌC	Cuộc sống thường nhật
cảm ơn con rất nhiều vì đã mua chiếc thang mới này	CẢM ƠN NHIỀU VÌ CHIẾC THANG MỚI NÀY MUA	Cuộc sống thường nhật
bạn có thể quay lại trong ba ngày để lấy đồ không	3 NGÀY BẠN QUAY LẠI LẤY ĐỒ ĐƯỢC KHÔNG	Cuộc sống thường nhật
chiếc la bàn là vật dụng không thể thiếu khi đi rừng	CHIẾC LA BÀN ĐỒ VẬT ĐI RỪNG THIẾU KHÔNG	Du lịch
thôi nào tôi tin rằng bạn sẽ thành công	THÔI NÀO TÔI TIN BẠN LÀM ĐƯỢC	Công việc
chúng ta luôn có gia đình đằng sau ủng hộ mọi quyết định	ĐẰNG SAU MỌI QUYẾT ĐỊNH CỦA CHÚNG TA GIA ĐÌNH ỦNG HỘ LUÔN CÓ	Mối quan hệ
nhân viên văn phòng thường ăn cơm hộp vào buổi trưa	NHÂN VIÊN VĂN PHÒNG CƠM HỘP ĂN VÀO BUỔI TRƯA	Công việc
được rồi tôi sẽ giữ lời hứa	ĐƯỢC TÔI LỜI HỨA GIỮ	Cuộc sống thường nhật
oh cảm ơn bạn tôi sẽ đến thư viện bạn có đến không	CẢM ƠN BẠN TÔI ĐỊNH ĐẾN THƯ VIỆN BẠN ĐI KHÔNG	Mối quan hệ
oh vâng xin lỗi sau đó chúng tôi lái xe đến đường cao tốc m11	SAU ĐÓ CHÚNG TÔI XE LÁI RA CAO TỐC M11	Cuộc sống thường nhật
thỉnh thoảng tôi cũng vậy	THỈNH THOẢNG CŨNG	Mối quan hệ
chúng ta sắp xong rồi	CHÚNG TA XONG SẮP RỒI	Mối quan hệ
khi nào thuận tiện cho bạn	KHI NÀO BẠN RẢNH TÔI BÁO ĐƯỢC KHÔNG	Mối quan hệ
tôi sẽ đi nhanh nhất có thể	TÔI ĐI NHANH CÓ THỂ	Cuộc sống thường nhật
những viên gạch trên vỉa hè bị xếp không thẳng hàng	TRÊN VỈA HÈ NHỮNG VIÊN GẠCH XẾP THẲNG HÀNG KHÔNG	Cuộc sống thường nhật
nghe có vẻ ngon đấy	NGHE NGON THẬT	Cuộc sống học đường
tôi có ăn hạt không	TÔI HẠT ĂN CÓ KHÔNG	Cuộc sống thường nhật
bạn có muốn quyên góp cho quỹ cựu sinh viên của chúng tôi	QUỸ CỰU SINH VIÊN CHÚNG TÔI ĐÓNG GÓP MUỐN ĐƯỢC KHÔNG	Cuộc sống thường nhật
tôi sẽ gọi cho bạn sau chúng ta nên đi chơi thật tốt khi ở gần mọi người	TÔI GỌI CHO BẠN SAU CHÚNG TA ĐI CHƠI NÊN THẬT TỐT KHI MỌI NGƯỜI Ở GẦN	Mối quan hệ
không cần thêm nữa cảm ơn bạn rất nhiều	THÊM NỮA KHÔNG CẢM ƠN NHIỀU	Du lịch
anh ấy đã đầu tư hàng chục triệu đồng vào dự án kinh doanh	ANH ẤY DỰ ÁN KINH DOANH GÓP TIỀN NHIỀU	Tài chính
sức khỏe là tài sản quý giá nhất của mỗi chúng ta	CHÚNG TA SỨC KHOẺ LÀ TẢI SẢN QUÝ GIÁ NHẤT	Sức khỏe
nhân tiện bạn sẽ đến buổi hòa nhạc vào ngày mai	NGÀY MAI BẠN BUỔI HÒA NHẠC ĐI XEM KHÔNG	Mối quan hệ
vâng tôi có tôi đã đi chơi với họ cuối tuần trước	TÔI CÓ TÔI HỌ ĐI CHƠI VỚI CUỐI TUẦN TRƯỚC	Mối quan hệ
tôi có một mở bạn có thêm tờ cho tôi ký không	TÔI BẢN MỞ CÓ ÔNG TỜ KHÁC CHO TÔI KÝ KHÔNG	Cuộc sống học đường
chiếc áo khoác màu cam của cô ấy thật nổi bật giữa đám đông	CÔ ẤY ÁO KHOÁC MÀU CAM NỔI BẬT ĐÁM ĐÔNG GIỮA	Cuộc sống thường nhật
tôi thích một chiếc xe đạp thể thao nhưng nó đắt hơn	TÔI XE ĐẠP THỂ THAO THÍCH NHƯNG ĐẮT HƠN	Cuộc sống thường nhật
được rồi	RỒI	Cuộc sống thường nhật
ý tưởng hay bạn bạn sẽ nghĩ gì về phần thứ hai	Ý TƯỞNG HAY BẠN PHẦN THỨ HAI NGHĨ GÌ	Mối quan hệ
tôi tự hỏi những đứa trẻ khác làm gì để làm cho khu vườn xanh tốt 	TÔI HỎI TỰ KHU VƯỜN XANH TỐT NHỮNG ĐỨA TRẺ KHÁC LÀM GÌ	Cuộc sống thường nhật
anh ta nổi tiếng là người keo kiệt trong cả công ty	ANH TA NGƯỜI KEO KIỆT TIẾT KIỆM NỔI TIẾNG TRONG CẢ CÔNG TY	Thái độ và Cảm xúc
và ai đang chỉ đạo	CHỈ ĐẠO AI	Mối quan hệ
tôi chưa bao giờ ăn xoài	TÔI XOÀI ĂN CHƯA BAO GIỜ	Cuộc sống thường nhật
tôi cảm thấy không khỏe tôi nghĩ tôi bị cảm lạnh	TÔI KHỎE KHÔNG THẤY LẮM CHẮC BỊ CẢM RỒI	Mối quan hệ
chúc bạn một lễ tạ ơn vui vẻ	CHÚC LỄ TẠ ƠN VUI VẺ	Mối quan hệ
chào mừng đến quán cà phê	CHÀO MỪNG QUÁN CÀ PHÊ ĐẾN	Du lịch
tại sao bạn đọc rao vặt bạn cần gì	BẠN MỤC RAO VẶT ĐỌC SAO BẠN TÌM GÌ	Cuộc sống thường nhật
chúng đẹp làm sao cảm ơn bạn rất nhiều	CHÚNG ĐẸP CẢM ƠN BẠN NHIỀU	Sức khỏe
anh ấy có thói quen vuốt tóc khi đang suy nghĩ	KHI SUY NGHĨ ANH ẤY THÓI QUEN VUỐT TÓC CÓ	Cuộc sống thường nhật
bố hoàn toàn đồng ý	BỐ ĐỒNG Ý HOÀN TOÀN	Cuộc sống thường nhật
đúng chúng ta nên xây thêm nhiều đường	ĐÚNG CHÚNG TA ĐƯỜNG XÂY THÊM NHIỀU	Cuộc sống thường nhật
được rồi vậy thì hãy cho tôi biết thêm những gì bạn biết	ĐƯỢC RỒI BẠN BIẾT GÌ CHO TÔI BIẾT THÊM	Mối quan hệ
chào buổi chiều mời bạn ngồi bạn khỏe không	CHÀO MỜI NGỒI BẠN KHỎE	Mối quan hệ
chắc chắn rồi làm thế nào với cái túi xách này	CHẮC CHẮN RỒI TÚI XÁCH NÀY LÀM THẾ NÀO	Du lịch
nhìn kìa có vài từ trên con cá	NHÌN KÌA VÀI TỪ CON CÁ TRÊN CÓ	Mối quan hệ
cảm ơn rất nhiều tôi sẽ ở đó vào ngày mai	TÔI NGÀY MAI CÓ MẶT SẼ CẢM ƠN NHIỀU	Cuộc sống thường nhật
tôi là quản lý ở đây tôi có thể giúp gì cho bạn	Ở ĐÂY TÔI QUẢN LÝ TÔI BẠN GIÚP GÌ	Thái độ và Cảm xúc
ô và ủng cao su sẽ giữ cho tôi khô ráo và dễ chịu	Ô ỦNG CAO SU GIỮ CHO TÔI KHÔ RÁO DỄ CHỊU	Sức khỏe
bạn có đột nhập vào không	BẠN VÀO ĐỘT NHẬP HẢ	Công việc
khi anh cần một căn hộ anh tìm ở đâu	KHI ANH CĂN HỘ CẦN ANH TÌM Ở ĐÂU	Cuộc sống thường nhật
em thích đi chơi ở công viên	EM CÔNG VIÊN CHƠI THÍCH	Chính trị
t  d ồ vâng chắc chắn rồi bạn đã làm việc ở đó bao lâu	BẠN LÀM VIỆC BAO LÂU	Mối quan hệ
tôi thích bơi dưới nước	TÔI NƯỚC DƯỚI BƠI THÍCH	Sức khỏe
bạn nhớ bỏ vỏ trái cây vào đúng thùng rác nhé	CHA MẸ YÊU THƯƠNG CON CÁI RẤT NHIỀU	Cuộc sống thường nhật
chào buổi chiều bạn đi đâu vậy	CHÀO BUỔI CHIỀU BẠN ĐI ĐÂU	Cuộc sống thường nhật
tôi đoán rằng ngày mai trời sẽ có một cơn mưa rào lớn	TÔI ĐOÁN NGÀY MAI TRỜI CƠN MƯA RÀO LỚN CÓ	Cuộc sống thường nhật
tay nghề thật xuất sắc	TAY NGHỀ XUẤT SẮC	Cuộc sống học đường
đó là một lựa chọn tốt bạn muốn trả tiền cho nó như thế nào	LỰA CHỌN ĐÓ HỢP LÝ BẠN THANH TOÁN CÁCH NÀO MUỐN	Cuộc sống thường nhật
bạn đâu	BẠN ĐÂU	Mối quan hệ
anh ấy dùng bật lửa để thắp nến trên chiếc bánh sinh nhật	ANH ẤY BẬT LỬA DÙNG NẾN THẮP TRÊN BÁNH SINH NHẬT	Cuộc sống thường nhật
bữa tối ở đâu	BỮA TỐI Ở ĐÂU	Mối quan hệ
tốt cảm ơn	TỐT CẢM ƠN	Cuộc sống thường nhật
trường của tôi có 1 hiệu trưởng 2 hiệu phó 20 giáo viên và 200 học sinh	TRƯỜNG CỦA TÔI HIỆU TRƯỞNG 1 HIỆU PHÓ 2 GIÁO VIÊN 20 HỌC SINH 200	Cuộc sống học đường
trong một giờ nữa	MỘT GIỜ NỮA TRONG	Du lịch
chị của bạn đẹp không	CHỊ CỦA BẠN ĐẸP KHÔNG	Mối quan hệ
rose thế nào rồi	ROSE DẠO NÀY SAO	Mối quan hệ
đó là những gì tôi sẽ làm	ĐÓ TÔI LÀM	Cuộc sống thường nhật
nó trông khá tốt tôi nghĩ rằng tôi sẽ lấy nó	NÓ KHÁ TỐT TÔI NGHĨ LẤY NÓ	Cuộc sống thường nhật
nó chỉ tốn 19 đô la một năm cho một thẻ	NÓ THẺ MỘT NĂM 19 ĐÔ TỐN	Cuộc sống học đường
bạn có thẻ đăng ký kết hôn không	BẠN THẺ KẾT HÔN ĐĂNG KÍ CÓ KHÔNG	Sức khỏe
họ là một cặp đôi rất hạnh phúc và yêu thương nhau	HỌ LÀ CẶP ĐÔI HẠNH PHÚC VÀ YÊU THƯƠNG NHAU	Mối quan hệ
sau một ngày làm việc mệt mỏi bạn cần được nghỉ ngơi	SAU NGÀY LÀM VIỆC MỆT MỎI BẠN NGHỈ NGƠI CẦN	Sức khỏe
có một tour du lịch xe buýt	MỘT CHUYẾN DU LỊCH XE BUÝT CÓ	Du lịch
chỉ cần nước sạch với nhiều đá là được	NƯỚC SẠCH VỚI ĐÁ NHIỀU ĐƯỢC	Mối quan hệ
vâng tôi biết giá vé là bao nhiêu	TÔI BIẾT VÉ GIÁ BAO NHIÊU	Du lịch
tôi chưa bao giờ cắt tóc cho người khác để tôi cắt ria mép của bạn	TÔI CẮT TÓC NGƯỜI KHÁC CHƯA BAO GIỜ RIA MÉP CỦA BẠN TÔI CẮT	Cuộc sống thường nhật
mike rất vui được nghe từ bạn bạn khỏe không	VUI NGHE TIN TỪ BẠN BẠN KHỎE CHỨ	Mối quan hệ
tôi chỉ nhắc bạn về thời gian thôi bạn không muốn lỡ chuyến bay chứ	TÔI THỜI GIAN NHẮC BẠN BẠN CHUYẾN BAY LỠ MUỐN KHÔNG	Mối quan hệ
ung thư ruột già là một căn bệnh rất nguy hiểm	RUỘT GIÀ UNG THƯ CĂN BỆNH NGUY HIỂM 1	Sức khỏe
sao lúc nào bạn cũng nhìn chằm chằm cô ấy thế	BẠN NHÌN CHẰM CHẰM CÔ ẤY TẠI SAO	Mối quan hệ
cơn giông bão bất ngờ ập đến khiến cây cối ngả nghiêng	CƠN GIÔNG BÃO ẬP ĐẾN BẤT NGỜ CÂY CỐI NGHIÊNG NGẢ	Cuộc sống thường nhật
đừng chỉ đứng bên ngoài vào đi	ĐỨNG BÊN NGOÀI ĐỪNG VÀO ĐI	Mối quan hệ
tôi sẽ gọi cho anh	TÔI GỌI CHO BẠN	Tài chính
người dân việt nam luôn tôn thờ các vị anh hùng dân tộc	NGƯỜI DÂN VIỆT NAM LUÔN KÍNH TRỌNG CÁC VỊ ANH HÙNG DÂN TỘC	Văn hóa và Giáo dục
xin lỗi bạn có biết khách sạn admiral ở đâu không	KHÁCH SẠN Ở ĐÂU BẠN BIẾT CÓ KHÔNG	Cuộc sống thường nhật
ai chơi cờ giỏi hơn bill hay fred	AI CHƠI CỜ GIỎI HƠN HAY	Mối quan hệ
chúng tôi đã đăng một số vị trí bạn đang tìm kiếm chức vụ nào	CHÚNG TÔI ĐĂNG MỘT SỐ VỊ TRÍ BẠN CHỨC VỤ TÌM KIẾM NÀO	Công việc
bạn đã từng là một lớp trưởng	BẠN TỪNG LÀM LỚP TRƯỞNG CHƯA	Công việc
chuyến xe buýt sớm nhất khi nào 	CHUYẾN XE BUÝT SỚM NHẤT KHI NÀO	Du lịch
cảnh sát đang điều tra nguyên nhân chính của vụ tai nạn	CẢNH SÁT ĐIỀU TRA NGUYÊN NHÂN CHÍNH VỤ TAI NẠN	Cuộc sống thường nhật
bạn đề nghị gì	BẠN GÌ ĐỀ NGHỊ	Cuộc sống thường nhật
chúng ta cần lịch sự khi hỏi	KHI HỎI CHÚNG TA LỊCH SỰ PHẢI	Cuộc sống thường nhật
ông lý tôi đến để nhắc ông về cuộc họp dự kiến lúc 11 giờ sáng nay	TÔI ĐẾN BẢO BẠN CUỘC HỌP DỰ KIẾN LÚC 11 GIỜ SÁNG NAY	Công việc
tôi có nên cởi áo khoác không	TÔI ÁO KHOÁC CỞI NÊN CÓ KHÔNG	Cuộc sống thường nhật
rất vui được gặp anh ở sân bay	Ở SÂN BAY GẶP BẠN RẤT VUI	Công việc
được rồi thịt bò nướng xin vui lòng và tôi muốn bắt đầu với súp	ĐƯỢC RỒI THỊT BÒ NƯỚNG HÃY TÔI SÚP BẮT ĐẦU VỚI	Cuộc sống thường nhật
tuyệt tôi sẽ đi cùng bạn	TUYỆT TÔI BẠN ĐI CÙNG	Mối quan hệ
cảm ơn tôi sẽ đặt nó ở một nơi an toàn	TÔI NÓ ĐỂ CHỖ AN TOÀN	Cuộc sống thường nhật
cảm ơn bạn hôm nay tôi sẽ trở về trung quốc	CẢM ƠN HÔM NAY TÔI TRUNG QUỐC TRỞ VỀ	Mối quan hệ
bọn trẻ rất tập trung vào việc học về an toàn giao thông	NHỮNG ĐƯA TRẺ AN TOÀN ĐƯỜNG BỘ HỌC TẠP TRUNG	Văn hóa và Giáo dục
bạn có vui lòng chuyển tiếp thư của chúng tôi đến địa chỉ này không	BẠN THƯ CỦA CHÚNG TÔI ĐẾN ĐỊA CHỈ NÀY ĐƯỢC KHÔNG	Du lịch
cử chỉ điệu bộ của cô ấy rất duyên dáng và thanh lịch	CÔ ẤY CỬ CHỈ ĐIỆU BỘ RẤT DUYÊN DÁNG	Thái độ và Cảm xúc
bụng tôi đau khủng khiếp bác sĩ à	BỤNG TÔI ĐAU KHỦNG KHIẾP BÁC SĨ ƠI	Sức khỏe
mẹ đan cho tôi chiếc khăn quàng len màu đỏ rất ấm	MẸ TÔI CHIẾC KHĂN QUÀNG LEN ĐỎ ĐAN RẤT ẤM	Cuộc sống thường nhật
con số của bạn là gì	SỐ BẠN GÌ LÀ	Mối quan hệ
tại sao tôi không thể xem quyển sách đó hôm nay	HÔM NAY TÔI QUYỂN SÁCH ĐÓ XEM KHÔNG THỂ TẠI SAO	Cuộc sống thường nhật
mười lăm phút rưỡi	15 PHÚT 30 GIÂY	Cuộc sống thường nhật
bạn sẽ không cảm thấy cô đơn	BẠN CẢM THẤY CÔ ĐƠN KHÔNG À	Cuộc sống học đường
tôi sẽ ghi nhớ điều đó	TÔI GHI NHỚ ĐIỀU ĐÓ	Cuộc sống thường nhật
bạn nên đi nói chuyện với may cô ấy cũng là một fan hâm mộ lớn của họ	BẠN MAY NÓI CHUYỆN VỚI NÊN CÔ ẤY NGƯỜI HÂM MỘ LỚN CỦA HỌ CŨNG	Mối quan hệ
mọi người đều chúc ông bà sống lâu	MỌI NGƯỜI CHÚC ÔNG BÀ SỐNG LÂU	Sức khỏe
con rùa đang chậm chạp bò trên bãi cát để về biển	TRÊN BÃI CÁT CON RÙA BÒ CHẬM CHẠP XUỐNG BIỂN	Cuộc sống thường nhật
xin lỗi tôi đang tìm một hộp nhạc cũ	XIN LỖI TÔI HỘP NHẠC CŨ TÌM	Cuộc sống thường nhật
hèn chi con trai ổng thông minh như vậy	HÈN CHI CON TRAI ÔNG THÔNG MINH THẾ	Mối quan hệ
tôi tưởng hôm nay anh không mang theo thức ăn	TÔI TƯỞNG HÔM NAY ANH THỨC ĂN MANG KHÔNG	Du lịch
xin chào tôi là liu juan có phải ông brown không	TÔI LƯU ÔNG BÌNH PHẢI KHÔNG	Cuộc sống thường nhật
tôi có thể lấy vé máy bay điện tử không tôi luôn sợ mất vé	TÔI VÉ MẤT SỢ TÔI LẤY VÉ MÁY BAY ONLINE ĐƯỢC KHÔNG	Du lịch
tôi vừa mở nhà hàng của riêng mình tôi cũng là bếp trưởng	TÔI NHÀ HÀNG CỦA RIÊNG MỞ TÔI BẾP TRƯỞNG CŨNG	Mối quan hệ
trên cành cây cao có một tổ chim với mấy chú chim non	TRÊN CÀNH CÂY CAO TỔ CHIM MỘT VÀI CHÚ CHIM NON CÓ	Cuộc sống thường nhật
nó nằm ở phía tây của khuôn viên	NÓ PHÍA TÂY KHU VỰC GẦN	Cuộc sống học đường
chúng ta cần gì cho tiệc nướng	CHÚNG TA TIỆC NƯỚNG CẦN GÌ	Cuộc sống thường nhật
thầy giáo đang giảng bài rất say sưa trên bục giảng	THẦY GIÁO BỤC GIẢNG GIẢNG BÀI SAY SƯA	Cuộc sống học đường
vâng và lần đầu tiên	ĐÚNG LẦN ĐẦU	Chính trị
nó ở trên tầng 2 anh phải dùng cầu thang bộ thang máy không hoạt động	NÓ TÂNG 2 ANH CẦU THANG BỘ THANG MÁY HOẠT ĐỘNG KHÔNG	Mối quan hệ
tôi cần thanh toán hóa đơn tiền điện cho tháng này	THÁNG NÀY TÔI HOÁ ĐƠN TIỀN ĐIỆN THANH TOÁN CẦN	Tài chính
cây bàng có bộ rễ cọc ăn sâu xuống lòng đất rất chắc	CÂY BÀNG BỘ RỄ ĂN SÂU LÒNG ĐẤT CÓ	Cuộc sống học đường
tôi lấy đơn xin hưởng trợ cấp thất nghiệp ở đâu	TÔI ĐƠN XIN TRỢ CẤP THẤT NGHIỆP LẤY Ở ĐÂU	Công việc
bây giờ chúng ta cần hai cây gậy	BÂY GIỜ CHÚNG TA CÂY GẬY 2 CẦN	Cuộc sống thường nhật
anh ấy đang cố gắng kiếm một công việc ổn định hơn	ANH ẤY CÔNG VIỆC ỔN ĐINH 1 CỐ GẮNG KIẾM	Công việc
bạn nghĩ tính cách của bạn thế nào	BẠN NGHĨ TÍNH CÁCH CỦA BẠN THẾ NÀO	Công việc
bún chả là một món ăn đặc sắc của ẩm thực hà nội	BÚN CHẢ LÀ MÓN ĂN ĐẶC SẮC CỦA ẨM THỰC HÀ NỘI	Văn hóa và Giáo dục
tháng này gia đình tôi chi tiêu ít hơn so với tháng trước	THÁNG NÀY GIA ĐÌNH TÔI TIÊU ÍT HƠN THÁNG TRƯỚC	Tài chính
bạn có mang theo giấy chứng nhận gốc không	GIẤY CHỨNG NHẬN BẢN GỐC BẠN MANG CÓ KHÔNG	Công việc
còn nơi nào chúng ta chưa đi không	CHÚNG TA ĐỊA ĐIỂM NÀO ĐI CHƯA	Mối quan hệ
bạn phải cố gắng hơn nữa	BẠN CỐ GẮNG HƠN NỮA PHẢI	Sức khỏe
cuối tuần bạn ở đâu	TUẦN CUỐI BẠN Ở ĐÂU	Mối quan hệ
tôi có thể làm phiền bạn cho một số thay đổi	TÔI LÀM PHIỀN CHÚT ANH TIỀN LẺ CÓ KHÔNG	Cuộc sống thường nhật
tôi bị đau cổ họng nên không thể nói to được	TÔI CỔ HỌNG ĐAU NÊN NÓI TO ĐƯỢC KHÔNG THỂ	Sức khỏe
tôi muốn gửi một số tiền đến úc bạn có thể xử lý nó cho tôi	TÔI TIỀN SANG ÚC GỬI BẠN THỦ TỤC GIÚP CÓ THỂ KHÔNG	Tài chính
bình tĩnh nào chỉ là một con dê thôi mà	BÌNH TĨNH NÀO CON DÊ MỘT THÔI MÀ	Mối quan hệ
mẹ tôi thường dùng cây sả để nấu ăn và xông nhà	MẸ TÔI CÂY SẢ DÙNG ĐỂ NẤU ĂN VÀ XÔNG NHÀ LÀM THƠM	Cuộc sống thường nhật
bọn trẻ say sưa lắng nghe câu chuyện cổ tích bà kể	BỌN TRẺ NGHE SAY SƯA CÂU CHUYỆN CỔ TÍCH BÀ KỂ	Mối quan hệ
cảm ơn loại sô cô la này có giá bao nhiêu	LOẠI SÔ CÔ LA NÀY GIÁ BAO NHIÊU	Cuộc sống thường nhật
tuyệt vời nghe có vẻ như một kế hoạch	KẾ HOẠCH NGHE HAY	Thái độ và Cảm xúc
chỉ khoảng nửa cốc	KHOẢNG CỐC NỬA	Cuộc sống thường nhật
anh ấy vội vã rời đi mà không nói một lời	ANH ẤY RỜI ĐI VỘI VÃ MÀ LỜI NÓI KHÔNG CÓ	Thái độ và Cảm xúc
người ngư dân đang kiên nhẫn vá lại tấm lưới bị rách	NGƯỜI NGƯ DÂN KIÊN NHẪN TẤM LƯỚI RÁCH VÁ LẠI	Công việc
em dùng chiếc kẹp giấy để kẹp tài liệu học tập	EM CHIẾC KẸP GIẤY DÙNG ĐỂ TÀI LIỆU HỌC TẬP KẸP	Cuộc sống học đường
chiếc lọ hoa gốm sứ bát tràng được làm rất tinh xảo	CHIẾC LỌ HOA GỐM SỨ BÁT TRÀNG RẤT ĐẸP	Văn hóa và Giáo dục
chúng tôi đã ngừng bán những loại trứng đó trong một tuần	CHÚNG TÔI NHỮNG LOẠI TRỨNG BÁN DỪNG MỘT TUẦN	Cuộc sống thường nhật
để chúng ta có thể ngồi xuống và nghe nhạc	CHÚNG TA NGỒI XUỐNG NGHE NHẠC CHÚT	Cuộc sống thường nhật
tại sao bạn thích nó nhất	BẠN NÓ THÍCH NHẤT TẠI SAO	Mối quan hệ
uống nước ép trái cây mỗi ngày rất tốt cho da	TRÁI CÂY ÉP UỐNG NƯỚC DA TỐT MỖI NGÀY	Sức khỏe
có lẽ bạn nên cẩn thận hơn	BẠN CẨN THẬN HƠN NÊN	Du lịch
chúng ta cần giữ khoảng cách an toàn khi tham gia giao thông	CHÚNG TA KHOẢNG CÁCH AN TOÀN GIỮ GIAO THÔNG THAM GIA CẦN	Cuộc sống thường nhật
trời lạnh và chúng tôi sẽ trượt băng	TRỜI LẠNH CHÚNG TÔI TRƯỢT BĂNG SẼ	Cuộc sống thường nhật
tôi muốn đăng ký một số đơn vị quỹ làm thế nào để tôi đi về nó	TÔI MỘT SỐ ĐƠN VỊ QUỸ MUA ĐĂNG KÝ MUỐN LÀM THẾ NÀO	Tài chính
vâng nhưng lưu ý rằng những người khác nhau có thể thích mùi hương khác	VÂNG NHƯNG LƯU Ý NHỮNG NGƯỜI KHÁC NHAU MÙI HƯƠNG KHÁC THÍCH	Công việc
cô ấy dùng chiếc lược chải mái tóc mượt mà của mình	CÔ ẤY LƯỢC DÙNG MÁI TÓC MƯỢT MÀ CHẢI	Cuộc sống thường nhật
làm tốt lắm	LÀM TỐT	Cuộc sống thường nhật
đó chính xác là những gì tôi cần bạn còn có gì nữa	TÔI NHỮNG THỨ ĐÓ CẦN BẠN CÒN GÌ	Cuộc sống thường nhật
tôi đang đợi xe buýt và đi dạo trong công viên	TÔI XE BUÝT ĐỢI CÔNG VIÊN ĐI DẠO	Mối quan hệ
bạn có muốn cắt tỉa hay bạn muốn làm tóc không	BẠN TÓC CẮT TỈA HOẶC UỐN MUỐN KHÔNG	Cuộc sống thường nhật
cảnh sát đã dựng rào chắn để điều tiết giao thông	CẢNH SÁT RÀO CHẮN RÀO CẢN DỰNG GIAO THÔNG ĐIỀU CHỈNH	Cuộc sống thường nhật
được rồi sau đó có một cái ở phòng hòa nhạc mới	ĐƯỢC CÓ BUỔI PHÒNG HÒA NHẠC MỚI	Mối quan hệ
vâng tôi đã ra lệnh cho dịch vụ chuyển phát nhanh	TÔI DỊCH VỤ CHUYỂN PHÁT NHANH ĐẶT RỒI	Du lịch
bạn cần kí tên vào đây để xác nhận hợp đồng	BẠN KÝ TÊN CẦN VÀO ĐÂY ĐỂ HỢP ĐỒNG XÁC NHẬN	Công việc
thật à  bạn có bao nhiêu	THẬT À BẠN CÓ BAO NHIÊU	Mối quan hệ
còn gì nữa không thưa ông tôi có nên kiểm tra nước và dầu không	CÒN GÌ THÊM KHÔNG TÔI NƯỚC DẦU KIỂM TRA CÓ KHÔNG	Cuộc sống thường nhật
còn số điện thoại	CÒN SỐ ĐIỆN THOẠI	Công việc
con đường lên đỉnh núi quanh co và ngoằn ngoèo rất hiểm trở	ĐỈNH NÚI CON ĐƯỜNG QUANH CO VÀ NGOẰN NGOÈO HIỂM TRỞ	Du lịch
im lặng ok nó là gì	IM LẶNG ĐƯỢC RỒI NÓ GÌ	Cuộc sống thường nhật
bạn cảm thấy hôn nhân đồng giới thế nào	BẠN HÔN NHÂN ĐỒNG TÍNH CẢM THẤY GÌ	Chính trị
tôi xin lỗi tôi nghĩ chúng ta đã hiểu lầm nhau	TÔI XIN LỖI TÔI NGHĨ CHÚNG TA HIỂU LẦM RỒI	Mối quan hệ
có bạn có nhiều cơ hội phát triển trong công ty này miễn là bạn làm tốt	BẠN CÔNG TY NÀY LÀM TỐT CƠ HỘI PHÁT TRIỂN NHIỀU CÓ	Mối quan hệ
sân trường tôi có một cây bàng cổ thụ rất lớn	SÂN TRƯỜNG TÔI CÂY BÀNG CỔ THỤ RẤT LỚN CÓ	Cuộc sống học đường
trong truyện cô bé lọ lem bị đối xử như một người đầy tớ	TRONG TRUYỆN CÔ BÉ LỌ LEM BỊ ĐỐI XỬ NHƯ NGƯỜI ĐẦY TỚ NGƯỜI HẦU	Văn hóa và Giáo dục
bạn sẽ bỏ lỡ bao nhiêu trường học	BẠN NGHỈ HỌC BAO LÂU	Sức khỏe
tôi có ý định mời anh ta ăn tối	TÔI ANH ẤY MỜI ĂN TỐI	Mối quan hệ
nhân viên tiếp tân chào đón khách hàng rất niềm nở	NHÂN VIÊN KHÁCH HÀNG CHÀO ĐÓN NIỀM NỞ	Công việc
bạn tôi cần hồ sơ bạn lấy hôm qua	TÔI HỒ SƠ CỦA BẠN LẤY CẦN HÔM QUA	Công việc
bạn có muốn xem trẻ em chơi với bong bóng không	BẠN XEM TRẺ EM BONG BÓNG CHƠI MUỐN KHÔNG	Cuộc sống thường nhật
bạn nên chờ đợi nướu bị sưng uống thuốc tôi kê toa và quay lại sau ba ngày	BẠN CHỜ ĐỢI NƯỚU SƯNG UỐNG THUỐC QUAY LẠI BA NGÀY SAU	Sức khỏe
tôi có thể đánh máy cho anh	TÔI ĐÁNH MÁY CHO BẠN	Công việc
món cá kho tộ của mẹ là ngon nhất trên đời	MẸ MÓN CÁ KHO NGON NHẤT	Cuộc sống thường nhật
bắt đầu lúc 1 giờ chiều	BẮT ĐẦU LÚC 1 GIỜ CHIỀU	Mối quan hệ
khá tốt tôi sẽ nói	CŨNG KHÁ ỔN TÔI NGHĨ VẬY	Sức khỏe
tôi xin lỗi nhưng anh ta không có ở đây anh ấy đi công tác	TÔI XIN LỖI NHƯNG ANH ẤY KHÔNG CÓ ANH ẤY ĐI CÔNG TÁC	Mối quan hệ
chúng tôi cần thu thập thêm dữ liệu để hoàn thành bản báo cáo	CHÚNG TÔI DỮ LIỆU THÔNG TIN TÌM THÊM ĐỂ BÁO CÁO HOÀN THÀNH	Công việc
bạn có thể bán nó rẻ hơn không	BẠN BÁN RẺ HƠN CÓ KHÔNG	Cuộc sống thường nhật
bữa cơm gia đình không thể thiếu chai nước tương đậm đà hương vị	GIA ĐÌNH BỮA CƠM CHAI NƯỚC TƯƠNG ĐẬM ĐÀ HƯƠNG VỊ THIẾU KHÔNG THỂ	Cuộc sống thường nhật
sáu tháng	SÁU THÁNG	Tài chính
nồi chảo ở ngay đằng kia	NỒI CHẢO ĐẰNG KIA	Cuộc sống thường nhật
cốt truyện của bộ phim mới của anh là gì	CÂU CHUYỆN CỦA PHIM MỚI CỦA BẠN GÌ	Mối quan hệ
làm thế nào mà móng tay của bạn dài như vậy	BẠN MÓNG TAY DÀI SAO	Mối quan hệ
chắc chắn lớn hay trung bình	CHẮC CHẮN LỚN HAY TRUNG BÌNH	Cuộc sống thường nhật
được rồi hẹn gặp lại vào chiều thứ sáu	HẸN GẶP LẠI CHIỀU THỨ SÁU	Công việc
tôi rất yêu quý cô em gái bé bỏng của mình	TÔI CÔ EM GÁI BÉ BỎNG NHỎ BÉ YÊU QUÝ	Mối quan hệ
tôi đang nghĩ chúng ta có thể làm vài chiếc bánh mì kẹp bỏ túi	TÔI NGHĨ CHÚNG TA BÁNH MÌ SANWICH BỎ TÚI LÀM CÓ THỂ	Cuộc sống thường nhật
em rất thích học môn địa lí để khám phá thế giới	EM ĐỊA LÝ HỌC THÍCH THẾ GIỚI KHÁM PHÁ TÌM HIỂU	Cuộc sống học đường
ngày nay người ta ít gửi thư tay cho nhau hơn	NGÀY NAY MỌI NGƯỜI THƯ TAY GỬI ÍT HƠN	Cuộc sống thường nhật
vâng tôi e là vậy chồng tôi cũng hút thuốc	ĐÚNG VẬY CHỒNG TÔI HÚT THUỐC CŨNG	Mối quan hệ
hành vi quay cóp trong thi cử là không trung thực	KHI THI CỬ QUAY CÓP GIAN LẬN LÀ TRUNG THỰC KHÔNG	Cuộc sống học đường
đây là tiền mua cuốn sách	ĐÂY LÀ TIỀN CUỐN SÁCH MUA	Cuộc sống học đường
người nông dân đang canh tác trên mảnh đất màu mỡ của mình	NGƯỜI NÔNG DÂN TRỒNG TRỌT TRÊN MẢNH ĐẤT MÀU MỠ	Công việc
sao hôm nay bạn lại ở nhà	HÔM NAY BẠN Ở NHÀ TẠI SAO	Cuộc sống thường nhật
anh chơi thể thao giỏi không bill	ANH ẤY CHƠI THỂ THAO GIỎI KHÔNG	Mối quan hệ
họ đã bán cái xe đạp với giá bao nhiêu	HỌ CÁI XE ĐẠP BÁN GIÁ BAO NHIÊU	Mối quan hệ
khi nào thì địa điểm có thể mở cửa	ĐỊA ĐIỂM MỞ CỬA KHI NÀO	Cuộc sống thường nhật
chào buổi sáng tôi có thể sử dụng điện thoại di động của mình trong thời gian này không	ĐIỆN THOẠI DÙNG BÂY GIỜ ĐƯỢC KHÔNG	Du lịch
mẹ nhờ tôi đi mua một chai nước mắm mới	MẸ TÔI NHỜ ĐI MUA CHAI NƯỚC MẮM MỚI	Cuộc sống thường nhật
con chuột máy tính của tôi đã bị hỏng dây kết nối	TÔI MÁY TÍNH CON CHUỘT DÂY KẾT NỐI HỎNG	Công việc
cô ấy có mái tóc rất đẹp	CÔ ẤY MÁI TÓC RẤT ĐẸP	Cuộc sống thường nhật
tôi có ô và ủng cao su	TÔI Ô ỦNG CAO SU CÓ	Sức khỏe
bất cứ nơi nào cũng được bạn đưa ra quyết định	NƠI TẤT CẢ ĐƯỢC BẠN QUYẾT ĐỊNH	Du lịch
à nhà vẫn chưa sơn xong	NHÀ SƠN XONG CHƯA	Cuộc sống thường nhật
bạn có thể cho tôi biết làm thế nào để cải thiện bản thân mình	BẠN CHO TÔI BIẾT CÓ THỂ PHÁT TRIỂN BẢN THÂN MÌNH LÀM THẾ NÀO	Mối quan hệ
xin chào bạn có rảnh ngày mai không	BẠN NGÀY MAI RẢNH CÓ KHÔNG	Cuộc sống thường nhật
ngày mai anh sẽ đi thượng hải phải không	NGÀY MAI ANH THƯỢNG HẢI ĐI ĐÚNG KHÔNG	Cuộc sống thường nhật
chúng ta có thể giúp anh ta giữ liên lạc với những người bạn cũ	CHÚNG TA ANH TA GIÚP GIỮ LIÊN LẠC VỚI NHỮNG NGƯỜI BẠN CŨ	Cuộc sống thường nhật
cẩn thận nó nóng	CẨN THẬN NÓ NÓNG	Sức khỏe
cảm ơn bạn rất nhiều anh ấy có đọc email hàng ngày không	BẠN CẢM ƠN NHIỀU HẰNG NGÀY ANH ẤY GMAIL ĐỌC CÓ KHÔNG	Công việc
bạn đang làm gì ở đây bạn sống ở london phải không	BẠN LÀM GÌ BẠN SỐNG Ở HÀ NỘI ĐÚNG KHÔNG	Mối quan hệ
được rồi đây là thuốc giảm đau của anh	ĐƯỢC RỒI ĐÂY ĐAU CỦA ANH THUỐC GIẢM	Sức khỏe
không tôi chỉ muốn đi vệ sinh	VỆ SINH ĐI MUỐN	Cuộc sống thường nhật
trần nhà cao bồn tắm lát gạch và phòng khách lớn	TRẦN NHÀ CAO BỒN TẮM LÁT GẠCH VÀ PHÒNG KHÁCH RỘNG RÃI	Cuộc sống thường nhật
cậu bé mồ côi ấy đã được một gia đình tốt bụng nhận nuôi	CẬU BÉ MỒ CÔI ẤY ĐƯỢC GIA ĐÌNH TỐT BỤNG NHẬN NUÔI	Mối quan hệ
đó là nơi anh đỗ xe à	ĐÓ BẠN ĐỖ XE À	Mối quan hệ
như chuối	CHUỐI GIỐNG	Cuộc sống thường nhật
tôi đã cảm thấy ngán ngẩm với những lời hứa suông của anh ta	TÔI CẢM THẤY NGÁN NGẨM VÌ ANH TA LỜI HỨA KHÔNG GIỮ	Thái độ và Cảm xúc
làm tốt lắm trông tuyệt vời	LÀM TỐT TRÔNG TUYỆT VỜI	Công việc
wow đó là chiếc xe ô tô thể thao của bạn	XE Ô TÔ THỂ THAO ĐÓ CỦA BẠN À	Thái độ và Cảm xúc
tôi thích học tiếng việt	TÔI TIẾNG VIỆT HỌC THÍCH	Văn hóa và Giáo dục
tôi cũng đã có kế hoạch rồi	TÔI KẾ HOẠCH LÊN RỒI	Mối quan hệ
bạn sẽ về kịp giờ ăn trưa	BẠN GIỜ ĂN TRƯA KỊP	Cuộc sống thường nhật
có nó là tốt hơn so với năm ngoái họ đã làm một công việc rất tốt thời gian này	CÓ TỐT HƠN NĂM NGOÁI HỌ RẤT TỐT LÀM ĐÃ LẦN NÀY	Công việc
sự lựa chọn tuyệt vời tôi yêu hương vị mịn màng của nó	SỰ LỰA CHỌN TUYỆT VỜI TÔI YÊU HƯƠNG VỊ MỊN MÀNG CỦA NÓ	Mối quan hệ
du khách rất thích thú khi đến thăm nhà công tử bạc liêu	KHI THĂM NHÀ CÔNG TỬ BẠC LIÊU DU KHÁCH RẤT THÍCH	Du lịch
thịt bò xay cũng được	THỊT BÒ BĂM CŨNG ĐƯỢC	Cuộc sống thường nhật
chào bạn vẫn còn làm việc	BẠN VẪN LÀM VIỆC À	Công việc
cả nhà quây quần bên nhau ăn vú sữa sau bữa cơm tối	CẢ NHÀ VÚ SỮA BỮA CƠM TỐI SAU ĂN BÊN NHAU QUÂY QUẦN	Cuộc sống thường nhật
không tôi muốn biết đôi điều về kính áp tròng	TÔI KÍNH ÁP TRÒNG TÌM HIỂU CHÚT	Mối quan hệ
ông có thể xin thư giới thiệu từ công ty hiện tại của ông được không	ÔNG CÔNG TY HIỆN TẠI CỦA ÔNG THƯ GIỚI THIỆU XIN ĐƯỢC KHÔNG	Công việc
tôi cũng cần xem video này	TÔI VIDEO NÀY XEM CŨNG	Cuộc sống học đường
đây là một công viên mới phải không	ĐÂY CÔNG VIÊN MỚI ĐÚNG KHÔNG	Mối quan hệ
lớp tôi có mười một bạn học sinh nam tham gia đội bóng	LỚP TÔI BẠN HỌC SINH NAM 11 CÓ THAM GIA ĐỘI BÓNG	Cuộc sống học đường
món gỏi ngó sen tôm thịt có vị chua ngọt rất ngon	MÓN GỎI NGÓ SEN TÔM THỊT VỊ CHUA NGỌT NGON	Cuộc sống thường nhật
người lính đang nạp đạn vào súng để chuẩn bị cho buổi tập bắn	NGƯỜI LÍNH SÚNG NẠP ĐẠN CHUẨN BỊ BUỔI TẬP BẮN	Chính trị
em bé đang tập đi với đôi dép nhỏ xinh xắn	EM BÉ TẬP ĐI VỚI ĐÔI DÉP NHỎ XINH XẮN	Cuộc sống thường nhật
mâm ngũ quả ngày tết được bà tôi bày rất đẹp	MÂM NGŨ QUẢ NGÀY TẾT BÀ TÔI BÀY SẮP XẾP RẤT ĐẸP	Văn hóa và Giáo dục
anh ấy chỉ im lặng gật đầu đồng ý với ý kiến đó	ANH ẤY IM LẶNG GẬT ĐẦU ĐỒNG Ý VỚI Ý KIẾN ĐÓ	Thái độ và Cảm xúc
xe đạp	XE ĐẠP	Cuộc sống thường nhật
hãy tìm các số nguyên tố lớn hơn 2 và nhỏ hơn 10	CÁC SỐ LỚN HƠN 2 VÀ NHỎ HƠN 10 TÌM	Cuộc sống học đường
bạn mang cho tôi một ly nước cam	BẠN LY NƯỚC CAM MANG CHO TÔI	Mối quan hệ
nhưng tôi không chắc liệu anh ấy đã tỉnh chưa	ANH ẤY TỈNH CHƯA NHƯNG TÔI CHẮC CHẮN KHÔNG	Cuộc sống thường nhật
xin lỗi tôi không thể nhảy	XIN LỖI TÔI NHẢY KHÔNG THỂ	Mối quan hệ
vùng nam việt nam có mấy mùa	VIỆT NAM MIỀN NAM MÙA MẤY	Cuộc sống thường nhật
trường hợp này là của bạn	TRƯỜNG HỢP NÀY CỦA BẠN PHẢI KHÔNG	Mối quan hệ
bạn nghĩ ai có động cơ	BẠN NGHĨ ĐỘNG CƠ CÓ AI	Mối quan hệ
lũ trẻ đang chơi trốn tìm vui vẻ ở ngoài sân đình	LŨ TRẺ SÂN ĐÌNH TRỐN TÌM CHƠI VUI VẺ	Cuộc sống thường nhật
bạn đây rồi miao ping đừng cười vào bức ảnh khủng khiếp ngày hôm nay ok	ĐÂY ĐỪNG CƯỜI VÀO TẤM ẢNH XẤU XÍ HÔM NAY	Tài chính
bạn bán chúng riêng lẻ hay theo trọng lượng	BẠN BÁN RIÊNG HOẶC CÂN NẶNG	Cuộc sống thường nhật
đó là sự thật dưới đây là một số mẫu kiểu tóc bạn nghĩ gì về cái này	ĐÚNG RỒI ĐÂY VÀI MẪU KIỂU TÓC BẠN KIỂU NÀY THẤY THẾ NÀO	Cuộc sống thường nhật
cẩn thận đừng chạy quá nhanh bạn có mệt không	CẨN THẬN CHẠY QUÁ NHANH ĐỪNG BẠN MỆT CÓ KHÔNG	Cuộc sống thường nhật
đó cũng là ước mơ của tôi	ĐÓ ƯỚC MƠ CỦA TÔI CŨNG	Mối quan hệ
tôi nghĩ taxi tốt hơn	TÔI NGHĨ TAXI TỐT HƠN	Cuộc sống thường nhật
nó không quan trọng chúng tôi sẽ liên lạc	KHÔNG SAO CHÚNG TÔI LIÊN HỆ LẠI SẼ	Công việc
nghiên cứu gì	NGHIÊN CỨU GÌ	Mối quan hệ
bạn là một cầu thủ rất giỏi	BẠN CẦU THỦ RẤT GIỎI	Cuộc sống học đường
không tôi không biết tìm ở đâu	TÔI TÌM ĐÂU BIẾT KHÔNG	Công việc
chúng ta nên cắt móng chân thường xuyên để giữ vệ sinh cá nhân	CHÚNG TA MÓNG CHÂN THƯỜNG XUYÊN CẮT VỆ SINH CÁ NHÂN GIỮ	Sức khỏe
chúng tôi sẽ có cái này trước và đặt hàng thứ khác sau	CHÚNG TÔI CÁI NÀY TRƯỚC ĐẶT HÀNG KHÁC SAU	Cuộc sống thường nhật
làm thế nào để tôi nộp báo cáo chi phí	TÔI ĐỂ NỘP BÁO CÁO CHI PHÍ LÀM THẾ NÀO	Công việc
nó cũng không đắt lắm	NÓ CŨNG ĐẮT KHÔNG	Thái độ và Cảm xúc
bạn có một công viên trong thành phố	TRONG THÀNH PHỐ CÔNG VIÊN CÓ KHÔNG	Mối quan hệ
lịch sử dân tộc ta ghi danh rất nhiều vị anh hùng vĩ đại	DÂN TỘC TA LỊCH SỬ VỊ ANH HÙNG VĨ ĐẠI GHI TÊN NHIỀU	Văn hóa và Giáo dục
vâng tôi muốn một ly vodka gimlet làm ơn	TÔI LY RƯỢU MỘT CHO	Mối quan hệ
gia đình tôi đã có chuyến du lịch đảo lý sơn rất tuyệt vời	GIA ĐÌNH TÔI ĐẢO LÝ SƠN CHUYẾN DU LỊCH TUYỆT VỜI	Du lịch
thôi nào đừng làm căng quá	THÔI CĂNG THẲNG ĐỪNG	Thái độ và Cảm xúc
bạn đang đọc gì vậy	BẠN ĐỌC GÌ	Mối quan hệ
tôi cần chuẩn bị đầy đủ giấy tờ để hoàn tất thủ tục nhập học	TÔI GIẤY TỜ ĐẦY ĐỦ NHẬP HỌC HOÀN TẤT CHUẨN BỊ CẦN	Công việc
nhưng còn cái cây thì sao	NHƯNG CÂY THẾ NÀO	Cuộc sống thường nhật
vậy anh có hai anh em	ANH HAI ANH EM CÓ	Mối quan hệ
hãy chờ đèn xanh và xoay vô lăng	CHỜ ĐÈN XANH VÀ QUAY TAY LÁI XE LUÔN	Du lịch
chi phí là bao nhiêu	CHI PHÍ BAO NHIÊU	Cuộc sống thường nhật
bà ngoại dùng chõ xôi để đồ xôi gấc rất dẻo thơm	BÀ NGOẠI CHÕ XÔI DÙNG ĐỂ XÔI GẤC NẤU DẺO THƠM	Cuộc sống thường nhật
làm thế nào về đèn sàn này	ĐÈN SÀN NÀY LÀM THẾ NÀO	Cuộc sống thường nhật
vâng tôi đang tìm một cái quần	TÔI CÁI QUẦN TÌM	Cuộc sống thường nhật
tôi ngủ rất khuya gần hai giờ sáng thì cuối cùng tôi cũng ngủ thiếp đi	TÔI NGỦ MUỘN GẦN HAI GIỜ SÁNG MỚI NGỦ ĐƯỢC	Cuộc sống học đường
bạn mong đợi bao nhiêu tiền ở vị trí này	BẠN MONG ĐỢI MỨC LƯƠNG BAO NHIÊU VỊ TRÍ NÀY CHO	Công việc
quỹ đạo của trái đất quay quanh mặt trời có hình elip	QUỸ ĐẠO TRÁI ĐẤT QUAY QUANH MẶT TRỜI HÌNH ELIP	Cuộc sống học đường
giá mà chúng ta có thể ăn ở đó một lần nữa	BỌN MÌNH ĐÓ LẦN NỮA ĂN ĐƯỢC ƯỚC GÌ	Mối quan hệ
em trai tôi còn nhỏ tuổi nên rất thích xem hoạt hình	EM TRAI TÔI TUỔI NHỎ NÊN PHIM TRẺ CON XEM THÍCH	Mối quan hệ
tôi đề nghị ông 110 nghìn đồng	TÔI BẠN ĐỀ NGHỊ 110 NGHÌN ĐỒNG	Công việc
rồi hơi nước được tạo ra	RỒI HƠI NƯỚC TẠO RA	Cuộc sống thường nhật
chúng tôi có phương pháp điều trị nửa giờ và một giờ	CHÚNG TÔI PHƯƠNG PHÁP ĐIỀU TRỊ GIỜ NỬA HOẶC GIỜ 1	Cuộc sống thường nhật
thầy cúng đang làm lễ cầu an cho cả làng	THẦY CÚNG LÀM LỄ CẦU AN CẢ LÀNG	Văn hóa và Giáo dục
còn con ai đi cùng vậy	CÒN CON ĐI CÙNG AI	Mối quan hệ
vậy chúng ta bắt đầu công việc thôi	BẮT TAY VÀO VIỆC THÔI	Công việc
vâng chắc chắn rồi của bạn đây	ĐÂY BẠN	Cuộc sống thường nhật
vâng bạn thích anh ấy như thế nào	BẠN ANH ẤY THẤY THẾ NÀO	Mối quan hệ
tôi có một vấn đề nhỏ với phòng 507	TÔI VẤN ĐỀ NHỎ VỚI PHÒNG 507	Du lịch
chúng tôi hy vọng bạn đang có một đêm tốt lành	CHÚNG TÔI HY VỌNG BẠN ĐÊM TỐT	Cuộc sống thường nhật
chế độ ăn uống khoa học giúp chúng ta có cơ thể khỏe mạnh	ĂN UỐNG KHOA HỌC GIÚP CƠ THỂ CHÚNG TA KHOẺ MẠNH	Sức khỏe
nhà máy đang đẩy mạnh sản xuất để kịp đơn hàng cuối năm	NHÀ MÁY SẢN XUẤT TĂNG MẠNH ĐỂ ĐƠN HÀNG KỊP CUỐI NĂM	Công việc
bạn có thể xem bàn được không tôi nghĩ chỗ này phù hợp với bạn	BẠN BÀN XEM ĐƯỢC KHÔNG TÔI NGHĨ CHỖ NÀY PHÙ HỢP	Du lịch
bạn có biết mấy giờ rồi không	BẠN BIẾT MẤY GIỜ RỒI	Mối quan hệ
rất vui được gặp bạn hãy ở nhà nhé	BẠN GẶP VUI Ở NHÀ	Mối quan hệ
gần đây bạn có chịu nhiều áp lực không	BẠN GẦN ĐÂY ÁP LỰC NHIỀU BỊ CÓ KHÔNG	Sức khỏe
tôi cũng vậy tôi không thích bất kỳ loại điệu nhảy hiện đại nào cả	CŨNG NHẢY HIỆN ĐẠI KHÔNG THÍCH	Mối quan hệ
nhưng dù sao cũng cảm ơn bạn rất nhiều	NHƯNG CẢM ƠN NHIỀU CŨNG	Thái độ và Cảm xúc
vâng đầu tiên tôi muốn biết nếu vị trí này vẫn còn có sẵn	ĐẦU TIÊN TÔI BIẾT VỊ TRÍ NÀY CÒN TRỐNG KHÔNG	Công việc
tôi để thuốc ở đây	TÔI THUỐC ĐỂ Ở ĐÂY	Sức khỏe
học sinh xếp hàng ngay ngắn để đi vào lớp học	HỌC SINH HÀNG XẾP NGAY NGẮN ĐỂ LỚP HỌC ĐI VÀO	Cuộc sống học đường
bài toán này có đáp án là một tập hợp rỗng	BÀI TOÁN NÀY ĐÁP ÁN LÀ 60 CM	Cuộc sống học đường
nhà trường có những quy định kỉ luật rất nghiêm khắc với học sinh	NHÀ TRƯỜNG HỌC SINH NHỮNG QUY ĐINH KỈ LUẬT NGHIÊM KHẮC CÓ	Cuộc sống học đường
xin lỗi bạn có thể chụp cho chúng tôi một bức ảnh được không	XIN LỖI BẠN CHỤP ẢNH GIÚP CHÚNG TÔI ĐƯỢC KHÔNG	Du lịch
cáp mới bị hỏng ngay tôi rất xin lỗi	BÂY GIỜ CÁP HỎNG TÔI RẤT XIN LỖI	Cuộc sống thường nhật
tôi muốn một phòng tiêu chuẩn	TÔI PHÒNG TIÊU CHUẨN ĐẶT MUỐN	Du lịch
ok thưa ngài khi nào bạn sẽ có mặt ở đó	ÔNG KHI NÀO CÓ MẶT ĐÓ	Cuộc sống thường nhật
bạn đọc lại giúp tôi nhé	BẠN ĐỌC LẠI GIÚP TÔI	Cuộc sống thường nhật
dự thảo bia và lon bia bạn thích loại nào hơn	BIA TƯƠI BIA LON ANH LOẠI NÀO HƠN THÍCH	Cuộc sống thường nhật
gần xong rồi tôi sẽ kiểm tra lại	GẦN XONG RỒI TÔI KIỂM TRA LẠI	Du lịch
được rồi bạn muốn dậy lúc mấy giờ	RỒI BẠN DẬY MUỐN GIỜ MẤY	Du lịch
món vịt quay bắc kinh có lớp da giòn rụm rất ngon	MÓN VỊT QUAY BẮC KINH LỚP DA GIÒN RỤM CÓ ĂN RẤT NGON	Cuộc sống thường nhật
chiếc điện thoại thông minh giúp kết nối mọi người với nhau	ĐIỆN THOẠI THÔNG MINH MỌI NGƯỜI KẾT NỐI CÙNG NHAU	Cuộc sống thường nhật
cảnh vật thiên nhiên hùng vĩ của hà giang thật tuyệt đẹp	CẢNH VẬT THIÊN NHIÊN HÙNG VĨ CỦA HÀ GIANG THẬT TUYỆT ĐẸP	Du lịch
vâng tôi không phải lúc nào cũng ngủ trên giường vào ban đêm	BAN ĐÊM TÔI GIƯỜNG NGỦ LUÔN LUÔN KHÔNG	Cuộc sống thường nhật
thật sao bạn lấy một cái để làm gì	THẬT SAO BẠN LẤY MỘT CÁI LÀM GÌ	Cuộc sống thường nhật
chúng tôi đi tàu thủy ra đảo để ngắm cảnh biển đẹp	CHÚNG TÔI ĐẢO TÀU THUỶ ĐI RA BIỂN CẢNH ĐẸP NGẮM	Du lịch
gần đây anh có ăn gì không	DẠO NÀY ANH ĂN UỐNG ĐÀNG HOÀNG CÓ KHÔNG	Sức khỏe
quần của bạn đâu	QUẦN CỦA BẠN ĐÂU	Cuộc sống thường nhật
vâng họ đang được bán ngày hôm nay	HÔM NAY HỌ GIẢM GIÁ	Cuộc sống thường nhật
tôi mơ ước được đi du lịch vùng tây bắc một lần	TÔI MƠ ƯỚC VÙNG TÂY BẮC DU LỊCH 1 LẦN ĐƯỢC	Du lịch
ông cần giúp gì không	ÔNG CẦN GIÚP GÌ	Công việc
ok lý do bạn gửi hoa cho cô ấy là gì	ANH HOA CÔ ẤY GỬI LÝ DO GÌ	Cuộc sống thường nhật
bạn bè luôn ở bên động viên tôi những lúc khó khăn	TÔI BẠN BÈ ĐỘNG VIÊN LUÔN LUÔN KHI KHÓ KHĂN	Mối quan hệ
xong rồi	XONG RỒI	Cuộc sống thường nhật
làm thế nào về trái cây này	LOẠI TRÁI CÂY NÀY CÒN SAO	Cuộc sống thường nhật
rất vui được nói chuyện với anh nhưng tôi phải đi	TÔI ANH NÓI CHUYỆN ĐƯỢC RẤT VUI NHƯNG TÔI ĐI RỒI PHẢI	Mối quan hệ
người yêu của chị tôi xấu dữ cao và mập	CHỊ CỦA TÔI NGƯỜI YÊU XẤU DỮ CAO MẬP	Mối quan hệ
tôi đang đeo găng tay vì nó lạnh	TÔI ĐEO GĂNG TAY VÌ LẠNH	Cuộc sống thường nhật
ôi nặng quá bạn đã đặt gì vào đây	NẶNG QUÁ BẠN ĐẶT GÌ	Cuộc sống thường nhật
chúng ta đi bộ nhé	CHÚNG TA ĐI BỘ	Cuộc sống thường nhật
tất cả những gì bạn cần là thẻ sinh viên của bạn để kiểm tra sách	BẠN SÁCH MƯỢN THẺ SINH VIÊN CẦN	Cuộc sống học đường
vậy vấn đề là gì thưa ngài	VẤN ĐỀ GÌ THƯA NGÀI	Du lịch
còn nhà hàng hàn quốc kế bên thì sao	NHÀ HÀNG HÀN QUỐC BÊN CẠNH SAO	Mối quan hệ
tôi có thể thử nó không	TÔI NÓ THỬ ĐƯỢC KHÔNG	Cuộc sống thường nhật
châu á là lục địa lớn nhất và đông dân nhất thế giới	TRÊN THẾ GIỚI CHÂU Á LÀ LỤC ĐỊA LỚN NHẤT DÂN ĐÔNG NHẤT	Văn hóa và Giáo dục
nghĩa quân lam sơn đã dũng cảm vung gươm chém giặc cứu nước	NGHĨA QUÂN LAM SƠN GƯƠM VUNG CHÉM GIẶC NƯỚC CỨU	Chính trị
tôi học lớp 12	TÔI LỚP 12 HỌC	Cuộc sống học đường
buổi lễ khai giảng được tổ chức long trọng tại hội trường	TẠI HỘI TRƯỜNG LỄ KHAI GIẢNG TỔ CHỨC LONG TRỌNG	Cuộc sống học đường
con cá lớn đang vẫy vùng mạnh mẽ trong chiếc lưới cá	TRONG CHIẾC LƯỚI CON CÁ LỚN VẪY VÙNG MẠNH MẼ	Cuộc sống thường nhật
bạn nghĩ đó là ai	BẠN NGHĨ ĐÓ LÀ AI	Mối quan hệ
anh có thể chuẩn bị đậu hà lan để nấu được không	BẠN ĐẬU HÀ LAN CHUẨN BỊ NẤU ĂN ĐƯỢC KHÔNG	Cuộc sống thường nhật
không đời nào nghe thật tuyệt	KHÔNG ĐỜI NÀO NGHE HẤP DẪN	Mối quan hệ
bạn đề nghị bao nhiêu	BẠN MUỐN BAO NHIÊU	Cuộc sống thường nhật
ý bạn là nửa này nửa kia à	BẠN NÓI NỬA NÀY NỬA KIA	Cuộc sống thường nhật
điều đó có nghĩa là nó đang phát triển rất nhanh	TỨC LÀ NÓ ĐANG PHÁT TRIỂN RẤT NHANH	Mối quan hệ
bạn là người duy nhất ở đây	BẠN Ở ĐÂY DUY NHẤT	Mối quan hệ
có hướng dẫn sẽ dễ dàng hơn rất nhiều	HƯỚNG DẪN CÓ DỄ HƠN	Du lịch
cảm ơn đây là bộ đồ điện của tôi tôi có một buổi hẹn ăn tối tối nay	CẢM ƠN ĐÂY LÀ BỘ ĐỒ ĐIỆN CỦA TÔI TỐI NAY TÔI CÓ HẸN ĂN TỐI	Mối quan hệ
chúng tôi sẽ cung cấp điều đó vào ngày lễ	NGÀY LỄ CHÚNG TÔI ĐIỀU ĐÓ CUNG CẤP	Công việc
những bước chân đầu tiên của em bé khiến cả nhà vui mừng	NHỮNG BƯỚC CHÂN ĐẦU TIÊN CỦA EM BÉ KHIẾN CẢ NHÀ VUI MỪNG	Cuộc sống thường nhật
cửa hàng quần áo dạo này buôn bán có vẻ ế ẩm	DẠO NÀY CỬA HÀNG QUẦN ÁO BUÔN BÁN Ế ẨM	Tài chính
tôi đang thắc mắc không biết cô có muốn đi dạo với chúng tôi không	TÔI SUY NGHĨ CÔ ẤY ĐI CHƠI VỚI CHÚNG TÔI MUỐN CÓ KHÔNG KHÔNG BIẾT	Sức khỏe
tất cả chúng ta sẽ đi bơi	TẤT CẢ CHÚNG TA ĐI BƠI	Mối quan hệ
bạn có thể thêm nó vào bát	BẠN BÁT THÊM VÀO	Cuộc sống thường nhật
chờ một chút tôi sẽ xem cô ấy có rảnh không	CHỜ MỘT CHÚT TÔI XEM CÔ ẤY RẢNH KHÔNG	Cuộc sống thường nhật
wow hôm nay trời nóng quá bạn có muốn ăn kem không	HÔM NAY NÓNG THẬT MUỐN KEM ĂN KHÔNG	Cuộc sống thường nhật
tôi thấy bạn có sống trong khu phố này không	TÔI BIẾT BẠN SỐNG TRONG KHU PHỐ NÀY CÓ KHÔNG	Mối quan hệ
chắc rồi phòng thử đồ ở đằng kia	CHẮC CHẮN RỒI PHÒNG THỬ ĐỒ Ở KIA	Cuộc sống thường nhật
đúng rồi 6 lớn hơn 4	ĐÚNG 6 LỚN HƠN 4	Cuộc sống thường nhật
tôi xin lỗi nhưng bây giờ tôi đang tắt điện thoại	BÂY GIỜ TÔI ĐIỆN THOẠI TẮT PHẢI	Mối quan hệ
đoàn thám hiểm đi sâu vào khu rừng rậm hoang sơ	ĐOÀN THÁM HIỂM TÌM KIẾM KHU RỪNG RẬM HOANG SƠ HOANG DÃ VẮNG VẺ ĐI VÀO SÂU	Du lịch
vâng việc đó rất dễ để sửa	VÂNG SỬA CHỮA DỄ	Cuộc sống thường nhật
bạn là bà à	BẠN BÀ	Mối quan hệ
nó rất ngon	NÓ NGON	Cuộc sống thường nhật
hệ thống máy tính của công ty bị tin tặc tấn công	CÔNG TY HỆ THỐNG MÁY TÍNH TRỘM TIN TỨC TẤN CÔNG	Công việc
cô ấy sẽ thích điều đó	CÔ ẤY THÍCH SẼ	Cuộc sống thường nhật
khu vườn nhà bà tôi có hoa nở đẹp quanh năm	NHÀ BÀ KHU VƯỜN HOA ĐẸP NỞ QUANH NĂM	Cuộc sống thường nhật
bữa tiệc này sẽ có dj đồ ăn và đồ uống	BỮA TIỆC NÀY DJ ĐỒ ĂN ĐỒ UỐNG CÓ	Mối quan hệ
xin chào catherine bạn có muốn ra ngoài vào ngày mai không	XIN CHÀO BẠN RA NGOÀI NGÀY MAI MUỐN KHÔNG	Mối quan hệ
chào mừng bạn đến cửa hàng của tôi thời gian tới	BẠN CỬA HÀNG TÔI LẦN SAU GHÉ CHÀO MỪNG NHÉ	Cuộc sống thường nhật
chúng ta nên thay bàn chải đánh răng ba tháng một lần	CHÚNG TA BÀN CHẢI ĐÁNH RĂNG BA THÁNG THAY MỘT LẦN NÊN	Sức khỏe
xin cho phép tôi tự giới thiệu tên tôi là tom	TÔI XIN PHÉP TỰ GIỚI THIỆU TÔI TÊN TOM	Mối quan hệ
cả nhà đang quây quần ăn bữa cơm tối vui vẻ	CẢ NHÀ BỮA CƠM TỐI QUÂY QUẦN ĂN VUI VẺ	Cuộc sống thường nhật
cô ấy có bạn trai chưa	CÔ ẤY BẠN TRAI CÓ CHƯA	Mối quan hệ
đó là một chiếc tv di động nó đã trở nên phổ biến	TV DI ĐỘNG NÓ PHỔ BIẾN RỒI	Mối quan hệ
tôi thích vải nhưng tôi không thích phong cách	TÔI THÍCH VẢI NÀY KIỂU DÁNG KHÔNG THÍCH LẮM	Cuộc sống thường nhật
tiếng trống múa lân rộn rã khắp phố phường ngày trung thu	NGÀY TRUNG THU TIẾNG TRỐNG MÚA LÂN RỘN RÃ KHẮP PHỐ PHƯỜNG	Văn hóa và Giáo dục
bạn sẽ tìm thấy đường ngay đằng kia	BẠN THẤY CON ĐƯỜNG ĐÓ PHÍA TRƯỚC	Cuộc sống thường nhật
tôi muốn nghe thêm về căn hộ này	TÔI NGHE THÊM CĂN HỘ NÀY MUỐN	Cuộc sống thường nhật
vâng nhưng chúng ta nên sắp xếp những thứ này trước đã	NHƯNG CHÚNG TA ĐỒ VẬT SẮP XẾP TRƯỚC	Cuộc sống thường nhật
có phải vậy không tôi rất vui vì bạn thích nó	ĐÚNG KHÔNG TÔI RẤT VUI VÌ BẠN NÓ THÍCH	Cuộc sống thường nhật
bạn có muốn gội đầu không	BẠN GỘI ĐẦU MUỐN CÓ KHÔNG	Cuộc sống thường nhật
bạn có thể uống thuốc kháng histamine	BẠN THUỐC KHÁNG HISTAMINE UỐNG CÓ THỂ	Sức khỏe
một đàn kiến đang chăm chỉ tha mồi về tổ của chúng	ĐÀN KIẾN THA MỒI VỀ TỔ CHĂM CHỈ	Cuộc sống thường nhật
đây là một lời mời cho bạn	THIỆP MỜI CỦA BẠN	Công việc
các bạn nữ đang tập một bài múa truyền thống để biểu diễn	BẠN NỮ BÀI MÚA TRUYỀN THỐNG BIỂU DIỄN TẬP	Văn hóa và Giáo dục
chà cái này cũng được đấy	CHÀ CÁI NÀY ĐƯỢC CŨNG	Mối quan hệ
tôi nghĩ lần sau tôi nên cẩn thận hơn	TÔI NGHĨ LẦN SAU CẨN THẬN HƠN	Cuộc sống thường nhật
ồ họ ổn họ đang tận hưởng nghỉ hưu	HỌ KHỎE TẬN HƯỞNG TUỔI HƯU	Mối quan hệ
cô ấy có thích bạn không	CÔ ẤY BẠN THÍCH CÓ KHÔNG	Mối quan hệ
tin này thật sự rất vui	THÔNG TIN VUI	Mối quan hệ
xin quý khách lưu ý giữ gìn tài sản cá nhân cẩn thận	KHÁCH QUÝ CÁ NHÂN TÀI SẢN TIỀN GIỮ GÌN BẢO VỆ CẨN THẬN	Cuộc sống thường nhật
hay là đi mua sắm nhé	MUA SẮM ĐI	Cuộc sống thường nhật
chiếc xe buýt đó đi thẳng tới la	XE BUÝT ĐÓ LOS ANGELES ĐI THẲNG KHÔNG	Cuộc sống thường nhật
lũy tre xanh đã bao bọc lấy ngôi làng quê yên bình	LÀNG QUÊ LUỸ TRE XANH BAO BỌC YÊN BÌNH	Văn hóa và Giáo dục
công ty thợ thủ công tôi có thể giúp gì cho bạn	CÔNG TY THỢ THỦ CÔNG TÔI GIÚP CHO BẠN GÌ	Cuộc sống thường nhật
bạn đã chơi vị trí nào	BẠN CHƠI VỊ TRÍ GÌ	Mối quan hệ
công việc bán hàng đòi hỏi kỹ năng giao tiếp và sự kiên nhẫn	CÔNG VIỆC BÁN HÀNG KĨ NĂNG GIAO TIẾP VÀ KIÊN NHẪN CẦN CÓ	Công việc
được thôi tôi sẽ thất vọng nếu không có chúng	ĐƯỢC NẾU CÓ KHÔNG TÔI THẤT VỌNG	Mối quan hệ
một ly chanh đá mát lạnh giúp giải nhiệt ngày hè oi bức	NGÀY HÈ OI NÓNG 1 LY CHANH ĐÁ GIÚP GIẢI NHIỆT MÁT HƠN	Cuộc sống thường nhật
giờ ra chơi chúng tôi thường chơi cờ ca rô	GIỜ RA CHƠI CHÚNG TÔI CỜ CA RÔ CHƠI	Cuộc sống học đường
việc trèo cây cao mà không có bảo hộ rất nguy hiểm	CÂY CAO TRÈO BẢO HỘ KHÔNG CÓ RẤT NGUY HIỂM	Sức khỏe
địa đạo củ chi là di tích lịch sử nổi tiếng	ĐỊA ĐẠO CỦ CHI LÀ DI TÍCH LỊCH SỬ NỔI TIẾNG	Du lịch
nó không còn nóng nữa	NÓ NÓNG KHÔNG	Cuộc sống thường nhật
du khách thích thú đi qua chiếc cầu tre lắt lẻo bắc qua sông	CHIẾC CẦU TRE DU KHÁCH ĐI QUA THÍCH THÚ	Du lịch
xe lửa tôi sẽ trở về bằng máy bay sau đó	TÀU HOẢ À SAU ĐÓ TÔI ĐI MÁY BAY TRỞ VỀ PHẢI KHÔNG	Công việc
sự hiểu lầm đã gây ra chia rẽ trong tình bạn	SỰ HIỀU LẦM KHIẾN TÌNH BẠN CHIA RẼ	Mối quan hệ
anh thật tốt khi tiễn tôi	ANH ẤY THẬT TỐT KHI TÔI TẠM BIỆT	Du lịch
cô ấy thực sự muốn biết	CÔ ẤY BIẾT MUỐN THẬT	Cuộc sống thường nhật
có hộp các tông sóng	LOẠI THÙNG SÓNG ĐÓ CÓ	Tài chính
còn 9 giờ sáng mai thì sao tôi sẽ đến khách sạn của bạn	9 GIỜ SÁNG MAI THÌ SAO TÔI ĐẾN KHÁCH SẠN BẠN NHÉ	Tài chính
cậu bé rất bướng bỉnh và không bao giờ nghe lời khuyên của ai	CẬU BÉ BƯỚNG BỈNH LỜI KHUYÊN NGHE KHÔNG	Thái độ và Cảm xúc
được rồi hành tinh nào gần mặt trời nhất	HÀNH TINH MẶT TRỜI GẦN NHẤT NÀO	Mối quan hệ
đừng sờ tay vào bếp lò khi nó đang nóng nhé	TAY BẾP LÒ SỜ KHÔNG KHI NÓ NÓNG	Cuộc sống thường nhật
tôi không biết nó trông hơi đỏ nhưng tôi chắc chắn nó không có gì	TÔI BIẾT KHÔNG NHÌN MÀU HƠI ĐỎ NHƯNG CHẮC GÌ KHÔNG CÓ	Mối quan hệ
xin lỗi tôi có thể đặt hàng ngay bây giờ không	XIN LỖI TÔI MÓN GỌI ĐƯỢC CHƯA	Cuộc sống thường nhật
bến phà cát lái luôn tấp nập người và xe qua lại	BẾN PHÀ CÁT LÁI LUÔN TẤP NẬP NGƯỜI XE QUA LẠI	Du lịch
chúc cả nhà có một bữa tối thật vui vẻ và ngon miệng	CHÚC CẢ NHÀ BỮA TỐI VUI VẺ VÀ NGON MIỆNG	Mối quan hệ
không mình mua lúc tan học chiều nay	KHÔNG TÔI MUA CHIỀU NAY TAN HỌC	Cuộc sống thường nhật
cô ấy có một tâm hồn đẹp đẽ và luôn giúp đỡ mọi người	CÔ ẤY TÂM HỒN TÍNH CÁCH ĐẸP GIÚP ĐỠ MỌI NGƯỜI	Thái độ và Cảm xúc
để tôi xem bạn cần gì	TÔI XEM ĐỂ BẠN CẦN GÌ	Cuộc sống thường nhật
tôi đồng ý với bạn chỉ bằng cách này chúng ta có thể giảm bớt các vấn đề giao thông	NÀY GIAO THÔNG VẤN ĐỀ CHÚNG TA GIẢM BỚT BẠN TÔI ĐỒNG Ý	Cuộc sống thường nhật
bạn có muốn thực hiện một cuộc hẹn khác	BẠN HẸN ĐẶT KHÁC CÓ KHÔNG	Công việc
họ chắc là những con vật tuyệt vời	CHÚNG CON VẬT TUYỆT VỜI LÀ HẲN	Mối quan hệ
wow điều này thật tuyệt tôi chưa bao giờ biết món ăn thái lan rất sáng tạo và ngon miệng	WOW MÓN ĂN THÁI SÁNG TẠO NGON ĐẾN THẾ VỪA VỪA NGỜ KHÔNG TÔI THẬT TUYỆT	Cuộc sống thường nhật
tôi có thể uống bia không	TÔI BIA UỐNG ĐƯỢC KHÔNG	Cuộc sống thường nhật
tôi muốn ăn đồ ăn việt nam cho bữa tối	TÔI ĐỒ ĂN VIỆT NAM BỮA TỐI	Mối quan hệ
trung thu là dịp để trẻ em rước đèn phá cỗ	TRUNG THU TRẺ EM RƯỚC ĐÈN PHÁ CỔ	Văn hóa và Giáo dục
chiếc xe buýt dừng lại để đón thêm hành khách lên xe	XE BUÝT DỪNG LẠI ĐỂ HÀNH KHÁCH LÊN THÊM	Cuộc sống thường nhật
tôi vừa mua một chiếc vợt cầu lông mới để tập thể thao	TÔI VỢT CẦU LÔNG MỚI VỪA MUA ĐỂ TẬP THỂ THAO	Cuộc sống thường nhật
chủ nhật thì sao	CHỦ NHẬT THÌ SAO	Mối quan hệ
mọi chuyện ổn chứ thưa bà	MỌI CHUYỆN ỔN KHÔNG	Tài chính
co thể mang cái bánh thứ ba cho chồng tôi được không 	BẠN CÁI BÁNH THỨ BA MANG CHO CHỒNG TÔI ĐƯỢC KHÔNG	Cuộc sống thường nhật
bạn có thay đổi nó thành một cái mới không	BẠN CÁI MỚI ĐỔI CHƯA	Cuộc sống thường nhật
mỗi người cần có trách nhiệm hoàn thành tốt công việc của mình	MỖI NGƯỜI CÔNG VIỆC TRÁCH NHIỆM HOÀN THÀNH CẦN CÓ	Công việc
màu cam đấy	MÀU CAM	Cuộc sống thường nhật
được rồi vậy tôi sẽ làm giúp bạn còn gì nữa không	ĐƯỢC TÔI SẼ LÀM GIÚP BẠN CÒN GÌ KHÔNG	Cuộc sống thường nhật
tôi không biết nó đã ở đó khi tôi thức dậy sáng nay	TÔI KHÔNG RÕ SÁNG DẬY THẤY NÓ ĐÓ Ở RỒI	Sức khỏe
mẹ tôi đi chợ mua rau mồng tơi	MẸ TÔI ĐI CHỢ RAU MỒNG TƠI MUA	Cuộc sống thường nhật
trong trường hợp khẩn cấp hãy gọi ngay số điện thoại này	TRONG TRƯỜNG HỢP KHẨN CẤP SỐ ĐIỆN THOẠI NÀY GỌI NGAY	Sức khỏe
đi bộ ở đây không tuyệt sao	ĐI BỘ ĐÂY THÍCH THẬT	Thái độ và Cảm xúc
bạn có cần bất cứ điều gì tạp hóa	BẠN MUA THÊM GÌ CẦN KHÔNG ĐỒ TẠP HÓA CHẲNG HẠN	Mối quan hệ
tôi có thể đặt một cái gì đó trong túi xách này	TÔI ĐẶT TÚI XÁCH TRONG GÌ	Du lịch
tôi ghét thời tiết nóng tôi thà ở trong nhà với điều hòa không khí	TÔI THỜI TIẾT NÓNG GHÉT TÔI Ở TRONG NHÀ VỚI ĐIỀU HÒA KHÔNG KHÍ	Mối quan hệ
không làm ơn tôi không thể để anh làm vậy được	KHÔNG ANH LÀM NHƯ THẾ ĐỪNG	Thái độ và Cảm xúc
đứng trước biển cả bao la tôi cảm thấy mình thật nhỏ bé	TRƯỚC BIỂN TÔI NHỎ BÉ	Du lịch
ồ tôi thấy rồi thời tiết đẹp nên được chia sẻ cho mọi người	Ồ TÔI THẤY RỒI THỜI TIẾT ĐẸP NÊN MỌI NGƯỜI CHIA SẺ CHO	Mối quan hệ
nó sẽ như thế nào	NÓ THẾ NÀO	Cuộc sống thường nhật
tôi muốn thay đổi thời gian thức dậy của tôi	TÔI THỜI GIAN THỨC DẬY CỦA TÔI THAY ĐỔI	Du lịch
sáng nào bố tôi cũng đến cơ quan làm việc từ rất sớm	BUỔI SÁNG BỐ TÔI CƠ QUAN ĐẾN LÀM VIỆC SỚM	Công việc
đây là cơ hội tốt để các sinh viên quốc tế cùng nhau giao lưu	ĐÂY LÀ CƠ HỘI TỐT ĐỂ CÁC SINH VIÊN QUỐC TẾ GIAO LƯU CÙNG NHAU	Văn hóa và Giáo dục
mẹ tôi dùng củ cải trắng để nấu món canh ngọt	MẸ CỦ CẢI TRẮNG DÙNG MÓN CANH NGỌT NẤU	Cuộc sống thường nhật
cô có muốn uống sữa không	CÔ UỐNG SỮA MUỐN KHÔNG	Cuộc sống thường nhật
nó có hấp dẫn không	NÓ HẤP DẪN CÓ KHÔNG	Mối quan hệ
vâng một ly rượu vang đỏ và một tách cà phê	RƯỢU VANG LY 1 CÀ PHÊ TÁCH 1	Cuộc sống thường nhật
khi nào đám cưới của bạn sẽ diễn ra	BẠN CƯỚI KHI NÀO	Mối quan hệ
tôi sẽ uống một ly bia còn bạn thì sao	TÔI UỐNG BIA CÒN BẠN THÌ SAO	Cuộc sống thường nhật
cô gái may mắn là ai	CÔ GÁI MAY MẮN AI	Thái độ và Cảm xúc
người nông dân đang phơi thóc trên sân gạch đỏ	NGƯỜI NÔNG DÂN TRÊN SÂN GẠCH ĐỎ PHƠI THÓC	Cuộc sống thường nhật
tôi rất vui khi nghe điều đó	KHI NGHE ĐIỀU ĐÓ TÔI VUI	Cuộc sống thường nhật
môn giáo dục thể chất giúp chúng em rèn luyện sức khỏe	MÔN GIÁO DỤC THỂ CHẤT EM SỨC KHOẺ RÈN LUYỆN GIÚP NHIỀU	Cuộc sống học đường
đó là rất nhiều bạn bè bạn có một người bạn tốt nhất	NHIỀU BẠN GHÊ BẠN CÓ NGƯỜI BẠN THÂN NHẤT KHÔNG	Mối quan hệ
ok tôi thích câu cá rất nhiều	TÔI CÂU CÁ THÍCH RẤT NHIỀU	Mối quan hệ
ok tôi sẽ	OK TÔI SẼ	Cuộc sống thường nhật
chào mừng đến với trung quốc paula	CHÀO MỪNG TRUNG QUỐC ĐẾN	Mối quan hệ
tôi nghĩ chúng ta nên bắt đầu dọn dẹp trước khi các vị khách đến đây	TÔI NGHĨ CHÚNG TA DỌN DẸP BẮT ĐẦU TRƯỚC CÁC VỊ KHÁCH ĐẾN	Cuộc sống thường nhật
anh ấy rất dễ nổi nóng khi gặp phải những chuyện không vừa ý	ANH ẤY CHUYỆN KHÔNG VỪA Ý GẶP NỔI NÓNG DỄ	Thái độ và Cảm xúc
tỉnh vĩnh long nổi tiếng với những vườn cây trái sum suê	TỈNH VĨNH LONG VƯỜN CÂY TRÁI TRĨU QUẢ NỔI TIẾNG	Du lịch
công ty chúng tôi vừa mở thêm một cơ sở mới	CHÚNG TÔI CÔNG TY CƠ SỞ MỚI MỞ THÊM	Công việc
bạn đang tìm kiếm loại công việc nào	BẠN TÌM KIẾM LOẠI CÔNG VIỆC NÀO	Công việc
cả khu phố bị mất điện từ sáng đến giờ	CẢ KHU PHỐ ĐIỆN MẤT TỪ SÁNG ĐẾN GIỜ	Cuộc sống thường nhật
bây giờ anh đi đâu	BÂY GIỜ BẠN ĐI ĐÂU	Mối quan hệ
tôi gặp cô ấy khoảng một năm trước	1 NĂM TRƯỚC TÔI CÔ ẤY GẶP	Mối quan hệ
ok thưa ngài chờ một phút	VÂNG THƯA NGÀI XIN CHỜ MỘT CHÚT	Cuộc sống thường nhật
nó có thể đau một lúc bạn sẽ ổn thôi	NÓ ĐAU MỘT LÚC CÓ THỂ BẠN ỔN SẼ	Cuộc sống thường nhật
con rất phấn khích mẹ ơi một đứa bé mới sinh	CON RẤT THÍCH MẸ ƠI EM BÉ SINH MỚI	Mối quan hệ
họ có đi học không	HỌ ĐI HỌC CÓ KHÔNG	Mối quan hệ
cô giáo yêu cầu xác định điểm ở giữa đoạn thẳng ab	ĐIỂM Ở GIỮA ĐOẠN THẲNG AB CÔ GIÁO YÊU CẦU TÌM	Cuộc sống học đường
thói quen nước tới chân mới nhảy sẽ khiến bạn gặp nhiều rắc rối	THÓI QUEN NƯỚC TỚI CHÂN MỚI NHẢY CỦA BẠN RẮC RỐI SẼ GẶP	Thái độ và Cảm xúc
bạn đang làm gì vậy bạn	BẠN LÀM GÌ	Cuộc sống thường nhật
chúng ta cần rửa tay sạch sẽ để loại bỏ vi khuẩn	CHÚNG TA TAY RỬA CẦN SẠCH SẼ VI KHUẨN LOẠI BỎ	Sức khỏe
khi nào bạn muốn nó được giao	BẠN GIAO HÀNG MUỐN KHI NÀO	Công việc
anh ấy đã trình bày một ý tưởng kinh doanh rất độc đáo	ANH ẤY Ý TƯỞNG KINH DOANH TUYỆT VỜI PHÁT BIỂU	Công việc
vâng bạn xuống xe buýt ở quảng trường	BẠN XE BUÝT XUỐNG CÔNG VIÊN	Cuộc sống thường nhật
tôi xin lỗi thưa ông bạn có thể cho tôi biết số phòng của bạn	XIN LỖI SỐ PHÒNG CỦA BẠN CHO TÔI ĐƯỢC KHÔNG	Du lịch
mưa cuối cùng đã dừng lại	CUỐI CÙNG MƯA DỪNG LẠI	Cuộc sống thường nhật
làm thế nào để đôi môi không nứt nẻ	ĐÔI MÔI NỨT NẺ KHÔNG LÀM THẾ NÀO	Mối quan hệ
những gì bạn muốn có táo hoặc cam 	NHỮNG GÌ BẠN CÓ TÁO HOẶC CAM	Cuộc sống thường nhật
vâng tôi đã từng có một công việc bán thời gian trong công ty quảng cáo	TÔI CÔNG VIỆC BÁN THỜI GIAN CÓ TRONG CÔNG TY QUẢNG CÁO RỒI	Công việc
vị đạo diễn tài ba đang chỉ đạo một cảnh quay rất quan trọng	ĐẠO DIỄN TÀI BA CẢNH QUAY CHỈ ĐẠO QUAN TRỌNG	Công việc
ok đó là đủ	OK ĐỦ RỒI	Cuộc sống thường nhật
bạn không nên dùng lời lẽ châm chọc người khác	BẠN LỜI LẼ CHÂM CHỌC TRÊU TRỌC NGƯỜI KHÁC KHÔNG NÊN	Thái độ và Cảm xúc
đế chế la mã đã sụp đổ từ nhiều thế kỷ trước	QUỐC GIA LA MÃ SỤP ĐỔ TỪ NHIỀU NĂM TRƯỚC	Văn hóa và Giáo dục
trợ giúp sẽ có mặt ở đó chỉ trong vài phút	NHÂN VIÊN HỖ TRỢ CÓ MẶT 5 PHÚT	Cuộc sống thường nhật
cô giáo nắn nót viết từng chữ lên trang giấy trắng	CÔ GIÁO TỪNG CHỮ VIẾT NẮN NÓT CẨN THẬN TRÊN GIẤY TRẮNG	Cuộc sống học đường
họ luôn giữ gìn mối quan hệ bạn bè thân thiết nhiều năm	QUAN HỆ BẠN BÈ THÂN THIẾT GIỮ GÌN QUA NĂM NHIỀU	Mối quan hệ
chúng ta nên luyện tập thể dục thể thao mỗi ngày	CHÚNG TA THỂ DỤC THỂ THAO LUYỆN TẬP MỖI NGÀY NÊN	Sức khỏe
còn thời tiết ở boston thì sao	CÒN THỜI TIẾT Ở BOSTON THÌ SAO	Mối quan hệ
tại sao cả hai không đi ra ngoài	CẢ HAI ĐI RA NGOÀI KHÔNG TẠI SAO	Mối quan hệ
tôi muốn mua một số đặc sản bạn có thể giới thiệu cho tôi một vài	TÔI MUA ĐỒ ĂN NGON MỘT SỐ MUỐN BẠN CÓ THỂ GIỚI THIỆU CHO TÔI	Cuộc sống thường nhật
mẹ dùng lồng bàn đậy mâm cơm lại cho khỏi ruồi	MẸ MÂM CƠM LỒNG BÀN ĐẬY LẠI TRÁNH RUỒI	Cuộc sống thường nhật
chữ đ là một phụ âm trong bảng chữ cái tiếng việt	CHỮ Đ BẢNG CHỮ CÁI TIẾNG VIỆT PHỤ ÂM 1	Văn hóa và Giáo dục
du khách rất thích thú khi tham quan chợ nổi cái răng	KHI DU LỊCH CHỢ NỔI CÁI RĂNG DU KHÁCH THÍCH THÚ	Du lịch
dài hay ngắn thẳng quăn	TÓC DÀI HAY NGẮN THẲNG HAY XOĂN	Cuộc sống thường nhật
bé đang chơi với khối rubik hình lập phương nhiều màu	BÉ KHỐI RUBIK HÌNH LẬP PHƯƠNG NHIỀU MÀU CHƠI	Cuộc sống thường nhật
tôi tự hỏi nếu chúng ta có thể thay đổi nhiệt độ	TÔI NGHĨ NHIỆT ĐỘ CHỈNH ĐƯỢC KHÔNG	Thái độ và Cảm xúc
ai cũng cần một cái cờ lê	MỌI NGƯỜI CỜ LÊ 1 CẦN	Cuộc sống thường nhật
vâng phanh xe ô tô của tôi hỏng rồi	PHANH XE HỎNG RỒI	Cuộc sống thường nhật
tất nhiên miễn là thẻ được giữ tốt	THẺ DÙNG TỐT CÒN MIỄN LÀ	Cuộc sống học đường
trong chiến tranh họ đã từng là kẻ thù của nhau	TRONG CHIẾN TRANH HỌ LÀ KẺ THÙ CỦA NHAU	Chính trị
cảm ơn đã nhắc nhở tôi tôi đã quên để có được tôi	CẢM ƠN VÌ NHẮC NHỞ TÔI TÔI QUÊN CÓ	Cuộc sống thường nhật
làm thế nào tôi có thể giúp bạn	TÔI GIÚP BẠN LÀM THẾ NÀO	Du lịch
bác sĩ yêu cầu bệnh nhân ở lại để theo dõi thêm tình hình	BÁC SĨ BỆNH NHÂN YÊU CẦU Ở LẠI ĐỂ SỨC KHOẺ THEO DÕI THÊM	Sức khỏe
ồ gia đình tôi sẽ thích cái này tôi sẽ lấy nó	Ồ GIA ĐÌNH TÔI MÓN NÀY THÍCH LẮM TÔI NÓ LẤY NHÉ	Cuộc sống thường nhật
phí này có bao gồm mọi thứ không	TIỀN NÀY TẤT CẢ BAO GỒM CÓ	Du lịch
tình bạn của chúng tôi ngày càng trở nên gắn bó hơn	CHÚNG TÔI TÌNH BẠN TRỞ NÊN GẮN BÓ HƠN	Mối quan hệ
tôi có thể nói chuyện với bạn không	TÔI BẠN NÓI CHUYỆN CÓ KHÔNG	Công việc
chúng ta phải cắt giảm mua sắm từ bây giờ	CHÚNG TA MUA SẮM GIẢM BÂY GIỜ	Cuộc sống thường nhật
đôi tay của mẹ đã chai sần vì năm tháng vất vả	MẸ ĐÔI TAY CHAI SẦN VÌ VẤT VẢ NHIỀU NĂM	Mối quan hệ
tôi có thể xin giấy phép ngay hôm nay không	TÔI GIẤY PHÉP XIN NGAY HÔM NAY CÓ THỂ ĐƯỢC KHÔNG	Cuộc sống thường nhật
đó là tin tuyệt vời bạn trông thoải mái hơn nhiều so với ngày hôm qua	TIN TUYỆT VỜI ĐẤY BẠN TRÔNG THOẢI MÁI HƠN NHIỀU HÔM QUA SO VỚI	Mối quan hệ
mọi người đều mắc sai lầm trong cuộc sống	MỌI NGƯỜI SAI LẦM ĐỀU CÓ TRONG CUỘC SỐNG	Thái độ và Cảm xúc
cô ấy rất thích ăn socola đắng vào những ngày mưa	NHỮNG NGÀY MƯA CÔ ẤY SOCOLA ĐẮNG ĂN THÍCH	Cuộc sống thường nhật
đông timor là một quốc gia nhỏ tại đông nam á	ĐÔNG TIMOR QUỐC GIA 1 NHỎ TẠI ĐÔNG NAM Á	Chính trị
tiếc quá thứ sáu được không	TIẾC QUA THỨ SÁU ĐƯỢC KHÔNG	Công việc
bà stevens sẽ ở bên bạn trong giây lát tôi có thể mời bạn uống gì không	TRONG KHI CHỜ BẠN DÙNG GÌ TÔI MỜI ĐƯỢC KHÔNG	Công việc
mẹ ơi con có giống siêu nhân không tất cả những gì con cần là một chiếc áo choàng	MẸ ƠI CON SIÊU NHÂN GIỐNG CÓ KHÔNG CON ÁO CHOÀNG 1 CẦN	Cuộc sống thường nhật
chắc chắn đó sẽ là tuyệt vời tôi sẽ mang rượu vang	TỐT TÔI MANG RƯỢU VANG ĐẾN	Mối quan hệ
câu hỏi bạn yêu tôi không phải lúc nào cũng dễ trả lời	CÂU HỎI BẠN YÊU TÔI KHÔNG TRẢ LỜI KHÓ	Mối quan hệ
lớp của tôi có 50 hs 1 lớp trưởng và 2 lớp phó	LỚP CỦA TÔI HỌC SINH 50 LỚP TRƯỞNG 1 LỚP PHÓ 2	Cuộc sống học đường
tốc độ của bạn sau đó là gì	LÚC ĐÓ BẠN CHẠY TỐC ĐỘ BAO NHIÊU	Chính trị
bạn đang bỏ phiếu cho ai	BẠN BỎ PHIẾU CHO AI	Chính trị
vườn nhà tôi trồng rất nhiều mít	NHÀ TÔI VƯỜN MÍT TRỒNG NHIỀU	Văn hóa và Giáo dục
tôi muốn có một bức ảnh	TÔI BỨC ẢNH MỘT MUỐN	Cuộc sống thường nhật
wow bạn nói đúng mọi thứ ngon tuyệt xin hãy đưa hạt tiêu cho tôi	WOW BẠN ĐÚNG MỌI THỨ NGON HẠT TIÊU CHO TÔI XIN	Cuộc sống thường nhật
được rồi nhưng tôi nghĩ anh nên chuyển đi sớm	TÔI NGHĨ ANH CHUYỂN ĐI SỚM NÊN	Mối quan hệ
chiều nào chúng tôi cũng rủ nhau ra sân vận động đá bóng	MỌI BUỔI CHIỀU CHÚNG TÔI RỦ NHAU SÂN VẬN ĐỘNG RA ĐÁ BÓNG	Sức khỏe
biên tập viên đang cẩn thận chỉnh sửa lại bản thảo cuối cùng	BIÊN TẬP VIÊN BẢN THẢO CUỐI CÙNG CHỈNH SỬA CẨN THẬN	Công việc
xin lỗi vì đã ngắt lời	XIN LỖI VÌ NGẮT LỜI	Cuộc sống thường nhật
tôi biết một thợ làm tóc tuyệt vời không xa đây và cô ấy cũng dễ thương	TÔI BIẾT THỢ LÀM TÓC GIỎI GẦN ĐÂY CÔ ẤY DỄ THƯƠNG	Mối quan hệ
tôi xin lỗi bạn đang đi ăn trưa	XIN LỖI BẠN ĂN TRƯA ĐI PHẢI KHÔNG	Cuộc sống thường nhật
buổi sáng con gà trống gáy vang đánh thức mọi người dậy	BUỔI SÁNG CON GÀ TRỐNG GÁY VANG ĐÁNH THỨC MỌI NGƯỜI DẬY	Cuộc sống thường nhật
không tôi sẽ gửi một chiếc xe lớn hơn để đón bạn	TÔI XE LỚN HƠN CHO ĐÓN BẠN SẼ KHÔNG	Cuộc sống thường nhật
con chồn nhanh nhẹn luồn lách qua các bụi cây rậm rạp	CON CHỒN CÁC BỤI CÂY LUỒN LÁCH NHANH NHẸN	Cuộc sống thường nhật
điều này sẽ được vui vẻ xem này	ĐIỀU NÀY VUI VẺ XEM	Cuộc sống thường nhật
tiếng kèn đồng vang lên rộn rã trong buổi lễ khai giảng năm học	TIẾNG KÈN ĐỒNG LỄ KHAI GIẢNG NĂM HỌC MỚI VANG LÊN RỘN RÃ	Văn hóa và Giáo dục
đó là ai	AI VẬY	Mối quan hệ
có đau không	ĐAU CÓ KHÔNG	Sức khỏe
mẹ đang dùng chảo để rán trứng cho bữa sáng	MẸ CHẢO DÙNG ĐỂ BỮA SÁNG TRỨNG RÁN	Cuộc sống thường nhật
con ếch ngồi trên lá sen kêu ộp ộp trong đêm	TRONG ĐÊM CON ẾCH TRÊN LÁ SEN NGỒI ỘP ỘP KÊU	Cuộc sống thường nhật
tôi nghĩ rằng chúng tôi có đặt phòng	TÔI NGHĨ CHÚNG TÔI PHÒNG ĐẶT	Du lịch
tôi đã học cho kỳ thi của tôi kỳ thi ở trường sẽ bắt đầu vào tháng tới	TÔI HỌC KỲ THI RỒI KỲ THI Ở TRƯỜNG BẮT ĐẦU THÁNG TỚI	Mối quan hệ
tôi khá tốt cảm ơn đã hỏi	TÔI KHỎE CẢM ƠN HỎI	Mối quan hệ
bởi vì tôi cần phải sử dụng nhà vệ sinh có phòng tắm trên tàu không	TÔI ĐI VỆ SINH CẦN TÀU CÓ PHÒNG TẮM KHÔNG	Cuộc sống thường nhật
cô bé đeo một chiếc bờm tóc màu hồng rất đáng yêu	CÔ BÉ CHIẾC BỜM TÓC MÀU HỒNG MỘT ĐEO ĐÁNG YÊU	Cuộc sống thường nhật
cám ơn và đây là hóa đơn của ông	CẢM ƠN ĐÂY HÓA ĐƠN ÔNG	Du lịch
oh sữa đông có mùi yêu thích của tôi	SỮA ĐÔNG MÙI NẶNG NHƯNG TÔI THÍCH	Cuộc sống thường nhật
bạn mua nó khi nào	BẠN MUA KHI NÀO	Thái độ và Cảm xúc
bạn có muốn uống sữa và đường không	BẠN TRÀ UỐNG SỮA ĐƯỜNG VỚI MUỐN	Cuộc sống thường nhật
hội nghị quốc tế về biến đổi khí hậu đã diễn ra thành công	HỘI NGHỊ QUỐC TẾ VỀ KHÍ HẬU BIẾN ĐỔI DIỄN RA THÀNH CÔNG	Chính trị
bạn muốn rút bao nhiêu tiền	BẠN TIỀN RÚT BAO NHIÊU	Tài chính
đây là chuyến đi dã ngoại tuyệt vời nhất của trường	CHUYẾN ĐI DÃ NGOẠI TUYỆT VỜI NHẤT TRƯỜNG CỦA	Cuộc sống học đường
điều đó có đúng không	ĐIỀU ĐÓ ĐÚNG KHÔNG	Mối quan hệ
cô y tá đang nhẹ nhàng băng bó vết thương cho em bé	CÔ Y TÁ EM BÉ VẾT THƯƠNG NHẸ NHÀNG BĂNG BÓ	Sức khỏe
tôi đã đợi bạn ở đây gần một tiếng rưỡi rồi đấy	TÔI BẠN ĐỢI Ở ĐÂY 1 TIẾNG RƯỠI	Cuộc sống thường nhật
cảm ơn bạn rất nhiều vì đã cho tôi một bất ngờ tuyệt vời như vậy	CẢM ƠN NHIỀU VÌ BẤT NGỜ TUYỆT VỜI CHO TÔI	Cuộc sống thường nhật
chúng ta cần chung tay xoá bỏ những hủ tục lạc hậu	CHÚNG TA HỦ TỤC LẠC HẬU XÓA BỎ CÙNG NHAU CẦN	Văn hóa và Giáo dục
cậu bé thập thò ngoài cửa không dám vào vì sợ bị mắng	CẬU BÉ TRỐN NGOÀI CỬA VÌ SỢ MẮNG VÀO KHÔNG DÁM	Thái độ và Cảm xúc
uống một ly chanh nóng giúp giải cảm rất hiệu quả	LY CHANH NÓNG GIÚP GIẢI CẢM HIỆU QUẢ TỐT	Sức khỏe
con đã nói với bố mẹ chưa	BỐ MẸ CON NÓI RỒI CHƯA	Thái độ và Cảm xúc
xin vui lòng cho tôi biết chính xác những gì đã xảy ra	TÔI CHUYỆN GÌ XẢY RA BIẾT CHO NÓI RÕ LÀM ƠN	Chính trị
bạn có những triệu chứng gì	BẠN TRIỆU CHỨNG GÌ	Sức khỏe
bạn đã thử một cửa hàng	BẠN CỬA HÀNG KHÁC TÌM THỬ ĐÃ CHƯA	Cuộc sống thường nhật
mùi hoa sữa thơm nồng nàn lan tỏa khắp các con phố hà nội	MÙI HOA SỮA THƠM NHIỀU TOẢ CON PHỐ HÀ NỘI	Cuộc sống thường nhật
bạn phải xay khi chúng còn tươi và uống ngay lập tức để có hương vị tốt nhất	XAY KHI TƯƠI UỐNG NGAY NGON	Cuộc sống thường nhật
bạn có bút chì không	BẠN BÚT CHÌ CÓ KHÔNG	Cuộc sống thường nhật
có lẽ anh ấy vẫn đang ngủ	CÓ LẼ ANH ẤY NGỦ VẪN	Cuộc sống thường nhật
ông ấy cho tôi địa chỉ này	ÔNG ẤY CHO TÔI ĐỊA CHỈ	Mối quan hệ
tuyệt vời xin vui lòng gửi cho anh ấy lời chúc mừng của tôi	TUYỆT VỜI GIÚP TÔI CHÚC MỪNG GỬI ANH ẤY	Mối quan hệ
nhiều gia đình ở vùng cao vẫn còn sống trong thiếu thốn	Ở VÙNG CAO NHIỀU GIA ĐÌNH VẪN SỐNG THIẾU THỐN NGHÈO KHỔ	Cuộc sống thường nhật
con vẫn chưa phỏng vấn ngày mai là phỏng vấn rồi con rất lo lắng	CON PHỎNG VẤN CHƯA NGÀY MAI PHỎNG VẤN CON LO LẮNG	Công việc
bây giờ tôi đã hoàn thành bạn thích nó như thế nào	XONG RỒI BẠN THẤY THẾ NÀO	Cuộc sống thường nhật
cô ấy dùng cái nhíp để gắp một vật nhỏ	CÔ ẤY DÙNG NHÍP VẬT NHỎ GẮP	Cuộc sống thường nhật
tối qua anh đã đi chơi rất muộn	TỐI QUA ANH ĐI CHƠI RẤT MUỘN	Thái độ và Cảm xúc
hướng dẫn thêm	HƯỚNG DẪN THÊM	Cuộc sống thường nhật
nhân tiện chi phí gửi một gói hàng đến đài loan là bao nhiêu	TIỆN THỂ TÔI HỎI GÓI HÀNG ĐÀI LOAN GỬI HẾT BAO NHIÊU	Cuộc sống thường nhật
được rồi trông chúng giống nhau phải không	RỒI CHÚNG TRÔNG GIỐNG NHAU PHẢI KHÔNG	Cuộc sống thường nhật
bữa tối trang trọng thì sao	BỮA TỐI TRANG TRỌNG THẾ NÀO	Cuộc sống thường nhật
bởi vì tôi yêu tuyết	VÌ TÔI TUYẾT YÊU	Cuộc sống thường nhật
tôi thích sự tự do của mùa hè không có trường học	TÔI TỰ DO MÙA HÈ TRƯỜNG HỌC KHÔNG CÓ THÍCH	Mối quan hệ
cứ tự nhiên hỏi tôi bất cứ điều gì và tôi sẽ cố gắng điền vào các chi tiết	HỎI BẤT CỨ GÌ THỎA MÁI TÔI TRẢ LỜI CHI TIẾT CỐ GẮNG	Công việc
bạn hạnh phúc biết bao	BẠN HẠNH PHÚC NHIỀU	Cuộc sống thường nhật
bạn sẽ tìm thấy mỳ để ăn sáng	BẠN NGŨ CỐC ĐỂ ĂN SÁNG TÌM THẤY	Cuộc sống thường nhật
chiến tranh đã gây ra cảnh chia cắt cho bao gia đình	CHIẾN TRANH GIA ĐÌNH BỊ CHIA LY NHIỀU	Chính trị
tôi sẽ đi xem sao cảm ơn sự giúp đỡ của bạn	TÔI ĐI XEM BẠN GIÚP ĐỠ CẢM ƠN	Cuộc sống thường nhật
chúng tôi sẽ đến bãi biển vào cuối tuần	CUỐI TUẦN CHÚNG TÔI RA BIỂN	Công việc
trước sân nhà bà ngoại có một cây khế rất sai quả	SÂN NHÀ BÀ NGOẠI CÂY KHẾ TRĨU QUẢ NHIỀU QUẢ CÓ	Cuộc sống thường nhật
nó ở đâu	NÓ Ở ĐÂU	Cuộc sống thường nhật
rất cám ơn vì đã mời tôi	MỜI TÔI CẢM ƠN	Cuộc sống thường nhật
bạn nghĩ mình sẽ ở đâu trong 3 năm tới	BẠN BA NĂM NỮA MÌNH Ở ĐÂU NGHĨ	Công việc
mẹ tôi mua mấy củ su hào về để luộc cho bữa tối	MẸ TÔI VÀI CỦ SU HÀO MUA BỮA TỐI LUỘC	Cuộc sống thường nhật
nhà trường tổ chức nhiều hoạt động ngoại khóa cho học sinh	NHÀ TRƯỜNG HOAT ĐỘNG NGOẠI KHOÁ CHO HỌC SINH TỔ CHỨC NHIỀU	Cuộc sống học đường
không vấn đề gì tôi sẽ rất vui	KHÔNG SAO TÔI RẤT VUI	Thái độ và Cảm xúc
may mắn thay không có người chết	MAY MẮN QUÁ NGƯỜI CHẾT KHÔNG CÓ	Mối quan hệ
cái này sẽ làm cho cây của tôi xanh tốt	CÁI NÀY CÂY CỦA TÔI XANH TỐT LÀM CHO	Cuộc sống thường nhật
cây này đã sẵn sàng để trồng xuống đất rồi	CÂY NÀY ĐẤT TRỒNG SẴN SÀNG RỒI	Cuộc sống thường nhật
tôi phải có mặt ở đó không trễ hơn 9 giờ	ĐẾN TRƯỚC 9 GIỜ PHẢI	Công việc
tác dụng phụ của thuốc này là gì	THUỐC NÀY CÓ TÁC DỤNG PHỤ GÌ	Sức khỏe
bạn đến trễ à	BẠN ĐẾN MUỘN	Cuộc sống học đường
bảo tàng đang trưng bày nhiều hiện vật lịch sử quý giá của dân tộc	BẢO TÀNG HIỆN VẬT ĐỒ VẬT LỊCH SỬ DÂN TỘC QUÝ GIÁ TRƯNG BÀY NHIỀU	Văn hóa và Giáo dục
đàn kiến chăm chú tha mồi về tổ	ĐÀN KIẾN CHĂM CHÚ THA MỒI MANG ĐỒ ĂN VỀ TỔ	Cuộc sống thường nhật
cô bé cẩn thận đổ nước vào bình hoa cho mẹ	CÔ BÉ BÌNH HOA ĐỔ NƯỚC CẨN THẬN MẸ GIÚP	Cuộc sống thường nhật
nếu có thắc mắc các em hãy mạnh dạn giơ tay phát biểu	KHI CÓ THẮC MẮC EM GIƠ TAY PHÁT BIỂU	Cuộc sống học đường
nhìn cơn mưa này xem	CƠN MƯA NÀY NHÌN	Cuộc sống thường nhật
xin lỗi bạn không thể chụp ảnh trong bảo tàng này	XIN LỖI BẠN BẢO TÀNG CHỤP ẢNH KHÔNG	Du lịch
đến giờ ăn trưa rồi	TRƯA ĂN GIỜ ĐẾN RỒI	Cuộc sống thường nhật
tôi hơi lo lắng	TÔI LO LẮNG 1 CHÚT	Mối quan hệ
mùa hè này gia đình tôi sẽ đi du lịch ở quảng ngãi	MÙA HÈ NÀY GIA ĐÌNH TÔI QUẢNG NGÃI DU LỊCH ĐI	Du lịch
cô giáo đang giảng bài về các từ đồng âm trong tiếng việt	CÔ GIÁO BÀI TỪ ĐỒNG ÂM TIẾNG VIỆT GIẢNG	Cuộc sống học đường
xin vui lòng quan tâm số chìa khóa của bạn ở đây bạn có muốn thêm tiền mặt trở lại	QUAN TÂM SỐ CHÌA KHÓA CỦA BẠN TRỞ LẠI TIỀN MẶT THÊM	Cuộc sống thường nhật
nó rất đặc biệt phải không	NÓ ĐẶC BIỆT THẬT PHẢI KHÔNG	Mối quan hệ
bạn có thể nói to hơn một chút không	BẠN NÓI TO HƠN MỘT CHÚT CÓ KHÔNG	Cuộc sống thường nhật
bao lâu	BAO LÂU CƠ	Cuộc sống thường nhật
cái điều khiển ti vi nhà tôi lại bị hết pin	CÁI ĐIỀU KHIỂN TIVI NHÀ TÔI HẾT PIN	Cuộc sống thường nhật
ôi chào tom một ngày đẹp trời phải không	CHÀO MỘT NGÀY ĐẸP TRỜI PHẢI KHÔNG	Mối quan hệ
một bộ phim thì sao	BỘ PHIM THÌ SAO	Mối quan hệ
bạn thích cá hồi phải không họ có phở rất ngon đấy	HỌ PHỞ RẤT NGON BẠN CÁ THÍCH PHẢI KHÔNG	Cuộc sống thường nhật
họ đã giải quyết xung đột thông qua đối thoại thẳng thắn	MÂU THUẪN GIẢI QUYẾT QUA NÓI CHUYỆN THẲNG THẮN	Mối quan hệ
cảm ơn bạn bạn bạn luôn rất đáng khích lệ	BẠN ĐÁNG KHEN LUÔN LUÔN	Mối quan hệ
vậy ngày mai hãy gọi cho tôi	NGÀY MAI GỌI CHO TÔI HÃY	Mối quan hệ
được rồi mọi chuyện ổn chứ	ỔN	Công việc
kết bạn mới	KẾT BẠN MỚI	Cuộc sống thường nhật
chúng ta sẽ đi ăn tối sau khi hoàn thành xong công việc	CHÚNG TA LÀM XONG ĂN TỐI ĐI	Cuộc sống thường nhật
ồ đây là cô bồi bàn với tấm séc của chúng tôi	ĐÂY LÀ CÔ BỒI BÀN CẦM HÓA ĐƠN CỦA CHÚNG TÔI	Mối quan hệ
bạn có hành lý không	BẠN HÀNH LÝ CÓ KHÔNG	Du lịch
tôi đang tìm cuốn sách này	TÔI CUỐN SÁCH NÀY TÌM ĐANG	Cuộc sống học đường
xin chúc mừng	XIN CHÚC MỪNG	Mối quan hệ
ai đã bỏ phiếu cho bạn ta	BẠN BỎ PHIẾU CHO AI	Chính trị
xin lỗi quá muộn rồi tôi thường đi ngủ vào khoảng 1000 tối	XIN LỖI MUỘN QUÁ TÔI NGỦ MƯỜI GIỜ TỐI KHOẢNG THƯỜNG	Mối quan hệ
vâng tôi nhớ mang theo vé của tôi với tôi ngày hôm nay	TÔI NHỚ VÉ MANG THEO VỚI TÔI HÔM NAY	Cuộc sống thường nhật
gia đình tôi chuyển đến chỉ hai tuần trước chúng tôi sống trên tầng bốn	GIA ĐÌNH TÔI CHUYỂN ĐẾN HAI TUẦN TRƯỚC CHÚNG TÔI Ở TẦNG BỐN	Mối quan hệ
ồ đợi đã xin lỗi quần này đã bán hết rồi	Ồ ĐỢI XIN LỖI QUẦN NÀY BÁN HẾT RỒI	Cuộc sống thường nhật
trông ngon quá	TRÔNG NGON	Cuộc sống thường nhật
hãy luôn giữ thái độ sống tích cực để vượt qua mọi khó khăn	THÁI ĐỘ TÍCH CỰC LUÔN GIỮ ĐỂ VƯỢT QUA MỌI KHÓ KHĂN	Thái độ và Cảm xúc
paris được mệnh danh là kinh đô ánh sáng và thời trang	PARIS LÀ KINH ĐÔ ÁNH SÁNG VÀ THỜI TRANG	Du lịch
người nghệ sĩ tài hoa đang biểu diễn trên sân khấu lớn	NGƯỜI NGHỆ SĨ TÀI HOA SÂN KHẤU LỚN BIỂU DIỄN	Văn hóa và Giáo dục
tôi er tôi thích thời tiết nóng giống như hôm nay	TÔI THÍCH THỜI TIẾT NÓNG NHƯ HÔM NAY	Mối quan hệ
còn bao nhiêu dặm nữa	BAO XA CÒN NỮA	Cuộc sống thường nhật
ok tốt sau đó bao nhiêu là một jin	MỘT KG GIÁ BAO NHIÊU	Cuộc sống thường nhật
khách sạn có đội ngũ nhân viên đón tiếp rất chu đáo	KHÁCH SẠN CÓ ĐỘI NGŨ NHÓM NHÂN VIÊN ĐÓN TIẾP CHU ĐÁO CẨN THẬN	Du lịch
đúng rồi đặt ở đó	ĐÚNG RỒI ĐẶT Ở ĐÓ	Cuộc sống thường nhật
bạn có một vị trí tuyển dụng	BẠN NHẬN NHÂN VIÊN CÓ KHÔNG	Du lịch
tôi thích làm việc với những người khác	TÔI LÀM VIỆC NGƯỜI KHÁC VỚI THÍCH	Mối quan hệ
anh ấy tặng cô một bó hoa hồng đỏ thắm tuyệt đẹp	ANH ẤY HOA HỒNG ĐỎ ĐẸP TẶNG CÔ	Mối quan hệ
cô ấy nhắm mắt lại để cảm nhận làn gió mát rượi	CÔ ẤY NHẮM MẮT CẢM NHẬN LÀN GIÓ MÁT	Thái độ và Cảm xúc
vâng tôi có khả năng nói tiếng anh trôi chảy tôi đã học tiếng anh trong nhiều năm	NHIỀU NĂM TÔI TIẾNG ANH RỒI TÔI TIẾNG ANH NÓI RẤT TỐT	Công việc
bạn khá hài lòng với công việc mới phải không	BẠN CÔNG VIỆC MỚI HÀI LÒNG PHẢI KHÔNG	Công việc
bạn đã đọc các quy tắc mới về sử dụng điện thoại di động tại nơi làm việc chưa	ANH QUY ĐỊNH MỚI DÙNG ĐIỆN THOẠI CHỖ LÀM VỀ ĐỌC RỒI CHƯA	Công việc
chúng tôi muốn đặt hàng một số sản phẩm này	CHÚNG TÔI MỘT SỐ SẢN PHẨM NÀY ĐẶT MUỐN	Công việc
vâng tôi là tôi đến chỉ ba ngày trước từ nhật bản	TÔI BA NGÀY TRƯỚC ĐẾN TỪ NHẬT BẢN	Cuộc sống thường nhật
mẹ tôi thường thắp đèn dầu mỗi khi trời tối mất điện	MẸ TÔI TRỜI TỐI ĐIỆN MẤT ĐÈN DẦU THẮP LÊN	Cuộc sống thường nhật
chỉ vài giây thôi	VÀI GIÂY CHỜ NHÉ	Du lịch
ôi anh thở hổn hển quá chuyện gì vậy	ANH THỞ HỔN HỂN CÓ CHUYỆN GÌ	Mối quan hệ
bạn không nên thức khuya vì sẽ có hại cho sức khỏe	BẠN THỨC KHUYA KHÔNG NÊN VÌ SỨC KHOẺ CÓ HẠI	Sức khỏe
em gái tôi rất thích chơi với những con búp bê xinh xắn	EM GÁI TÔI BÚP BÊ XINH XẮN CHƠI THÍCH	Cuộc sống thường nhật
tôi ngửi được không	TÔI NGỬI THỬ ĐƯỢC KHÔNG	Cuộc sống thường nhật
nhiều người việt nam đi chùa lễ phật vào ngày rằm	NGƯỜI VIỆT NAM LỄ CHÙA LỄ PHÂT NGÀY RẰM ĐI NHIỀU	Văn hóa và Giáo dục
chiếc bánh gối nóng hổi thơm phức mùi thịt mộc nhĩ	BÁNH GỐI NÓNG THƠM MÙI THỊT MỘC NHĨ	Cuộc sống thường nhật
bạn trông tuyệt vời trang điểm của bạn là hoàn hảo	BẠN TUYỆT VỜI BẠN XINH ĐẸP	Mối quan hệ
tôi chán quá tôi không biết hôm nay mình sẽ làm gì mà mới mười giờ sáng thôi	TÔI CHÁN HÔM NAY TÔI KHÔNG BIẾT LÀM GÌ BÂY GIỜ SÁNG GIỜ 10	Mối quan hệ
nếu không nhanh lên chúng ta sẽ bỏ lỡ buổi biểu diễn chúng ta có nên đi xe buýt không	NẾU NHANH KHÔNG CHÚNG TA BUỔI BIỂU DIỄN BỎ LỠ CHÚNG TA XE BUÝT ĐI CÓ	Thái độ và Cảm xúc
xin chào victor bạn khỏe không	CHÀO DẠO NÀY KHỎE KHÔNG	Mối quan hệ
tại sao hôm nay bạn có tâm trạng tốt như vậy	HÔM HAY BẠN TÂM TRẠNG TỐT TẠI SAO	Mối quan hệ
có rất nhiều trẻ em đang đi bộ dọc đường	CON ĐƯỜNG TRẺ EM NHIỀU DỌC THEO ĐI BỘ	Cuộc sống thường nhật
cô ấy có cần gì ngoài những thứ trong hộp này không	CÔ ẤY NGOÀI ĐỒ VẬT TRONG HỘP GÌ	Cuộc sống thường nhật
lớp chúng tôi đã chiến thắng trong cuộc thi kéo co hội thao	LỚP CHÚNG TÔI CUỘC THI KÉO CO HỘI THAO CHIẾN THẮNG CÓ	Cuộc sống học đường
vâng những loại nào bạn có	BẠN LOẠI THỊT NÀO CÓ	Du lịch
tôi đang học ngành truyền thông quốc tế	TÔI HỌC TRUYỀN THÔNG QUỐC TẾ	Mối quan hệ
ánh mắt cô bé nhìn tôi như đang thầm cầu cứu	CÔ BÉ NHÌN TÔI SỰ GIÚP ĐỠ CẦN	Thái độ và Cảm xúc
mùi vị rất ngon	MÙI VỊ NGON THẬT	Mối quan hệ
tôi nên để áo khoác và cặp ở đâu sau khi đến văn phòng	KHI TÔI VĂN PHÒNG ĐẾN ÁO KHOÁC CẶP ĐỂ Ở ĐÂU	Công việc
cánh cửa ở đâu	CỬA Ở ĐÂU	Cuộc sống thường nhật
vâng nhưng có lẽ sẽ mất khoảng nửa giờ bạn chỉ nên đi taxi	VÂNG NHƯNG THỜI GIAN KHOẢNG GIỜ NỬA BẠN TAXI ĐI	Cuộc sống thường nhật
cái gì ông bỏ lỡ à	GÌ ÔNG BỎ LỠ	Cuộc sống thường nhật
anh ấy là một nhân viên tài giỏi và rất chăm chỉ	ANH ẤY LÀ NHÂN VIÊN GIỎI VÀ CHĂM CHỈ	Công việc
phiếu quà tặng trị giá bao nhiêu	PHIẾU QUÀ TẶNG GIÁ BAO NHIÊU	Cuộc sống thường nhật
bà nghĩ tổ chức tiệc ngoài trời là một ý tưởng hay không	BÀ NGHĨ TỔ CHỨC TIỆC NGOÀI TRỜI Ý TƯỞNG HAY KHÔNG	Mối quan hệ
làm một con diều	CON DIỀU 1 LÀM	Cuộc sống thường nhật
vâng đó là chuyến bay hàng ngày của chúng tôi đến thượng hải xin hỏi tên bạn là gì	ĐÓ CHUYẾN BAY HÀNG NGÀY CỦA CHÚNG TÔI THƯỢNG HẢI ĐẾN BẠN TÊN GÌ	Du lịch
hai thìa được rồi	THÌA 2	Cuộc sống thường nhật
không vấn đề gì trước hết bạn có muốn có một máy tính gia đình hoặc một chiếc laptop không	TRƯỚC HẾT BẠN MÁY TÍNH ĐỂ BÀN HAY LAPTOP MUA MUỐN	Cuộc sống thường nhật
vâng bạn có một số kem ốc quế	BẠN KEM ỐC QUẾ CÓ	Cuộc sống thường nhật
xin lỗi bạn có muốn uống trước bữa ăn không	BẠN TRƯỚC BỮA ĂN UỐNG GÌ MUỐN CÓ KHÔNG	Cuộc sống thường nhật
tôi muốn ngồi và chỉ thưởng thức nó	TÔI NGỒI THƯỞNG THỨC MUỐN	Cuộc sống thường nhật
vui lên đừng làm tôi thất vọng tất cả chúng ta đều phạm sai lầm và đó là cuộc sống	BUỒN KHÔNG CẦN TẤT CẢ SAI LẦM CÓ	Mối quan hệ
cô ấy cố gắng cất giấu nỗi buồn sau nụ cười	CÔ ẤY CỐ GẮNG CƯỜI ĐỂ NỖI BUỒN GIẤU ĐI	Thái độ và Cảm xúc
món salad này trông rất ngonvừa phải cho một ngày nóng	SALAD NGON NGÀY NÓNG HỢP	Cuộc sống thường nhật
lúc trước cậu không biết nhiều tiếng anh à	TRƯỚC CẬU TIẾNG ANH BIẾT NHIỀU KHÔNG	Mối quan hệ
bé an vẽ một hình vẽ gia đình rất đáng yêu	BÉ AN GIA ĐÌNH HÌNH VẼ 1 VẼ ĐÁNG YÊU	Cuộc sống thường nhật
mẹ dặn tôi phải quét nhà sạch sẽ mỗi buổi sáng	MẸ TÔI DẶN NHÀ QUÉT SẠCH SẼ BUỔI SÁNG	Cuộc sống thường nhật
bạn đã tìm thấy	TÔI TÌM THẤY RỒI	Cuộc sống thường nhật
chiếc diều của em bị mắc kẹt trên mái nhà hàng xóm	DIỀU CỦA EM MẮC KẸT TRÊN MÁI NHÀ HÀNG XÓM	Cuộc sống thường nhật
bạn trông hơi lo lắng hôm nay có gì không ổn à	HÔM NAY BẠN TRÔNG HƠI LO LẮNG KHÔNG ỔN GÌ	Cuộc sống thường nhật
dạo này trông bạn tươi tắn quá bạn làm thế nào vậy	BẠN TRÔNG TƯƠI TẮN BẠN LÀM THẾ NÀO	Mối quan hệ
anh ấy cúi đầu chào người lớn tuổi một cách lễ phép	ANH ẤY ĐẦU CÚI CHÀO NGƯỜI LỚN TUỔI LỄ PHÉP	Thái độ và Cảm xúc
tôi vẫn chưa kiểm tra	TÔI KIỂM TRA CHƯA	Chính trị
tôi thích cơm cuộn  mẹ có mang nước tương cho món đó không	TÔI CƠM CUỘN THÍCH MẸ NƯỚC TƯƠNG MANG KHÔNG	Cuộc sống thường nhật
đợi ở đây nhé	Ở ĐÂY ĐỢI	Cuộc sống thường nhật
chú kiến tí hon đang tha một mẩu bánh mì lớn	CHÚ KIẾN TÍ HON BÉ TÍ MẨU BÁNH MÌ LỚN THA MANG ĐI	Cuộc sống thường nhật
bạn quên bộ phim đó là một sự xấu hổ	BẠN BỘ PHIM QUÊN ĐÓ XẤU HỔ	Mối quan hệ
dãy núi hoàng liên sơn là nóc nhà của đông dương	DÃY NÚI HOÀNG LIÊN SƠN LÀ NÓC NHÀ CỦA ĐÔNG DƯƠNG	Du lịch
chiều chiều bọn trẻ lại rủ nhau ra đồng thả diều	CHIỀU CHIỀU BỌN TRẺ RỦ NHAU THẢ DIỀU NGOÀI CÁNH ĐỒNG	Cuộc sống thường nhật
anh ấy bị bỏng nhẹ ở tay do bất cẩn khi nấu ăn	ANH ẤY TAY BỎNG NHẸ VÌ NẤU ĂN CẨN THẬN KHÔNG	Sức khỏe
tôi có vài cái áo cần giặt và tôi muốn quần áo của tôi được ép lại	TÔI ÁO VÀI CẦN GIẶT QUẦN ÁO ỦI PHẲNG MUỐN	Du lịch
vì vậy chúng tôi có thể làm cho một số kem chuối ngon hơn	CHÚNG TÔI KEM CHUỐI NGON HƠN LÀM CÓ THỂ	Cuộc sống thường nhật
bao nhiêu tiền	TIỀN BAO NHIÊU	Cuộc sống thường nhật
nó luôn luôn có mùi rất tươi sau khi trời mưa	TRỜI MƯA XONG NÓ MÙI RẤT MÁT MẺ LUÔN LUÔN	Mối quan hệ
anh ấy bị bong gân cổ chân khi đang chơi đá bóng	ANH ẤY BONG GÂN TRẬT CHÂN CỔ CHÂN BỊ KHI ĐÁ BÓNG CHƠI	Sức khỏe
mọi người thường làm gì khi đi cắm trại	KHI CẮM TRẠI MỌI NGƯỜI LÀM GÌ	Du lịch
tôi rảnh có chuyện gì vậy	TÔI RẢNH GÌ	Công việc
vậy là đủ rồi cảm ơn	ĐỦ RỒI CẢM ƠN	Cuộc sống thường nhật
mỗi sáng em đều uống một hộp sữa để cao lớn	HÔM QUA NGAI ĐẠI SỨ BÀI PHÁT BIẾU QUAN TRỌNG CÓ	Sức khỏe
nghe hay đấy 15000 đô thì sao	NGHE ỔN 15000 ĐÔ THÌ SAO	Cuộc sống thường nhật
mẹ đang trộn bột để chuẩn bị làm bánh cho cả nhà	MẸ TRỘN BỘT LÀM BÁNH CHO CẢ NHÀ	Cuộc sống thường nhật
cánh tay của vận động viên cử tạ rất săn chắc khỏe mạnh	VẬN ĐỘNG VIÊN CỬ TẠ CÁNH TAY SĂN CHẮC KHOẺ MẠNH	Sức khỏe
nghe tiếng động lạ nó ba chân bốn cẳng chạy vào nhà	TIẾNG ĐỘNG LẠ NGHE THẤY NÓ CHẠY NHANH VÀO NHÀ	Thái độ và Cảm xúc
anh đã đá nó ở đâu	ANH ĐÁ Ở ĐÂU	Cuộc sống thường nhật
nếu chiều nay tôi thấy khỏe hơn tôi có thể đi học được không	NẾU CHIỀU NAY TÔI KHỎE HƠN TÔI ĐI HỌC ĐƯỢC KHÔNG	Sức khỏe
bà cụ có tấm lòng nhân hậu và rất yêu thương trẻ con	BÀ CỤ TẤM LÒNG TÌNH CẢM NHÂN HẬU TỐT BỤNG KHOAN DUNG TRẺ EM YÊU THƯƠNG CÓ	Mối quan hệ
bạn tôi jane rất đẹp	BẠN TÔI XINH	Mối quan hệ
tôi cảm thấy tốt hơn nhiều bây giờ	BÂY GIỜ TÔI CẢM THẤY TỐT HƠN NHIỀU	Mối quan hệ
tất nhiên bạn đây rồi tôi có thể đặt hàng của bạn bây giờ không	BẠN ĐÂY RỒI TÔI ĐẶT HÀNG CỦA BẠN BÂY GIỜ CÓ KHÔNG	Cuộc sống thường nhật
muộn bao lâu chúng ta có thể ở ngoài	CHÚNG TA ĐƯỢC Ở NGOÀI MUỘN NHẤT MẤY GIỜ	Cuộc sống thường nhật
hãy vẽ một đường tròn có bán kính năm centimet	VẼ 1 HÌNH TRÒN BÁN KÍNH 5CM	Cuộc sống học đường
bạn lan học rất giỏi tất cả các môn ở trường	Ở TRƯỜNG BẠN LAN HỌC GIỎI TẤT CẢ CÁC MÔN HỌC	Cuộc sống học đường
cảm ơn bạn khi nào và ở đâu chúng ta sẽ gặp nhau	CHÚNG TA GẶP KHI NÀO Ở ĐÂU CẢM ƠN	Du lịch
đây là quảng cáo bán máy giặt cỡ lớn bạn có muốn xem không	ĐÂY QUẢNG CÁO MÁY GIẶT CỠ LỚN BÁN BẠN XEM MUỐN KHÔNG	Cuộc sống thường nhật
nó rất lớn	NÓ RẤT LỚN	Thái độ và Cảm xúc
chào mừng bạn đến với dịch vụ tín dụng tôi có thể giúp gì cho bạn	CHÀO MỪNG BẠN DỊCH VỤ NỢ ĐẾN TÔI BẠN GIÚP GÌ	Tài chính
bạn muốn kiểu nào	BẠN ÁO KHOÁC MUỐN NÀO	Cuộc sống thường nhật
không không có gì thay đổi	GÌ THAY ĐỔI KHÔNG CÓ	Công việc
thôi nào ông có gì để mất chứ	THÔI ÔNG MẤT GÌ	Công việc
lứa tuổi thiếu niên có nhiều thay đổi về tâm sinh lý	THIẾU NIÊN TUỔI TÂM SINH LÝ THAY ĐỔI NHIỀU	Cuộc sống học đường
nó có bao gồm tiền thưởng không	NÓ BAO GỒM TIỀN THƯỞNG CÓ KHÔNG	Công việc
bạn thế nào christopher	BẠN DẠO NÀY SAO CHRISTOPHER	Mối quan hệ
hải sản của chúng tôi là tươi tôi khuyên bạn nên tôm với tỏi	HẢI SẢN CỦA CHÚNG TÔI TƯƠI TÔI BẠN KHUYÊN TÔM VỚI TỎI	Cuộc sống thường nhật
bạn có thể đăng ký ngay bây giờ nếu bạn muốn	BẠN ĐĂNG KÝ BÂY GIỜ NẾU BẠN MUỐN	Cuộc sống học đường
tôi hiểu rồi vé của tôi đã được xác nhận chưa	TÔI HIỂU RỒI VÉ CỦA TÔI XÁC NHẬN CHƯA	Du lịch
buổi lễ duyệt binh diễn ra trang trọng tại quảng trường ba đình	BUỔI LỄ DUYỆT BINH QUẢNG TRƯỜNG BA ĐÌNH TRANG TRỌNG TỔ CHỨC	Chính trị
bạn nên luôn đội mũ bảo hiểm khi đi xe đạp	BẠN ĐẠP XE MŨ BẢO HIỂM ĐỘI	Sức khỏe
ngày tết ông tôi thường treo những câu đối đỏ trước nhà	NGÀY TẾT TRƯỚC NHÀ ÔNG TÔI CÂU ĐỐI ĐỎ TREO	Văn hóa và Giáo dục
chắc rồi 3 giờ 30 chiều nay	CHẮC CHẮN CHIỀU NAY GIỜ 3 PHÚT 30	Cuộc sống học đường
hiện nay công nghệ thông tin đang phát triển rất nhanh chóng	HIỆN NAY CÔNG NGHỆ THÔNG TIN PHÁT TRIỂN NHANH	Cuộc sống thường nhật
lúc đầu tôi cũng không thể nhưng anh sẽ quen thôi	LÚC ĐẦU TÔI KHÓ THẤY NHƯNG ANH QUEN RỒI	Cuộc sống thường nhật
wow tôi rất vui mừng về buổi lễ của bạn	TÔI BUỔI LỄ CỦA BẠN RẤT VUI MỪNG	Mối quan hệ
con sâu đang gặm nhấm những chiếc lá non xanh mơn mởn	CON SÂU GẶM LÁ NON XANH	Cuộc sống thường nhật
cảm ơn bạn tôi muốn một cái	CẢM ƠN BẠN TÔI MỘT CÁI MUỐN	Cuộc sống thường nhật
nhiệt độ vào mùa đông là gì trong thành phố của tôi là khoảng 15 hoặc 20 độ	NHIỆT ĐỘ MÙA ĐÔNG Ở ĐÓ THẾ NÀO THÀNH PHỐ TÔI KHOẢNG MƯỜI LĂM HAI MƯƠI ĐỘ	Mối quan hệ
tối nay anh trông em được không	TỐI NAY ANH EM TRÔNG GIÚP CÓ THỂ KHÔNG	Cuộc sống thường nhật
tôi không sao bạn đang làm gì những ngày này	TÔI KHÔNG SAO BẠN DẠO NÀY LÀM GÌ	Mối quan hệ
xoài chúng là gì	XOÀI CHÚNG LÀ GÌ	Cuộc sống thường nhật
thôi nào bạn muốn làm gì giặt quần áo hoặc dọn dẹp nhà cửa	BẠN MUỐN LÀM GÌ GIẶT ĐỒ HAY DỌN NHÀ	Cuộc sống thường nhật
nước là một chất lỏng quan trọng đối với sự sống	NƯỚC VỚI SỰ SỐNG LÀ CHẤT LỎNG QUAN TRỌNG	Văn hóa và Giáo dục
việt nam và cu ba có mối quan hệ hữu nghị	VIỆT NAM CU BA QUAN HỆ TỐT CÓ	Chính trị
con không có thời gian con sẽ trễ học mất	THỜI GIAN CÓ KHÔNG HỌC TRỄ SẮP	Cuộc sống thường nhật
ừ đúng rồi tôi thường đi du lịch nhẹ nhàng	ĐÚNG RỒI TÔI ĐI DU LỊCH NHẸ NHÀNG	Du lịch
nó hơi nhỏ nhưng trông đẹp	NÓ HƠI NHỎ NHƯNG ĐẸP	Cuộc sống thường nhật
cái màu xanh	CÁI MÀU XANH PHẢI KHÔNG	Cuộc sống thường nhật
mọi người đều đứng nghiêm trang khi hát bài quốc ca	KHI HÁT QUỐC CA MỌI NGƯỜI ĐỨNG NGHIÊM TRANG	Văn hóa và Giáo dục
đó là lý do bạn bè tồn tại	ĐÓ LÝ DO BẠN BÈ TỒN TẠI	Mối quan hệ
bạn có chắc không sau đó tôi muốn uống thêm bia	BẠN CHẮC KHÔNG SAU ĐÓ TÔI BIA UỐNG THÊM	Cuộc sống thường nhật
cô ấy đâu rồi	CÔ ẤY ĐÂU	Mối quan hệ
tôi biết cảm ơn bạn	TÔI BIẾT CẢM ƠN BẠN	Mối quan hệ
tôi rất vui vì bạn thích nó chào mừng lần sau	BẠN THÍCH VUI TÔI VÌ RẤT HẸN GẶP LẠI LẦN SAU NHÉ	Cuộc sống thường nhật
tôi sẽ đi nghỉ ngơi một chút	TÔI NGHỈ MỘT CHÚT ĐI	Cuộc sống thường nhật
đây để tôi mở cửa cho anh	ĐÂY ĐỂ TÔI MỞ CỬA CHO ANH	Cuộc sống thường nhật
tôi biết bộ phim sẽ bắt đầu trong vài phút nữa	TÔI BIẾT BỘ PHIM BẮT ĐẦU TRONG VÀI PHÚT TIẾP THEO	Mối quan hệ
mỗi thế hệ có những suy nghĩ và quan điểm sống khác nhau	MỖI THẾ HỆ SUY NGHĨ VÀ QUAN ĐIỂM SỐNG KHÁC NHAU CÓ	Văn hóa và Giáo dục
tôi muốn thuê chiếc xe này trong 5 ngày	5 NGÀY TÔI CHIẾC XE NÀY THUÊ MUỐN	Du lịch
hà nội đẹp nhất khi vào mùa thu với lá vàng rơi	HÀ NỘI ĐẸP NHẤT KHI MÙA THU LÁ VÀNG RƠI	Du lịch
được rồi chỉ một chút thôi tôi no lắm rồi	1 CHÚT TÔI NO RỒI	Cuộc sống thường nhật
ngựa cũng hữu ích cho mọi người chúng tôi sử dụng chúng cho thể thao và giải trí	NGỰA CON NGƯỜI HỮU ÍCH DÙNG THỂ THAO GIẢI TRÍ	Mối quan hệ
oh thực sự ai thắng	THẬT À THẮNG AI	Mối quan hệ
không chỉ vài phút thôi	KHÔNG VÀI PHÚT	Cuộc sống thường nhật
không tôi không nghĩ vậy tôi đã kiểm tra pin hai ngày trước nó phải là vấn đề khác	TÔI NGHĨ KHÔNG TÔI PIN KIỂM TRA HAI NGÀY TRƯỚC NÓ VẤN ĐỀ KHÁC	Cuộc sống thường nhật
tôi muốn xem máy quay nhỏ nhất mà bạn có trước	TÔI MÁY QUAY NHỎ NHẤT BẠN CÓ MUỐN XEM TRƯỚC	Mối quan hệ
nó có xảy ra thường xuyên không	CHUYỆN ĐÓ XẢY RA THƯỜNG XUYÊN KHÔNG	Mối quan hệ
wow thực sự thú vị vậy ai đã thắng	WOW THÚ VỊ THẮNG AI	Cuộc sống thường nhật
chúc mẹ một ngày tốt lành	CHÚC MẸ NGÀY TỐT	Cuộc sống thường nhật
chúng ta phải đi ngay bây giờ	BÂY GIỜ CHÚNG TA ĐI NGAY	Cuộc sống thường nhật
học sinh háo hức mong chờ kỳ nghỉ hè để được vui chơi	HỌC SINH KỲ NGHỈ HÈ CHỜ VUI CHƠI HÁO HỨC	Cuộc sống học đường
vậy chúng ta sẽ ngủ ở đâu	TỐI NAY CHÚNG TA NGỦ Ở ĐÂU	Mối quan hệ
tôi thích môn hóa	TÔI MÔN HÓA THÍCH	Cuộc sống học đường
tôi sẽ đi ngủ sau khi hoàn thành công việc	TÔI ĐI NGỦ KHI CÔNG VIỆC CỦA TÔI HOÀN THÀNH	Sức khỏe
tôi làm sao xin lỗi tôi không có ý tôi xin lỗi	TÔI LÀM GÌ XIN LỖI TÔI CỐ Ý KHÔNG THÀNH THẬT XIN LỖI	Thái độ và Cảm xúc
đây là giấy phép và mẫu đơn của tôi	ĐÂY GIẤY PHÉP MẪU ĐƠN TÔI	Cuộc sống học đường
hey steve khi nào thì lần tới bạn sẽ chơi golf	ĐẾN BẠN GOLF CHƠI KHI NÀO	Mối quan hệ
vâng tôi nghĩ rằng chúng ta nên đi ngay bây giờ chúng ta phải làm theo hướng dẫn	TÔI NGHĨ CHÚNG TA ĐI BÂY GIỜ CHÚNG TA HƯỚNG DẪN LÀM GIỐNG	Du lịch
cả hai nước chúng tôi đều khá nhỏ bạn sẽ mô tả cảnh quan ở nước bạn như thế nào	CẢ HAI ĐẤT NƯỚC CHÚNG TÔI NHỎ GIỐNG NHAU	Mối quan hệ
vâng cái nào là phanh nữa	PHANH ĐÂU	Cuộc sống thường nhật
xin lỗi đi đường nào đến bưu điện	XIN LỖI BƯU ĐIỆN ĐƯỜNG ĐẾN NÀO	Cuộc sống thường nhật
tôi rất nhớ gia đình mình	TÔI GIA ĐÌNH MÌNH RẤT NHỚ	Mối quan hệ
tôi sẽ học được gì khi xem kết quả trên trang web	KHI TRANG WEB KẾT QUẢ XEM TÔI HỌC ĐƯỢC GÌ	Sức khỏe
bạn cũng nên mua một vài cây ghita	BẠN MỘT VÀI CÂY GHI TA MUA NÊN CŨNG	Cuộc sống thường nhật
chính phủ cần dự trữ lương thực để phòng chống thiên tai	CHÍNH PHỦ ĐỒ ĂN DỰ PHÒNG ĐỂ PHÒNG CHỐNG THIÊN TAI	Chính trị
chú rể trông thật bảnh bao bên cạnh cô dâu xinh đẹp của mình	CHÚ RỂ TRÔNG BẢNH BAO ĐẸP TRAI CÔ DÂU XINH ĐẸP BÊN CẠNH	Mối quan hệ
chắc chắn chỉ cần gửi cho tôi qua thư nội bộ	BẠN THƯ NỘI BỘ GỬI CHO TÔI CHỈ CẦN	Công việc
vâng nếu bạn cần bất cứ điều gì chỉ cho tôi biết	VÂNG NẾU CẦN GÌ NÓI TÔI CỨ NHÉ	Cuộc sống thường nhật
bạn cần một kỳ nghỉ đó là vấn đề	ĐÓ VẤN ĐỀ BẠN NGHỈ PHÉP CẦN	Mối quan hệ
bữa tiệc được trang trí một cách rất cầu kì và sang trọng	BỮA TIỆC TRANG TRÍ ĐƯỢC CẦU KỲ PHỨC TẠP TỈ MỈ SANG TRỌNG CAO CẤP	Cuộc sống thường nhật
sao bạn không gợi ý cho họ	BẠN GỢI Ý CHO KHÔNG TẠI SAO	Mối quan hệ
con tàu du lịch khổng lồ đang từ từ cập bến cảng	CON TÀU DU LỊCH KHỔNG LỒ VÀO BẾN CẢNG TỪ TỪ CHẬM	Du lịch
không vấn đề gì bạn có cần một bộ phim khác không	KHÔNG SAO BẠN PHIM KHÁC XEM MUỐN KHÔNG	Cuộc sống thường nhật
chúng tôi đã lặn biển để ngắm những rạn san hô	CHÚNG TÔI BIỂN LẶN ĐỂ SAN HÔ NGẮM	Du lịch
ngài đại sứ đã có bài phát biểu quan trọng hôm qua	MỖI SÁNG EM HỘP SỮA 1 UỐNG ĐỂ CAO LỚN	Chính trị
bạn được chào đón tạm biệt	KHÔNG CÓ GÌ TẠM BIỆT	Công việc
tôi muốn xem tối nay còn bạn thì sao	TỐI NAY TÔI TIVI XEM MUỐN BẠN THẾ NÀO	Mối quan hệ
nó là chính hãng phải không	NÓ LÀ HÀNG THẬT ĐÚNG KHÔNG	Cuộc sống thường nhật
bạn đến rồi à	BẠN ĐẾN RỒI	Cuộc sống thường nhật
tôi hơi bị lạc ở đây con đường này dẫn đến đâu	TÔI BỊ LẠC CON ĐƯỜNG DẪN ĐẾN ĐÂU	Du lịch
mục tiêu cao nhất của công ty bạn là gì	MỤC TIÊU LỚN NHẤT CÔNG TY CỦA BẠN GÌ	Công việc
chính phủ đang nỗ lực kiểm soát các vụ cháy rừng nghiêm trọng	CHÍNH PHỦ NỖ LỰC THEO DÕI CÁC VỤ CHÁY RỪNG LỚN	Chính trị
vâng bạn quan tâm đến loại căn hộ nào	BẠN CĂN HỘ QUAN TÂM LOẠI NÀO	Cuộc sống thường nhật
xin lỗi thưa ông tôi đến để xin vị trí kế toán	XIN LỖI TÔI ĐẾN XIN ỨNG TUYỂN VỊ TRÍ KẾ TOÁN	Công việc
phân bón chứa nhiều chất hữu cơ rất tốt cho cây trồng	PHÂN BÓN CHẤT HỮU CƠ CÓ NHIỀU CHO CÂY TRỒNG TỐT	Cuộc sống thường nhật
học sinh đang chăm chú giải một biểu thức toán học	HỌC SINH TOÁN HỌC BIỂU THỨC 1 LÀM CHĂM CHÚ TẬP TRUNG	Cuộc sống học đường
cảm ơn bạn trong thực tế tôi đang vội vợ tôi chờ tôi ở bãi đậu xe	TÔI VỘI VỢ TÔI CHỜ Ở NHÀ ĐỂ XE	Mối quan hệ
tôi đã gặp vài đồng nghiệp và tôi chắc chắn chúng ta sẽ sống tốt với nhau	TÔI GẶP ĐỒNG NGHIỆP MỘT VÀI CHÚNG TA SỐNG TỐT CÙNG CHẮC CHẮN	Công việc
rất tốt có chuyện gì thế	TỐT GÌ THẾ	Mối quan hệ
tôi không thích nơi đó tại sao chúng ta không thử nhà để xe 	TÔI NƠI ĐÓ KHÔNG THÍCH CHÚNG TA NHÀ ĐỂ XE THỬ KHÔNG TẠI SAO	Cuộc sống thường nhật
đây là một cơ hội tốt	ĐÂY CƠ HỘI TỐT	Công việc
tôi thấy và làm thế nào về giờ làm việc	TÔI THẤY GIỜ LÀM VIỆC LÀM THẾ NÀO	Công việc
vậy khi nào nó sẽ ở đây	NÓ Ở ĐÂY KHI NÀO	Cuộc sống thường nhật
kiểm tra gì	KIỂM TRA GÌ	Sức khỏe
ok nếu cần gì thì cứ gọi cho tôi nhé	OK NẾU BẠN CẦN GÌ GỌI CHO TÔI	Cuộc sống thường nhật
6 30 được không	6 GIỜ RƯỠI ĐƯỢC KHÔNG	Mối quan hệ
bạn có loại đồ uống nào	BẠN ĐỒ UỐNG LOẠI NÀO CÓ	Du lịch
chắc chắn tôi có thể	CHẮC CHẮN TÔI LÀM ĐƯỢC	Mối quan hệ
em bé dùng khăn bông mềm lau khô tay sau khi rửa	EM BÉ KHĂN BÔNG MỀM TAY LAU KHÔ SAU KHI RỬA	Cuộc sống thường nhật
vì bên trong lều khá nhỏ bạn chỉ cần mang theo một vài thứ cơ bản	VÌ LỀU BÊN TRONG NHỎ BẠN ĐỒ CƠ BẢN MANG THEO	Du lịch
bức tranh này tuy không đẹp nhưng lại có ý nghĩa sâu sắc	BỨC TRANH NÀY ĐẸP KHÔNG NHƯNG Ý NGHĨA SÂU SẮC MANG	Thái độ và Cảm xúc
xin chào tôi có thể giúp gì cho bạn	CHÀO TÔI GIÚP BẠN GÌ	Du lịch
10 giờ sáng khi nào tôi phải nhận phòng	10 GIỜ SÁNG KHI NÀO TÔI LÀM THỦ TỤC NHẬN PHÒNG	Du lịch
tên trộm biến mất trong chớp mắt trước khi mọi người kịp nhận ra	TÊN TRỘM BIẾN MẤT CHỚP MẮT RẤT NHANH TRƯỚC KHI MỌI NGƯỜI NHẬN RA NHÌN THẤY	Cuộc sống thường nhật
tôi muốn mua một số đồ trang sức	TÔI ĐỒ TRANG SỨC MỘT SỐ MUA MUỐN	Cuộc sống thường nhật
tôi thích có con gái của bạn trong lớp học của tôi	TÔI CON GÁI CỦA BẠN TRONG LỚP HỌC CỦA TÔI THÍCH	Cuộc sống thường nhật
bạn muốn bao nhiêu	BẠN MUỐN BAO NHIÊU	Du lịch
chúng ta sẽ đi bộ hay lái xe	CHÚNG TA ĐI BỘ HAY LÁI XE	Mối quan hệ
cảm ơn bạn vậy bạn nghĩ thế nào 	CẢM ƠN BẠN VẬY BẠN NGHĨ THẾ NÀO	Cuộc sống thường nhật
mẹ đang pha một bình sữa ấm cho em bé sắp đến giờ ngủ	MẸ BÌNH SỮA ẤM PHA EM BÉ CHO GIỜ ĐẾN NGỦ	Cuộc sống thường nhật
vừa kịp lúc	KỊP LÚC	Cuộc sống thường nhật
em cũng vậy thời tiết ở chỗ anh thế nào	EM CŨNG CHỖ CỦA ANH THỜI TIẾT THẾ NÀO	Mối quan hệ
bé đã được tiêm phòng vắc xin đầy đủ theo lịch	BÉ VẮC XIN TIÊM PHÒNG LỊCH ĐẦY ĐỦ ĐƯỢC	Sức khỏe
đừng lo tôi nghĩ chúng ta nên đến đó muộn nhất là 130 chiều	LO ĐỪNG TÔI NGHĨ CHÚNG TA ĐẾN MUỘN NHẤT CHIỀU 1 30	Cuộc sống thường nhật
phân số này có mẫu số là một số nguyên dương	PHÂN SỐ NÀY MẪU SỐ NGUYÊN DƯƠNG 1 CÓ	Cuộc sống học đường
hãy gọi một cái gì đó để ăn bạn đang có tâm trạng gì	GỌI CÁI GÌ ĐÓ ĐỂ ĂN HÃY BẠN TÂM TRẠNG CÓ GÌ	Cuộc sống thường nhật
tôi phải ở nhà để chuẩn bị cho kỳ thi cuối cùng của tôi	TÔI Ở NHÀ PHẢI CHUẨN BỊ KỲ THI CUỐI CÙNG	Mối quan hệ
bây giờ ông ấy có khỏe hơn không	BÂY GIỜ ÔNG ẤY KHỎE KHÔNG	Mối quan hệ
mẹ sẽ đăng ký vào ngày nào ạ	MẸ ĐĂNG KÝ NGÀY NÀO	Du lịch
bingo bên ngoài tối rồi nhanh lên	BÊN NGOÀI TỐI RỒI NHANH LÊN	Cuộc sống thường nhật
bạn nói nhiệm vụ ở đó là sao	BẠN NÓI NHIỆM VỤ SAO	Công việc
cảnh sát đã nhanh chóng bắt được hung thủ của vụ án	CẢNH SÁT BẮT ĐƯỢC HUNG THỦ CỦA VỤ ÁN NHANH CHÓNG	Chính trị
tôi có thể chỉ cần làm điều đó	TÔI VIỆC ĐÓ TỰ LÀM ĐƯỢC	Cuộc sống thường nhật
người quản lý sẽ nổi giận với bạn vì đến muộn	NGƯỜI QUẢN LÍ NỔI GIẬN VÌ BẠN ĐẾN MUỘN	Mối quan hệ
khu rừng này là nơi sinh sống của nhiều loài thú dữ nguy hiểm	KHU RỪNG NÀY NƠI LOÀI THÚ DỮ NGUY HIỂM NHIỀU SINH SỐNG	Du lịch
giàn mướp trước sân nhà ông bà sai trĩu quả	TRƯỚC SÂN NHÀ ÔNG BÀ GIÀN MƯỚP TRĨU QUẢ	Cuộc sống thường nhật
bạn có muốn làm hướng dẫn viên của chúng tôi không	BẠN HƯỚNG DẪN VIÊN CỦA CHÚNG TÔI MUỐN KHÔNG	Du lịch
xin lỗi chuyến bay đến phoenix mất bao lâu	CHUYẾN BAY ĐẾN SÀI GÒN BAO LÂU	Du lịch
chúng em luôn kính trọng và biết ơn các thầy cô	CHÚNG EM THẦY CÔ KÍNH TRỌNG BIẾT ƠN	Cuộc sống học đường
bạn có thể gọi cho tôi một chiếc taxi đầu tiên	BẠN GỌI CHO TÔI CHIẾC TAXI ĐẦU TIÊN	Du lịch
những ngày đang nhận được lâu hơn	NGÀY BÂY GIỜ DÀI HƠN	Mối quan hệ
hai nhà lãnh đạo đã bắt tay nhau sau cuộc hội đàm	NGƯỜI LÃNH ĐẠO 2 BẮT TAY CÙNG NHAU SAU TRAO ĐỔI	Chính trị
woo ngôi nhà của bạn sẽ đẹp vào giáng sinh	NHÀ BẠN GIÁNG SINH ĐẸP LẮM ĐÚNG KHÔNG	Cuộc sống thường nhật
việt nam ở đông nam á phải không	VIỆT NAM ĐÔNG NAM Á PHẢI KHÔNG	Mối quan hệ
anh đùa à tôi phải làm gì đây	ANH ĐÙA À GIỜ TÔI LÀM SAO	Công việc
bạn đã sẵn sàng báo cáo cuộc họp chưa	BẠN CUỘC HỌP SẴN SÀNG BÁO CÁO CHƯA	Công việc
chào buổi chiều rất vui được gặp lại bạn	CHIỀU CHÀO GẶP LẠI BẠN VUI	Sức khỏe
món này có mùi thơm ngon chắc là xong rồi	MÓN NÀY MÙI THƠM NGON XONG RỒI	Cuộc sống thường nhật
ôi miệng tôi đang cháy	MIỆNG CỦA TÔI NÓNG QUÁ	Cuộc sống thường nhật
những quy định cũ đã cản trở sự sáng tạo của nhân viên	NHÂN VIÊN SÁNG TẠO BỊ CẢN TRỞ VÌ NHỮNG QUI ĐỊNH CŨ	Công việc
công việc kinh doanh của bạn thế nào	KINH DOANH BẠN SAO	Mối quan hệ
có rất nhiều bánh quy ở đây	Ở ĐÂY BÁNH QUY NHIỀU	Cuộc sống thường nhật
mã vùng là 2 và số điện thoại 23679960	MÃ VÙNG SỐ 2 SỐ ĐIỆN THOẠI 2367 9960 LÀ	Cuộc sống thường nhật
lòng đổ kị là một tính xâu	LÒNG ĐỐ KỊ LÀ TÍNH XẤU	Thái độ và Cảm xúc
đó là cơm cuộn với tôm chiên bên trong	ĐÓ CƠM CUỘN VỚI TÔM CHIÊN BÊN TRONG	Cuộc sống thường nhật
nó ở trên phố callaway phải không	NÓ TRÊN PHỐ C ĐÚNG KHÔNG	Cuộc sống thường nhật
thói quen đọc sách mỗi ngày giúp mở mang thêm nhiều kiến thức	TRONG LỊCH SỬ NHÂN LOẠI TỘI ÁC DIỆT CHỦNG LÀ VẾT NHƠ	Chính trị
ai dạy bạn nấu món này ngon thế	BẠN DẠY MÓN NÀY NẤU NGON AI	Mối quan hệ
bạn có trích dẫn cif hoặc fob không	BẠN CIF HOẶC FOB NÓI LẠI CÓ KHÔNG	Tài chính
tháp eiffel là biểu tượng nổi tiếng của thủ đô paris	THÁP EIFFEL LÀ BIỂU TƯỢNG NỔI TIẾNG CỦA THỦ ĐÔ PARI	Du lịch
đến giờ đi rồi	ĐẾN GIỜ ĐI RỒI	Cuộc sống thường nhật
mọi nơi đều yên tĩnh vào mùa đông	MÙA ĐÔNG NƠI NÀO CŨNG YÊN TĨNH	Mối quan hệ
bạn trông rất lạnh	BẠN TRÔNG LẠNH	Cuộc sống thường nhật
xin lỗi một lần nữa vì làm phiền bạn	XIN LỖI VÌ LÀM PHIỀN	Cuộc sống thường nhật
gia đình tôi vừa mua một chiếc ô tô mới màu trắng	GIA ĐÌNH TÔI MUA Ô TÔ MỚI MÀU TRẮNG	Cuộc sống thường nhật
cabs là gì	CABS LÀ GÌ	Công việc
anh ấy vừa trải qua ca phẫu thuật tay do tai nạn lao động	ANH ẤY TAY PHẪU THUẬT VỪA TRẢI QUA VÌ TAI NẠN LAO ĐỘNG	Sức khỏe
tôi phải lấy vé máy bay của tôi và một số tiền	TÔI LẤY VÉ MÁY BAY CỦA TÔI VÀ TIỀN MỘT ÍT PHẢI	Mối quan hệ
chúng tôi sẽ bắt đầu thực hiện dự án này vào tuần tới	TUẦN TỚI CHÚNG TÔI DỰ ÁN NÀY THỰC HIỆN BẮT ĐẦU	Công việc
bà tôi đang ngồi giã cua để nấu canh riêu	BÀ TÔI NGỒI GIÃ CUA ĐỂ NẤU CANH RIÊU	Cuộc sống thường nhật
bạn đã bao giờ nghĩ về việc trở thành một nhà tư vấn cntt tự do	BẠN BAO GIỜ LÀM TƯ VẤN CNTT TỰ DO VIỆC NGHĨ ĐẾN CHƯA	Công việc
kể cho tôi nghe đi	KỂ CHO TÔI NGHE HÃY	Mối quan hệ
bạn đã quyết định đi đâu cho kỳ nghỉ	KÌ NGHỈ BẠN QUYẾT ĐỊNH ĐI ĐÂU	Du lịch
có rừng cây suối và động vật	RỪNG CÂY SUỐI ĐỘNG VẬT CÓ	Du lịch
rất rẻ tôi sẽ lấy nó	RẤT RẺ TÔI LẤY	Cuộc sống thường nhật
làm thế nào để tôi nhìn tôi yêu những bím tóc họ rất vui	TÔI TRÔNG THẾ NÀO TÔI KIỂU TÓC TẾT NÀY THÍCH TRÔNG VUI THẬT	Cuộc sống thường nhật
nhìn xem rau diếp đã lớn rồi	NHÌN RAU DIẾP LỚN RỒI	Cuộc sống thường nhật
gần đây bạn có tập thể dục không	GẦN ĐÂY BẠN TẬP THỂ DỤC CÓ KHÔNG	Sức khỏe
cảm ơn bạn bạn bạn có một cuộc hẹn	CẢM ƠN BẠN BẠN CUỘC HẸN CÓ À	Công việc
tôi có thể làm điều đó và tôi muốn làm bánh bao sau	TÔI MÓN ĐÓ LÀM SAU BÁNH BAO THỬ MUỐN	Cuộc sống thường nhật
dầu mỏ là một nguồn tài nguyên thiên nhiên không thể tái tạo	DẦU MỎ LÀ NGUỒN TÀI NGUYÊN THIÊN NHIÊN TÁI TẠO KHÔNG THỂ	Cuộc sống học đường
khi nào họ tới đây	HỌ ĐẾN KHI NÀO	Cuộc sống thường nhật
tôi không thích sầu riêng vì nó hôi	TÔI SẦU RIÊNG KHÔNG THÍCH VÌ NÓ HÔI	Cuộc sống thường nhật
có lẽ anh sẽ thích thịt cừu	ANH MÓN THỊT CỪU THÍCH CÓ THỂ	Cuộc sống thường nhật
không tôi chỉ có một chiếc thôi vâng dù sao cũng cảm ơn anh	KHÔNG TÔI CÓ MỘT DÙ SAO CẢM ƠN CŨNG	Du lịch
bác nông dân đi đôi ủng cao su để lội xuống ruộng	BÁC NÔNG DÂN ĐÔI ỦNG CAO SU LỘI XUỐNG RUỘNG	Công việc
vâng xin vui lòng mang cho chúng tôi hai bít tết	MANG CHO CHÚNG TÔI HAI BÍT TẾT HÃY	Cuộc sống thường nhật
em phải chứng minh hai tam giác này bằng nhau trong bài thi	BÀI THI CỦA EM LÀ HAI TAM GIÁC NÀY BẰNG NHAU CHỨNG MINH	Cuộc sống học đường
chuyện gì xảy ra vậy bạn	BẠN CHUYỆN GÌ	Thái độ và Cảm xúc
bạn thực sự quan tâm đến anh trai mình	BẠN ANH TRAI CỦA BẠN QUAN TÂM THẬT	Văn hóa và Giáo dục
nhà nước luôn đảm bảo quyền tự do dân chủ cho mọi công dân	NHÀ NƯỚC QUYỀN TỰ DO DÂN CHỦ CHO MỌI CÔNG DÂN ĐẢM BẢO LUÔN	Chính trị
nếu bạn đi tàu nhanh sẽ mất khoảng 50 phút	TÀU NHANH ĐI KHOẢNG NĂM MƯƠI PHÚT	Du lịch
chiếc bình này có dung tích chứa được khoảng hai lít nước	CHIẾC BÌNH NÀY DUNG TÍCH THỂ TÍCH CÓ NƯỚC 20 L KHOẢNG CHỨA ĐỰNG ĐƯỢC	Cuộc sống thường nhật
vâng giờ làm việc của bạn là mấy giờ	GIỜ LÀM VIỆC CỦA BẠN GIỜ MẤY	Cuộc sống thường nhật
tôi hy vọng bạn không quên tôi	TÔI HI VỌNG QUÊN TÔI KHÔNG	Mối quan hệ
vậy cô có muốn ăn trưa với chúng tôi không	BẠN ĂN TRƯA VỚI CHÚNG TÔI MUỐN KHÔNG	Mối quan hệ
người thợ rèn uốn cong thanh sắt để tạo hình sản phẩm	NGƯỜI THỢ RÈN THANH SẮT UỐN CONG ĐỂ SẢN PHẨM TẠO HÌNH	Công việc
chương trình tiếp theo sẽ là một tiết mục ca nhạc đặc sắc	TIẾP THEO LÀ TIẾT MỤC CA NHẠC ĐẶC SẮC	Văn hóa và Giáo dục
vâng nó cân bằng	NÓ CÂN BẰNG	Cuộc sống thường nhật
cùi chỏ của tôi bị sưng lên sau cú va chạm	SAU KHI VA CHẠM TÔI CÙI CHỎ SƯNG	Sức khỏe
bài hát bạn đang nghe bây giờ	BẠN BÀI HÁT NGHE BÂY GIỜ	Mối quan hệ
việc giữ gìn sức khỏe là điều vô cùng quan trọng	ĐỀU ĐẶN GIỮ GÌN SỨC KHOẺ QUAN TRỌNG	Sức khỏe
đừng nói với tôi là cổ lại nghe lời thầy bói nữa	NÓI VỚI TÔI ĐỪNG CÔ ẤY NGHE LỜI THẦY BÓI	Cuộc sống thường nhật
cổng dỡ hàng của bạn là gì xin vui lòng	BẠN CHO TÔI BIẾT CỔNG DỠ HÀNG	Công việc
cố gắng đứng dậy bạn có thể đứng lên không ở đây hãy để tôi giúp bạn	BẠN ĐỨNG LÊN CỐ ĐƯỢC KHÔNG TÔI ĐỠ	Sức khỏe
lũ trẻ trong xóm rất thích leo trèo cây ổi	LŨ TRẺ TRONG XÓM THÍCH LEO CÂY ỔI	Cuộc sống thường nhật
hay là đằng kia nhé bạn	ĐẰNG KIA	Cuộc sống thường nhật
không vấn đề gì bạn có tiền mặt không tôi không nghĩ rằng tôi có đủ	KHÔNG SAO ĐÂU BẠN TIỀN MẶT MANG KHÔNG TÔI TIỀN ĐỦ NGHĨ KHÔNG	Công việc
vâng tôi muốn đặt phòng cho ngày 3 tháng 5	NGÀY 3 THÁNG 5 TÔI PHÒNG ĐẶT MUỐN	Du lịch
mẹ thường hát những bài hát ru ngủ cho em bé	MẸ HÁT RU CHO EM BÉ NGỦ	Mối quan hệ
chúng ta có thể đi cáp treo	CHÚNG TA CÁP TREO ĐI	Du lịch
đúng rồi bạn nói đúng	ĐÚNG RỒI BẠN NÓI ĐÚNG	Mối quan hệ
bố đang tìm gì vậy	BỐ TÌM GÌ	Cuộc sống thường nhật
bé lễ phép cúi đầu chào ông bà	BÉ LỄ PHÉP ÔNG BÀ CÚI ĐẦU CHÀO	Mối quan hệ
chuyến đi trên du thuyền quanh vịnh hạ long thật tuyệt vời	VỊNH HẠ LONG DU THUYỀN ĐI XUNG QUANH ĐẸP	Du lịch
tôi hiểu  lâu quá đồng hồ có giá bao nhiêu	TÔI HIỂU LÂU ĐỒNG HỒ TIỀN BAO NHIÊU	Du lịch
tôi có thể làm điều đó bạn có ai mà bạn muốn mang theo bên mình đến bữa tiệc không	TÔI VIỆC LÀM CÓ THỂ AI CỦA BẠN THEO TÔI ĐẾN BỮA TIỆC CÓ KHÔNG	Mối quan hệ
tôi đã không nói với họ có lẽ tôi sẽ làm cho họ biết sau kỳ nghỉ	TÔI HỌ NÓI CHƯA VỚI SAU KỲ NGHỈ TÔI HỌ CHO BIẾT SẼ CÓ LẼ	Mối quan hệ
lòng ghen tị có thể phá hỏng một mối quan hệ	MỘT MỐI QUAN HỆ LÒNG GHEN TỊ PHÁ HỎNG CÓ THỂ	Mối quan hệ
tôi thấy lịch hẹn của anh rồi anh muốn dời sang ngày nào	TÔI LỊCH HẸN CỦA ANH THẤY RỒI BẠN NGÀY ĐỔI NÀO	Sức khỏe
có vấn đề gì sao	VẤN ĐỀ GÌ	Cuộc sống thường nhật
thật sao	THẬT	Cuộc sống thường nhật
không đây là lần đầu tiên tôi đến đây	KHÔNG TÔI ĐẾN ĐÂY LẦN ĐẦU TIÊN	Mối quan hệ
nhà tôi có 3 người gồm bố mẹ và tôi	NHÀ TÔI NGƯỜI 3 CÓ GỒM BỐ MẸ TÔI	Cuộc sống thường nhật
vâng nhìn vào ngăn kéo kia xem tôi nên vứt cái cũ đi	VÂNG NGĂN KÉO ĐÓ NHÌN VÀO TÔI CÁI CŨ VỨT ĐI	Cuộc sống thường nhật
anh có cần không em lấy giúp cho một chiếc ghế	ANH CẦN KHÔNG EM CHIẾC GHẾ 1 LẤY GIÚP	Mối quan hệ
tôi sẽ ở đó	TÔI Ở ĐÓ	Mối quan hệ
mấy giờ anh muốn đi	BẠN ĐI MẤY GIỜ	Du lịch
nguyện vọng của em là đỗ vào trường đại học yêu thích	EM TRƯỜNG ĐẠI HỌC YÊU THÍCH ĐỖ VÀO ĐƯỢC HỌC	Cuộc sống học đường
đã bao lâu rồi kể từ lần cuối chúng ta gặp nhau	LẦN CUỐI CÙNG CHÚNG TA GẶP NHAU BAO LÂU RỒI	Mối quan hệ
nho rất mịn	NHO RẤT MỊN	Cuộc sống thường nhật
hôm nay là một ngày hoàn hảo để làm vườn	HÔM NAY 1 NGÀY HOÀN HẢO VƯỜN LÀM	Cuộc sống thường nhật
em cần tổng hợp lại kiến thức trước kỳ thi cuối kỳ	TRƯỚC KÌ THI CUỐI KÌ EM KIẾN THỨC TỔNG HỢP LẠI CẦN	Cuộc sống học đường
bạn ơi thật tuyệt vời cảm ơn bạn rất nhiều vì đã liên lạc riêng với tôi	BẠN ƠI TUYỆT VỜI BẠN LIÊN LẠC RIÊNG VỚI TÔI CẢM ƠN NHIỀU	Tài chính
bạn có loại ẩm thực nào	BẠN ĐỒ ĂN LOẠI NÀO	Cuộc sống thường nhật
vâng có một cái ở phía bên kia của tòa nhà này bạn có bất kỳ thay đổi nhỏ	PHÍA BÊN KIA TÒA NHÀ MỘT CÁI CÓ BẠN TIỀN LẺ CÓ KHÔNG	Cuộc sống thường nhật
bức thư nói về cái gì	BỨC THƯ GÌ	Văn hóa và Giáo dục
tiết mục múa sạp của lớp tôi đã đạt giải nhất hội diễn	LỚP TÔI TIẾT MỤC MÚA SẠP TẠI HỘI DIỄN GIẢI NHẤT ĐẠT ĐƯỢC	Cuộc sống học đường
chúng ta có bánh giáng sinh không	NHÀ MÌNH BÁNH GIÁNG SINH CÓ KHÔNG NHỈ	Mối quan hệ
họ sẽ hỏi tôi điều gì trên tờ đơn đó	MẪU ĐƠN ĐÓ HỌ HỎI TÔI GÌ	Sức khỏe
các em học sinh hãy xếp hàng ngay ngắn theo đúng thứ tự	CÁC EM HỌC SINH XẾP HÀNG NGAY NGẮN THEO THỨ TỰ ĐÚNG	Cuộc sống học đường
bệnh nhân đang dần phục hồi sau ca phẫu thuật	BỆNH NHÂN CA PHẪU THUẬT SAU HỒI PHỤC DẦN	Sức khỏe
tôi muốn có giường và tủ quần áo	TÔI GIƯỜNG TỦ QUẦN ÁO CÓ	Cuộc sống thường nhật
tôi nợ bao nhiêu	TÔI NỢ BAO NHIÊU	Du lịch
con rắn trườn nhanh qua bụi cỏ rồi biến mất hút	CON RẮN BỤI CỎ TRƯỜN QUA NHANH VÀ BIẾN MẤT	Cuộc sống thường nhật
ông tôi đã nghỉ hưu sau nhiều năm cống hiến cho công ty	ÔNG TÔI NHIỀU NĂM CÔNG TY LÀM VIỆC CỐNG HIẾN SAU NGHỈ HƯU	Công việc
bạn có đi xe buýt này thường xuyên không	BẠN ĐI CHUYẾN XE BUÝT NÀY THƯỜNG KHÔNG	Cuộc sống thường nhật
xin chào tôi ở đây để kiểm tra	XIN CHÀO Ở ĐÂY TÔI KIỂM TRA	Du lịch
bạn có gì muốn hỏi tôi không	BẠN TÔI HỎI MUỐN ĐIỀU GÌ CÓ KHÔNG	Công việc
trận lũ quét đã gây ra thiệt hại nặng nề cho người dân	TRẬN LŨ QUÉT GÂY RA CHO NGƯỜI DÂN THIỆT HẠI NẶNG NỀ NHIỀU	Cuộc sống thường nhật
còn thịt lợn hấp hầm thì sao	MÓN THỊT HEO HẦM THẾ NÀO	Cuộc sống thường nhật
thời gian bạn đã làm việc tại công ty này là bao lâu	BẠN THỜI GIAN LÀM VIỆC CÔNG TY BAO LÂU	Cuộc sống thường nhật
bạn có thể cho tôi biết những gì phí là	BẠN CHO TÔI BIẾT NHỮNG PHÍ GÌ	Tài chính
tôi nên dùng thuốc này như thế nào	TÔI THUỐC NÀY UỐNG THẾ NÀO	Mối quan hệ
khả năng đánh máy và tốc ký của bạn thế nào	BẠN ĐÁNH MÁY VIẾT NHANH THẾ NÀO	Công việc
nước chanh rất ngon	NƯỚC CHANH NGON	Cuộc sống thường nhật
hai cái này là duy nhất	CÁI GIỎ HAI DUY NHẤT	Cuộc sống học đường
còn nhà nghỉ thì sao	CÒN NHÀ NGHỈ THÌ SAO	Du lịch
phố cổ hội an là một địa điểm du lịch ở quảng nam	HỘI AN PHỐ CỔ LÀ ĐỊA ĐIỂM 1 DU LỊCH QUẢNG NAM DU LỊCH	Du lịch
thành phố hồ chí minh là một đô thị rất hiện đại	THÀNH PHỐ HỒ CHÍ MINH LÀ ĐÔ THỊ HIỆN ĐẠI	Du lịch
đây là cuộc sống hôn nhân bình thường	CUỘC SỐNG HÔN NHÂN BÌNH THƯỜNG	Mối quan hệ
sau một ngày làm việc dài tôi cảm thấy vô cùng mệt mỏi	MỘT NGÀY LÀM VIỆC DÀI TÔI CẢM THẤY MỆT MỎI	Thái độ và Cảm xúc
nó ở gần cái gương	NÓ CÁI GƯƠNG Ở GẦN	Cuộc sống thường nhật
được rồi lối này xin vui lòng thức uống trước	MỜI ĐI LỐI NÀY DÙNG ĐỒ UỐNG TRƯỚC CHỨ	Mối quan hệ
tối đa là 20 phút đi bộ	ĐI BỘ 20 PHÚT LÂU NHẤT	Cuộc sống thường nhật
câu chuyện cổ tích kể về những phép màu vô cùng thần kì	CÂU CHUYỆN CỔ TÍCH NHỮNG PHÉP MÀU KỲ DIỆU KỂ VỀ	Văn hóa và Giáo dục
bên phải	BÊN PHẢI	Cuộc sống thường nhật
bây giờ bạn tôi có thể lấy cho bạn một thức uống bạn sẽ có gì	BÂY GIỜ TÔI LẤY CHO BẠN THỨC UỐNG CHỌN GÌ	Mối quan hệ
có chuyện gì với tôi à	TÔI CÓ CHUYỆN GÌ	Sức khỏe
mẹ mới mua một cái chậu sứ để trồng cây hoa lan	MẸ MỘT CHẬU SỨ MỚI MUA ĐỂ CÂY HOA LAN TRỒNG	Cuộc sống thường nhật
con xin lỗi nhưng bố lên nhầm xe buýt rồi	CON XIN LỖI NHƯNG BỐ XE BUÝT NHẦM RỒI	Cuộc sống thường nhật
cụng ly nào thắt dây nào	CỤNG LY HÃY BUỘC DÂY HÃY	Mối quan hệ
bạn đã sẵn sàng	BẠN SẴN SÀNG RỒI	Cuộc sống thường nhật
bạn nói đúng tôi phải dậy sớm để đi làm vào ngày mai	BẠN NÓI ĐÚNG TÔI PHẢI DẬY SỚM SÁNG MAI ĐI LÀM	Cuộc sống thường nhật
cậu bé gãi đầu gãi tai vì chưa làm được bài tập khó	CẬU BÉ GÃI ĐẦU GÃI TAI VÌ BÀI TẬP KHÓ LÀM CHƯA ĐƯỢC	Cuộc sống học đường
vâng tất nhiên bạn không biết điều đó sao	VÂNG TẤT NHIÊN BẠN KHÔNG BIẾT SAO	Mối quan hệ
xin lỗi tôi hầu như không nghe thấy bạn tôi sẽ gọi cho bạn sau	XIN LỖI TÔI HẦU NHƯ KHÔNG NGHE ĐƯỢC BẠN ĐỂ TÔI GỌI LẠI SAU NHÉ	Công việc
chuyến đi du lịch đến trà vinh để lại nhiều kỷ niệm đẹp	CHUYẾN DU LỊCH TRÀ VINH ĐỂ LẠI KỶ NIỆM ĐẸP	Du lịch
món quà này mang giá trị tinh thần rất lớn đối tôi	TÔI MÓN QUÀ NÀY GIÁ TRỊ TINH THẦN RẤT LỚN	Thái độ và Cảm xúc
các cổ động viên nhiệt tình cổ vũ cho đội nhà	CÁC CỔ ĐỘNG VIÊN KHÁN GIẢ CỔ VŨ NHIỆT TÌNH CHO ĐỘI NHÀ	Thái độ và Cảm xúc
đất có chất dinh dưỡng giúp cây phát triển to lớn và khỏe mạnh	ĐẤT CHẤT DINH DƯỠNG CÓ GIÚP CÂY PHÁT TRIỂN LỚN KHỎE MẠNH	Cuộc sống thường nhật
nơi sinh của tôi là yên đài	TÔI SINH YÊN ĐÀI	Công việc
cô ấy đã nỗ lực rất nhiều để đạt danh hiệu này	CÔ ẤY NỖ LỰC NHIỀU ĐỂ DANH HIỆU NÀY ĐẠT ĐƯỢC	Công việc
điều gì khiến bạn lo lắng nhất	BẠN LO LẮNG VÌ GÌ	Văn hóa và Giáo dục
ăn nhiều đồ ngọt có thể khiến bạn bị béo phì	ĐỒ NGỌT ĂN NHIỀU KHIẾN BẠN BÉO PHÌ	Sức khỏe
đó là ngày 24 tháng 6	NGÀY 24 THÁNG 6 PHẢI KHÔNG	Du lịch
nhỏ nhưng nó sẽ là đủ cho nhu cầu của chúng tôi tôi nghĩ	NHỎ TÔI NGHĨ NHU CẦU CỦA CHÚNG TA ĐỦ	Cuộc sống thường nhật
sách cổ này là một tài liệu quý hiếm cần được bảo tồn	SÁCH CỔ NÀY LÀ TÀI LIỆU QUÝ HIẾM CẦN ĐƯỢC BẢO TỒN	Văn hóa và Giáo dục
tất nhiên tùy bạn	TẤT NHIÊN TÙY BẠN	Mối quan hệ
chiếc lá vàng rơi nhẹ chỉ còn trơ lại cuống lá trên cành cây	LÁ VÀNG RƠI NHẸ CUỐNG TRÊN CÀNH CÒN	Cuộc sống thường nhật
tôi không biết tôi có thể đậu xe của tôi bây giờ	TÔI KHÔNG BIẾT TÔI ĐẬU XE Ở ĐÂY ĐƯỢC KHÔNG	Cuộc sống thường nhật
tôi có thể chuẩn bị đồ uống của bạn trên đá hoặc bạn muốn nó pha trộn	BẠN ĐỒ UỐNG ĐÁ HAY PHA CHUNG MUỐN	Cuộc sống thường nhật
được rồi đừng lo	RỒI LO LẮNG ĐỪNG	Cuộc sống thường nhật
vẻ đẹp dưới gốc cây	VẺ ĐẸP DƯỚI GỐC CÂY	Thái độ và Cảm xúc
bình định là vùng đất có truyền thống võ học lâu đời	BÌNH ĐỊNH VÙNG ĐẤT TRUYỀN THỐNG VÕ HỌC LÂU ĐỜI CÓ	Du lịch
ngân sách gì	NGÂN SÁCH GÌ	Cuộc sống thường nhật
vận động viên đã thể hiện một quyết tâm mạnh mẽ để về đích	VẬN ĐỘNG VIÊN QUYẾT TÂM MẠNH MẼ 1 THỂ HIỆN ĐỂ VỀ ĐÍCH	Thái độ và Cảm xúc
tìm thấy nó	NÓ TÌM THẤY RỒI	Cuộc sống thường nhật
bây giờ nó không còn khô nữa	BÂY GIỜ NÓ KHÔ KHÔNG	Cuộc sống thường nhật
anh ấy rất gan lì đối mặt với mọi khó khăn	ANH ẤY GAN LÌ ĐỐI MẶT VỚI MỌI KHÓ KHĂN	Thái độ và Cảm xúc
cha bạn là công nhân à	BỐ CỦA BẠN CÔNG NHÂN	Mối quan hệ
cái gì 100 đô la mỹ có được bảo hiểm không	CÁI GÌ CƠ 25 TRIỆU À CÓ BẢO HIỂM KHÔNG	Du lịch
con chuột máy tính của tôi đột nhiên không hoạt động nữa	MÁY TÍNH TÔI CON CHUỘT ĐỘT NHIÊN BẤT NGỜ HOẠT ĐỘNG KHÔNG	Công việc
không nghiêm túc đấy tôi rất ấn tượng	KHÔNG NGHIÊM TÚC TÔI ẤN TƯỢNG	Thái độ và Cảm xúc
bạn biết đấy những thứ cơ bản một cái cào xẻng thuổng và cuốc	BẠN BIẾT MẤY THỨ CƠ BẢN CÀO XẺNG THUỔNG CUỐC	Cuộc sống thường nhật
chúng ta còn cần gì nữa không	CHÚNG TA MUA GÌ NỮA CẦN CÒN KHÔNG	Cuộc sống thường nhật
tôi muốn gây bất ngờ cho anh trai tôi khi anh ấy đến dự sinh nhật	TÔI CHO ANH TRAI BẤT NGỜ MUỐN KHI ANH ẤY SINH NHẬT ĐẾN	Mối quan hệ
xin chào jenny vẫn đang làm việc	CHÀO LÀM VIỆC À	Mối quan hệ
bạn có kỹ năng đặc biệt nào bạn có thể cho tôi biết không	BẠN KỸ NĂNG ĐẶC BIỆT NÀO BẠN CHO TÔI BIẾT CÓ KHÔNG	Công việc
tôi sẽ tham dự cuộc họp quan trọng vào sáng ngày mai	SÁNG MAI TÔI THAM GIA CUỘC HỌP QUAN TRỌNG	Công việc
giáo sư ngô bảo châu là một nhà toán học nổi tiếng thế giới	NGÔ BẢO CHÂU GIÁO SƯ TOÁN HỌC NỔI TIẾNG THẾ GIỚI	Văn hóa và Giáo dục
cô bé gái có mái tóc đen dài và đôi mắt to tròn	CÔ BÉ GÁI MÁI TÓC ĐEN DÀI VÀ ĐÔI MẮT TO TRÒN CÓ	Cuộc sống thường nhật
bạn đã bao giờ tham gia một vở kịch chưa	BẠN BỘ PHIM THAM GIA KHI NÀO	Mối quan hệ
câu chuyện bó đũa dạy chúng ta bài học về đoàn kết	CÂU CHUYỆN BÓ ĐŨA DẠY CHÚNG TA BÀI HỌC ĐOÀN KẾT	Văn hóa và Giáo dục
vâng hiện tại tôi thường kinh doanh trực tuyến	BÂY GIỜ TÔI KINH DOANH TRỰC TUYẾN	Công việc
cơ thể chúng ta cần bổ sung đủ chất sắt để không bị thiếu máu	CHÚNG TA CƠ THỂ CHẤT BỔ BỔ SUNG ĐỦ ĐỂ MÁU THIẾU KHÔNG	Sức khỏe
ok bạn có muốn sống trong một phòng khép kín 	BẠN SỐNG TRONG PHÒNG KHÉP KÍN MUỐN CÓ KHÔNG	Cuộc sống thường nhật
khi nào bạn muốn đi xem	BẠN ĐI XEM MUỐN KHI NÀO	Cuộc sống thường nhật
okay ý tưởng tốt	OK Ý TƯỞNG TỐT	Cuộc sống thường nhật
để tôi lấy gói hàng đó	TÔI GÓI HÀNG ĐÓ LẤY	Cuộc sống thường nhật
cho tôi biết nó ở tòa nhà nào nhé	CHO TÔI BIẾT Ở TÒA NHÀ NÀO	Cuộc sống học đường
bạn không thể làm cho nó rẻ hơn một chút	ANH GIẢM GIÁ THÊM MỘT CHÚT KHÔNG THỂ ĐƯỢC SAO	Cuộc sống thường nhật
ôi trời tôi nên chọn trang phục nào tôi không thể quyết định được xin hãy giúp tôi	ÔI TRỜI TÔI TRANG PHỤC CHỌN NÀO TÔI QUYẾT ĐỊNH KHÔNG ĐƯỢC GIÚP TÔI	Cuộc sống thường nhật
anh ấy đã vượt qua vực sâu của sự tuyệt vọng	ANH ẤY VỰC SÂU TUYỆT VỌNG VƯỢT QUA RỒI	Thái độ và Cảm xúc
có rất nhiều cát và một làn gió đáng yêu	CÁT NHIỀU LÀN GIÓ ĐÁNG YÊU	Du lịch
chắc chắn rồi bạn muốn trả bao nhiêu tiền thuê nhà	BẠN TIỀN THUÊ NHÀ TRẢ BAO NHIÊU ĐỊNH	Cuộc sống thường nhật
bạn đã làm nó ở đâu	BẠN NÓ LÀM Ở ĐÂU	Mối quan hệ
bạn tìm thấy chiếc nhẫn của tôi	CHIẾC NHẪN CỦA TÔI BẠN TÌM THẤY	Cuộc sống thường nhật
các kỹ sư đang làm việc chăm chỉ trên giàn khoan ngoài biển khơi	NGOÀI BIỂN KHƠI TRÊN GIÀN KHOAN CÁC KĨ SƯ LÀM VIỆC CHĂM CHỈ	Công việc
hay là đi chơi hồ bơi	HAY HỒ BƠI ĐI CHƠI	Mối quan hệ
tôi thích làm việc ở đó mỗi năm	TÔI LÀM VIỆC MỖI NĂM THÍCH	Chính trị
một người bạn cùng lớp của tôi	BẠN CÙNG LỚP MỘT NGƯỜI TÔI	Mối quan hệ
trời lạnh làm tôi thèm một bát phở nóng hổi	TRỜI LẠNH TÔI BÁT PHỞ NÓNG THÈM ĂN	Thái độ và Cảm xúc
tôi muốn mua ba vé vé vào cửa là bao nhiêu	TÔI VÉ 3 MUA VÉ VÀO TIỀN BAO NHIÊU	Du lịch
tuyệt vời tôi có thể ghé qua để lấy hai vé vào chiều mai không	TUYỆT QUÁ TÔI CÓ THỂ GHÉ LẤY HAI VÉ CHIỀU MAI ĐƯỢC KHÔNG	Cuộc sống thường nhật
mẹ tôi mua mấy quả quất về chưng cất lấy nước trị ho	MẸ TÔI QUẢ QUẤT 1 ÍT MUA VỀ ĐỂ CHƯNG CẤT LẤY NƯỚC HO TRỊ CHỮA	Sức khỏe
vào đi chàng trai trẻ	VÀO ĐI BẠN TRẺ	Công việc
bạn có thể rắc muối lên trên không	BẠN MUỐI RẮC	Cuộc sống thường nhật
bạn có đặt chỗ ngồi trước không	BẠN CHỖ NGỒI ĐẶT TRƯỚC CÓ KHÔNG	Cuộc sống thường nhật
tất cả đều được sản xuất tại trung quốc phải không	TẤT CẢ SẢN XUẤT TRUNG QUỐC	Cuộc sống thường nhật
pháo hoa không bị cấm trong thành phố sao	PHÁO HOA TRONG THÀNH PHỐ CẤM KHÔNG À	Mối quan hệ
ok bạn cũng muốn ăn súp chứ	OK BẠN MUỐN ĂN SÚP CHỨ	Cuộc sống thường nhật
thủ đô của nước hunggari là thành phố budapest	THỦ ĐÔ HUNGARY THÀNH PHỐ BUDAPEST	Du lịch
xin lỗi tôi có thể yêu cầu một ân huệ	BẠN GIÚP TÔI ĐƯỢC KHÔNG	Công việc
nhìn kìa đó là một con cá	NHÌN KÌA CON CÁ 1	Cuộc sống thường nhật
tôi thích một căn hộ một phòng ngủ	TÔI CĂN HỘ MỘT PHÒNG NGỦ THÍCH	Cuộc sống thường nhật
bạn nói đúng tôi có lẽ chỉ nên làm việc trên giấy của tôi	BẠN NÓI ĐÚNG TÔI LÀM VIỆC TRÊN GIẤY	Mối quan hệ
bạn có biết việt nam có lũ lụt không	VIỆT NAM LŨ LỤT CÓ KHÔNG	Cuộc sống thường nhật
chữ q là một trong những chữ cái khó phát âm nhất	CHỮ Q LÀ CHỮ CÁI 1 PHÁT ÂM KHÓ NHẤT	Cuộc sống học đường
cô ấy đã nhận được bằng tốt nghiệp loại giỏi	CÔ ẤY BẰNG TỐT NGHIỆP GIỎI NHẬN ĐƯỢC	Văn hóa và Giáo dục
tôi nghĩ đã đến lúc rút phích cắm	TÔI NGHĨ BÂY GIỜ PHÍCH CẮM RÚT	Mối quan hệ
đồng hồ của tôi báo 5 giờ rưỡi	ĐỒNG HỒ TÔI 5 GIỜ RƯỠI BÁO	Mối quan hệ
tôi đã thấy nhiều đồ chơi trong nhà của bạn	TÔI THẤY ĐỒ CHƠI NHIỀU NHÀ CỦA BẠN TRONG	Cuộc sống thường nhật
tôi có pizza phô mai cho tất cả các bạn	TÔI PIZZA PHÔ MAI CHO TẤT CẢ	Cuộc sống thường nhật
chó cũng thích đào bới	CHÓ ĐÀO BỚI THÍCH CŨNG	Cuộc sống thường nhật
bạn có muốn đi đến bảo tàng lịch sử tự nhiên với tôi	BẠN BẢO TÀNG LỊCH SỬ TỰ NHIÊN ĐI CÙNG TÔI MUỐN KHÔNG	Mối quan hệ
con hươu dừng lại ở đây	CON HƯƠU DỪNG LẠI	Mối quan hệ
ông tôi dùng cưa để cắt những cành cây khô trong vườn	ÔNG TÔI CƯA DÙNG CÀNH CÂY KHÔ TRONG VƯỜN CẮT	Cuộc sống thường nhật
được rồi hết hiệp một được rồi tôi sẽ đi uống bia	RỒI HIỆP MỘT HẾT TÔI UỐNG BIA ĐI	Mối quan hệ
tôi có tin tốt cho bạn	TIN TỐT CHO BẠN CÓ	Mối quan hệ
những cuốn sách yêu thích của tôi là những cuốn về thám tử	CUỐN SÁCH YÊU THÍCH CỦA TÔI LÀ CUỐN SÁCH THÁM TỬ	Mối quan hệ
hãy cố gắng làm những việc có ích cho xã hội và cộng đồng	NHỮNG VIỆC CÓ ÍCH CHO XÃ HỘI VÀ CỘNG ĐỒNG LÀM CỐ GẮNG	Thái độ và Cảm xúc
chúng ta đang làm cái gì đó để ăn	CHÚNG TA MÓN ĂN LÀM	Cuộc sống thường nhật
sáng nay mẹ gọi điện cho tôi và bảo tôi về nhà làm việc nhà	SÁNG NAY MẸ GỌI ĐIỆN CHO TÔI BẢO VỀ NHÀ LÀM VIỆC	Mối quan hệ
được rồi bạn sẽ bay chuyến việt nam airlines số hiệu 222	RỒI BẠN CHUYẾN BAY VIỆT NAM AIRLINES SỐ 222	Du lịch
mẹ tôi bị ốm và tôi phải ở nhà	MẸ CỦA TÔI ỐM TÔI Ở NHÀ PHẢI	Cuộc sống học đường
những nỗ lực của anh ấy cuối cùng đã được công nhận	CUỐI CÙNG NHỮNG NỖ LỰC NHỮNG CỐ GẮNG CỦA ANH ẤY ĐƯỢC CÔNG NHẬN	Công việc
tôi biết những gì bạn có nghĩa là tôi đã suy nghĩ về điều đó bản thân mình	TÔI Ý BẠN HIỂU TÔI SUY NGHĨ CHUYỆN ĐÓ RỒI	Thái độ và Cảm xúc
à tôi cảm thấy hơi mệt	TÔI CẢM THẤY MỆT MỘT CHÚT	Mối quan hệ
vâng tôi thích sưu tầm đồ cổ	TÔI ĐỒ CỔ SƯU TẦM THÍCH LẮM Ừ	Mối quan hệ
chai nước	CHAI NƯỚC	Cuộc sống thường nhật
tôi không biết nói tôi nghe	TÔI BIẾT KHÔNG NỮA KỂ TÔI NGHE ĐI	Mối quan hệ
tôi đã sống ở đó ba năm tôi thích mùa hè nhưng tôi không muốn mùa đông	BA NĂM Ở ĐÓ TÔI SỐNG TÔI MÙA ĐÔNG KHÔNG MUỐN NHƯNG MÙA HÈ TÔI THÍCH	Mối quan hệ
vâng chúng tôi có chỗ trên chuyến bay đó vào ngày 13	VÂNG CHÚNG TÔI CHUYẾN BAY ĐÓ NGÀY 13 CHỖ CÒN	Du lịch
bà jones bà muốn trả bao nhiêu	BÀ MUỐN TRẢ BAO NHIÊU	Du lịch
xin chào đây là bell canada tôi có thể giúp gì cho bạn	ĐÂY BELL CANADA TÔI GIÚP GÌ BẠN	Du lịch
hít thở chậm thôi	HÍT THỞ CHẬM	Sức khỏe
nhìn nó đẹp và gọn gàng quá	NHÌN ĐẸP GỌN GÀNG	Cuộc sống thường nhật
bạn có thể vui lòng cho tôi biết khi giặt ủi của bạn mở và đóng cửa	BẠN CHO TÔI BIẾT TIỆM GIẶT ỦI MỞ ĐÓNG CỬA MẤY GIỜ LÚC CÓ THỂ KHÔNG	Cuộc sống thường nhật
hai người bạn thân thiết với nhau như hình với bóng	NGƯỜI BẠN HAI THÂN THIẾT VỚI NHAU HÌNH VỚI BÓNG NHƯ	Mối quan hệ
vậy tại sao anh không nói chuyện với tôi	ANH SAO TÔI NÓI KHÔNG	Mối quan hệ
palmistry đó là gì	BÓI CHỈ TAY HẢ LÀ GÌ VẬY	Mối quan hệ
bà ở nhà trông nom đàn cháu nhỏ rất cẩn thận	Ở NHÀ BÀ CÁC CHÁU NHỎ TRÔNG CẨN THẬN	Cuộc sống thường nhật
nó sẽ ở bãi biển cạnh bến tàu	NƠI ĐÓ BÃI BIỂN BẾN TÀU GẦN	Thái độ và Cảm xúc
bạn nghĩ gì là lo lắng lớn nhất cho tương lai của chúng tôi	BẠN NGHĨ TƯƠNG LAI LO LẮNG NHẤT GÌ	Mối quan hệ
bé an có rất nhiều đồ chơi trong phòng ngủ của mình	BÉ AN ĐỒ CHƠI TRONG PHÒNG NGỦ CÓ NHIỀU	Cuộc sống thường nhật
tôi phải cân nó bạn có muốn gửi nó bằng thư thông thường hoặc đăng ký	TÔI CÂN NÓ PHẢI BẠN GỬI BẰNG THƯ THƯỜNG HAY THƯ BẢO ĐẢM MUỐN	Cuộc sống thường nhật
mọi người đều ủng hộ quyết định đúng đắn của người lãnh đạo	MỌI NGƯỜI ỦNG HỘ QUYẾT ĐỊNH ĐÚNG ĐẮN CỦA LÃNH ĐẠO	Thái độ và Cảm xúc
chắc chắn rồi mỗi năm nhưng chỉ dành cho lớp bốn mươi người của chúng tôi	NĂM NÀO CÓ NHƯNG CHỈ LỚP BỌN TÔI 40 NGƯỜI THÔI	Cuộc sống thường nhật
vâng tôi hiểu rồi còn kỳ nghỉ của công ty chúng tôi thì sao	TÔI HIỂU RỒI CÔNG TY CỦA CHÚNG TÔI KÌ NGHỈ THẾ NÀO	Công việc
đây có phải là dấu hiệu nó nói gì	ĐÂY BIỂN BÁO PHẢI KHÔNG NÓ GHI GÌ	Cuộc sống thường nhật
ngày hôm nay của bạn thế nào	HÔM NAY BẠN THẾ NÀO	Công việc
chú chim nhỏ đang hót líu lo trên ngọn cây	TRÊN NGỌN CÂY CHÚ CHIM NHỎ HÓT LÍU LO	Cuộc sống thường nhật
tôi không phải lo lắng về tiền thuê nhà tôi sống ngay tại đây	TÔI CHUYỆN THUÊ NHÀ LO PHẢI KHÔNG TÔI NGAY ĐÂY SỐNG MÀ	Mối quan hệ
làm việc cả ngày rồi cậu có cảm thấy mệt không	CẢ NGÀY LÀM VIỆC CẬU MỆT KHÔNG	Mối quan hệ
ong bướm giúp hoa thụ phấn để tạo ra quả	ONG BƯỚM GIÚP HOA THỤ PHẤN ĐỂ QUẢ TẠO CÓ	Văn hóa và Giáo dục
thực sự tôi có thể có một ít sữa với điều đó	TÔI SỮA ÍT THÊM ĐƯỢC KHÔNG	Cuộc sống thường nhật
chào sếp ông có điện thoại	CHÀO SẾP ÔNG ĐIỆN THOẠI CÓ	Cuộc sống thường nhật
bạn có thấy tất cả những ngăn kéo nhỏ ở đây và khắp các bức tường không	BẠN TẤT CẢ NGĂN KÉO NHỎ Ở ĐÂY VÀ TƯỜNG THẤY CÓ KHÔNG	Cuộc sống học đường
ok dù bạn nói gì đi nữa	OK BẠN NÓI TẤT CẢ	Cuộc sống thường nhật
nó không quan trọng điều này là tốt	NÓ QUAN TRỌNG KHÔNG NÀY TỐT	Cuộc sống thường nhật
